date,day_of_week,is_nifty_expiry,expiry_type,nifty_open,nifty_high,nifty_low,nifty_close,actual_range_pct,actual_open_close_pct,intraday_high_pct,intraday_low_pct,move_direction,nifty_day,vix_open,vix_close,t1_fii_fut_daily,t1_fii_call_daily,t1_fii_put_daily,t1_fii_stance,fii_composite,fii_view,t1_pro_fut_daily,t1_pro_call_daily,t1_pro_put_daily,t1_pro_stance,pro_composite,pro_view
2020-08-06,Thursday,1,weekly,11185.7,11256.15,11130.4,11206.8,1.12,0.19,0.63,-0.49,Down to Up,Green,23.57,23.15,-6838.0,-6911.0,-1534.0,FII Neutral,-12215.0,Neutral,14387.0,-66337.0,-1532.0,PRO Mildly Bullish,-50418.0,Bearish
2020-08-07,Friday,0,weekly,11186.65,11231.85,11145.2,11216.9,0.77,0.27,0.4,-0.37,Down to Up,Green,23.15,22.58,3529.0,16753.0,-7420.0,FII Neutral,27702.0,Neutral,-1754.0,99600.0,44973.0,PRO Hedging (bought puts >20K),52873.0,Bullish
2020-08-10,Monday,0,,11270.25,11336.85,11238.35,11274.65,0.87,0.04,0.59,-0.28,Down to Up,Green,22.58,22.51,-688.0,-6479.0,-266.0,FII Neutral,-6901.0,Neutral,-3528.0,4.0,-12672.0,PRO Neutral,9148.0,Neutral
2020-08-11,Tuesday,0,,11322.25,11372.85,11299.25,11332.0,0.65,0.09,0.45,-0.2,Down to Up,Green,22.51,21.36,555.0,-2416.0,7462.0,FII Neutral,-9323.0,Neutral,9446.0,-33175.0,-5750.0,PRO Mildly Bearish,-17979.0,Neutral
2020-08-12,Wednesday,0,,11289.0,11321.85,11243.45,11310.75,0.69,0.19,0.29,-0.4,Down to Up,Green,21.36,20.85,1538.0,-1226.0,2411.0,FII Neutral,-2099.0,Neutral,2807.0,-9940.0,-15110.0,PRO Neutral,7977.0,Neutral
2020-08-13,Thursday,1,weekly,11334.85,11359.25,11270.6,11312.2,0.78,-0.2,0.22,-0.57,Top to Down,Red,20.85,20.57,-15939.0,2916.0,7335.0,FII Bearish (sold fut >10K),-20358.0,Neutral,5092.0,-29808.0,-18445.0,PRO Mildly Bearish,-6271.0,Neutral
2020-08-14,Friday,0,weekly,11353.3,11366.1,11112.3,11183.05,2.24,-1.5,0.11,-2.12,Top to Down,Red,20.57,21.67,7906.0,5055.0,-5573.0,FII Neutral,18534.0,Neutral,-6182.0,63245.0,63228.0,PRO Hedging (bought puts >20K),-6165.0,Neutral
2020-08-17,Monday,0,,11248.9,11266.95,11145.35,11259.65,1.08,0.1,0.16,-0.92,Down to Up,Green,21.67,21.31,6640.0,-754.0,4146.0,FII Neutral,1740.0,Neutral,-6624.0,-44535.0,177.0,PRO Mildly Bearish,-51336.0,Bearish
2020-08-18,Tuesday,0,,11259.8,11401.15,11255.4,11391.2,1.29,1.17,1.26,-0.04,Down to Up,Green,21.31,20.43,19192.0,8913.0,-3475.0,FII Mildly Bullish,31580.0,Mildly Bullish,-5906.0,13690.0,-32363.0,PRO Confident (sold puts >20K),40147.0,Mildly Bullish
2020-08-19,Wednesday,0,,11452.15,11458.6,11394.45,11421.35,0.56,-0.27,0.06,-0.5,Top to Down,Red,20.43,19.96,-1938.0,7355.0,7142.0,FII Neutral,-1725.0,Neutral,-2084.0,27692.0,-50277.0,PRO Confident (sold puts >20K),75885.0,Bullish
2020-08-20,Thursday,1,weekly,11317.45,11359.1,11290.15,11308.3,0.61,-0.08,0.37,-0.24,Top to Down,Red,19.96,20.62,-1994.0,-5333.0,2345.0,FII Neutral,-9672.0,Neutral,8210.0,-40110.0,5740.0,PRO Mildly Bearish,-37640.0,Mildly Bearish
2020-08-21,Friday,0,weekly,11409.65,11417.95,11362.4,11378.4,0.49,-0.27,0.07,-0.41,Top to Down,Red,20.62,19.94,-23866.0,-3659.0,13456.0,FII Bearish (sold fut >10K),-40981.0,Mildly Bearish,6554.0,38050.0,65320.0,PRO Hedging (bought puts >20K),-20716.0,Neutral
2020-08-24,Monday,0,,11412.0,11496.6,11412.0,11472.9,0.74,0.53,0.74,0.0,Down to Up,Green,19.94,19.23,15880.0,14787.0,-4958.0,FII Mildly Bullish,35625.0,Mildly Bullish,-1799.0,1694.0,-16086.0,PRO Neutral,15981.0,Neutral
2020-08-25,Tuesday,0,,11513.1,11525.55,11423.6,11479.35,0.89,-0.29,0.11,-0.78,Top to Down,Red,19.23,19.32,10322.0,9211.0,-3440.0,FII Mildly Bullish,22973.0,Neutral,-3359.0,-7284.0,-36135.0,PRO Confident (sold puts >20K),25492.0,Neutral
2020-08-26,Wednesday,0,,11512.85,11561.05,11462.35,11551.7,0.86,0.34,0.42,-0.44,Down to Up,Green,19.32,19.3,26.0,5131.0,3322.0,FII Neutral,1835.0,Neutral,-142.0,-23171.0,-10969.0,PRO Mildly Bearish,-12344.0,Neutral
2020-08-27,Thursday,1,monthly,11609.3,11616.5,11542.05,11571.5,0.64,-0.33,0.06,-0.58,Top to Down,Red,19.3,18.9,3556.0,6541.0,-7614.0,FII Neutral,17711.0,Neutral,-5861.0,17599.0,-54629.0,PRO Confident (sold puts >20K),66367.0,Bullish
2020-08-28,Friday,0,monthly,11602.95,11686.05,11592.5,11657.1,0.81,0.47,0.72,-0.09,Down to Up,Green,18.9,18.35,29653.0,-31058.0,-2966.0,FII Mildly Bullish,1561.0,Neutral,-17064.0,38019.0,91038.0,PRO Very Bearish (sold fut >10K + bought puts >20K),-70083.0,Bearish
2020-08-31,Monday,0,,11777.55,11794.15,11326.6,11341.05,3.97,-3.71,0.14,-3.83,Top to Down,Red,18.35,22.84,4213.0,8767.0,10205.0,FII Neutral,2775.0,Neutral,-2287.0,1977.0,-35944.0,PRO Confident (sold puts >20K),35634.0,Mildly Bullish
2020-09-01,Tuesday,0,,11464.3,11553.05,11367.2,11494.1,1.62,0.26,0.77,-0.85,Down to Up,Green,22.84,21.8,-51940.0,-31476.0,24440.0,FII Very Bearish (sold fut >10K + bought puts >20K),-107856.0,Strong Bearish,22802.0,-122469.0,69920.0,PRO Hedging (bought puts >20K),-169587.0,Strong Bearish
2020-09-02,Wednesday,0,,11478.55,11554.15,11430.7,11543.1,1.08,0.56,0.66,-0.42,Down to Up,Green,21.8,21.11,14575.0,15080.0,-8757.0,FII Mildly Bullish,38412.0,Mildly Bullish,-5147.0,-8863.0,-22614.0,PRO Confident (sold puts >20K),8604.0,Neutral
2020-09-03,Thursday,1,weekly,11566.2,11584.55,11508.3,11535.7,0.66,-0.26,0.16,-0.5,Top to Down,Red,21.11,20.5,-9711.0,-15308.0,-1133.0,FII Neutral,-23886.0,Neutral,-3942.0,-4360.0,-25940.0,PRO Confident (sold puts >20K),17638.0,Neutral
2020-09-04,Friday,0,weekly,11354.4,11452.0,11303.8,11358.35,1.31,0.03,0.86,-0.45,Down to Up,Green,20.5,22.15,-9424.0,6641.0,2857.0,FII Neutral,-5640.0,Neutral,3413.0,98312.0,46944.0,PRO Hedging (bought puts >20K),54781.0,Bullish
2020-09-07,Monday,0,,11359.6,11379.95,11252.35,11377.0,1.12,0.15,0.18,-0.94,Down to Up,Green,22.15,22.01,-8702.0,-607.0,1176.0,FII Neutral,-10485.0,Neutral,7992.0,-47380.0,26117.0,PRO Hedging (bought puts >20K),-65505.0,Bearish
2020-09-08,Tuesday,0,,11378.55,11436.45,11291.65,11294.3,1.27,-0.74,0.51,-0.76,Top to Down,Red,22.01,22.72,10266.0,-3504.0,-3718.0,FII Mildly Bullish,10480.0,Neutral,-8729.0,-18392.0,-26787.0,PRO Confident (sold puts >20K),-334.0,Neutral
2020-09-09,Wednesday,0,,11218.6,11297.85,11185.3,11285.75,1.0,0.6,0.71,-0.3,Down to Up,Green,22.72,22.23,2609.0,367.0,4882.0,FII Neutral,-1906.0,Neutral,4107.0,-24594.0,4357.0,PRO Mildly Bearish,-24844.0,Neutral
2020-09-10,Thursday,1,weekly,11363.3,11463.05,11329.7,11454.35,1.17,0.8,0.88,-0.3,Down to Up,Green,22.23,21.26,-10124.0,-5959.0,21862.0,FII Very Bearish (sold fut >10K + bought puts >20K),-37945.0,Mildly Bearish,-2561.0,-63035.0,-13448.0,PRO Mildly Bearish,-52148.0,Bearish
2020-09-11,Friday,0,weekly,11447.8,11492.7,11420.25,11454.85,0.63,0.06,0.39,-0.24,Down to Up,Green,21.26,20.71,7490.0,21366.0,-7495.0,FII Neutral,36351.0,Mildly Bullish,-548.0,154813.0,11218.0,PRO Neutral,143047.0,Strong Bullish
2020-09-14,Monday,0,,11540.15,11566.25,11383.75,11422.1,1.58,-1.02,0.23,-1.36,Top to Down,Red,20.71,21.19,-5210.0,-4475.0,6627.0,FII Neutral,-16312.0,Neutral,-3587.0,-8294.0,3175.0,PRO Neutral,-15056.0,Neutral
2020-09-15,Tuesday,0,,11487.2,11535.2,11442.65,11532.15,0.81,0.39,0.42,-0.39,Down to Up,Green,21.19,20.6,-10980.0,-9939.0,16319.0,FII Bearish (sold fut >10K),-37238.0,Mildly Bearish,9864.0,-82600.0,17599.0,PRO Mildly Bearish,-90335.0,Bearish
2020-09-16,Wednesday,0,,11538.45,11617.6,11520.15,11600.05,0.84,0.53,0.69,-0.16,Down to Up,Green,20.6,19.66,1482.0,14481.0,-8721.0,FII Neutral,24684.0,Neutral,-10188.0,38447.0,-51367.0,PRO Bearish (sold fut >10K),79626.0,Bullish
2020-09-17,Thursday,1,weekly,11539.4,11586.65,11498.9,11519.25,0.76,-0.17,0.41,-0.35,Top to Down,Red,19.66,20.1,-5947.0,2845.0,4459.0,FII Neutral,-7561.0,Neutral,2679.0,-3088.0,-24409.0,PRO Confident (sold puts >20K),24000.0,Neutral
2020-09-18,Friday,0,weekly,11584.1,11584.1,11446.8,11515.95,1.19,-0.59,0.0,-1.19,Top to Down,Red,20.1,20.05,-7887.0,3367.0,8483.0,FII Neutral,-13003.0,Neutral,8287.0,31917.0,64892.0,PRO Hedging (bought puts >20K),-24688.0,Neutral
2020-09-21,Monday,0,,11503.8,11534.75,11219.9,11221.65,2.74,-2.45,0.27,-2.47,Top to Down,Red,20.05,22.19,22728.0,6539.0,6537.0,FII Mildly Bullish,22730.0,Neutral,3532.0,-19436.0,2741.0,PRO Neutral,-18645.0,Neutral
2020-09-22,Tuesday,0,,11301.75,11301.75,11085.7,11175.5,1.91,-1.12,0.0,-1.91,Top to Down,Red,22.19,21.41,2934.0,-15787.0,5940.0,FII Neutral,-18793.0,Neutral,10160.0,-81264.0,8045.0,PRO Mildly Bullish,-79149.0,Bearish
2020-09-23,Wednesday,0,,11258.75,11258.75,11025.1,11135.9,2.08,-1.09,0.0,-2.08,Top to Down,Red,21.41,20.99,-7643.0,-4371.0,13817.0,FII Neutral,-25831.0,Neutral,-3431.0,-25488.0,-18640.0,PRO Mildly Bearish,-10279.0,Neutral
2020-09-24,Thursday,1,monthly,11011.0,11014.15,10790.85,10821.35,2.03,-1.72,0.03,-2.0,Top to Down,Red,20.99,23.51,-8159.0,4153.0,18021.0,FII Neutral,-22027.0,Neutral,199.0,-25359.0,-10212.0,PRO Mildly Bearish,-14948.0,Neutral
2020-09-25,Friday,0,monthly,10910.4,11072.2,10856.2,11035.8,1.98,1.15,1.48,-0.5,Down to Up,Green,23.51,20.68,-10410.0,2193.0,-51987.0,FII Bearish (sold fut >10K),43770.0,Mildly Bullish,-5465.0,129890.0,34563.0,PRO Hedging (bought puts >20K),89862.0,Bullish
2020-09-28,Monday,0,,11140.85,11238.8,11100.5,11238.35,1.24,0.88,0.88,-0.36,Down to Up,Green,20.68,19.57,16781.0,26364.0,-20678.0,FII Bullish (bought fut + sold puts),63823.0,Bullish,-1855.0,34600.0,-38263.0,PRO Confident (sold puts >20K),71008.0,Bullish
2020-09-29,Tuesday,0,,11288.6,11304.8,11181.55,11222.65,1.09,-0.58,0.14,-0.95,Top to Down,Red,19.57,19.77,9036.0,6970.0,1362.0,FII Neutral,14644.0,Neutral,-6302.0,-14513.0,-35558.0,PRO Confident (sold puts >20K),14743.0,Neutral
2020-09-30,Wednesday,0,,11244.45,11295.2,11184.75,11226.3,0.98,-0.16,0.45,-0.53,Top to Down,Red,19.77,19.53,-11113.0,-10119.0,-5896.0,FII Bearish (sold fut >10K),-15336.0,Neutral,8458.0,-32625.0,3345.0,PRO Mildly Bearish,-27512.0,Neutral
2020-10-01,Thursday,1,weekly,11364.45,11428.3,11350.6,11422.4,0.68,0.51,0.56,-0.12,Down to Up,Green,19.53,18.35,8978.0,15421.0,-14934.0,FII Neutral,39333.0,Mildly Bullish,-4451.0,-7477.0,-32441.0,PRO Confident (sold puts >20K),20513.0,Neutral
2020-10-05,Monday,0,,11487.8,11576.85,11452.75,11508.45,1.08,0.18,0.78,-0.31,Down to Up,Green,18.35,19.7,8978.0,15421.0,-14934.0,FII Neutral,39333.0,Mildly Bullish,-4451.0,-7477.0,-32441.0,PRO Confident (sold puts >20K),20513.0,Neutral
2020-10-06,Tuesday,0,,11603.45,11679.4,11565.4,11660.4,0.98,0.49,0.65,-0.33,Down to Up,Green,19.7,19.64,8978.0,15421.0,-14934.0,FII Neutral,39333.0,Mildly Bullish,-4451.0,-7477.0,-32441.0,PRO Confident (sold puts >20K),20513.0,Neutral
2020-10-07,Wednesday,0,,11679.25,11762.35,11631.0,11748.7,1.12,0.59,0.71,-0.41,Down to Up,Green,19.64,20.06,-5301.0,12002.0,-1369.0,FII Neutral,8070.0,Neutral,-7582.0,27356.0,-58089.0,PRO Confident (sold puts >20K),77863.0,Bullish
2020-10-08,Thursday,1,weekly,11835.4,11905.5,11791.7,11833.15,0.96,-0.02,0.59,-0.37,Top to Down,Red,20.06,20.38,8748.0,-6846.0,366.0,FII Neutral,1536.0,Neutral,4819.0,-34158.0,-27494.0,PRO Confident (sold puts >20K),-1845.0,Neutral
2020-10-09,Friday,0,weekly,11852.05,11938.0,11806.15,11938.0,1.11,0.73,0.73,-0.39,Down to Up,Green,20.38,20.38,16059.0,-15733.0,-14198.0,FII Mildly Bullish,14524.0,Neutral,3902.0,57936.0,102014.0,PRO Hedging (bought puts >20K),-40176.0,Mildly Bearish
2020-10-12,Monday,0,,11973.55,12020.6,11867.2,11936.2,1.28,-0.31,0.39,-0.89,Top to Down,Red,20.38,21.13,10111.0,3548.0,-838.0,FII Mildly Bullish,14497.0,Neutral,-12149.0,-8464.0,-43734.0,PRO Bearish (sold fut >10K),23121.0,Neutral
2020-10-13,Tuesday,0,,11934.65,11987.85,11891.8,11925.25,0.8,-0.08,0.45,-0.36,Top to Down,Red,21.13,20.72,-9522.0,-18173.0,1162.0,FII Neutral,-28857.0,Neutral,12992.0,-66588.0,27715.0,PRO Hedging (bought puts >20K),-81311.0,Bearish
2020-10-14,Wednesday,0,,11917.4,11996.3,11822.3,11966.45,1.46,0.41,0.66,-0.8,Down to Up,Green,20.72,20.21,-951.0,-7375.0,8664.0,FII Neutral,-16990.0,Neutral,-1800.0,-21824.0,-8851.0,PRO Mildly Bearish,-14773.0,Neutral
2020-10-15,Thursday,1,weekly,12023.45,12023.45,11662.15,11672.55,3.0,-2.92,0.0,-3.0,Top to Down,Red,20.21,22.06,-8162.0,8194.0,19487.0,FII Neutral,-19455.0,Neutral,2961.0,-6462.0,-26079.0,PRO Confident (sold puts >20K),22578.0,Neutral
2020-10-16,Friday,0,weekly,11727.4,11787.95,11668.45,11770.25,1.02,0.37,0.52,-0.5,Down to Up,Green,22.06,21.65,-1929.0,-2513.0,-7586.0,FII Neutral,3144.0,Neutral,11054.0,43949.0,70470.0,PRO Hedging (bought puts >20K),-15467.0,Neutral
2020-10-19,Monday,0,,11879.2,11897.6,11820.95,11878.6,0.65,-0.01,0.15,-0.49,Top to Down,Red,21.65,21.82,114.0,2479.0,6786.0,FII Neutral,-4193.0,Neutral,-14517.0,10379.0,-21753.0,PRO Bearish (sold fut >10K),17615.0,Neutral
2020-10-20,Tuesday,0,,11861.0,11948.35,11839.4,11898.7,0.92,0.32,0.74,-0.18,Down to Up,Green,21.82,22.69,1948.0,-1586.0,1260.0,FII Neutral,-898.0,Neutral,3771.0,-3707.0,-35336.0,PRO Confident (sold puts >20K),35400.0,Mildly Bullish
2020-10-21,Wednesday,0,,11958.55,12018.1,11776.25,11933.85,2.02,-0.21,0.5,-1.52,Top to Down,Red,22.69,22.92,-3637.0,-9265.0,-3455.0,FII Neutral,-9447.0,Neutral,3740.0,10507.0,4285.0,PRO Neutral,9962.0,Neutral
2020-10-22,Thursday,1,weekly,11890.0,11938.3,11824.0,11902.25,0.96,0.1,0.41,-0.56,Down to Up,Green,22.92,22.64,2329.0,16813.0,-8031.0,FII Neutral,27173.0,Neutral,395.0,-39083.0,-35195.0,PRO Confident (sold puts >20K),-3493.0,Neutral
2020-10-23,Friday,0,weekly,11957.9,11974.25,11908.85,11929.8,0.55,-0.23,0.14,-0.41,Top to Down,Red,22.64,21.83,-4002.0,-9949.0,-201.0,FII Neutral,-13750.0,Neutral,-1787.0,65810.0,84465.0,PRO Hedging (bought puts >20K),-20442.0,Neutral
2020-10-26,Monday,0,,11937.4,11937.4,11711.95,11776.9,1.89,-1.34,0.0,-1.89,Top to Down,Red,21.83,22.83,-7777.0,-12321.0,12974.0,FII Neutral,-33072.0,Mildly Bearish,4252.0,-25286.0,-3746.0,PRO Mildly Bearish,-17288.0,Neutral
2020-10-27,Tuesday,0,,11807.1,11898.7,11725.75,11887.8,1.46,0.68,0.78,-0.69,Down to Up,Green,22.83,22.2,-8737.0,1861.0,-8762.0,FII Neutral,1886.0,Neutral,16181.0,-89778.0,15584.0,PRO Mildly Bullish,-89181.0,Bearish
2020-10-28,Wednesday,0,,11922.6,11929.35,11685.45,11727.35,2.05,-1.64,0.06,-1.99,Top to Down,Red,22.2,23.28,-11854.0,11877.0,-12597.0,FII Bearish (sold fut >10K),12620.0,Neutral,-11745.0,80740.0,-74872.0,PRO Bearish (sold fut >10K),143867.0,Strong Bullish
2020-10-29,Thursday,1,monthly,11633.3,11743.9,11606.75,11670.7,1.18,0.32,0.95,-0.23,Down to Up,Green,23.28,24.02,-22785.0,-21675.0,-3045.0,FII Bearish (sold fut >10K),-41415.0,Mildly Bearish,4975.0,-109474.0,43646.0,PRO Hedging (bought puts >20K),-148145.0,Strong Bearish
2020-10-30,Friday,0,monthly,11678.45,11748.15,11536.1,11646.45,1.82,-0.27,0.6,-1.22,Top to Down,Red,24.02,24.75,-2855.0,-7534.0,-10258.0,FII Neutral,-131.0,Neutral,-21177.0,182971.0,53017.0,PRO Very Bearish (sold fut >10K + bought puts >20K),108777.0,Strong Bullish
2020-11-02,Monday,0,,11697.35,11725.6,11557.75,11652.75,1.43,-0.38,0.24,-1.19,Top to Down,Red,24.75,25.21,-13148.0,-5300.0,7583.0,FII Bearish (sold fut >10K),-26031.0,Neutral,-3235.0,-9236.0,-2709.0,PRO Neutral,-9762.0,Neutral
2020-11-03,Tuesday,0,,11734.45,11835.1,11729.85,11807.65,0.9,0.62,0.86,-0.04,Down to Up,Green,25.21,24.24,18585.0,-3984.0,-18218.0,FII Mildly Bullish,32819.0,Mildly Bullish,-9477.0,27841.0,-26777.0,PRO Confident (sold puts >20K),45141.0,Mildly Bullish
2020-11-04,Wednesday,0,,11783.35,11929.2,11756.6,11893.65,1.46,0.94,1.24,-0.23,Down to Up,Green,24.24,23.2,5838.0,17462.0,-745.0,FII Neutral,24045.0,Neutral,7213.0,-24907.0,-50663.0,PRO Confident (sold puts >20K),32969.0,Mildly Bullish
2020-11-05,Thursday,1,weekly,12062.4,12130.65,12028.4,12127.6,0.85,0.54,0.57,-0.28,Down to Up,Green,23.2,20.97,-4105.0,-6041.0,1625.0,FII Neutral,-11771.0,Neutral,213.0,-27537.0,-15370.0,PRO Mildly Bearish,-11954.0,Neutral
2020-11-06,Friday,0,weekly,12156.65,12279.9,12134.95,12261.35,1.19,0.86,1.01,-0.18,Down to Up,Green,20.97,20.5,40865.0,8175.0,-9118.0,FII Mildly Bullish,58158.0,Bullish,-10890.0,47096.0,31746.0,PRO Very Bearish (sold fut >10K + bought puts >20K),4460.0,Neutral
2020-11-09,Monday,0,,12399.4,12472.7,12367.9,12468.15,0.85,0.55,0.59,-0.25,Down to Up,Green,20.5,20.11,7230.0,34862.0,4596.0,FII Neutral,37496.0,Mildly Bullish,606.0,67.0,-28276.0,PRO Confident (sold puts >20K),28949.0,Neutral
2020-11-10,Tuesday,0,,12556.4,12642.35,12476.7,12640.25,1.32,0.67,0.68,-0.63,Down to Up,Green,20.11,21.58,10635.0,-11265.0,-8673.0,FII Mildly Bullish,8043.0,Neutral,2169.0,-33342.0,-46295.0,PRO Confident (sold puts >20K),15122.0,Neutral
2020-11-11,Wednesday,0,,12680.6,12768.85,12571.95,12757.2,1.55,0.6,0.7,-0.86,Down to Up,Green,21.58,22.03,21492.0,-2040.0,3433.0,FII Mildly Bullish,16019.0,Neutral,4101.0,-21869.0,-27593.0,PRO Confident (sold puts >20K),9825.0,Neutral
2020-11-12,Thursday,1,weekly,12702.15,12740.85,12625.1,12693.0,0.91,-0.07,0.3,-0.61,Top to Down,Red,22.03,20.62,2837.0,4792.0,-2205.0,FII Neutral,9834.0,Neutral,10337.0,-20411.0,-17505.0,PRO Mildly Bullish,7431.0,Neutral
2020-11-13,Friday,0,weekly,12659.7,12735.05,12608.3,12723.1,1.0,0.5,0.6,-0.41,Down to Up,Green,20.62,19.7,-20869.0,-17992.0,-17715.0,FII Bearish (sold fut >10K),-21146.0,Neutral,2655.0,23620.0,126485.0,PRO Hedging (bought puts >20K),-100210.0,Strong Bearish
2020-11-14,Saturday,0,,12823.35,12827.95,12750.85,12767.55,0.6,-0.44,0.04,-0.57,Top to Down,Red,19.7,19.13,-6211.0,264.0,-7875.0,FII Neutral,1928.0,Neutral,-1876.0,8589.0,-2225.0,PRO Neutral,8938.0,Neutral
2020-11-17,Tuesday,0,,12932.5,12932.5,12797.7,12878.9,1.04,-0.41,0.0,-1.04,Top to Down,Red,19.13,19.8,-6211.0,264.0,-7875.0,FII Neutral,1928.0,Neutral,-1876.0,8589.0,-2225.0,PRO Neutral,8938.0,Neutral
2020-11-18,Wednesday,0,,12860.1,12948.4,12820.05,12936.1,1.0,0.59,0.69,-0.31,Down to Up,Green,19.8,19.12,-6211.0,264.0,-7875.0,FII Neutral,1928.0,Neutral,-1876.0,8589.0,-2225.0,PRO Neutral,8938.0,Neutral
2020-11-19,Thursday,1,weekly,12839.5,12962.9,12746.45,12760.6,1.69,-0.61,0.96,-0.72,Top to Down,Red,19.12,19.57,5345.0,6012.0,12499.0,FII Neutral,-1142.0,Neutral,-2693.0,3565.0,-23541.0,PRO Confident (sold puts >20K),24413.0,Neutral
2020-11-20,Friday,0,weekly,12813.4,12890.95,12730.65,12846.0,1.25,0.25,0.61,-0.65,Down to Up,Green,19.57,19.62,-8282.0,-18699.0,9377.0,FII Neutral,-36358.0,Mildly Bearish,7964.0,-20201.0,103752.0,PRO Hedging (bought puts >20K),-115989.0,Strong Bearish
2020-11-23,Monday,0,,12960.3,12967.5,12826.0,12928.15,1.09,-0.25,0.06,-1.04,Top to Down,Red,19.62,20.8,7294.0,4323.0,-1959.0,FII Neutral,13576.0,Neutral,936.0,7132.0,-19938.0,PRO Neutral,28006.0,Neutral
2020-11-24,Tuesday,0,,13002.6,13078.45,12980.45,13075.55,0.75,0.56,0.58,-0.17,Down to Up,Green,20.8,21.06,394.0,-1053.0,-2099.0,FII Neutral,1440.0,Neutral,8985.0,-30346.0,-2135.0,PRO Mildly Bearish,-19226.0,Neutral
2020-11-25,Wednesday,0,,13130.0,13144.65,12834.2,12858.7,2.36,-2.07,0.11,-2.25,Top to Down,Red,21.06,23.13,587.0,26152.0,4800.0,FII Neutral,21939.0,Neutral,-4528.0,17178.0,-62629.0,PRO Confident (sold puts >20K),75279.0,Bullish
2020-11-26,Thursday,1,monthly,12906.45,13017.2,12790.85,13015.05,1.75,0.84,0.86,-0.9,Down to Up,Green,23.13,20.02,-18102.0,-27393.0,20640.0,FII Very Bearish (sold fut >10K + bought puts >20K),-66135.0,Bearish,4211.0,-124095.0,73881.0,PRO Hedging (bought puts >20K),-193765.0,Strong Bearish
2020-11-27,Friday,0,monthly,13012.05,13030.7,12915.65,12942.85,0.88,-0.53,0.14,-0.74,Top to Down,Red,20.02,19.82,21685.0,-12107.0,-45529.0,FII Bullish (bought fut + sold puts),55107.0,Bullish,-26695.0,161995.0,10474.0,PRO Bearish (sold fut >10K),124826.0,Strong Bullish
2020-12-01,Tuesday,0,,13062.2,13128.2,12963.7,13097.85,1.26,0.27,0.51,-0.75,Down to Up,Green,19.82,20.18,21685.0,-12107.0,-45529.0,FII Bullish (bought fut + sold puts),55107.0,Bullish,-26695.0,161995.0,10474.0,PRO Bearish (sold fut >10K),124826.0,Strong Bullish
2020-12-02,Wednesday,0,,13121.4,13127.7,12983.9,13104.15,1.1,-0.13,0.05,-1.05,Top to Down,Red,20.18,19.91,21685.0,-12107.0,-45529.0,FII Bullish (bought fut + sold puts),55107.0,Bullish,-26695.0,161995.0,10474.0,PRO Bearish (sold fut >10K),124826.0,Strong Bullish
2020-12-04,Friday,0,weekly,13177.4,13276.9,13152.9,13270.7,0.94,0.71,0.76,-0.19,Down to Up,Green,19.0,18.03,666.0,6145.0,-25028.0,FII Confident (sold puts >20K),31839.0,Mildly Bullish,2558.0,87241.0,22215.0,PRO Hedging (bought puts >20K),67584.0,Bullish
2020-12-07,Monday,0,,13264.85,13366.05,13246.25,13355.2,0.9,0.68,0.76,-0.14,Down to Up,Green,18.03,18.02,10036.0,4420.0,8858.0,FII Mildly Bullish,5598.0,Neutral,-11730.0,2807.0,-37767.0,PRO Bearish (sold fut >10K),28844.0,Neutral
2020-12-08,Tuesday,0,,13393.85,13434.9,13311.6,13389.3,0.92,-0.03,0.31,-0.61,Top to Down,Red,18.02,18.62,-11765.0,-2307.0,-7645.0,FII Bearish (sold fut >10K),-6427.0,Neutral,2293.0,-15102.0,-24385.0,PRO Confident (sold puts >20K),11576.0,Neutral
2020-12-09,Wednesday,0,,13458.1,13548.55,13453.8,13532.55,0.7,0.55,0.67,-0.03,Down to Up,Green,18.62,18.92,-3203.0,-8374.0,153.0,FII Neutral,-11730.0,Neutral,5488.0,-23706.0,-477.0,PRO Mildly Bearish,-17741.0,Neutral
2020-12-10,Thursday,1,weekly,13488.5,13503.2,13399.4,13481.55,0.77,-0.05,0.11,-0.66,Top to Down,Red,18.92,18.71,5929.0,9199.0,-7288.0,FII Neutral,22416.0,Neutral,-1308.0,27453.0,-62669.0,PRO Confident (sold puts >20K),88814.0,Bullish
2020-12-11,Friday,0,weekly,13512.3,13578.5,13403.25,13505.55,1.3,-0.05,0.49,-0.81,Top to Down,Red,18.71,18.79,-13730.0,-3139.0,10445.0,FII Bearish (sold fut >10K),-27314.0,Neutral,5997.0,-16477.0,112082.0,PRO Hedging (bought puts >20K),-122562.0,Strong Bearish
2020-12-14,Monday,0,,13571.45,13597.4,13473.25,13554.85,0.91,-0.12,0.19,-0.72,Top to Down,Red,18.79,19.4,3733.0,-10742.0,4218.0,FII Neutral,-11227.0,Neutral,3593.0,-21311.0,9859.0,PRO Mildly Bearish,-27577.0,Neutral
2020-12-15,Tuesday,0,,13547.2,13588.25,13447.4,13564.5,1.04,0.13,0.3,-0.74,Down to Up,Green,19.4,19.35,-8803.0,-5951.0,8649.0,FII Neutral,-23403.0,Neutral,2456.0,-6352.0,-7598.0,PRO Neutral,3702.0,Neutral
2020-12-16,Wednesday,0,,13663.1,13692.0,13606.5,13672.75,0.63,0.07,0.21,-0.41,Down to Up,Green,19.35,19.2,-216.0,10765.0,4281.0,FII Neutral,6268.0,Neutral,-3136.0,-8603.0,-23067.0,PRO Confident (sold puts >20K),11328.0,Neutral
2020-12-17,Thursday,1,weekly,13713.55,13772.8,13678.65,13734.85,0.69,0.16,0.43,-0.25,Down to Up,Green,19.2,19.16,4718.0,12725.0,-7419.0,FII Neutral,24862.0,Neutral,-6839.0,-7147.0,-53559.0,PRO Confident (sold puts >20K),39573.0,Mildly Bullish
2020-12-18,Friday,0,weekly,13764.4,13771.9,13659.05,13744.1,0.82,-0.15,0.05,-0.77,Top to Down,Red,19.16,18.62,-4514.0,-9701.0,-20564.0,FII Confident (sold puts >20K),6349.0,Neutral,5247.0,79693.0,57543.0,PRO Hedging (bought puts >20K),27397.0,Neutral
2020-12-21,Monday,0,,13741.9,13777.0,13135.1,13283.35,4.67,-3.34,0.26,-4.42,Top to Down,Red,18.62,23.19,-1158.0,9004.0,14740.0,FII Neutral,-6894.0,Neutral,3799.0,-40952.0,11135.0,PRO Mildly Bearish,-48288.0,Mildly Bearish
2020-12-22,Tuesday,0,,13373.65,13490.8,13193.9,13460.8,2.22,0.65,0.88,-1.34,Down to Up,Green,23.19,21.99,-3133.0,-13524.0,24599.0,FII Hedging (bought puts >20K),-41256.0,Mildly Bearish,16150.0,-128163.0,36979.0,PRO Hedging (bought puts >20K),-148992.0,Strong Bearish
2020-12-23,Wednesday,0,,13473.5,13618.7,13433.25,13609.15,1.38,1.01,1.08,-0.3,Down to Up,Green,21.99,20.5,8137.0,10771.0,4309.0,FII Neutral,14599.0,Neutral,-7378.0,26997.0,-81959.0,PRO Confident (sold puts >20K),101578.0,Strong Bullish
2020-12-24,Thursday,1,weekly,13672.15,13771.15,13627.4,13740.4,1.05,0.5,0.72,-0.33,Down to Up,Green,20.5,19.97,-13892.0,3710.0,-5103.0,FII Bearish (sold fut >10K),-5079.0,Neutral,-9835.0,59656.0,-57755.0,PRO Confident (sold puts >20K),107576.0,Strong Bullish
2020-12-28,Monday,0,,13815.15,13885.3,13812.0,13881.0,0.53,0.48,0.51,-0.02,Down to Up,Green,19.97,20.43,-13892.0,3710.0,-5103.0,FII Bearish (sold fut >10K),-5079.0,Neutral,-9835.0,59656.0,-57755.0,PRO Confident (sold puts >20K),107576.0,Strong Bullish
2020-12-29,Tuesday,0,,13910.35,13967.15,13860.0,13926.9,0.77,0.12,0.41,-0.36,Down to Up,Green,20.43,20.79,-13892.0,3710.0,-5103.0,FII Bearish (sold fut >10K),-5079.0,Neutral,-9835.0,59656.0,-57755.0,PRO Confident (sold puts >20K),107576.0,Strong Bullish
2020-12-30,Wednesday,0,,13980.9,13995.95,13865.6,13975.25,0.93,-0.04,0.11,-0.82,Top to Down,Red,20.79,21.11,-2994.0,-289.0,638.0,FII Neutral,-3921.0,Neutral,6799.0,-24655.0,828.0,PRO Mildly Bearish,-18684.0,Neutral
2020-12-31,Thursday,1,monthly,13970.0,14024.4,13941.6,13967.0,0.59,-0.02,0.39,-0.2,Top to Down,Red,21.11,21.1,-4883.0,20861.0,9954.0,FII Neutral,6024.0,Neutral,8592.0,-28967.0,-23510.0,PRO Confident (sold puts >20K),3135.0,Neutral
2021-01-01,Friday,0,weekly,13996.1,14049.8,13994.85,14014.8,0.39,0.13,0.38,-0.01,Down to Up,Green,21.11,21.1,14247.0,-49544.0,-69390.0,FII Bullish (bought fut + sold puts),34093.0,Mildly Bullish,-23696.0,93147.0,93497.0,PRO Very Bearish (sold fut >10K + bought puts >20K),-24046.0,Neutral
2021-01-04,Monday,0,,14104.35,14147.85,13956.6,14143.65,1.36,0.28,0.31,-1.05,Down to Up,Green,19.56,20.03,-2589.0,-8534.0,24693.0,FII Hedging (bought puts >20K),-35816.0,Mildly Bearish,882.0,-19582.0,3894.0,PRO Neutral,-22594.0,Neutral
2021-01-05,Tuesday,0,,14075.15,14215.2,14049.05,14199.3,1.18,0.88,1.0,-0.19,Down to Up,Green,20.03,20.46,11895.0,2337.0,9012.0,FII Mildly Bullish,5220.0,Neutral,-4718.0,-26343.0,-15818.0,PRO Mildly Bearish,-15243.0,Neutral
2021-01-06,Wednesday,0,,14240.95,14241.4,14040.1,14134.05,1.41,-0.75,0.0,-1.41,Top to Down,Red,20.46,21.0,-1533.0,-5093.0,-17331.0,FII Neutral,10705.0,Neutral,-2700.0,41816.0,-54018.0,PRO Confident (sold puts >20K),93134.0,Bullish
2021-01-07,Thursday,1,weekly,14253.75,14253.75,14123.65,14148.45,0.91,-0.74,0.0,-0.91,Top to Down,Red,21.0,20.62,-2921.0,29448.0,54094.0,FII Hedging (bought puts >20K),-27567.0,Neutral,7689.0,-94670.0,20727.0,PRO Hedging (bought puts >20K),-107708.0,Strong Bearish
2021-01-08,Friday,0,weekly,14258.4,14366.85,14224.1,14343.9,1.0,0.6,0.76,-0.24,Down to Up,Green,20.62,20.64,3133.0,-10268.0,-25158.0,FII Confident (sold puts >20K),18023.0,Neutral,-2246.0,83511.0,42684.0,PRO Hedging (bought puts >20K),38581.0,Mildly Bullish
2021-01-11,Monday,0,,14474.05,14496.45,14384.1,14483.05,0.78,0.06,0.15,-0.62,Down to Up,Green,20.64,22.38,10902.0,12551.0,-8902.0,FII Mildly Bullish,32355.0,Mildly Bullish,-1301.0,9891.0,-29483.0,PRO Confident (sold puts >20K),38073.0,Mildly Bullish
2021-01-12,Tuesday,0,,14473.8,14589.9,14435.95,14574.75,1.06,0.7,0.8,-0.26,Down to Up,Green,22.38,22.85,-13350.0,-555.0,18198.0,FII Bearish (sold fut >10K),-32103.0,Mildly Bearish,-3525.0,-38188.0,-30222.0,PRO Confident (sold puts >20K),-11491.0,Neutral
2021-01-13,Wednesday,0,,14639.8,14652.7,14436.65,14558.3,1.48,-0.56,0.09,-1.39,Top to Down,Red,22.85,23.29,-11518.0,-5397.0,-11093.0,FII Bearish (sold fut >10K),-5822.0,Neutral,1075.0,19667.0,-18582.0,PRO Neutral,39324.0,Mildly Bullish
2021-01-14,Thursday,1,weekly,14550.05,14617.25,14472.45,14597.5,1.0,0.33,0.46,-0.53,Down to Up,Green,23.29,23.03,-10113.0,22809.0,37009.0,FII Very Bearish (sold fut >10K + bought puts >20K),-24313.0,Neutral,10031.0,-64793.0,21057.0,PRO Hedging (bought puts >20K),-75819.0,Bearish
2021-01-15,Friday,0,weekly,14594.35,14616.15,14358.8,14434.4,1.76,-1.1,0.15,-1.61,Top to Down,Red,23.03,24.01,961.0,-19603.0,-30060.0,FII Confident (sold puts >20K),11418.0,Neutral,-2213.0,68810.0,46816.0,PRO Hedging (bought puts >20K),19781.0,Neutral
2021-01-18,Monday,0,,14453.3,14454.9,14224.7,14230.2,1.59,-1.54,0.01,-1.58,Top to Down,Red,24.01,24.4,-11009.0,-17582.0,23048.0,FII Very Bearish (sold fut >10K + bought puts >20K),-51639.0,Bearish,4926.0,-56112.0,30229.0,PRO Hedging (bought puts >20K),-81415.0,Bearish
2021-01-19,Tuesday,0,,14371.65,14545.55,14351.05,14526.6,1.35,1.08,1.21,-0.14,Down to Up,Green,24.4,22.9,-3182.0,4961.0,4744.0,FII Neutral,-2965.0,Neutral,9921.0,-58366.0,7271.0,PRO Mildly Bearish,-55716.0,Bearish
2021-01-20,Wednesday,0,,14538.3,14665.85,14517.55,14622.45,1.02,0.58,0.88,-0.14,Down to Up,Green,22.9,21.55,4134.0,24382.0,-21794.0,FII Confident (sold puts >20K),50310.0,Bullish,-3364.0,62981.0,-77641.0,PRO Confident (sold puts >20K),137258.0,Strong Bullish
2021-01-21,Thursday,1,weekly,14730.95,14753.4,14519.35,14630.4,1.59,-0.68,0.15,-1.44,Top to Down,Red,21.55,22.18,-10467.0,-15371.0,8760.0,FII Bearish (sold fut >10K),-34598.0,Mildly Bearish,1781.0,4684.0,-13290.0,PRO Neutral,19755.0,Neutral
2021-01-22,Friday,0,weekly,14583.4,14619.6,14359.15,14366.8,1.79,-1.49,0.25,-1.54,Top to Down,Red,21.55,22.18,11169.0,7293.0,-28898.0,FII Bullish (bought fut + sold puts),47360.0,Mildly Bullish,9151.0,18521.0,61270.0,PRO Hedging (bought puts >20K),-33598.0,Mildly Bearish
2021-01-25,Monday,0,,14477.8,14490.1,14219.4,14247.95,1.87,-1.59,0.08,-1.78,Top to Down,Red,22.42,23.25,-18142.0,-38569.0,22295.0,FII Very Bearish (sold fut >10K + bought puts >20K),-79006.0,Bearish,2396.0,-86090.0,38923.0,PRO Hedging (bought puts >20K),-122617.0,Strong Bearish
2021-01-27,Wednesday,0,,14237.95,14237.95,13929.65,13964.25,2.17,-1.92,0.0,-2.17,Top to Down,Red,23.25,24.39,-18142.0,-38569.0,22295.0,FII Very Bearish (sold fut >10K + bought puts >20K),-79006.0,Bearish,2396.0,-86090.0,38923.0,PRO Hedging (bought puts >20K),-122617.0,Strong Bearish
2021-01-28,Thursday,1,monthly,13810.4,13897.75,13715.1,13819.75,1.32,0.07,0.63,-0.69,Down to Up,Green,24.39,24.29,-18142.0,-38569.0,22295.0,FII Very Bearish (sold fut >10K + bought puts >20K),-79006.0,Bearish,2396.0,-86090.0,38923.0,PRO Hedging (bought puts >20K),-122617.0,Strong Bearish
2021-01-29,Friday,0,monthly,13946.6,13965.7,13597.85,13660.8,2.64,-2.05,0.14,-2.5,Top to Down,Red,24.29,25.34,-2271.0,1116.0,-38477.0,FII Confident (sold puts >20K),37322.0,Mildly Bullish,-9988.0,218217.0,18157.0,PRO Neutral,190072.0,Strong Bullish
2021-02-02,Tuesday,0,,14481.1,14730.95,14473.35,14671.2,1.78,1.31,1.73,-0.05,Down to Up,Green,23.32,23.35,26537.0,-13974.0,-11245.0,FII Mildly Bullish,23808.0,Neutral,-23411.0,57904.0,-131986.0,PRO Bearish (sold fut >10K),166479.0,Strong Bullish
2021-02-03,Wednesday,0,,14754.9,14868.6,14575.35,14783.6,1.99,0.19,0.77,-1.22,Down to Up,Green,23.35,23.75,-8809.0,14603.0,18220.0,FII Neutral,-12426.0,Neutral,17516.0,-68595.0,-17266.0,PRO Mildly Bullish,-33813.0,Mildly Bearish
2021-02-04,Thursday,1,weekly,14789.05,14913.0,14714.9,14889.5,1.34,0.68,0.84,-0.5,Down to Up,Green,23.75,23.12,-184.0,4508.0,-23006.0,FII Confident (sold puts >20K),27330.0,Neutral,-3108.0,13062.0,-39684.0,PRO Confident (sold puts >20K),49638.0,Mildly Bullish
2021-02-05,Friday,0,weekly,14952.6,15014.15,14865.1,14940.85,1.0,-0.08,0.41,-0.59,Top to Down,Red,23.12,23.42,-14236.0,3481.0,8775.0,FII Bearish (sold fut >10K),-19530.0,Neutral,12734.0,33490.0,132785.0,PRO Hedging (bought puts >20K),-86561.0,Bearish
2021-02-08,Monday,0,,15064.3,15159.35,15049.7,15129.45,0.73,0.43,0.63,-0.1,Down to Up,Green,23.42,23.96,-4744.0,20918.0,4725.0,FII Neutral,11449.0,Neutral,956.0,-29236.0,9021.0,PRO Mildly Bearish,-37301.0,Mildly Bearish
2021-02-09,Tuesday,0,,15164.15,15256.1,15065.5,15109.5,1.26,-0.36,0.61,-0.65,Top to Down,Red,23.96,24.27,5014.0,-19979.0,-9679.0,FII Neutral,-5286.0,Neutral,1069.0,-1546.0,-11823.0,PRO Neutral,11346.0,Neutral
2021-02-10,Wednesday,0,,15119.05,15168.0,14977.55,15137.8,1.26,0.12,0.32,-0.94,Down to Up,Green,24.27,23.95,3477.0,2475.0,-7404.0,FII Neutral,13356.0,Neutral,956.0,-19064.0,4416.0,PRO Neutral,-22524.0,Neutral
2021-02-11,Thursday,1,weekly,15073.25,15188.5,15067.35,15176.65,0.8,0.69,0.76,-0.04,Down to Up,Green,23.95,23.05,694.0,12001.0,9750.0,FII Neutral,2945.0,Neutral,574.0,-42311.0,-19197.0,PRO Mildly Bearish,-22540.0,Neutral
2021-02-12,Friday,0,weekly,15186.2,15243.1,15081.4,15164.7,1.06,-0.14,0.37,-0.69,Top to Down,Red,23.05,22.04,499.0,-1769.0,-1616.0,FII Neutral,346.0,Neutral,-342.0,90104.0,37016.0,PRO Hedging (bought puts >20K),52746.0,Bullish
2021-02-15,Monday,0,,15270.3,15338.35,15254.35,15335.8,0.55,0.43,0.45,-0.1,Down to Up,Green,22.04,21.48,-7346.0,-20016.0,-6028.0,FII Mildly Bearish,-21334.0,Neutral,2531.0,4088.0,14651.0,PRO Neutral,-8032.0,Neutral
2021-02-16,Tuesday,0,,15371.45,15431.3,15243.35,15317.95,1.22,-0.35,0.39,-0.83,Top to Down,Red,21.48,21.78,5451.0,20067.0,-7676.0,FII Neutral,33194.0,Mildly Bullish,-7795.0,8455.0,-52231.0,PRO Confident (sold puts >20K),52891.0,Bullish
2021-02-17,Wednesday,0,,15279.9,15313.5,15171.15,15196.25,0.93,-0.55,0.22,-0.71,Top to Down,Red,21.78,21.78,-5992.0,6235.0,26495.0,FII Hedging (bought puts >20K),-26252.0,Neutral,6793.0,-75208.0,35293.0,PRO Hedging (bought puts >20K),-103708.0,Strong Bearish
2021-02-18,Thursday,1,weekly,15238.7,15249.95,15078.75,15120.2,1.12,-0.78,0.07,-1.05,Top to Down,Red,21.78,21.54,-984.0,-7325.0,8608.0,FII Neutral,-16917.0,Neutral,92.0,-46103.0,-12594.0,PRO Mildly Bearish,-33417.0,Mildly Bearish
2021-02-19,Friday,0,weekly,15074.8,15143.0,14898.4,15003.45,1.62,-0.47,0.45,-1.17,Top to Down,Red,21.54,22.25,-1022.0,3790.0,-12779.0,FII Neutral,15547.0,Neutral,2625.0,71132.0,33403.0,PRO Hedging (bought puts >20K),40354.0,Mildly Bullish
2021-02-22,Monday,0,,14999.05,15009.7,14636.1,14640.9,2.49,-2.39,0.07,-2.42,Top to Down,Red,22.25,25.47,247.0,11905.0,23336.0,FII Hedging (bought puts >20K),-11184.0,Neutral,2707.0,-39945.0,6987.0,PRO Mildly Bearish,-44225.0,Mildly Bearish
2021-02-23,Tuesday,0,,14782.25,14853.6,14653.05,14717.8,1.36,-0.44,0.48,-0.87,Top to Down,Red,25.47,25.23,9094.0,12506.0,26229.0,FII Hedging (bought puts >20K),-4629.0,Neutral,-8870.0,-60285.0,-22360.0,PRO Confident (sold puts >20K),-46795.0,Mildly Bearish
2021-02-24,Wednesday,0,,14729.15,14821.95,14729.15,14820.45,0.63,0.62,0.63,0.0,Down to Up,Green,25.23,24.17,-1508.0,14912.0,5803.0,FII Neutral,7601.0,Neutral,-4598.0,1674.0,-10150.0,PRO Neutral,7226.0,Neutral
2021-02-25,Thursday,1,monthly,15079.85,15173.75,15071.25,15103.8,0.68,0.16,0.62,-0.06,Down to Up,Green,24.17,22.89,4915.0,7629.0,-22574.0,FII Confident (sold puts >20K),35118.0,Mildly Bullish,3603.0,84039.0,-79470.0,PRO Confident (sold puts >20K),167112.0,Strong Bullish
2021-02-26,Friday,0,monthly,14888.6,14919.05,14468.55,14523.15,3.03,-2.45,0.2,-2.82,Top to Down,Red,22.89,28.14,23348.0,-71312.0,-19105.0,FII Mildly Bullish,-28859.0,Neutral,-1369.0,38649.0,102670.0,PRO Hedging (bought puts >20K),-65390.0,Bearish
2021-03-01,Monday,0,,14702.5,14806.65,14638.9,14784.15,1.14,0.56,0.71,-0.43,Down to Up,Green,28.14,25.63,-34870.0,-2602.0,32483.0,FII Very Bearish (sold fut >10K + bought puts >20K),-69955.0,Bearish,-2299.0,-81203.0,16501.0,PRO Mildly Bearish,-100003.0,Strong Bearish
2021-03-02,Tuesday,0,,14865.3,14958.95,14761.05,14941.8,1.33,0.51,0.63,-0.7,Down to Up,Green,25.63,23.61,13116.0,10980.0,-15281.0,FII Mildly Bullish,39377.0,Mildly Bullish,4217.0,28941.0,-15628.0,PRO Neutral,48786.0,Mildly Bullish
2021-03-03,Wednesday,0,,15064.4,15271.0,14996.75,15240.5,1.82,1.17,1.37,-0.45,Down to Up,Green,23.61,22.09,-17944.0,361.0,-15716.0,FII Bearish (sold fut >10K),-1867.0,Neutral,-2662.0,25670.0,-9331.0,PRO Neutral,32339.0,Mildly Bullish
2021-03-04,Thursday,1,weekly,15026.75,15201.9,14980.25,15087.15,1.48,0.4,1.17,-0.31,Down to Up,Green,22.09,24.15,12977.0,16227.0,3276.0,FII Mildly Bullish,25928.0,Neutral,-6355.0,27947.0,-104255.0,PRO Confident (sold puts >20K),125847.0,Strong Bullish
2021-03-05,Friday,0,weekly,14977.95,15090.95,14862.6,14963.15,1.52,-0.1,0.75,-0.77,Top to Down,Red,24.15,25.56,-20495.0,-14589.0,15350.0,FII Bearish (sold fut >10K),-50434.0,Bearish,-5832.0,2162.0,96991.0,PRO Hedging (bought puts >20K),-100661.0,Strong Bearish
2021-03-08,Monday,0,,15002.45,15110.25,14921.05,14962.85,1.26,-0.26,0.72,-0.54,Top to Down,Red,25.56,24.68,1195.0,-7570.0,8924.0,FII Neutral,-15299.0,Neutral,4040.0,-27679.0,30428.0,PRO Hedging (bought puts >20K),-54067.0,Bearish
2021-03-09,Tuesday,0,,15049.9,15124.1,14926.1,15098.7,1.32,0.32,0.49,-0.82,Down to Up,Green,24.68,22.5,-7112.0,3355.0,-752.0,FII Neutral,-3005.0,Neutral,6229.0,-51383.0,10936.0,PRO Mildly Bearish,-56090.0,Bearish
2021-03-10,Wednesday,1,weekly,15202.15,15216.75,15101.5,15168.15,0.76,-0.22,0.1,-0.66,Top to Down,Red,22.5,20.75,16590.0,26401.0,9353.0,FII Mildly Bullish,33638.0,Mildly Bullish,-7501.0,16064.0,-70782.0,PRO Confident (sold puts >20K),79345.0,Bullish
2021-03-12,Friday,0,weekly,15321.15,15332.6,14954.85,15023.95,2.47,-1.94,0.07,-2.39,Top to Down,Red,20.75,21.71,16590.0,26401.0,9353.0,FII Mildly Bullish,33638.0,Mildly Bullish,-7501.0,16064.0,-70782.0,PRO Confident (sold puts >20K),79345.0,Bullish
2021-03-15,Monday,0,,15048.4,15048.4,14745.95,14920.9,2.01,-0.85,0.0,-2.01,Top to Down,Red,21.71,21.23,16590.0,26401.0,9353.0,FII Mildly Bullish,33638.0,Mildly Bullish,-7501.0,16064.0,-70782.0,PRO Confident (sold puts >20K),79345.0,Bullish
2021-03-16,Tuesday,0,,14996.1,15051.15,14890.7,14922.0,1.07,-0.49,0.37,-0.7,Top to Down,Red,21.23,20.19,-5191.0,4879.0,20023.0,FII Hedging (bought puts >20K),-20335.0,Neutral,-10717.0,-35918.0,-25093.0,PRO Bearish (sold fut >10K),-21542.0,Neutral
2021-03-17,Wednesday,0,,14946.55,14954.4,14696.6,14709.25,1.72,-1.59,0.05,-1.67,Top to Down,Red,20.19,20.16,2218.0,3093.0,-7572.0,FII Neutral,12883.0,Neutral,7942.0,-32755.0,-146.0,PRO Mildly Bearish,-24667.0,Neutral
2021-03-18,Thursday,1,weekly,14855.5,14870.1,14479.35,14583.7,2.63,-1.83,0.1,-2.53,Top to Down,Red,20.16,20.08,-399.0,-2193.0,9921.0,FII Neutral,-12513.0,Neutral,-4796.0,-37285.0,8848.0,PRO Mildly Bearish,-50929.0,Bearish
2021-03-19,Friday,0,weekly,14471.15,14787.4,14350.5,14733.55,3.02,1.81,2.19,-0.83,Down to Up,Green,20.08,19.99,2733.0,-7237.0,-20797.0,FII Confident (sold puts >20K),16293.0,Neutral,3222.0,137117.0,-222.0,PRO Neutral,140561.0,Strong Bullish
2021-03-22,Monday,0,,14736.3,14763.55,14598.25,14747.15,1.12,0.07,0.18,-0.94,Down to Up,Green,19.99,20.49,12380.0,11289.0,-2306.0,FII Mildly Bullish,25975.0,Neutral,-14062.0,47957.0,-45396.0,PRO Bearish (sold fut >10K),79291.0,Bullish
2021-03-23,Tuesday,0,,14768.55,14878.4,14708.55,14807.3,1.15,0.26,0.74,-0.41,Down to Up,Green,20.49,20.67,-882.0,-1662.0,15280.0,FII Neutral,-17824.0,Neutral,-7657.0,-44465.0,-8726.0,PRO Mildly Bearish,-43396.0,Mildly Bearish
2021-03-24,Wednesday,0,,14712.45,14752.15,14535.55,14564.95,1.47,-1.0,0.27,-1.2,Top to Down,Red,20.67,22.46,5769.0,5956.0,-1421.0,FII Neutral,13146.0,Neutral,-10093.0,38108.0,-37908.0,PRO Bearish (sold fut >10K),65923.0,Bullish
2021-03-25,Thursday,1,monthly,14570.9,14570.9,14265.6,14346.4,2.1,-1.54,0.0,-2.1,Top to Down,Red,22.46,22.7,-16695.0,2759.0,24555.0,FII Very Bearish (sold fut >10K + bought puts >20K),-38491.0,Mildly Bearish,17387.0,-143481.0,42979.0,PRO Hedging (bought puts >20K),-169073.0,Strong Bearish
2021-03-26,Friday,0,monthly,14506.3,14572.6,14415.35,14518.9,1.08,0.09,0.46,-0.63,Down to Up,Green,22.7,20.65,4677.0,-28651.0,-75939.0,FII Confident (sold puts >20K),51965.0,Bullish,13256.0,136509.0,60839.0,PRO Hedging (bought puts >20K),88926.0,Bullish
2021-03-30,Tuesday,0,,14628.5,14875.3,14620.15,14855.0,1.74,1.55,1.69,-0.06,Down to Up,Green,20.65,20.49,4677.0,-28651.0,-75939.0,FII Confident (sold puts >20K),51965.0,Bullish,13256.0,136509.0,60839.0,PRO Hedging (bought puts >20K),88926.0,Bullish
2021-03-31,Wednesday,0,,14811.85,14811.85,14670.65,14693.05,0.95,-0.8,0.0,-0.95,Top to Down,Red,20.49,20.65,4677.0,-28651.0,-75939.0,FII Confident (sold puts >20K),51965.0,Bullish,13256.0,136509.0,60839.0,PRO Hedging (bought puts >20K),88926.0,Bullish
2021-04-01,Thursday,1,weekly,14798.4,14882.85,14692.75,14865.95,1.28,0.46,0.57,-0.71,Down to Up,Green,20.65,19.99,-32694.0,-16591.0,58242.0,FII Very Bearish (sold fut >10K + bought puts >20K),-107527.0,Strong Bearish,10744.0,-85674.0,19442.0,PRO Mildly Bullish,-94372.0,Bearish
2021-04-05,Monday,0,,14837.7,14840.5,14460.15,14649.05,2.56,-1.27,0.02,-2.54,Top to Down,Red,19.99,21.22,-32694.0,-16591.0,58242.0,FII Very Bearish (sold fut >10K + bought puts >20K),-107527.0,Strong Bearish,10744.0,-85674.0,19442.0,PRO Mildly Bullish,-94372.0,Bearish
2021-04-06,Tuesday,0,,14737.0,14778.35,14574.55,14700.8,1.38,-0.25,0.28,-1.1,Top to Down,Red,21.22,20.84,-32694.0,-16591.0,58242.0,FII Very Bearish (sold fut >10K + bought puts >20K),-107527.0,Strong Bearish,10744.0,-85674.0,19442.0,PRO Mildly Bullish,-94372.0,Bearish
2021-04-07,Wednesday,0,,14716.45,14879.5,14652.15,14808.85,1.54,0.63,1.11,-0.44,Down to Up,Green,20.84,20.25,2873.0,16513.0,7402.0,FII Neutral,11984.0,Neutral,-4993.0,-24011.0,-13972.0,PRO Mildly Bearish,-15032.0,Neutral
2021-04-08,Thursday,1,weekly,14875.65,14982.45,14821.85,14877.5,1.08,0.01,0.72,-0.36,Down to Up,Green,20.25,20.31,6333.0,7259.0,-14942.0,FII Neutral,28534.0,Neutral,-4113.0,36444.0,-83206.0,PRO Confident (sold puts >20K),115537.0,Strong Bullish
2021-04-09,Friday,0,weekly,14882.65,14917.85,14786.15,14838.05,0.88,-0.3,0.24,-0.65,Top to Down,Red,20.31,19.79,2399.0,-17089.0,9282.0,FII Neutral,-23972.0,Neutral,2430.0,40987.0,79496.0,PRO Hedging (bought puts >20K),-36079.0,Mildly Bearish
2021-04-12,Monday,0,,14644.65,14644.65,14249.25,14349.6,2.7,-2.01,0.0,-2.7,Top to Down,Red,19.79,23.0,-5576.0,1336.0,15424.0,FII Neutral,-19664.0,Neutral,-4503.0,3288.0,19076.0,PRO Neutral,-20291.0,Neutral
2021-04-13,Tuesday,0,,14364.9,14527.9,14277.1,14525.0,1.75,1.11,1.13,-0.61,Down to Up,Green,23.0,20.46,-16918.0,4201.0,11005.0,FII Bearish (sold fut >10K),-23722.0,Neutral,12441.0,-155212.0,-8424.0,PRO Mildly Bullish,-134347.0,Strong Bearish
2021-04-15,Thursday,1,weekly,14522.4,14596.35,14354.65,14589.4,1.66,0.46,0.51,-1.16,Down to Up,Green,20.46,20.89,-16918.0,4201.0,11005.0,FII Bearish (sold fut >10K),-23722.0,Neutral,12441.0,-155212.0,-8424.0,PRO Mildly Bullish,-134347.0,Strong Bearish
2021-04-16,Friday,0,weekly,14599.6,14696.25,14562.9,14590.45,0.91,-0.06,0.66,-0.25,Top to Down,Red,20.89,20.4,-16918.0,4201.0,11005.0,FII Bearish (sold fut >10K),-23722.0,Neutral,12441.0,-155212.0,-8424.0,PRO Mildly Bullish,-134347.0,Strong Bearish
2021-04-19,Monday,0,,14306.6,14381.6,14192.3,14362.95,1.32,0.39,0.52,-0.8,Down to Up,Green,20.4,22.49,-1222.0,21921.0,5026.0,FII Neutral,15673.0,Neutral,7315.0,-3518.0,13262.0,PRO Neutral,-9465.0,Neutral
2021-04-20,Tuesday,0,,14526.7,14526.7,14207.55,14279.55,2.2,-1.7,0.0,-2.2,Top to Down,Red,22.49,22.43,-3937.0,-3174.0,-1105.0,FII Neutral,-6006.0,Neutral,-1650.0,-30632.0,-19946.0,PRO Mildly Bearish,-12336.0,Neutral
2021-04-22,Thursday,1,weekly,14219.15,14424.35,14153.95,14398.7,1.9,1.26,1.44,-0.46,Down to Up,Green,22.43,23.03,-3937.0,-3174.0,-1105.0,FII Neutral,-6006.0,Neutral,-1650.0,-30632.0,-19946.0,PRO Mildly Bearish,-12336.0,Neutral
2021-04-23,Friday,0,weekly,14326.35,14460.6,14274.2,14331.25,1.3,0.03,0.94,-0.36,Down to Up,Green,23.03,22.69,-3937.0,-3174.0,-1105.0,FII Neutral,-6006.0,Neutral,-1650.0,-30632.0,-19946.0,PRO Mildly Bearish,-12336.0,Neutral
2021-04-26,Monday,0,,14449.45,14556.7,14422.65,14489.05,0.93,0.27,0.74,-0.19,Down to Up,Green,22.69,23.5,-2467.0,12665.0,-10318.0,FII Neutral,20516.0,Neutral,6094.0,-5610.0,12842.0,PRO Neutral,-12358.0,Neutral
2021-04-27,Tuesday,0,,14493.8,14666.55,14489.15,14657.35,1.22,1.13,1.19,-0.03,Down to Up,Green,23.5,23.08,11481.0,11026.0,-3022.0,FII Mildly Bullish,25529.0,Neutral,-10711.0,244.0,-35300.0,PRO Bearish (sold fut >10K),24833.0,Neutral
2021-04-28,Wednesday,0,,14710.5,14889.45,14698.95,14850.3,1.29,0.95,1.22,-0.08,Down to Up,Green,23.08,22.58,-475.0,19853.0,1423.0,FII Neutral,17955.0,Neutral,698.0,9587.0,-57983.0,PRO Confident (sold puts >20K),68268.0,Bullish
2021-04-29,Thursday,1,monthly,14979.0,15043.15,14814.95,14888.6,1.52,-0.6,0.43,-1.1,Top to Down,Red,22.58,23.31,3057.0,-11306.0,-5605.0,FII Neutral,-2644.0,Neutral,11971.0,-49945.0,-80598.0,PRO Bullish (bought fut + sold puts),42624.0,Mildly Bullish
2021-04-30,Friday,0,monthly,14747.35,14855.3,14602.35,14617.55,1.72,-0.88,0.73,-0.98,Top to Down,Red,23.31,23.03,5618.0,-64292.0,-20895.0,FII Confident (sold puts >20K),-37779.0,Mildly Bearish,7197.0,27378.0,177098.0,PRO Hedging (bought puts >20K),-142523.0,Strong Bearish
2021-05-03,Monday,0,,14481.05,14673.3,14417.65,14644.35,1.77,1.13,1.33,-0.44,Down to Up,Green,23.03,23.69,-28661.0,14328.0,27768.0,FII Very Bearish (sold fut >10K + bought puts >20K),-42101.0,Mildly Bearish,2145.0,-44215.0,37688.0,PRO Hedging (bought puts >20K),-79758.0,Bearish
2021-05-04,Tuesday,0,,14687.25,14722.0,14462.65,14506.85,1.77,-1.23,0.24,-1.53,Top to Down,Red,23.69,23.01,-17320.0,5942.0,15579.0,FII Bearish (sold fut >10K),-26957.0,Neutral,-9726.0,-40189.0,-36461.0,PRO Confident (sold puts >20K),-13454.0,Neutral
2021-05-05,Wednesday,0,,14604.15,14636.55,14510.0,14635.0,0.87,0.21,0.22,-0.64,Down to Up,Green,23.01,23.01,-2459.0,10545.0,7275.0,FII Neutral,811.0,Neutral,3402.0,-54237.0,13204.0,PRO Mildly Bearish,-64039.0,Bearish
2021-05-06,Thursday,1,weekly,14668.35,14743.3,14611.85,14733.2,0.9,0.44,0.51,-0.39,Down to Up,Green,23.01,22.04,-24.0,-1073.0,-20339.0,FII Confident (sold puts >20K),19242.0,Neutral,-5622.0,40792.0,-57908.0,PRO Confident (sold puts >20K),93078.0,Bullish
2021-05-07,Friday,0,weekly,14816.85,14862.6,14765.95,14810.8,0.65,-0.04,0.31,-0.34,Top to Down,Red,21.96,22.04,-2538.0,13906.0,2497.0,FII Neutral,8871.0,Neutral,4458.0,94187.0,43719.0,PRO Hedging (bought puts >20K),54926.0,Bullish
2021-05-10,Monday,0,,14928.25,14966.8,14893.0,14949.4,0.49,0.14,0.26,-0.24,Down to Up,Green,20.82,20.23,3625.0,-16435.0,-6153.0,FII Neutral,-6657.0,Neutral,377.0,17509.0,19743.0,PRO Neutral,-1857.0,Neutral
2021-05-11,Tuesday,0,,14789.7,14899.45,14774.3,14845.5,0.85,0.38,0.74,-0.1,Down to Up,Green,20.23,20.23,-2979.0,15190.0,12126.0,FII Neutral,85.0,Neutral,2485.0,-25368.0,-28430.0,PRO Confident (sold puts >20K),5547.0,Neutral
2021-05-12,Wednesday,1,weekly,14823.55,14823.55,14650.1,14698.75,1.17,-0.84,0.0,-1.17,Top to Down,Red,20.23,20.08,-20858.0,-17594.0,-11544.0,FII Bearish (sold fut >10K),-26908.0,Neutral,10129.0,-42375.0,3888.0,PRO Mildly Bullish,-36134.0,Mildly Bearish
2021-05-14,Friday,0,weekly,14749.4,14749.4,14592.15,14683.85,1.07,-0.44,0.0,-1.07,Top to Down,Red,20.08,20.27,-20858.0,-17594.0,-11544.0,FII Bearish (sold fut >10K),-26908.0,Neutral,10129.0,-42375.0,3888.0,PRO Mildly Bullish,-36134.0,Mildly Bearish
2021-05-17,Monday,0,,14756.25,14935.45,14726.65,14924.1,1.41,1.14,1.21,-0.2,Down to Up,Green,20.27,19.61,-20858.0,-17594.0,-11544.0,FII Bearish (sold fut >10K),-26908.0,Neutral,10129.0,-42375.0,3888.0,PRO Mildly Bullish,-36134.0,Mildly Bearish
2021-05-18,Tuesday,0,,15067.2,15137.1,15043.9,15109.4,0.62,0.28,0.46,-0.15,Down to Up,Green,19.61,19.24,9577.0,6231.0,-50520.0,FII Confident (sold puts >20K),66328.0,Bullish,-18434.0,97183.0,-95945.0,PRO Bearish (sold fut >10K),174694.0,Strong Bullish
2021-05-19,Wednesday,1,weekly,15058.6,15133.1,15009.6,15019.2,0.82,-0.26,0.49,-0.33,Top to Down,Red,19.24,19.32,29247.0,38962.0,14980.0,FII Mildly Bullish,53229.0,Bullish,15055.0,-85030.0,-39880.0,PRO Bullish (bought fut + sold puts),-30095.0,Mildly Bearish
2021-05-20,Thursday,0,,15042.6,15068.5,14885.15,14920.05,1.22,-0.81,0.17,-1.05,Top to Down,Red,19.32,19.65,2067.0,-7027.0,3097.0,FII Neutral,-8057.0,Neutral,-4367.0,-51840.0,38860.0,PRO Hedging (bought puts >20K),-95067.0,Bearish
2021-05-21,Friday,0,weekly,14987.8,15189.2,14986.4,15183.55,1.35,1.31,1.34,-0.01,Down to Up,Green,19.65,19.08,-9072.0,-39790.0,37293.0,FII Hedging (bought puts >20K),-86155.0,Bearish,3150.0,52197.0,56510.0,PRO Hedging (bought puts >20K),-1163.0,Neutral
2021-05-24,Monday,0,,15211.35,15256.0,15146.5,15184.0,0.72,-0.18,0.29,-0.43,Top to Down,Red,19.08,19.13,13690.0,13637.0,-22939.0,FII Bullish (bought fut + sold puts),50266.0,Bullish,4210.0,37395.0,-47674.0,PRO Confident (sold puts >20K),89279.0,Bullish
2021-05-25,Tuesday,0,,15291.75,15291.75,15163.6,15218.15,0.84,-0.48,0.0,-0.84,Top to Down,Red,19.13,18.84,-3638.0,-10356.0,5800.0,FII Neutral,-19794.0,Neutral,7357.0,-67709.0,-5213.0,PRO Mildly Bearish,-55139.0,Bearish
2021-05-26,Wednesday,0,,15257.05,15319.8,15195.5,15299.7,0.81,0.28,0.41,-0.4,Down to Up,Green,18.84,20.87,12499.0,11567.0,11231.0,FII Mildly Bullish,12835.0,Neutral,-1705.0,-30576.0,11835.0,PRO Mildly Bearish,-44116.0,Mildly Bearish
2021-05-27,Thursday,1,monthly,15323.95,15383.35,15273.35,15370.15,0.72,0.3,0.39,-0.33,Down to Up,Green,20.87,19.91,12432.0,23300.0,20256.0,FII Hedging (bought puts >20K),15476.0,Neutral,-5936.0,-8686.0,-67061.0,PRO Confident (sold puts >20K),52439.0,Bullish
2021-05-28,Friday,0,monthly,15421.2,15469.15,15395.4,15455.3,0.48,0.22,0.31,-0.17,Down to Up,Green,19.91,17.4,40146.0,-55814.0,-81314.0,FII Bullish (bought fut + sold puts),65646.0,Bullish,-7931.0,104152.0,88837.0,PRO Hedging (bought puts >20K),7384.0,Neutral
2021-05-31,Monday,0,,15437.75,15604.4,15374.9,15576.0,1.49,0.9,1.08,-0.41,Down to Up,Green,17.4,17.39,4170.0,494.0,13416.0,FII Neutral,-8752.0,Neutral,1170.0,-15460.0,803.0,PRO Neutral,-15093.0,Neutral
2021-06-02,Wednesday,0,,15520.35,15597.15,15460.0,15590.0,0.88,0.45,0.49,-0.39,Down to Up,Green,17.39,17.21,2425.0,-9671.0,-3343.0,FII Neutral,-3903.0,Neutral,902.0,-62289.0,32107.0,PRO Hedging (bought puts >20K),-93494.0,Bearish
2021-06-03,Thursday,1,weekly,15655.55,15703.55,15611.55,15688.9,0.59,0.21,0.31,-0.28,Down to Up,Green,17.21,15.75,-9404.0,-6095.0,963.0,FII Neutral,-16462.0,Neutral,-5240.0,8688.0,-1374.0,PRO Neutral,4822.0,Neutral
2021-06-04,Friday,0,weekly,15712.5,15733.35,15622.5,15670.65,0.71,-0.27,0.13,-0.57,Top to Down,Red,15.75,15.94,4608.0,-6044.0,-17190.0,FII Neutral,15754.0,Neutral,6443.0,41629.0,16327.0,PRO Neutral,31745.0,Mildly Bullish
2021-06-07,Monday,0,,15725.1,15773.0,15679.45,15747.0,0.59,0.14,0.3,-0.29,Down to Up,Green,15.94,15.57,-5898.0,-4432.0,30893.0,FII Hedging (bought puts >20K),-41223.0,Mildly Bearish,4791.0,-37357.0,35640.0,PRO Hedging (bought puts >20K),-68206.0,Bearish
2021-06-08,Tuesday,0,,15773.9,15775.55,15680.55,15741.85,0.6,-0.2,0.01,-0.59,Top to Down,Red,15.57,15.23,4289.0,16406.0,9632.0,FII Neutral,11063.0,Neutral,1616.0,-3810.0,-17604.0,PRO Neutral,15410.0,Neutral
2021-06-09,Wednesday,0,,15766.3,15800.45,15567.7,15640.25,1.48,-0.8,0.22,-1.26,Top to Down,Red,15.23,14.75,-951.0,-3926.0,13565.0,FII Neutral,-18442.0,Neutral,-2524.0,-32526.0,-1380.0,PRO Mildly Bearish,-33670.0,Mildly Bearish
2021-06-10,Thursday,1,weekly,15692.1,15751.25,15649.85,15745.15,0.65,0.34,0.38,-0.27,Down to Up,Green,14.75,15.0,4672.0,-34697.0,-43910.0,FII Confident (sold puts >20K),13885.0,Neutral,3079.0,-53466.0,39211.0,PRO Hedging (bought puts >20K),-89598.0,Bearish
2021-06-11,Friday,0,weekly,15796.45,15834.95,15750.55,15805.1,0.53,0.05,0.24,-0.29,Down to Up,Green,15.0,14.1,-8365.0,34456.0,-1945.0,FII Neutral,28036.0,Neutral,-8208.0,122555.0,-59711.0,PRO Confident (sold puts >20K),174058.0,Strong Bullish
2021-06-14,Monday,0,,15791.4,15822.9,15607.75,15809.7,1.36,0.12,0.2,-1.16,Down to Up,Green,14.1,14.72,-1652.0,-13077.0,6516.0,FII Neutral,-21245.0,Neutral,-3460.0,5802.0,27625.0,PRO Hedging (bought puts >20K),-25283.0,Neutral
2021-06-15,Tuesday,0,,15866.95,15901.2,15846.85,15859.2,0.34,-0.05,0.22,-0.13,Top to Down,Red,14.72,14.61,-24368.0,17896.0,23407.0,FII Very Bearish (sold fut >10K + bought puts >20K),-29879.0,Neutral,-4036.0,-3246.0,-12148.0,PRO Neutral,4866.0,Neutral
2021-06-16,Wednesday,0,,15847.5,15880.45,15743.65,15755.7,0.86,-0.58,0.21,-0.66,Top to Down,Red,14.61,14.87,20.0,4481.0,-9873.0,FII Neutral,14374.0,Neutral,-2752.0,12015.0,-22041.0,PRO Confident (sold puts >20K),31304.0,Mildly Bullish
2021-06-17,Thursday,1,weekly,15648.3,15769.2,15617.9,15681.7,0.97,0.21,0.77,-0.19,Down to Up,Green,14.87,15.29,-5600.0,-9792.0,26963.0,FII Hedging (bought puts >20K),-42355.0,Mildly Bearish,12408.0,-86107.0,55348.0,PRO Hedging (bought puts >20K),-129047.0,Strong Bearish
2021-06-18,Friday,0,weekly,15756.5,15756.5,15451.5,15719.85,1.94,-0.23,0.0,-1.94,Top to Down,Red,15.29,14.8,-2384.0,10737.0,1659.0,FII Neutral,6694.0,Neutral,4428.0,39544.0,-17232.0,PRO Neutral,61204.0,Bullish
2021-06-21,Monday,0,,15525.85,15764.6,15505.9,15748.6,1.67,1.43,1.54,-0.13,Down to Up,Green,14.8,15.06,-1872.0,-7330.0,3168.0,FII Neutral,-12370.0,Neutral,5231.0,13845.0,17280.0,PRO Neutral,1796.0,Neutral
2021-06-22,Tuesday,0,,15840.5,15895.45,15753.35,15765.15,0.9,-0.48,0.35,-0.55,Top to Down,Red,15.06,14.74,-4266.0,11671.0,5500.0,FII Neutral,1905.0,Neutral,-8692.0,15303.0,-47601.0,PRO Confident (sold puts >20K),54212.0,Bullish
2021-06-23,Wednesday,0,,15862.8,15862.8,15674.3,15693.4,1.19,-1.07,0.0,-1.19,Top to Down,Red,14.74,15.37,11633.0,29148.0,37344.0,FII Hedging (bought puts >20K),3437.0,Neutral,4984.0,-99268.0,2990.0,PRO Mildly Bearish,-97274.0,Bearish
2021-06-24,Thursday,1,monthly,15737.3,15821.3,15707.2,15793.7,0.73,0.36,0.53,-0.19,Down to Up,Green,15.37,15.1,8760.0,7343.0,29396.0,FII Hedging (bought puts >20K),-13293.0,Neutral,-1166.0,-64734.0,4095.0,PRO Mildly Bearish,-69995.0,Bearish
2021-06-25,Friday,0,monthly,15839.35,15870.2,15772.55,15847.6,0.62,0.05,0.19,-0.42,Down to Up,Green,15.1,13.37,32706.0,-65787.0,-154383.0,FII Bullish (bought fut + sold puts),121302.0,Strong Bullish,702.0,180398.0,40869.0,PRO Hedging (bought puts >20K),140231.0,Strong Bullish
2021-06-28,Monday,0,,15915.35,15915.35,15792.65,15825.0,0.77,-0.57,0.0,-0.77,Top to Down,Red,13.37,13.4,-10711.0,13911.0,20295.0,FII Very Bearish (sold fut >10K + bought puts >20K),-17095.0,Neutral,3667.0,22298.0,7731.0,PRO Neutral,18234.0,Neutral
2021-06-29,Tuesday,0,,15807.5,15835.5,15724.1,15751.4,0.7,-0.35,0.18,-0.53,Top to Down,Red,13.4,13.0,-8671.0,-2687.0,17949.0,FII Neutral,-29307.0,Neutral,421.0,-51795.0,15075.0,PRO Mildly Bearish,-66449.0,Bearish
2021-06-30,Wednesday,0,,15776.9,15838.85,15710.05,15730.65,0.82,-0.29,0.39,-0.42,Top to Down,Red,13.0,13.05,-16067.0,4916.0,42858.0,FII Very Bearish (sold fut >10K + bought puts >20K),-54009.0,Bearish,9881.0,-60704.0,33493.0,PRO Hedging (bought puts >20K),-84316.0,Bearish
2021-07-01,Thursday,1,weekly,15755.05,15755.05,15667.65,15693.25,0.55,-0.39,0.0,-0.55,Top to Down,Red,13.05,12.84,5706.0,3695.0,-2479.0,FII Neutral,11880.0,Neutral,5122.0,-11396.0,12254.0,PRO Neutral,-18528.0,Neutral
2021-07-02,Friday,0,weekly,15705.85,15737.4,15636.3,15729.0,0.64,0.15,0.2,-0.44,Down to Up,Green,12.84,12.09,-3693.0,-3739.0,1388.0,FII Neutral,-8820.0,Neutral,-8203.0,51355.0,-45601.0,PRO Confident (sold puts >20K),88753.0,Bullish
2021-07-05,Monday,0,,15793.4,15845.6,15763.7,15838.4,0.52,0.28,0.33,-0.19,Down to Up,Green,12.09,12.07,1113.0,-25778.0,-25039.0,FII Confident (sold puts >20K),374.0,Neutral,-1673.0,54638.0,13728.0,PRO Neutral,39237.0,Mildly Bullish
2021-07-06,Tuesday,0,,15813.75,15913.95,15801.8,15816.4,0.71,0.02,0.63,-0.08,Down to Up,Green,12.07,12.28,-1176.0,5613.0,-15798.0,FII Neutral,20235.0,Neutral,-6374.0,34251.0,-35911.0,PRO Confident (sold puts >20K),63788.0,Bullish
2021-07-07,Wednesday,0,,15819.6,15892.75,15780.55,15878.65,0.71,0.37,0.46,-0.25,Down to Up,Green,12.28,12.21,2908.0,14212.0,6303.0,FII Neutral,10817.0,Neutral,9751.0,-40532.0,5258.0,PRO Mildly Bearish,-36039.0,Mildly Bearish
2021-07-08,Thursday,1,weekly,15855.4,15884.95,15683.4,15728.0,1.27,-0.8,0.19,-1.08,Top to Down,Red,12.21,13.56,-4482.0,3841.0,-1248.0,FII Neutral,607.0,Neutral,-2946.0,47190.0,-40858.0,PRO Confident (sold puts >20K),85102.0,Bullish
2021-07-09,Friday,0,weekly,15688.25,15730.55,15633.45,15697.05,0.62,0.06,0.27,-0.35,Down to Up,Green,13.56,12.94,-36053.0,-14613.0,53014.0,FII Very Bearish (sold fut >10K + bought puts >20K),-103680.0,Strong Bearish,10882.0,-94127.0,64161.0,PRO Hedging (bought puts >20K),-147406.0,Strong Bearish
2021-07-12,Monday,0,,15766.8,15788.65,15645.15,15689.5,0.91,-0.49,0.14,-0.77,Top to Down,Red,12.94,12.99,-5178.0,21604.0,39677.0,FII Hedging (bought puts >20K),-23251.0,Neutral,-2370.0,-10787.0,25884.0,PRO Hedging (bought puts >20K),-39041.0,Mildly Bearish
2021-07-13,Tuesday,0,,15794.0,15820.0,15744.8,15807.9,0.48,0.09,0.16,-0.31,Down to Up,Green,12.99,12.62,9055.0,-12765.0,-10024.0,FII Neutral,6314.0,Neutral,5263.0,-25533.0,9478.0,PRO Mildly Bearish,-29748.0,Neutral
2021-07-14,Wednesday,0,,15808.7,15876.95,15764.55,15845.35,0.71,0.23,0.43,-0.28,Down to Up,Green,12.62,12.59,31268.0,15984.0,-69849.0,FII Bullish (bought fut + sold puts),117101.0,Strong Bullish,-27855.0,137847.0,-100789.0,PRO Bearish (sold fut >10K),210781.0,Strong Bullish
2021-07-15,Thursday,1,weekly,15872.15,15952.15,15858.45,15920.7,0.59,0.31,0.5,-0.09,Down to Up,Green,12.59,12.27,3367.0,-507.0,2342.0,FII Neutral,518.0,Neutral,460.0,-8780.0,-1184.0,PRO Neutral,-7136.0,Neutral
2021-07-16,Friday,0,weekly,15958.35,15961.3,15883.25,15923.6,0.49,-0.22,0.02,-0.47,Top to Down,Red,12.27,11.71,8848.0,9613.0,4097.0,FII Neutral,14364.0,Neutral,-205.0,-13181.0,9459.0,PRO Neutral,-22845.0,Neutral
2021-07-19,Monday,0,,15754.5,15836.8,15707.65,15757.9,0.82,0.02,0.52,-0.3,Down to Up,Green,11.71,12.68,-12893.0,-15253.0,21528.0,FII Very Bearish (sold fut >10K + bought puts >20K),-49674.0,Mildly Bearish,11275.0,-19963.0,22352.0,PRO Hedging (bought puts >20K),-31040.0,Mildly Bearish
2021-07-20,Tuesday,0,,15703.95,15725.35,15578.6,15624.5,0.93,-0.51,0.14,-0.8,Top to Down,Red,12.68,13.21,-26311.0,-56054.0,26205.0,FII Very Bearish (sold fut >10K + bought puts >20K),-108570.0,Strong Bearish,21578.0,-138349.0,62340.0,PRO Hedging (bought puts >20K),-179111.0,Strong Bearish
2021-07-22,Thursday,1,weekly,15736.6,15834.25,15729.25,15827.7,0.67,0.58,0.62,-0.05,Down to Up,Green,13.21,11.89,-26311.0,-56054.0,26205.0,FII Very Bearish (sold fut >10K + bought puts >20K),-108570.0,Strong Bearish,21578.0,-138349.0,62340.0,PRO Hedging (bought puts >20K),-179111.0,Strong Bearish
2021-07-23,Friday,0,weekly,15856.8,15899.5,15769.0,15850.8,0.82,-0.04,0.27,-0.55,Top to Down,Red,11.89,11.76,-26311.0,-56054.0,26205.0,FII Very Bearish (sold fut >10K + bought puts >20K),-108570.0,Strong Bearish,21578.0,-138349.0,62340.0,PRO Hedging (bought puts >20K),-179111.0,Strong Bearish
2021-07-26,Monday,0,,15849.3,15893.35,15799.4,15821.45,0.59,-0.18,0.28,-0.31,Top to Down,Red,11.76,12.45,9068.0,19317.0,-4631.0,FII Neutral,33016.0,Mildly Bullish,-4997.0,67518.0,3589.0,PRO Neutral,58932.0,Bullish
2021-07-27,Tuesday,0,,15860.5,15881.3,15702.0,15747.2,1.13,-0.71,0.13,-1.0,Top to Down,Red,12.45,13.23,402.0,-20291.0,-21280.0,FII Confident (sold puts >20K),1391.0,Neutral,13989.0,-34108.0,-1544.0,PRO Mildly Bullish,-18575.0,Neutral
2021-07-28,Wednesday,0,,15761.55,15761.55,15514.65,15714.65,1.57,-0.3,0.0,-1.57,Top to Down,Red,13.23,13.69,-7794.0,-12688.0,53472.0,FII Hedging (bought puts >20K),-73954.0,Bearish,17951.0,-126948.0,26405.0,PRO Hedging (bought puts >20K),-135402.0,Strong Bearish
2021-07-29,Thursday,1,monthly,15762.7,15816.85,15738.65,15784.85,0.5,0.14,0.34,-0.15,Down to Up,Green,13.69,12.95,-4425.0,3110.0,303.0,FII Neutral,-1618.0,Neutral,-11932.0,-85.0,-22871.0,PRO Bearish (sold fut >10K),10854.0,Neutral
2021-07-30,Friday,0,monthly,15800.6,15862.35,15745.85,15773.65,0.74,-0.17,0.39,-0.35,Top to Down,Red,12.95,12.8,42343.0,20902.0,-33853.0,FII Bullish (bought fut + sold puts),97098.0,Bullish,-27768.0,127871.0,-13592.0,PRO Bearish (sold fut >10K),113695.0,Strong Bullish
2021-08-02,Monday,0,,15874.9,15892.5,15838.7,15887.5,0.34,0.08,0.11,-0.23,Down to Up,Green,12.8,12.81,-23709.0,-17061.0,-4801.0,FII Bearish (sold fut >10K),-35969.0,Mildly Bearish,-1831.0,9264.0,36991.0,PRO Hedging (bought puts >20K),-29558.0,Neutral
2021-08-03,Tuesday,0,,15951.55,16146.6,15915.9,16123.4,1.45,1.08,1.22,-0.22,Down to Up,Green,12.81,13.75,680.0,58749.0,-783.0,FII Neutral,60212.0,Bullish,-5376.0,21896.0,-59214.0,PRO Confident (sold puts >20K),75734.0,Bullish
2021-08-04,Wednesday,0,,16195.25,16290.0,16188.55,16253.0,0.63,0.36,0.59,-0.04,Down to Up,Green,13.75,13.21,31176.0,51698.0,10199.0,FII Mildly Bullish,72675.0,Bullish,-25303.0,42448.0,-163105.0,PRO Bearish (sold fut >10K),180250.0,Strong Bullish
2021-08-05,Thursday,1,weekly,16288.95,16348.45,16211.2,16281.8,0.84,-0.04,0.37,-0.48,Top to Down,Red,13.21,12.87,2412.0,-22927.0,-29606.0,FII Confident (sold puts >20K),9091.0,Neutral,1939.0,-27279.0,6340.0,PRO Mildly Bearish,-31680.0,Mildly Bearish
2021-08-06,Friday,0,weekly,16304.4,16336.4,16224.0,16254.7,0.69,-0.3,0.2,-0.49,Top to Down,Red,12.87,12.61,-4142.0,-2052.0,-7493.0,FII Neutral,1299.0,Neutral,2582.0,-1084.0,103613.0,PRO Hedging (bought puts >20K),-102115.0,Strong Bearish
2021-08-09,Monday,0,,16281.35,16320.45,16179.25,16254.1,0.87,-0.17,0.24,-0.63,Top to Down,Red,12.61,12.61,-6855.0,-16828.0,3308.0,FII Neutral,-26991.0,Neutral,1601.0,-5538.0,56995.0,PRO Hedging (bought puts >20K),-60932.0,Bearish
2021-08-10,Tuesday,0,,16274.8,16359.2,16203.3,16268.3,0.96,-0.04,0.52,-0.44,Top to Down,Red,12.61,12.71,2591.0,-27509.0,-27464.0,FII Confident (sold puts >20K),2546.0,Neutral,-4368.0,-31428.0,-22598.0,PRO Confident (sold puts >20K),-13198.0,Neutral
2021-08-11,Wednesday,0,,16327.3,16337.4,16162.8,16275.1,1.07,-0.32,0.06,-1.01,Top to Down,Red,12.71,12.71,-2958.0,672.0,-9142.0,FII Neutral,6856.0,Neutral,1597.0,-5311.0,31257.0,PRO Hedging (bought puts >20K),-34971.0,Mildly Bearish
2021-08-12,Thursday,1,weekly,16303.65,16375.0,16287.15,16361.35,0.54,0.35,0.44,-0.1,Down to Up,Green,12.71,12.37,-11060.0,1266.0,11647.0,FII Bearish (sold fut >10K),-21441.0,Neutral,3149.0,-34499.0,22663.0,PRO Hedging (bought puts >20K),-54013.0,Bearish
2021-08-13,Friday,0,weekly,16385.7,16543.2,16385.0,16519.5,0.97,0.82,0.96,-0.0,Down to Up,Green,12.37,12.99,10433.0,31436.0,-6233.0,FII Mildly Bullish,48102.0,Mildly Bullish,-8736.0,88764.0,-62221.0,PRO Confident (sold puts >20K),142249.0,Strong Bullish
2021-08-16,Monday,0,,16518.4,16588.15,16481.5,16547.05,0.65,0.17,0.42,-0.22,Down to Up,Green,12.99,13.46,7931.0,60034.0,37160.0,FII Hedging (bought puts >20K),30805.0,Mildly Bullish,1081.0,8222.0,-83503.0,PRO Confident (sold puts >20K),92806.0,Bullish
2021-08-17,Tuesday,0,,16545.25,16628.1,16495.8,16605.45,0.8,0.36,0.5,-0.3,Down to Up,Green,13.46,13.41,-3823.0,11672.0,-2630.0,FII Neutral,10479.0,Neutral,2447.0,-47992.0,-9136.0,PRO Mildly Bearish,-36409.0,Mildly Bearish
2021-08-18,Wednesday,1,weekly,16691.95,16701.25,16537.4,16550.4,0.98,-0.85,0.06,-0.93,Top to Down,Red,13.41,12.91,-5491.0,5507.0,50533.0,FII Hedging (bought puts >20K),-50517.0,Bearish,3757.0,-9617.0,-1657.0,PRO Neutral,-4203.0,Neutral
2021-08-20,Friday,0,weekly,16382.5,16509.2,16377.1,16415.65,0.81,0.2,0.77,-0.03,Down to Up,Green,12.91,14.02,-5491.0,5507.0,50533.0,FII Hedging (bought puts >20K),-50517.0,Bearish,3757.0,-9617.0,-1657.0,PRO Neutral,-4203.0,Neutral
2021-08-23,Monday,0,,16592.25,16592.25,16396.2,16488.3,1.18,-0.63,0.0,-1.18,Top to Down,Red,14.02,13.69,-5491.0,5507.0,50533.0,FII Hedging (bought puts >20K),-50517.0,Bearish,3757.0,-9617.0,-1657.0,PRO Neutral,-4203.0,Neutral
2021-08-24,Tuesday,0,,16561.4,16646.45,16496.0,16615.75,0.91,0.33,0.51,-0.39,Down to Up,Green,13.69,13.19,3623.0,-1300.0,-16162.0,FII Neutral,18485.0,Neutral,2137.0,-10210.0,-30595.0,PRO Confident (sold puts >20K),22522.0,Neutral
2021-08-25,Wednesday,0,,16654.0,16711.55,16617.7,16635.4,0.56,-0.11,0.35,-0.22,Top to Down,Red,13.19,13.5,13171.0,-9082.0,-45462.0,FII Bullish (bought fut + sold puts),49551.0,Mildly Bullish,-14485.0,115099.0,-87917.0,PRO Bearish (sold fut >10K),188531.0,Strong Bullish
2021-08-26,Thursday,1,monthly,16627.95,16683.25,16603.55,16631.95,0.48,0.02,0.33,-0.15,Down to Up,Green,13.5,13.54,1429.0,4959.0,19123.0,FII Neutral,-12735.0,Neutral,3344.0,-85442.0,20105.0,PRO Hedging (bought puts >20K),-102203.0,Strong Bearish
2021-08-27,Friday,0,monthly,16642.55,16720.75,16566.95,16691.55,0.92,0.29,0.47,-0.45,Down to Up,Green,13.54,13.41,-13190.0,25396.0,-47485.0,FII Bearish (sold fut >10K),59691.0,Bullish,-1744.0,87205.0,86670.0,PRO Hedging (bought puts >20K),-1209.0,Neutral
2021-08-30,Monday,0,,16775.85,16951.3,16766.2,16938.7,1.1,0.97,1.05,-0.06,Down to Up,Green,13.41,13.32,4892.0,-1977.0,4215.0,FII Neutral,-1300.0,Neutral,-10217.0,49636.0,-12305.0,PRO Bearish (sold fut >10K),51724.0,Bullish
2021-08-31,Tuesday,0,,16947.5,17151.9,16916.7,17131.35,1.39,1.08,1.21,-0.18,Down to Up,Green,13.32,14.52,6470.0,13577.0,8310.0,FII Neutral,11737.0,Neutral,-5514.0,-8865.0,-130815.0,PRO Confident (sold puts >20K),116436.0,Strong Bullish
2021-09-01,Wednesday,0,,17185.6,17224.95,17055.75,17058.75,0.98,-0.74,0.23,-0.76,Top to Down,Red,14.52,14.19,-3626.0,12300.0,6164.0,FII Neutral,2510.0,Neutral,317.0,-31472.0,-41105.0,PRO Confident (sold puts >20K),9950.0,Neutral
2021-09-02,Thursday,1,weekly,17095.4,17245.45,17063.6,17233.85,1.06,0.81,0.88,-0.19,Down to Up,Green,14.19,14.24,-9947.0,-48133.0,-21596.0,FII Confident (sold puts >20K),-36484.0,Mildly Bearish,-275.0,-93577.0,109209.0,PRO Hedging (bought puts >20K),-203061.0,Strong Bearish
2021-09-03,Friday,0,weekly,17262.45,17339.5,17212.55,17320.55,0.74,0.34,0.45,-0.29,Down to Up,Green,14.24,14.54,13762.0,-1831.0,-19834.0,FII Mildly Bullish,31765.0,Mildly Bullish,-9247.0,91737.0,11192.0,PRO Neutral,71298.0,Bullish
2021-09-06,Monday,0,,17399.35,17428.9,17345.6,17379.65,0.48,-0.11,0.17,-0.31,Top to Down,Red,14.54,15.11,-8117.0,-17960.0,2006.0,FII Neutral,-28083.0,Neutral,10954.0,-48236.0,30226.0,PRO Hedging (bought puts >20K),-67508.0,Bearish
2021-09-07,Tuesday,0,,17401.55,17436.2,17287.7,17357.45,0.85,-0.25,0.2,-0.65,Top to Down,Red,15.11,14.9,3986.0,16167.0,32598.0,FII Hedging (bought puts >20K),-12445.0,Neutral,-4414.0,-58565.0,-27926.0,PRO Confident (sold puts >20K),-35053.0,Mildly Bearish
2021-09-08,Wednesday,0,,17375.75,17381.95,17254.5,17370.7,0.73,-0.03,0.04,-0.7,Top to Down,Red,14.9,14.41,4648.0,6500.0,14620.0,FII Neutral,-3472.0,Neutral,2603.0,-29421.0,3071.0,PRO Mildly Bearish,-29889.0,Neutral
2021-09-09,Thursday,1,weekly,17312.85,17379.3,17303.65,17358.1,0.44,0.26,0.38,-0.05,Down to Up,Green,14.41,13.94,364.0,-52139.0,-49798.0,FII Confident (sold puts >20K),-1977.0,Neutral,-857.0,94406.0,-23658.0,PRO Confident (sold puts >20K),117207.0,Strong Bullish
2021-09-13,Monday,0,,17363.55,17377.5,17269.65,17350.7,0.62,-0.07,0.08,-0.54,Top to Down,Red,13.94,14.03,364.0,-52139.0,-49798.0,FII Confident (sold puts >20K),-1977.0,Neutral,-857.0,94406.0,-23658.0,PRO Confident (sold puts >20K),117207.0,Strong Bullish
2021-09-14,Tuesday,0,,17420.35,17438.3,17367.15,17382.0,0.41,-0.22,0.1,-0.31,Top to Down,Red,14.03,13.58,364.0,-52139.0,-49798.0,FII Confident (sold puts >20K),-1977.0,Neutral,-857.0,94406.0,-23658.0,PRO Confident (sold puts >20K),117207.0,Strong Bullish
2021-09-15,Wednesday,0,,17387.65,17532.6,17387.65,17518.3,0.83,0.75,0.83,0.0,Down to Up,Green,13.58,13.73,-2301.0,-17418.0,258.0,FII Neutral,-19977.0,Neutral,7156.0,-41413.0,22228.0,PRO Hedging (bought puts >20K),-56485.0,Bearish
2021-09-16,Thursday,1,weekly,17539.2,17644.1,17511.8,17627.55,0.75,0.5,0.6,-0.16,Down to Up,Green,13.73,14.41,2047.0,40456.0,-24767.0,FII Confident (sold puts >20K),67270.0,Bullish,-10599.0,41261.0,-125995.0,PRO Bearish (sold fut >10K),156657.0,Strong Bullish
2021-09-17,Friday,0,weekly,17709.65,17792.65,17537.85,17602.2,1.44,-0.61,0.47,-0.97,Top to Down,Red,14.41,15.23,2142.0,-10583.0,6166.0,FII Neutral,-14607.0,Neutral,9042.0,3064.0,54088.0,PRO Hedging (bought puts >20K),-41982.0,Mildly Bearish
2021-09-20,Monday,0,,17443.85,17622.3,17363.2,17373.75,1.49,-0.4,1.02,-0.46,Top to Down,Red,15.23,17.49,23361.0,17268.0,14200.0,FII Mildly Bullish,26429.0,Neutral,-3386.0,-78469.0,18099.0,PRO Mildly Bearish,-99954.0,Bearish
2021-09-21,Tuesday,0,,17450.5,17577.55,17326.5,17564.1,1.44,0.65,0.73,-0.71,Down to Up,Green,17.49,16.52,-28390.0,-33213.0,12852.0,FII Bearish (sold fut >10K),-74455.0,Bearish,17166.0,-135009.0,56509.0,PRO Hedging (bought puts >20K),-174352.0,Strong Bearish
2021-09-22,Wednesday,0,,17580.9,17610.3,17524.5,17548.35,0.49,-0.19,0.17,-0.32,Top to Down,Red,16.52,16.49,3628.0,16055.0,5760.0,FII Neutral,13923.0,Neutral,-5654.0,60673.0,-44964.0,PRO Confident (sold puts >20K),99983.0,Bullish
2021-09-23,Thursday,1,weekly,17670.85,17843.25,17647.65,17826.3,1.11,0.88,0.98,-0.13,Down to Up,Green,16.49,16.6,-10769.0,8450.0,26050.0,FII Very Bearish (sold fut >10K + bought puts >20K),-28369.0,Neutral,1132.0,-36672.0,15467.0,PRO Mildly Bearish,-51007.0,Bearish
2021-09-24,Friday,0,monthly,17897.45,17947.45,17820.15,17841.55,0.71,-0.31,0.28,-0.43,Top to Down,Red,16.6,16.92,8050.0,5087.0,-62167.0,FII Confident (sold puts >20K),75304.0,Bullish,-6401.0,174693.0,-22550.0,PRO Confident (sold puts >20K),190842.0,Strong Bullish
2021-09-27,Monday,0,,17932.2,17943.35,17803.05,17855.1,0.78,-0.43,0.06,-0.72,Top to Down,Red,16.92,18.05,-3533.0,-11869.0,8315.0,FII Neutral,-23717.0,Neutral,7071.0,-48966.0,21819.0,PRO Hedging (bought puts >20K),-63714.0,Bearish
2021-09-28,Tuesday,0,,17906.45,17906.45,17576.45,17733.45,1.84,-0.97,0.0,-1.84,Top to Down,Red,18.05,18.54,6252.0,-30865.0,6560.0,FII Mildly Bearish,-31173.0,Mildly Bearish,5609.0,-35201.0,-26853.0,PRO Confident (sold puts >20K),-2739.0,Neutral
2021-09-30,Thursday,1,monthly,17718.9,17741.9,17585.4,17608.65,0.88,-0.62,0.13,-0.75,Top to Down,Red,18.84,18.4,-17299.0,685.0,35128.0,FII Very Bearish (sold fut >10K + bought puts >20K),-51742.0,Bearish,4950.0,-71138.0,-41184.0,PRO Confident (sold puts >20K),-25004.0,Neutral
2021-10-01,Friday,0,weekly,17531.9,17556.95,17453.15,17526.35,0.59,-0.03,0.14,-0.45,Top to Down,Red,18.4,17.21,25910.0,-102744.0,-107372.0,FII Bullish (bought fut + sold puts),30538.0,Mildly Bullish,-20893.0,169481.0,90599.0,PRO Very Bearish (sold fut >10K + bought puts >20K),57989.0,Bullish
2021-10-04,Monday,0,,17615.55,17750.1,17584.9,17700.5,0.94,0.48,0.76,-0.17,Down to Up,Green,17.21,16.74,4397.0,4316.0,13161.0,FII Neutral,-4448.0,Neutral,-9939.0,-30980.0,-6484.0,PRO Mildly Bearish,-34435.0,Mildly Bearish
2021-10-05,Tuesday,0,,17661.35,17833.05,17643.3,17829.3,1.07,0.95,0.97,-0.1,Down to Up,Green,16.74,16.4,-8590.0,51553.0,14614.0,FII Neutral,28349.0,Neutral,1452.0,25229.0,-43099.0,PRO Confident (sold puts >20K),69780.0,Bullish
2021-10-06,Wednesday,0,,17861.5,17884.5,17614.85,17626.45,1.51,-1.32,0.13,-1.38,Top to Down,Red,16.4,17.33,-6365.0,12365.0,-62.0,FII Neutral,6062.0,Neutral,-4028.0,36654.0,-46911.0,PRO Confident (sold puts >20K),79537.0,Bullish
2021-10-07,Thursday,1,weekly,17810.55,17857.5,17766.05,17797.15,0.51,-0.08,0.26,-0.25,Top to Down,Red,17.33,16.16,-2899.0,-12264.0,24913.0,FII Hedging (bought puts >20K),-40076.0,Mildly Bearish,5420.0,-147106.0,101410.0,PRO Hedging (bought puts >20K),-243096.0,Strong Bearish
2021-10-08,Friday,0,weekly,17886.85,17941.5,17840.5,17907.5,0.56,0.12,0.31,-0.26,Down to Up,Green,16.16,15.65,13388.0,-4881.0,-47746.0,FII Bullish (bought fut + sold puts),56253.0,Bullish,-7423.0,185679.0,-43344.0,PRO Confident (sold puts >20K),221600.0,Strong Bullish
2021-10-11,Monday,0,,17867.55,18041.2,17843.9,17953.7,1.1,0.48,0.97,-0.13,Down to Up,Green,15.65,16.09,115.0,10569.0,-1862.0,FII Neutral,12546.0,Neutral,-4717.0,9282.0,9634.0,PRO Neutral,-5069.0,Neutral
2021-10-12,Tuesday,0,,17915.8,18005.55,17865.6,18005.35,0.78,0.5,0.5,-0.28,Down to Up,Green,16.09,15.85,14759.0,6852.0,-28500.0,FII Bullish (bought fut + sold puts),50111.0,Bullish,-5142.0,19427.0,-46420.0,PRO Confident (sold puts >20K),60705.0,Bullish
2021-10-13,Wednesday,0,,18097.85,18197.7,18053.9,18165.75,0.79,0.38,0.55,-0.24,Down to Up,Green,15.85,16.1,-13166.0,-7052.0,13599.0,FII Bearish (sold fut >10K),-33817.0,Mildly Bearish,1139.0,33126.0,-32580.0,PRO Confident (sold puts >20K),66845.0,Bullish
2021-10-14,Thursday,1,weekly,18272.85,18349.25,18249.15,18339.05,0.55,0.36,0.42,-0.13,Down to Up,Green,16.1,15.77,13374.0,16234.0,-14083.0,FII Mildly Bullish,43691.0,Mildly Bullish,-5262.0,-18331.0,-43750.0,PRO Confident (sold puts >20K),20157.0,Neutral
2021-10-18,Monday,0,,18500.1,18542.65,18447.0,18476.25,0.52,-0.13,0.23,-0.29,Top to Down,Red,15.77,17.18,13374.0,16234.0,-14083.0,FII Mildly Bullish,43691.0,Mildly Bullish,-5262.0,-18331.0,-43750.0,PRO Confident (sold puts >20K),20157.0,Neutral
2021-10-19,Tuesday,0,,18602.35,18602.35,18378.15,18427.25,1.21,-0.94,0.0,-1.21,Top to Down,Red,17.18,17.38,13374.0,16234.0,-14083.0,FII Mildly Bullish,43691.0,Mildly Bullish,-5262.0,-18331.0,-43750.0,PRO Confident (sold puts >20K),20157.0,Neutral
2021-10-20,Wednesday,0,,18439.9,18456.9,18209.8,18282.75,1.34,-0.85,0.09,-1.25,Top to Down,Red,17.38,18.31,19100.0,-17529.0,24006.0,FII Hedging (bought puts >20K),-22435.0,Neutral,20430.0,-85720.0,44339.0,PRO Hedging (bought puts >20K),-109629.0,Strong Bearish
2021-10-21,Thursday,1,weekly,18382.7,18382.7,18048.75,18219.6,1.82,-0.89,0.0,-1.82,Top to Down,Red,18.31,18.04,-3233.0,-28892.0,13960.0,FII Mildly Bearish,-46085.0,Mildly Bearish,6341.0,-64947.0,25586.0,PRO Hedging (bought puts >20K),-84192.0,Bearish
2021-10-22,Friday,0,weekly,18230.7,18313.35,18035.05,18111.5,1.53,-0.65,0.45,-1.07,Top to Down,Red,18.04,17.55,-17071.0,16695.0,31427.0,FII Very Bearish (sold fut >10K + bought puts >20K),-31803.0,Mildly Bearish,8646.0,106086.0,21337.0,PRO Hedging (bought puts >20K),93395.0,Bullish
2021-10-25,Monday,0,,18229.5,18236.65,17970.3,18136.5,1.46,-0.51,0.04,-1.42,Top to Down,Red,17.55,17.61,-6778.0,-27852.0,15044.0,FII Mildly Bearish,-49674.0,Mildly Bearish,9823.0,-54808.0,10184.0,PRO Mildly Bearish,-55169.0,Bearish
2021-10-26,Tuesday,0,,18154.5,18308.95,18100.3,18308.95,1.15,0.85,0.85,-0.3,Down to Up,Green,17.61,16.75,-8289.0,12602.0,-139.0,FII Neutral,4452.0,Neutral,9648.0,-45587.0,-63869.0,PRO Confident (sold puts >20K),27930.0,Neutral
2021-10-27,Wednesday,0,,18295.85,18340.75,18168.1,18181.5,0.94,-0.63,0.25,-0.7,Top to Down,Red,16.75,16.83,-3590.0,9200.0,-7212.0,FII Neutral,12822.0,Neutral,-4838.0,81888.0,-17630.0,PRO Neutral,94680.0,Bullish
2021-10-28,Thursday,1,monthly,18187.65,18187.65,17800.8,17862.9,2.13,-1.79,0.0,-2.13,Top to Down,Red,16.83,17.91,-27033.0,-12254.0,25247.0,FII Very Bearish (sold fut >10K + bought puts >20K),-64534.0,Bearish,8005.0,-164760.0,58420.0,PRO Hedging (bought puts >20K),-215175.0,Strong Bearish
2021-10-29,Friday,0,monthly,17833.05,17915.3,17615.3,17708.8,1.68,-0.7,0.46,-1.22,Top to Down,Red,17.91,17.43,11319.0,-57051.0,-72871.0,FII Bullish (bought fut + sold puts),27139.0,Neutral,-4716.0,133762.0,68335.0,PRO Hedging (bought puts >20K),60711.0,Bullish
2021-11-01,Monday,0,,17783.15,17952.9,17699.0,17945.25,1.43,0.91,0.95,-0.47,Down to Up,Green,17.43,17.24,7512.0,-75.0,11423.0,FII Neutral,-3986.0,Neutral,2435.0,-47831.0,10323.0,PRO Mildly Bearish,-55719.0,Bearish
2021-11-02,Tuesday,0,,17970.9,18010.85,17848.3,17889.15,0.9,-0.45,0.22,-0.68,Top to Down,Red,17.24,17.06,634.0,42399.0,-5557.0,FII Neutral,48590.0,Mildly Bullish,1661.0,107061.0,-30401.0,PRO Confident (sold puts >20K),139123.0,Strong Bullish
2021-11-03,Wednesday,0,,17947.95,17987.9,17758.25,17833.0,1.28,-0.64,0.22,-1.06,Top to Down,Red,17.06,16.13,-16793.0,-25853.0,17159.0,FII Bearish (sold fut >10K),-59805.0,Bearish,-5720.0,-114613.0,-4197.0,PRO Mildly Bearish,-116136.0,Strong Bearish
2021-11-04,Thursday,1,weekly,17935.05,17947.4,17901.9,17918.9,0.25,-0.09,0.07,-0.18,Top to Down,Red,16.13,15.75,6076.0,9919.0,-7439.0,FII Neutral,23434.0,Neutral,-2238.0,101838.0,9166.0,PRO Neutral,90434.0,Bullish
2021-11-08,Monday,0,,18040.2,18087.4,17836.4,18080.7,1.39,0.22,0.26,-1.13,Down to Up,Green,15.75,16.34,6076.0,9919.0,-7439.0,FII Neutral,23434.0,Neutral,-2238.0,101838.0,9166.0,PRO Neutral,90434.0,Bullish
2021-11-09,Tuesday,0,,18084.35,18112.1,17983.1,18050.85,0.71,-0.19,0.15,-0.56,Top to Down,Red,16.34,16.0,6076.0,9919.0,-7439.0,FII Neutral,23434.0,Neutral,-2238.0,101838.0,9166.0,PRO Neutral,90434.0,Bullish
2021-11-10,Wednesday,0,,17973.45,18060.95,17915.1,18010.1,0.81,0.2,0.49,-0.32,Down to Up,Green,16.0,16.31,-28603.0,-11912.0,34082.0,FII Very Bearish (sold fut >10K + bought puts >20K),-74597.0,Bearish,8357.0,-70027.0,34899.0,PRO Hedging (bought puts >20K),-96569.0,Bearish
2021-11-11,Thursday,1,weekly,17967.45,17967.45,17799.5,17885.65,0.93,-0.46,0.0,-0.93,Top to Down,Red,16.31,16.35,-5818.0,-16396.0,14331.0,FII Neutral,-36545.0,Mildly Bearish,-10107.0,-42461.0,12803.0,PRO Bearish (sold fut >10K),-65371.0,Bearish
2021-11-12,Friday,0,weekly,17977.6,18122.5,17906.0,18098.65,1.2,0.67,0.81,-0.4,Down to Up,Green,16.35,15.22,2262.0,-5417.0,-3558.0,FII Neutral,403.0,Neutral,-2014.0,80456.0,-34552.0,PRO Confident (sold puts >20K),112994.0,Strong Bullish
2021-11-15,Monday,0,,18140.95,18209.6,18071.6,18092.0,0.76,-0.27,0.38,-0.38,Top to Down,Red,15.22,15.47,23357.0,52017.0,-18483.0,FII Mildly Bullish,93857.0,Bullish,-7106.0,76491.0,-14581.0,PRO Neutral,83966.0,Bullish
2021-11-16,Tuesday,0,,18127.05,18131.95,17959.15,17964.35,0.95,-0.9,0.03,-0.93,Top to Down,Red,15.47,15.2,-3151.0,-2928.0,20763.0,FII Hedging (bought puts >20K),-26842.0,Neutral,9627.0,-153518.0,-19095.0,PRO Mildly Bearish,-124796.0,Strong Bearish
2021-11-17,Wednesday,0,,17939.35,18022.3,17879.95,17887.2,0.79,-0.29,0.46,-0.33,Top to Down,Red,15.2,14.98,-6230.0,-36448.0,14712.0,FII Mildly Bearish,-57390.0,Bearish,1623.0,-53032.0,62749.0,PRO Hedging (bought puts >20K),-114158.0,Strong Bearish
2021-11-18,Thursday,1,weekly,17890.55,17945.35,17688.85,17745.25,1.43,-0.81,0.31,-1.13,Top to Down,Red,14.98,14.86,1207.0,-5313.0,-14652.0,FII Neutral,10546.0,Neutral,-2354.0,-35649.0,-5304.0,PRO Mildly Bearish,-32699.0,Mildly Bearish
2021-11-22,Monday,0,,17796.25,17796.25,17281.95,17440.0,2.89,-2.0,0.0,-2.89,Top to Down,Red,14.86,17.52,1207.0,-5313.0,-14652.0,FII Neutral,10546.0,Neutral,-2354.0,-35649.0,-5304.0,PRO Mildly Bearish,-32699.0,Mildly Bearish
2021-11-23,Tuesday,0,,17281.75,17553.2,17216.8,17495.1,1.95,1.23,1.57,-0.38,Down to Up,Green,17.52,18.02,1207.0,-5313.0,-14652.0,FII Neutral,10546.0,Neutral,-2354.0,-35649.0,-5304.0,PRO Mildly Bearish,-32699.0,Mildly Bearish
2021-11-24,Wednesday,0,,17550.05,17600.35,17355.65,17357.1,1.39,-1.1,0.29,-1.11,Top to Down,Red,18.02,17.1,3291.0,27634.0,-18421.0,FII Neutral,49346.0,Mildly Bullish,2988.0,68775.0,-25658.0,PRO Confident (sold puts >20K),97421.0,Bullish
2021-11-25,Thursday,1,monthly,17417.3,17563.85,17352.35,17547.0,1.21,0.74,0.84,-0.37,Down to Up,Green,17.1,16.66,-1912.0,5355.0,-7586.0,FII Neutral,11029.0,Neutral,3299.0,-38486.0,8136.0,PRO Mildly Bearish,-43323.0,Mildly Bearish
2021-11-26,Friday,0,monthly,17338.75,17344.95,16987.15,17006.55,2.06,-1.92,0.04,-2.03,Top to Down,Red,16.66,20.8,50867.0,-13503.0,-38106.0,FII Bullish (bought fut + sold puts),75470.0,Bullish,-17413.0,195843.0,52023.0,PRO Very Bearish (sold fut >10K + bought puts >20K),126407.0,Strong Bullish
2021-11-29,Monday,0,,17055.8,17160.1,16783.95,17039.7,2.21,-0.09,0.61,-1.59,Top to Down,Red,20.8,20.83,-37377.0,-52735.0,45292.0,FII Very Bearish (sold fut >10K + bought puts >20K),-135404.0,Strong Bearish,13867.0,-136851.0,35141.0,PRO Hedging (bought puts >20K),-158125.0,Strong Bearish
2021-11-30,Tuesday,0,,17051.15,17324.45,16934.05,16975.15,2.29,-0.45,1.6,-0.69,Top to Down,Red,20.83,21.17,24991.0,8970.0,-54589.0,FII Bullish (bought fut + sold puts),88550.0,Bullish,-7668.0,61919.0,-40156.0,PRO Confident (sold puts >20K),94407.0,Bullish
2021-12-01,Wednesday,0,,17104.4,17212.55,17064.75,17185.95,0.86,0.48,0.63,-0.23,Down to Up,Green,21.17,19.45,18665.0,6483.0,-10391.0,FII Mildly Bullish,35539.0,Mildly Bullish,-1743.0,-30677.0,32252.0,PRO Hedging (bought puts >20K),-64672.0,Bearish
2021-12-02,Thursday,1,weekly,17183.2,17417.75,17158.3,17401.5,1.51,1.27,1.36,-0.14,Down to Up,Green,19.45,18.09,10689.0,28759.0,-17983.0,FII Mildly Bullish,57431.0,Bullish,-3573.0,85739.0,-77482.0,PRO Confident (sold puts >20K),159648.0,Strong Bullish
2021-12-03,Friday,0,weekly,17424.9,17488.3,17181.1,17210.3,1.76,-1.23,0.36,-1.4,Top to Down,Red,18.09,18.45,1855.0,22187.0,14650.0,FII Neutral,9392.0,Neutral,2592.0,54166.0,3724.0,PRO Neutral,53034.0,Bullish
2021-12-06,Monday,0,,17209.05,17210.85,16893.6,16909.3,1.84,-1.74,0.01,-1.83,Top to Down,Red,18.45,20.08,-26888.0,-38267.0,38442.0,FII Very Bearish (sold fut >10K + bought puts >20K),-103597.0,Strong Bearish,-9654.0,-91541.0,77392.0,PRO Hedging (bought puts >20K),-178587.0,Strong Bearish
2021-12-07,Tuesday,0,,17044.1,17251.25,16988.75,17180.5,1.54,0.8,1.22,-0.32,Down to Up,Green,20.08,18.46,-13557.0,-2735.0,41049.0,FII Very Bearish (sold fut >10K + bought puts >20K),-57341.0,Bearish,3846.0,-138917.0,-662.0,PRO Mildly Bearish,-134409.0,Strong Bearish
2021-12-08,Wednesday,0,,17315.25,17484.5,17312.55,17467.85,0.99,0.88,0.98,-0.02,Down to Up,Green,18.46,17.27,26369.0,60962.0,-33612.0,FII Bullish (bought fut + sold puts),120943.0,Strong Bullish,-7046.0,153575.0,-106884.0,PRO Confident (sold puts >20K),253413.0,Strong Bullish
2021-12-09,Thursday,1,weekly,17524.4,17539.8,17380.1,17502.65,0.91,-0.12,0.09,-0.82,Top to Down,Red,17.27,16.6,6680.0,-41967.0,-39838.0,FII Confident (sold puts >20K),4551.0,Neutral,-5748.0,86751.0,-94735.0,PRO Confident (sold puts >20K),175738.0,Strong Bullish
2021-12-10,Friday,0,weekly,17476.05,17534.05,17405.55,17499.2,0.74,0.13,0.33,-0.4,Down to Up,Green,16.6,16.06,-8058.0,13146.0,33413.0,FII Hedging (bought puts >20K),-28325.0,Neutral,-687.0,-60285.0,90195.0,PRO Hedging (bought puts >20K),-151167.0,Strong Bearish
2021-12-13,Monday,0,,17619.1,17638.85,17356.1,17384.5,1.6,-1.33,0.11,-1.49,Top to Down,Red,16.06,16.57,-15016.0,-8369.0,108.0,FII Bearish (sold fut >10K),-23493.0,Neutral,-6477.0,34697.0,42830.0,PRO Hedging (bought puts >20K),-14610.0,Neutral
2021-12-14,Tuesday,0,,17283.2,17375.7,17226.15,17319.5,0.87,0.21,0.54,-0.33,Down to Up,Green,16.57,16.95,-10571.0,-13063.0,26817.0,FII Very Bearish (sold fut >10K + bought puts >20K),-50451.0,Bearish,6564.0,-145494.0,34055.0,PRO Hedging (bought puts >20K),-172985.0,Strong Bearish
2021-12-15,Wednesday,0,,17323.65,17350.5,17193.25,17208.3,0.91,-0.67,0.15,-0.75,Top to Down,Red,16.95,17.22,-19118.0,-40587.0,4275.0,FII Bearish (sold fut >10K),-63980.0,Bearish,-2365.0,-14719.0,945.0,PRO Neutral,-18029.0,Neutral
2021-12-16,Thursday,1,weekly,17373.0,17374.6,17185.35,17285.6,1.09,-0.5,0.01,-1.08,Top to Down,Red,17.22,15.9,-4707.0,43538.0,40366.0,FII Hedging (bought puts >20K),-1535.0,Neutral,5471.0,-48613.0,46054.0,PRO Hedging (bought puts >20K),-89196.0,Bearish
2021-12-17,Friday,0,weekly,17276.0,17292.45,16966.75,16994.05,1.89,-1.63,0.1,-1.79,Top to Down,Red,15.9,16.34,9462.0,8273.0,-23665.0,FII Confident (sold puts >20K),41400.0,Mildly Bullish,1747.0,95171.0,-49181.0,PRO Confident (sold puts >20K),146099.0,Strong Bullish
2021-12-20,Monday,0,,16824.25,16828.5,16410.4,16613.0,2.49,-1.26,0.03,-2.46,Top to Down,Red,16.34,18.97,-5311.0,-43308.0,-10767.0,FII Mildly Bearish,-37852.0,Mildly Bearish,11265.0,-68518.0,49988.0,PRO Hedging (bought puts >20K),-107241.0,Strong Bearish
2021-12-21,Tuesday,0,,16773.15,16936.35,16688.65,16786.9,1.48,0.08,0.97,-0.5,Down to Up,Green,18.97,17.54,-14009.0,640.0,-8173.0,FII Bearish (sold fut >10K),-5196.0,Neutral,17608.0,-100694.0,-50734.0,PRO Bullish (bought fut + sold puts),-32352.0,Mildly Bearish
2021-12-22,Wednesday,0,,16865.55,16970.6,16819.7,16968.1,0.89,0.61,0.62,-0.27,Down to Up,Green,17.54,16.58,36227.0,32233.0,-7145.0,FII Mildly Bullish,75605.0,Bullish,-8945.0,79500.0,-8767.0,PRO Neutral,79322.0,Bullish
2021-12-23,Thursday,1,weekly,17066.8,17117.95,17016.4,17051.35,0.6,-0.09,0.3,-0.3,Top to Down,Red,16.58,15.83,-9395.0,-2747.0,-24042.0,FII Confident (sold puts >20K),11900.0,Neutral,-8912.0,71482.0,-87378.0,PRO Confident (sold puts >20K),149948.0,Strong Bullish
2021-12-24,Friday,0,weekly,17149.5,17151.45,16910.2,16999.9,1.41,-0.87,0.01,-1.4,Top to Down,Red,15.83,16.15,11482.0,50474.0,46046.0,FII Hedging (bought puts >20K),15910.0,Neutral,-10278.0,11591.0,38011.0,PRO Very Bearish (sold fut >10K + bought puts >20K),-36698.0,Mildly Bearish
2021-12-27,Monday,0,,16937.75,17111.55,16833.7,17101.95,1.64,0.97,1.03,-0.61,Down to Up,Green,16.15,17.12,828.0,-31163.0,-29146.0,FII Confident (sold puts >20K),-1189.0,Neutral,3066.0,27135.0,24780.0,PRO Hedging (bought puts >20K),5421.0,Neutral
2021-12-28,Tuesday,0,,17177.6,17249.4,17161.2,17233.35,0.51,0.32,0.42,-0.1,Down to Up,Green,17.12,16.48,664.0,80313.0,7291.0,FII Neutral,73686.0,Bullish,-9511.0,18304.0,-108429.0,PRO Confident (sold puts >20K),117222.0,Strong Bullish
2021-12-29,Wednesday,0,,17220.1,17285.75,17176.95,17189.55,0.63,-0.18,0.38,-0.25,Top to Down,Red,16.48,16.24,-376.0,5159.0,8477.0,FII Neutral,-3694.0,Neutral,-674.0,-31797.0,-21917.0,PRO Confident (sold puts >20K),-10554.0,Neutral
2021-12-30,Thursday,1,monthly,17201.45,17264.0,17148.8,17228.95,0.67,0.16,0.36,-0.31,Down to Up,Green,16.24,16.57,-1887.0,10871.0,39846.0,FII Hedging (bought puts >20K),-30862.0,Mildly Bearish,906.0,-104219.0,26446.0,PRO Hedging (bought puts >20K),-129759.0,Strong Bearish
2021-12-31,Friday,0,monthly,17244.5,17400.55,17244.5,17364.25,0.9,0.69,0.9,0.0,Down to Up,Green,16.57,16.22,5161.0,-107387.0,-210630.0,FII Confident (sold puts >20K),108404.0,Strong Bullish,10598.0,208371.0,129613.0,PRO Hedging (bought puts >20K),89356.0,Bullish
2022-01-03,Monday,0,,17387.15,17646.1,17387.15,17635.35,1.49,1.43,1.49,0.0,Down to Up,Green,16.22,16.45,10169.0,-14533.0,-20545.0,FII Bullish (bought fut + sold puts),16181.0,Neutral,-12091.0,31832.0,-22446.0,PRO Bearish (sold fut >10K),42187.0,Mildly Bullish
2022-01-04,Tuesday,0,,17681.4,17827.3,17594.25,17807.35,1.32,0.71,0.83,-0.49,Down to Up,Green,16.45,16.12,7524.0,-8941.0,-4531.0,FII Neutral,3114.0,Neutral,-8330.0,-2814.0,-131217.0,PRO Confident (sold puts >20K),120073.0,Strong Bullish
2022-01-05,Wednesday,0,,17820.1,17944.2,17750.1,17907.7,1.09,0.49,0.7,-0.39,Down to Up,Green,16.12,17.23,7666.0,-10484.0,-7264.0,FII Neutral,4446.0,Neutral,8145.0,-48866.0,-86351.0,PRO Confident (sold puts >20K),45630.0,Mildly Bullish
2022-01-06,Thursday,1,weekly,17768.5,17795.8,17655.9,17746.0,0.79,-0.13,0.15,-0.63,Top to Down,Red,17.23,17.98,5060.0,-4586.0,1464.0,FII Neutral,-990.0,Neutral,4652.0,-111111.0,-97686.0,PRO Confident (sold puts >20K),-8773.0,Neutral
2022-01-07,Friday,0,weekly,17797.6,17904.65,17705.05,17818.2,1.12,0.12,0.6,-0.52,Down to Up,Green,17.98,17.6,-33631.0,9274.0,62311.0,FII Very Bearish (sold fut >10K + bought puts >20K),-86668.0,Bearish,-5565.0,105064.0,275288.0,PRO Hedging (bought puts >20K),-175789.0,Strong Bearish
2022-01-10,Monday,0,,17913.3,18016.8,17879.8,18005.45,0.76,0.51,0.58,-0.19,Down to Up,Green,17.6,17.68,6171.0,-33840.0,-13207.0,FII Mildly Bearish,-14462.0,Neutral,-957.0,-20590.0,38017.0,PRO Hedging (bought puts >20K),-59564.0,Bearish
2022-01-11,Tuesday,0,,17997.75,18080.95,17964.9,18059.0,0.64,0.34,0.46,-0.18,Down to Up,Green,17.68,17.76,-5843.0,25708.0,-1481.0,FII Neutral,21346.0,Neutral,-6491.0,31763.0,-74952.0,PRO Confident (sold puts >20K),100224.0,Strong Bullish
2022-01-12,Wednesday,0,,18170.4,18227.35,18129.95,18197.6,0.54,0.15,0.31,-0.22,Down to Up,Green,17.76,17.18,-3901.0,-4122.0,-16672.0,FII Neutral,8649.0,Neutral,5967.0,-40399.0,-10210.0,PRO Mildly Bearish,-24222.0,Neutral
2022-01-13,Thursday,1,weekly,18257.0,18271.55,18164.15,18258.55,0.59,0.01,0.08,-0.51,Down to Up,Green,17.18,16.7,-1379.0,7581.0,6455.0,FII Neutral,-253.0,Neutral,7721.0,-28988.0,-60578.0,PRO Confident (sold puts >20K),39311.0,Mildly Bullish
2022-01-14,Friday,0,weekly,18185.0,18286.6,18120.95,18235.5,0.91,0.28,0.56,-0.35,Down to Up,Green,16.7,16.56,16122.0,19306.0,18292.0,FII Mildly Bullish,17136.0,Neutral,1676.0,77558.0,140449.0,PRO Hedging (bought puts >20K),-61215.0,Bearish
2022-01-17,Monday,0,,18235.65,18321.05,18234.05,18309.7,0.48,0.41,0.47,-0.01,Down to Up,Green,16.56,16.77,-6846.0,27572.0,28905.0,FII Hedging (bought puts >20K),-8179.0,Neutral,-3070.0,-20770.0,31046.0,PRO Hedging (bought puts >20K),-54886.0,Bearish
2022-01-18,Tuesday,0,,18337.2,18350.6,18087.45,18113.8,1.44,-1.22,0.07,-1.36,Top to Down,Red,16.77,17.78,-8942.0,2431.0,20033.0,FII Hedging (bought puts >20K),-26544.0,Neutral,2041.0,-81754.0,-24142.0,PRO Confident (sold puts >20K),-55571.0,Bearish
2022-01-19,Wednesday,0,,18129.2,18129.2,17885.3,17941.45,1.35,-1.04,0.0,-1.35,Top to Down,Red,17.78,17.82,-2275.0,-51166.0,-9466.0,FII Mildly Bearish,-43975.0,Mildly Bearish,11381.0,-58571.0,42551.0,PRO Hedging (bought puts >20K),-89741.0,Bearish
2022-01-20,Thursday,1,weekly,17921.0,17934.3,17648.85,17782.95,1.59,-0.77,0.07,-1.52,Top to Down,Red,17.82,17.79,-14105.0,49652.0,71896.0,FII Very Bearish (sold fut >10K + bought puts >20K),-36349.0,Mildly Bearish,-8658.0,-166411.0,-74844.0,PRO Confident (sold puts >20K),-100225.0,Strong Bearish
2022-01-21,Friday,0,weekly,17613.7,17707.25,17487.2,17650.45,1.25,0.21,0.53,-0.72,Down to Up,Green,17.79,18.89,-23278.0,-38775.0,-10876.0,FII Bearish (sold fut >10K),-51177.0,Bearish,851.0,201664.0,30242.0,PRO Hedging (bought puts >20K),172273.0,Strong Bullish
2022-01-24,Monday,0,,17575.15,17598.35,16998.45,17112.45,3.41,-2.63,0.13,-3.28,Top to Down,Red,18.89,22.83,-7172.0,7171.0,1641.0,FII Neutral,-1642.0,Neutral,5115.0,-3777.0,7823.0,PRO Neutral,-6485.0,Neutral
2022-01-25,Tuesday,0,,17001.55,17308.9,16837.85,17267.3,2.77,1.56,1.81,-0.96,Down to Up,Green,22.83,21.36,-17834.0,31099.0,35381.0,FII Very Bearish (sold fut >10K + bought puts >20K),-22116.0,Neutral,11183.0,-150568.0,1415.0,PRO Mildly Bullish,-140800.0,Strong Bearish
2022-01-28,Friday,0,monthly,17208.3,17373.0,17077.75,17106.35,1.72,-0.59,0.96,-0.76,Top to Down,Red,21.07,20.7,-17834.0,31099.0,35381.0,FII Very Bearish (sold fut >10K + bought puts >20K),-22116.0,Neutral,11183.0,-150568.0,1415.0,PRO Mildly Bullish,-140800.0,Strong Bearish
2022-01-31,Monday,0,,17301.05,17409.9,17264.35,17338.3,0.84,0.22,0.63,-0.21,Down to Up,Green,20.7,21.95,-20165.0,-37432.0,38.0,FII Bearish (sold fut >10K),-57635.0,Bearish,4790.0,-62725.0,29397.0,PRO Hedging (bought puts >20K),-87332.0,Bearish
2022-02-01,Tuesday,0,,17529.45,17622.0,17245.45,17604.65,2.15,0.43,0.53,-1.62,Down to Up,Green,21.95,19.98,15106.0,-17743.0,-32863.0,FII Bullish (bought fut + sold puts),30226.0,Mildly Bullish,-4709.0,-43712.0,-57997.0,PRO Confident (sold puts >20K),9576.0,Neutral
2022-02-02,Wednesday,0,,17706.2,17793.75,17675.7,17791.6,0.67,0.48,0.49,-0.17,Down to Up,Green,19.98,18.65,-4785.0,35399.0,-208.0,FII Neutral,30822.0,Mildly Bullish,12003.0,-66638.0,-49413.0,PRO Bullish (bought fut + sold puts),-5222.0,Neutral
2022-02-03,Thursday,1,weekly,17767.75,17774.4,17512.95,17520.25,1.47,-1.39,0.04,-1.43,Top to Down,Red,18.65,19.16,18783.0,19896.0,-17185.0,FII Mildly Bullish,55864.0,Bullish,-14540.0,80919.0,-143719.0,PRO Bearish (sold fut >10K),210098.0,Strong Bullish
2022-02-04,Friday,0,weekly,17590.2,17617.3,17463.9,17503.0,0.87,-0.5,0.15,-0.72,Top to Down,Red,19.16,18.9,-12924.0,-8237.0,27272.0,FII Very Bearish (sold fut >10K + bought puts >20K),-48433.0,Mildly Bearish,-12448.0,78968.0,212251.0,PRO Very Bearish (sold fut >10K + bought puts >20K),-145731.0,Strong Bearish
2022-02-07,Monday,0,,17456.3,17535.95,17120.35,17210.0,2.38,-1.41,0.46,-1.92,Top to Down,Red,18.9,20.44,20316.0,4760.0,7167.0,FII Mildly Bullish,17909.0,Neutral,-1713.0,-45598.0,28771.0,PRO Hedging (bought puts >20K),-76082.0,Bearish
2022-02-08,Tuesday,0,,17279.85,17304.65,17043.65,17240.35,1.51,-0.23,0.14,-1.37,Top to Down,Red,20.44,19.68,-12369.0,-13930.0,26310.0,FII Very Bearish (sold fut >10K + bought puts >20K),-52609.0,Bearish,-8194.0,-175962.0,-51482.0,PRO Confident (sold puts >20K),-132674.0,Strong Bearish
2022-02-09,Wednesday,0,,17370.1,17476.4,17342.3,17471.6,0.77,0.58,0.61,-0.16,Down to Up,Green,19.68,18.56,5036.0,7716.0,13112.0,FII Neutral,-360.0,Neutral,-2681.0,20047.0,-30751.0,PRO Confident (sold puts >20K),48117.0,Mildly Bullish
2022-02-10,Thursday,1,weekly,17554.1,17639.25,17427.2,17586.95,1.21,0.19,0.49,-0.72,Down to Up,Green,18.56,17.71,15976.0,49492.0,-17214.0,FII Mildly Bullish,82682.0,Bullish,4265.0,135093.0,-90432.0,PRO Confident (sold puts >20K),229790.0,Strong Bullish
2022-02-11,Friday,0,weekly,17451.0,17451.0,17303.2,17345.55,0.85,-0.6,0.0,-0.85,Top to Down,Red,17.71,18.68,25156.0,-3992.0,-42213.0,FII Bullish (bought fut + sold puts),63377.0,Bullish,-1243.0,103809.0,80962.0,PRO Hedging (bought puts >20K),21604.0,Neutral
2022-02-14,Monday,0,,17076.15,17082.75,16810.0,16819.7,1.6,-1.5,0.04,-1.56,Top to Down,Red,18.68,22.98,-11993.0,-24855.0,49325.0,FII Very Bearish (sold fut >10K + bought puts >20K),-86173.0,Bearish,5903.0,-40276.0,49604.0,PRO Hedging (bought puts >20K),-83977.0,Bearish
2022-02-15,Tuesday,0,,16933.25,17374.5,16840.4,17351.85,3.15,2.47,2.61,-0.55,Down to Up,Green,22.98,20.61,-2928.0,-2070.0,1614.0,FII Neutral,-6612.0,Neutral,-4636.0,-211960.0,-14591.0,PRO Mildly Bearish,-202005.0,Strong Bearish
2022-02-16,Wednesday,0,,17408.45,17489.9,17258.6,17293.05,1.33,-0.66,0.47,-0.86,Top to Down,Red,20.61,20.59,20405.0,81027.0,6735.0,FII Mildly Bullish,94697.0,Bullish,2437.0,181691.0,-114154.0,PRO Confident (sold puts >20K),298282.0,Strong Bullish
2022-02-17,Thursday,1,weekly,17396.55,17442.55,17236.3,17280.15,1.19,-0.67,0.26,-0.92,Top to Down,Red,20.59,22.01,6326.0,-163.0,-7121.0,FII Neutral,13284.0,Neutral,6768.0,-156748.0,34912.0,PRO Hedging (bought puts >20K),-184892.0,Strong Bearish
2022-02-18,Friday,0,weekly,17236.05,17379.95,17220.2,17268.75,0.93,0.19,0.83,-0.09,Down to Up,Green,22.01,22.17,10724.0,-31500.0,-7095.0,FII Mildly Bullish,-13681.0,Neutral,-10253.0,191240.0,88194.0,PRO Very Bearish (sold fut >10K + bought puts >20K),92793.0,Bullish
2022-02-21,Monday,0,,17192.25,17350.8,17071.0,17205.75,1.63,0.08,0.92,-0.71,Down to Up,Green,22.17,22.9,8305.0,-11866.0,-46340.0,FII Confident (sold puts >20K),42779.0,Mildly Bullish,2653.0,59613.0,43276.0,PRO Hedging (bought puts >20K),18990.0,Neutral
2022-02-22,Tuesday,0,,16847.95,17148.5,16847.95,17080.6,1.78,1.38,1.78,0.0,Down to Up,Green,22.9,26.66,-2613.0,1658.0,6924.0,FII Neutral,-7879.0,Neutral,5594.0,-48623.0,-25911.0,PRO Confident (sold puts >20K),-17118.0,Neutral
2022-02-23,Wednesday,0,,17194.5,17220.65,17027.9,17054.7,1.12,-0.81,0.15,-0.97,Top to Down,Red,26.66,24.54,-16026.0,4353.0,29356.0,FII Very Bearish (sold fut >10K + bought puts >20K),-41029.0,Mildly Bearish,3224.0,-26842.0,-11141.0,PRO Mildly Bearish,-12477.0,Neutral
2022-02-24,Thursday,1,monthly,16548.9,16702.3,16204.4,16217.75,3.01,-2.0,0.93,-2.08,Top to Down,Red,24.54,31.98,1241.0,-11535.0,30216.0,FII Hedging (bought puts >20K),-40510.0,Mildly Bearish,-3163.0,-113695.0,6149.0,PRO Mildly Bearish,-123007.0,Strong Bearish
2022-02-25,Friday,0,monthly,16515.65,16748.2,16488.95,16668.8,1.57,0.93,1.41,-0.16,Down to Up,Green,31.98,26.74,-27670.0,-30246.0,-44401.0,FII Bearish (sold fut >10K),-13515.0,Neutral,4564.0,85587.0,12591.0,PRO Neutral,77560.0,Bullish
2022-02-28,Monday,0,,16481.6,16814.75,16356.55,16789.45,2.78,1.87,2.02,-0.76,Down to Up,Green,26.74,28.57,42533.0,23266.0,-51987.0,FII Bullish (bought fut + sold puts),117786.0,Strong Bullish,-2313.0,35154.0,-16639.0,PRO Neutral,49480.0,Mildly Bullish
2022-03-02,Wednesday,0,,16593.1,16677.75,16479.15,16625.85,1.2,0.2,0.51,-0.69,Down to Up,Green,28.57,29.23,42533.0,23266.0,-51987.0,FII Bullish (bought fut + sold puts),117786.0,Strong Bullish,-2313.0,35154.0,-16639.0,PRO Neutral,49480.0,Mildly Bullish
2022-03-03,Thursday,1,weekly,16723.2,16767.95,16443.6,16508.75,1.94,-1.28,0.27,-1.67,Top to Down,Red,29.23,28.16,42533.0,23266.0,-51987.0,FII Bullish (bought fut + sold puts),117786.0,Strong Bullish,-2313.0,35154.0,-16639.0,PRO Neutral,49480.0,Mildly Bullish
2022-03-04,Friday,0,weekly,16339.45,16455.55,16134.1,16243.55,1.97,-0.59,0.71,-1.26,Top to Down,Red,28.16,27.96,-8488.0,30237.0,30273.0,FII Hedging (bought puts >20K),-8524.0,Neutral,2665.0,196287.0,84479.0,PRO Hedging (bought puts >20K),114473.0,Strong Bullish
2022-03-07,Monday,0,,15867.95,16174.45,15713.7,15881.05,2.9,0.08,1.93,-0.97,Down to Up,Green,27.96,29.33,-7053.0,-6461.0,-7512.0,FII Neutral,-6002.0,Neutral,-8074.0,-52541.0,4830.0,PRO Mildly Bearish,-65445.0,Bearish
2022-03-08,Tuesday,0,,15747.75,16027.9,15671.65,16014.65,2.26,1.69,1.78,-0.48,Down to Up,Green,29.33,28.59,-22018.0,-2653.0,33861.0,FII Very Bearish (sold fut >10K + bought puts >20K),-58532.0,Bearish,17824.0,-146642.0,-22243.0,PRO Bullish (bought fut + sold puts),-106575.0,Strong Bearish
2022-03-09,Wednesday,0,,16078.0,16417.45,15992.75,16366.9,2.64,1.8,2.11,-0.53,Down to Up,Green,28.59,27.47,-12742.0,32720.0,33231.0,FII Very Bearish (sold fut >10K + bought puts >20K),-13253.0,Neutral,4935.0,47116.0,-33590.0,PRO Confident (sold puts >20K),85641.0,Bullish
2022-03-10,Thursday,1,weekly,16757.1,16757.1,16448.1,16566.3,1.84,-1.14,0.0,-1.84,Top to Down,Red,27.47,25.58,8328.0,26305.0,-14189.0,FII Neutral,48822.0,Mildly Bullish,-761.0,18864.0,-79785.0,PRO Confident (sold puts >20K),97888.0,Bullish
2022-03-11,Friday,0,weekly,16528.8,16694.0,16472.55,16620.5,1.34,0.55,1.0,-0.34,Down to Up,Green,25.58,25.35,18612.0,-47994.0,-42721.0,FII Bullish (bought fut + sold puts),13339.0,Neutral,-15210.0,95194.0,74258.0,PRO Very Bearish (sold fut >10K + bought puts >20K),5726.0,Neutral
2022-03-14,Monday,0,,16633.7,16887.9,16607.95,16886.4,1.68,1.52,1.53,-0.15,Down to Up,Green,25.35,25.68,4952.0,5712.0,-5900.0,FII Neutral,16564.0,Neutral,-5355.0,2948.0,-24882.0,PRO Confident (sold puts >20K),22475.0,Neutral
2022-03-15,Tuesday,0,,16900.65,16926.85,16555.7,16645.0,2.2,-1.51,0.16,-2.04,Top to Down,Red,25.68,26.73,6583.0,23241.0,1807.0,FII Neutral,28017.0,Neutral,-2611.0,75638.0,-41797.0,PRO Confident (sold puts >20K),114824.0,Strong Bullish
2022-03-16,Wednesday,0,,16876.65,16987.6,16840.55,16966.35,0.87,0.53,0.66,-0.21,Down to Up,Green,26.73,24.12,-14481.0,-21245.0,15081.0,FII Bearish (sold fut >10K),-50807.0,Bearish,-2623.0,-154872.0,43758.0,PRO Hedging (bought puts >20K),-201253.0,Strong Bearish
2022-03-17,Thursday,1,weekly,17202.9,17344.6,17176.05,17299.4,0.98,0.56,0.82,-0.16,Down to Up,Green,24.12,22.61,21466.0,42682.0,955.0,FII Mildly Bullish,63193.0,Bullish,5926.0,129021.0,-76987.0,PRO Confident (sold puts >20K),211934.0,Strong Bullish
2022-03-21,Monday,0,,17329.5,17352.1,17097.35,17113.85,1.47,-1.24,0.13,-1.34,Top to Down,Red,22.61,24.62,21466.0,42682.0,955.0,FII Mildly Bullish,63193.0,Bullish,5926.0,129021.0,-76987.0,PRO Confident (sold puts >20K),211934.0,Strong Bullish
2022-03-22,Tuesday,0,,17120.4,17332.2,17006.4,17329.8,1.9,1.22,1.24,-0.67,Down to Up,Green,24.62,24.07,21466.0,42682.0,955.0,FII Mildly Bullish,63193.0,Bullish,5926.0,129021.0,-76987.0,PRO Confident (sold puts >20K),211934.0,Strong Bullish
2022-03-23,Wednesday,0,,17405.05,17441.7,17200.8,17223.55,1.38,-1.04,0.21,-1.17,Top to Down,Red,24.07,24.75,10429.0,-14204.0,24557.0,FII Hedging (bought puts >20K),-28332.0,Neutral,11904.0,66512.0,-36524.0,PRO Bullish (bought fut + sold puts),114940.0,Strong Bullish
2022-03-24,Thursday,1,weekly,17094.95,17291.45,17094.55,17197.3,1.15,0.6,1.15,-0.0,Down to Up,Green,24.75,23.93,-12627.0,-10105.0,2140.0,FII Bearish (sold fut >10K),-24872.0,Neutral,5593.0,-191723.0,10828.0,PRO Mildly Bearish,-196958.0,Strong Bearish
2022-03-25,Friday,0,monthly,17289.0,17289.85,17077.05,17177.95,1.23,-0.64,0.0,-1.23,Top to Down,Red,23.93,23.43,-9607.0,7939.0,2360.0,FII Neutral,-4028.0,Neutral,-5110.0,210852.0,57461.0,PRO Hedging (bought puts >20K),148281.0,Strong Bullish
2022-03-29,Tuesday,0,,17297.2,17342.15,17236.3,17335.75,0.61,0.22,0.26,-0.35,Down to Up,Green,22.61,21.3,15369.0,27686.0,-8966.0,FII Mildly Bullish,52021.0,Bullish,-2604.0,-56354.0,-86509.0,PRO Confident (sold puts >20K),27551.0,Neutral
2022-03-30,Wednesday,0,,17468.15,17522.15,17387.95,17471.6,0.77,0.02,0.31,-0.46,Down to Up,Green,21.3,20.61,7805.0,28973.0,11748.0,FII Neutral,25030.0,Neutral,5783.0,31346.0,-23342.0,PRO Confident (sold puts >20K),60471.0,Bullish
2022-03-31,Thursday,1,monthly,17519.2,17558.9,17435.6,17468.75,0.7,-0.29,0.23,-0.48,Top to Down,Red,20.61,20.56,11782.0,27293.0,-9863.0,FII Mildly Bullish,48938.0,Mildly Bullish,4196.0,-34369.0,-44603.0,PRO Confident (sold puts >20K),14430.0,Neutral
2022-04-01,Friday,0,weekly,17436.9,17702.5,17431.7,17688.35,1.55,1.44,1.52,-0.03,Down to Up,Green,20.56,18.43,17746.0,-167971.0,-172102.0,FII Bullish (bought fut + sold puts),21877.0,Neutral,-11189.0,107115.0,142361.0,PRO Very Bearish (sold fut >10K + bought puts >20K),-46435.0,Mildly Bearish
2022-04-04,Monday,0,,17809.1,18087.25,17796.25,18036.05,1.63,1.27,1.56,-0.07,Down to Up,Green,18.43,17.91,-3272.0,3688.0,-32865.0,FII Confident (sold puts >20K),33281.0,Mildly Bullish,2241.0,57352.0,-39052.0,PRO Confident (sold puts >20K),98645.0,Bullish
2022-04-05,Tuesday,0,,18080.6,18095.15,17922.6,17930.75,0.95,-0.83,0.08,-0.87,Top to Down,Red,17.91,18.49,15992.0,27210.0,5758.0,FII Mildly Bullish,37444.0,Mildly Bullish,3099.0,-165304.0,-204312.0,PRO Confident (sold puts >20K),42107.0,Mildly Bullish
2022-04-06,Wednesday,0,,17842.75,17900.3,17780.2,17799.3,0.67,-0.24,0.32,-0.35,Top to Down,Red,18.49,19.02,-3761.0,-1926.0,51854.0,FII Hedging (bought puts >20K),-57541.0,Bearish,-6070.0,-97557.0,74703.0,PRO Hedging (bought puts >20K),-178330.0,Strong Bearish
2022-04-07,Thursday,1,weekly,17723.3,17786.95,17624.1,17655.15,0.92,-0.38,0.36,-0.56,Top to Down,Red,19.02,19.0,-1359.0,-19133.0,-3801.0,FII Neutral,-16691.0,Neutral,-6181.0,-94417.0,21347.0,PRO Hedging (bought puts >20K),-121945.0,Strong Bearish
2022-04-08,Friday,0,weekly,17698.15,17842.4,17602.2,17800.3,1.36,0.58,0.82,-0.54,Down to Up,Green,19.0,17.69,-22322.0,-9588.0,37513.0,FII Very Bearish (sold fut >10K + bought puts >20K),-69423.0,Bearish,2381.0,177394.0,113753.0,PRO Hedging (bought puts >20K),66022.0,Bullish
2022-04-11,Monday,0,,17740.9,17778.95,17651.15,17679.65,0.72,-0.35,0.21,-0.51,Top to Down,Red,17.69,18.27,1541.0,6806.0,27516.0,FII Hedging (bought puts >20K),-19169.0,Neutral,10287.0,8526.0,-11001.0,PRO Mildly Bullish,29814.0,Neutral
2022-04-12,Tuesday,0,,17584.85,17595.15,17443.1,17519.95,0.86,-0.37,0.06,-0.81,Top to Down,Red,18.27,18.16,-24263.0,-27545.0,-5162.0,FII Bearish (sold fut >10K),-46646.0,Mildly Bearish,-1756.0,-69924.0,21621.0,PRO Hedging (bought puts >20K),-93301.0,Bearish
2022-04-13,Wednesday,1,weekly,17599.9,17662.95,17457.45,17467.45,1.17,-0.75,0.36,-0.81,Top to Down,Red,18.16,17.79,-17515.0,-25446.0,27308.0,FII Very Bearish (sold fut >10K + bought puts >20K),-70269.0,Bearish,-8703.0,-55093.0,-70576.0,PRO Confident (sold puts >20K),6780.0,Neutral
2022-04-18,Monday,0,,17183.45,17237.25,17068.5,17185.8,0.98,0.01,0.31,-0.67,Down to Up,Green,17.79,19.34,-17515.0,-25446.0,27308.0,FII Very Bearish (sold fut >10K + bought puts >20K),-70269.0,Bearish,-8703.0,-55093.0,-70576.0,PRO Confident (sold puts >20K),6780.0,Neutral
2022-04-19,Tuesday,0,,17258.95,17273.15,16826.05,16869.15,2.59,-2.26,0.08,-2.51,Top to Down,Red,19.34,19.77,-17515.0,-25446.0,27308.0,FII Very Bearish (sold fut >10K + bought puts >20K),-70269.0,Bearish,-8703.0,-55093.0,-70576.0,PRO Confident (sold puts >20K),6780.0,Neutral
2022-04-20,Wednesday,0,,17045.25,17186.5,16979.1,17149.6,1.22,0.61,0.83,-0.39,Down to Up,Green,19.77,18.67,16328.0,16425.0,3269.0,FII Mildly Bullish,29484.0,Neutral,17537.0,-54892.0,27084.0,PRO Hedging (bought puts >20K),-64439.0,Bearish
2022-04-21,Thursday,1,weekly,17234.6,17414.35,17216.2,17400.1,1.15,0.96,1.04,-0.11,Down to Up,Green,18.67,17.85,1236.0,9911.0,-8066.0,FII Neutral,19213.0,Neutral,-5231.0,-13110.0,-90863.0,PRO Confident (sold puts >20K),72522.0,Bullish
2022-04-22,Friday,0,weekly,17242.75,17315.05,17149.75,17172.1,0.96,-0.41,0.42,-0.54,Top to Down,Red,17.85,18.35,767.0,26967.0,11572.0,FII Neutral,16162.0,Neutral,-19002.0,237776.0,10320.0,PRO Bearish (sold fut >10K),208454.0,Strong Bullish
2022-04-25,Monday,0,,17009.05,17053.95,16888.85,16983.2,0.97,-0.15,0.26,-0.71,Top to Down,Red,18.35,21.26,-10611.0,-19137.0,33998.0,FII Very Bearish (sold fut >10K + bought puts >20K),-63746.0,Bearish,-1822.0,-89911.0,66419.0,PRO Hedging (bought puts >20K),-158152.0,Strong Bearish
2022-04-26,Tuesday,0,,17121.3,17223.4,17065.3,17201.45,0.92,0.47,0.6,-0.33,Down to Up,Green,21.26,19.19,-14765.0,-23453.0,-20331.0,FII Bearish (sold fut >10K),-17887.0,Neutral,5130.0,-6878.0,-64819.0,PRO Confident (sold puts >20K),63071.0,Bullish
2022-04-27,Wednesday,0,,17073.35,17109.5,16958.65,17037.65,0.88,-0.21,0.21,-0.67,Top to Down,Red,19.19,20.61,3116.0,43116.0,61264.0,FII Hedging (bought puts >20K),-15032.0,Neutral,7926.0,-34636.0,-47410.0,PRO Confident (sold puts >20K),20700.0,Neutral
2022-04-28,Thursday,1,monthly,17189.5,17322.5,17071.2,17231.35,1.46,0.24,0.77,-0.69,Down to Up,Green,20.61,19.38,-39529.0,53274.0,52930.0,FII Very Bearish (sold fut >10K + bought puts >20K),-39185.0,Mildly Bearish,21643.0,-164818.0,22535.0,PRO Hedging (bought puts >20K),-165710.0,Strong Bearish
2022-04-29,Friday,0,monthly,17329.25,17377.3,17054.0,17111.6,1.87,-1.26,0.28,-1.59,Top to Down,Red,19.38,19.42,28286.0,-115936.0,-192842.0,FII Bullish (bought fut + sold puts),105192.0,Strong Bullish,1827.0,320475.0,70120.0,PRO Hedging (bought puts >20K),252182.0,Strong Bullish
2022-05-02,Monday,0,,16924.45,17091.85,16919.4,17064.7,1.02,0.83,0.99,-0.03,Down to Up,Green,19.42,20.28,4957.0,57389.0,62815.0,FII Hedging (bought puts >20K),-469.0,Neutral,-621.0,-115098.0,45838.0,PRO Hedging (bought puts >20K),-161557.0,Strong Bearish
2022-05-04,Wednesday,0,,17096.6,17129.25,16624.7,16694.7,2.95,-2.35,0.19,-2.76,Top to Down,Red,20.28,21.88,4957.0,57389.0,62815.0,FII Hedging (bought puts >20K),-469.0,Neutral,-621.0,-115098.0,45838.0,PRO Hedging (bought puts >20K),-161557.0,Strong Bearish
2022-05-05,Thursday,1,weekly,16854.75,16944.4,16652.8,16669.2,1.73,-1.1,0.53,-1.2,Top to Down,Red,21.88,20.29,4957.0,57389.0,62815.0,FII Hedging (bought puts >20K),-469.0,Neutral,-621.0,-115098.0,45838.0,PRO Hedging (bought puts >20K),-161557.0,Strong Bearish
2022-05-06,Friday,0,weekly,16415.55,16483.95,16342.45,16438.25,0.86,0.14,0.42,-0.45,Down to Up,Green,20.29,21.25,12197.0,-1875.0,-61086.0,FII Bullish (bought fut + sold puts),71408.0,Bullish,-6201.0,332904.0,66448.0,PRO Hedging (bought puts >20K),260255.0,Strong Bullish
2022-05-09,Monday,0,,16227.7,16403.15,16142.65,16308.4,1.61,0.5,1.08,-0.52,Down to Up,Green,21.25,22.03,-29865.0,-711.0,59944.0,FII Very Bearish (sold fut >10K + bought puts >20K),-90520.0,Bearish,12251.0,-86286.0,-19444.0,PRO Mildly Bullish,-54591.0,Bearish
2022-05-10,Tuesday,0,,16248.9,16404.45,16198.55,16207.75,1.27,-0.25,0.96,-0.31,Top to Down,Red,22.03,22.3,-8396.0,30194.0,15661.0,FII Neutral,6137.0,Neutral,4800.0,-82693.0,-30956.0,PRO Confident (sold puts >20K),-46937.0,Mildly Bearish
2022-05-11,Wednesday,0,,16270.05,16316.7,15993.0,16202.25,1.99,-0.42,0.29,-1.7,Top to Down,Red,22.3,22.8,4284.0,2909.0,20246.0,FII Hedging (bought puts >20K),-13053.0,Neutral,6771.0,-79.0,28389.0,PRO Hedging (bought puts >20K),-21697.0,Neutral
2022-05-12,Thursday,1,weekly,16021.1,16035.2,15737.35,15826.45,1.86,-1.21,0.09,-1.77,Top to Down,Red,22.8,24.27,-11876.0,39209.0,1499.0,FII Bearish (sold fut >10K),25834.0,Neutral,-524.0,-56992.0,-109044.0,PRO Confident (sold puts >20K),51528.0,Bullish
2022-05-13,Friday,0,weekly,15977.0,16083.2,15741.05,15767.15,2.14,-1.31,0.66,-1.48,Top to Down,Red,24.27,23.49,-16423.0,-56427.0,-4506.0,FII Bearish (sold fut >10K),-68344.0,Bearish,-4182.0,146497.0,114490.0,PRO Hedging (bought puts >20K),27825.0,Neutral
2022-05-16,Monday,0,,15845.1,15977.25,15741.35,15864.5,1.49,0.12,0.83,-0.65,Down to Up,Green,23.49,24.53,35657.0,4803.0,-20050.0,FII Bullish (bought fut + sold puts),60510.0,Bullish,-8226.0,-54071.0,12157.0,PRO Mildly Bearish,-74454.0,Bearish
2022-05-17,Tuesday,0,,15912.6,16282.6,15908.4,16282.6,2.35,2.33,2.33,-0.03,Down to Up,Green,24.53,22.74,11735.0,-7575.0,-10140.0,FII Mildly Bullish,14300.0,Neutral,-12668.0,26215.0,-54105.0,PRO Bearish (sold fut >10K),67652.0,Bullish
2022-05-18,Wednesday,0,,16318.15,16399.55,16211.8,16256.45,1.15,-0.38,0.5,-0.65,Top to Down,Red,22.74,22.3,12621.0,52232.0,-32405.0,FII Bullish (bought fut + sold puts),97258.0,Bullish,-2741.0,132579.0,-176007.0,PRO Confident (sold puts >20K),305845.0,Strong Bullish
2022-05-19,Thursday,1,weekly,15917.4,15983.45,15776.35,15828.45,1.3,-0.56,0.41,-0.89,Top to Down,Red,22.3,24.56,957.0,-21936.0,32176.0,FII Hedging (bought puts >20K),-53155.0,Bearish,-4914.0,-243004.0,4078.0,PRO Mildly Bearish,-251996.0,Strong Bearish
2022-05-20,Friday,0,weekly,16043.8,16282.4,16004.85,16278.7,1.73,1.46,1.49,-0.24,Down to Up,Green,24.56,23.1,-11718.0,1936.0,13777.0,FII Bearish (sold fut >10K),-23559.0,Neutral,2211.0,148236.0,152531.0,PRO Hedging (bought puts >20K),-2084.0,Neutral
2022-05-23,Monday,0,,16290.95,16414.35,16187.45,16191.65,1.39,-0.61,0.76,-0.64,Top to Down,Red,23.1,23.4,37009.0,82231.0,-20206.0,FII Bullish (bought fut + sold puts),139446.0,Strong Bullish,-1110.0,153568.0,-74090.0,PRO Confident (sold puts >20K),226548.0,Strong Bullish
2022-05-24,Tuesday,0,,16225.55,16261.7,16079.1,16139.5,1.13,-0.53,0.22,-0.9,Top to Down,Red,23.4,25.64,-727.0,3012.0,21494.0,FII Hedging (bought puts >20K),-19209.0,Neutral,3085.0,-178699.0,22256.0,PRO Hedging (bought puts >20K),-197870.0,Strong Bearish
2022-05-25,Wednesday,0,,16196.35,16222.95,16007.25,16037.8,1.33,-0.98,0.16,-1.17,Top to Down,Red,25.64,25.28,-8237.0,23950.0,-29879.0,FII Confident (sold puts >20K),45592.0,Mildly Bullish,7124.0,3314.0,24392.0,PRO Hedging (bought puts >20K),-13954.0,Neutral
2022-05-26,Thursday,1,monthly,16105.0,16203.4,15904.15,16201.55,1.86,0.6,0.61,-1.25,Down to Up,Green,25.28,22.72,14435.0,-44173.0,18617.0,FII Mildly Bullish,-48355.0,Mildly Bearish,-3955.0,-126070.0,-22162.0,PRO Confident (sold puts >20K),-107863.0,Strong Bearish
2022-05-30,Monday,0,,16527.9,16695.2,16515.5,16668.2,1.09,0.85,1.01,-0.08,Down to Up,Green,21.48,19.98,10363.0,41485.0,24403.0,FII Hedging (bought puts >20K),27445.0,Neutral,-3011.0,52259.0,-19867.0,PRO Neutral,69115.0,Bullish
2022-05-31,Tuesday,0,,16578.45,16690.65,16522.2,16578.25,1.02,-0.0,0.68,-0.34,Top to Down,Red,19.98,20.48,22299.0,494.0,4099.0,FII Mildly Bullish,18694.0,Neutral,6231.0,-103313.0,-92013.0,PRO Confident (sold puts >20K),-5069.0,Neutral
2022-06-01,Wednesday,0,,16594.4,16648.5,16439.05,16540.8,1.26,-0.32,0.33,-0.94,Top to Down,Red,20.48,20.85,-14113.0,-16454.0,14115.0,FII Bearish (sold fut >10K),-44682.0,Mildly Bearish,-10690.0,-134917.0,24448.0,PRO Very Bearish (sold fut >10K + bought puts >20K),-170055.0,Strong Bearish
2022-06-02,Thursday,1,weekly,16481.65,16645.75,16445.2,16637.4,1.22,0.94,1.0,-0.22,Down to Up,Green,20.85,20.32,-15983.0,-25387.0,19247.0,FII Bearish (sold fut >10K),-60617.0,Bearish,-2883.0,-46568.0,-47576.0,PRO Confident (sold puts >20K),-1875.0,Neutral
2022-06-03,Friday,0,weekly,16761.65,16793.25,16568.5,16583.6,1.34,-1.06,0.19,-1.15,Top to Down,Red,20.32,19.98,-15912.0,-6932.0,-29899.0,FII Bearish (sold fut >10K),7055.0,Neutral,-343.0,239966.0,146616.0,PRO Hedging (bought puts >20K),93007.0,Bullish
2022-06-06,Monday,0,,16530.7,16610.85,16445.65,16563.65,1.0,0.2,0.48,-0.51,Down to Up,Green,19.98,20.2,2492.0,3302.0,40806.0,FII Hedging (bought puts >20K),-35012.0,Mildly Bearish,1642.0,-120280.0,22914.0,PRO Hedging (bought puts >20K),-141552.0,Strong Bearish
2022-06-07,Tuesday,0,,16469.6,16473.7,16347.8,16404.45,0.76,-0.4,0.02,-0.74,Top to Down,Red,20.2,20.43,-4944.0,-11982.0,-18356.0,FII Neutral,1430.0,Neutral,-6935.0,-7766.0,-51173.0,PRO Confident (sold puts >20K),36472.0,Mildly Bullish
2022-06-08,Wednesday,0,,16474.95,16513.45,16294.25,16335.4,1.33,-0.85,0.23,-1.1,Top to Down,Red,20.43,19.84,-28714.0,-18267.0,10817.0,FII Bearish (sold fut >10K),-57798.0,Bearish,5263.0,-102446.0,18754.0,PRO Mildly Bearish,-115937.0,Strong Bearish
2022-06-09,Thursday,1,weekly,16263.85,16492.5,16246.1,16481.8,1.52,1.34,1.41,-0.11,Down to Up,Green,19.84,19.14,-8718.0,-31559.0,-27127.0,FII Confident (sold puts >20K),-13150.0,Neutral,1037.0,-181912.0,-93138.0,PRO Confident (sold puts >20K),-87737.0,Bearish
2022-06-10,Friday,0,weekly,16283.95,16324.4,16173.25,16191.45,0.93,-0.57,0.25,-0.68,Top to Down,Red,19.14,19.58,-10606.0,53426.0,-5683.0,FII Bearish (sold fut >10K),48503.0,Mildly Bullish,-4296.0,374257.0,55437.0,PRO Hedging (bought puts >20K),314524.0,Strong Bullish
2022-06-13,Monday,0,,15877.55,15881.1,15684.4,15800.95,1.24,-0.48,0.02,-1.22,Top to Down,Red,19.58,22.37,-20770.0,-12692.0,82023.0,FII Very Bearish (sold fut >10K + bought puts >20K),-115485.0,Strong Bearish,20157.0,-168404.0,41541.0,PRO Hedging (bought puts >20K),-189788.0,Strong Bearish
2022-06-14,Tuesday,0,,15674.25,15857.85,15660.95,15741.95,1.26,0.43,1.17,-0.08,Down to Up,Green,22.37,21.89,-22513.0,19396.0,-26617.0,FII Bearish (sold fut >10K),23500.0,Neutral,12192.0,-183784.0,-73339.0,PRO Bullish (bought fut + sold puts),-98253.0,Bearish
2022-06-15,Wednesday,0,,15729.25,15783.45,15679.7,15682.9,0.66,-0.29,0.34,-0.32,Top to Down,Red,21.89,22.15,-4392.0,-14966.0,36101.0,FII Hedging (bought puts >20K),-55459.0,Bearish,-3636.0,-34011.0,-7609.0,PRO Mildly Bearish,-30038.0,Mildly Bearish
2022-06-16,Thursday,1,weekly,15832.25,15862.25,15335.8,15348.2,3.33,-3.06,0.19,-3.14,Top to Down,Red,22.15,22.87,-95.0,21045.0,8785.0,FII Neutral,12165.0,Neutral,-7984.0,16437.0,-39680.0,PRO Confident (sold puts >20K),48133.0,Mildly Bullish
2022-06-17,Friday,0,weekly,15272.65,15399.05,15185.55,15330.75,1.4,0.38,0.83,-0.57,Down to Up,Green,22.87,22.76,-19588.0,18074.0,-7602.0,FII Bearish (sold fut >10K),6088.0,Neutral,-2113.0,206966.0,101730.0,PRO Hedging (bought puts >20K),103123.0,Strong Bullish
2022-06-20,Monday,0,,15334.5,15382.0,15192.5,15368.9,1.24,0.22,0.31,-0.93,Down to Up,Green,22.76,22.41,5195.0,29345.0,-2694.0,FII Neutral,37234.0,Mildly Bullish,-1405.0,-12375.0,-39209.0,PRO Confident (sold puts >20K),25429.0,Neutral
2022-06-21,Tuesday,0,,15455.95,15707.25,15420.4,15634.15,1.86,1.15,1.63,-0.23,Down to Up,Green,22.41,21.14,-281.0,-35020.0,-32908.0,FII Confident (sold puts >20K),-2393.0,Neutral,-1700.0,-12001.0,-10234.0,PRO Neutral,-3467.0,Neutral
2022-06-22,Wednesday,0,,15545.65,15558.05,15386.4,15401.1,1.1,-0.93,0.08,-1.02,Top to Down,Red,21.14,21.3,26954.0,22667.0,3959.0,FII Mildly Bullish,45662.0,Mildly Bullish,-13959.0,-13143.0,-174215.0,PRO Bearish (sold fut >10K),147113.0,Strong Bullish
2022-06-23,Thursday,1,weekly,15451.55,15628.25,15368.45,15577.55,1.68,0.82,1.14,-0.54,Down to Up,Green,21.3,20.88,-9987.0,33037.0,28508.0,FII Hedging (bought puts >20K),-5458.0,Neutral,-4228.0,-134009.0,47255.0,PRO Hedging (bought puts >20K),-185492.0,Strong Bearish
2022-06-24,Friday,0,monthly,15657.4,15747.4,15619.8,15698.95,0.81,0.27,0.57,-0.24,Down to Up,Green,20.88,20.55,10551.0,-3550.0,-10422.0,FII Mildly Bullish,17423.0,Neutral,-73.0,282412.0,115557.0,PRO Hedging (bought puts >20K),166782.0,Strong Bullish
2022-06-27,Monday,0,,15926.2,15926.5,15816.25,15836.1,0.69,-0.57,0.0,-0.69,Top to Down,Red,20.55,21.01,8100.0,-10318.0,-1709.0,FII Neutral,-509.0,Neutral,-12782.0,-6605.0,-24190.0,PRO Bearish (sold fut >10K),4803.0,Neutral
2022-06-28,Tuesday,0,,15757.45,15887.75,15710.45,15883.0,1.13,0.8,0.83,-0.3,Down to Up,Green,21.01,21.45,2852.0,-1968.0,9820.0,FII Neutral,-8936.0,Neutral,7015.0,-102690.0,-32847.0,PRO Confident (sold puts >20K),-62828.0,Bearish
2022-06-29,Wednesday,0,,15701.7,15861.3,15689.1,15783.35,1.1,0.52,1.02,-0.08,Down to Up,Green,21.45,21.9,1262.0,15418.0,15972.0,FII Neutral,708.0,Neutral,-8170.0,-70432.0,-57288.0,PRO Confident (sold puts >20K),-21314.0,Neutral
2022-06-30,Thursday,1,monthly,15774.5,15889.65,15732.05,15735.9,1.0,-0.24,0.73,-0.27,Top to Down,Red,21.9,21.84,-30353.0,27068.0,-6882.0,FII Bearish (sold fut >10K),3597.0,Neutral,25001.0,-86754.0,10142.0,PRO Mildly Bullish,-71895.0,Bearish
2022-07-01,Friday,0,weekly,15703.7,15791.7,15511.85,15764.0,1.78,0.38,0.56,-1.22,Down to Up,Green,21.84,21.25,27607.0,-89217.0,-118617.0,FII Bullish (bought fut + sold puts),57007.0,Bullish,-12957.0,318235.0,172743.0,PRO Very Bearish (sold fut >10K + bought puts >20K),132535.0,Strong Bullish
2022-07-04,Monday,0,,15710.5,15852.3,15662.5,15829.15,1.21,0.76,0.9,-0.31,Down to Up,Green,21.25,20.97,-7229.0,-12309.0,15227.0,FII Neutral,-34765.0,Mildly Bearish,-10122.0,90319.0,-38025.0,PRO Bearish (sold fut >10K),118222.0,Strong Bullish
2022-07-05,Tuesday,0,,15909.15,16025.75,15785.7,15799.95,1.51,-0.69,0.73,-0.78,Top to Down,Red,20.97,20.79,-7782.0,13731.0,575.0,FII Neutral,5374.0,Neutral,-5475.0,-43269.0,-98083.0,PRO Confident (sold puts >20K),49339.0,Mildly Bullish
2022-07-06,Wednesday,0,,15818.2,16010.8,15801.5,16007.85,1.32,1.2,1.22,-0.11,Down to Up,Green,20.79,20.27,11176.0,-22965.0,12755.0,FII Mildly Bullish,-24544.0,Neutral,7866.0,-258813.0,28583.0,PRO Hedging (bought puts >20K),-279530.0,Strong Bearish
2022-07-07,Thursday,1,weekly,16113.75,16150.05,16047.05,16136.85,0.64,0.14,0.23,-0.41,Down to Up,Green,20.27,19.2,20983.0,22656.0,-38503.0,FII Bullish (bought fut + sold puts),82142.0,Bullish,-22014.0,185330.0,-284375.0,PRO Bearish (sold fut >10K),447691.0,Strong Bullish
2022-07-08,Friday,0,weekly,16273.65,16273.65,16157.9,16217.5,0.71,-0.35,0.0,-0.71,Top to Down,Red,19.2,18.4,15856.0,-15129.0,4500.0,FII Mildly Bullish,-3773.0,Neutral,6867.0,93117.0,291960.0,PRO Hedging (bought puts >20K),-191976.0,Strong Bearish
2022-07-11,Monday,0,,16136.15,16248.4,16115.65,16199.05,0.82,0.39,0.7,-0.13,Down to Up,Green,18.4,18.37,8987.0,16588.0,-28108.0,FII Confident (sold puts >20K),53683.0,Bullish,-7485.0,-15534.0,8915.0,PRO Neutral,-31934.0,Mildly Bearish
2022-07-12,Tuesday,0,,16126.2,16158.65,16032.25,16037.75,0.78,-0.55,0.2,-0.58,Top to Down,Red,18.37,18.55,-6624.0,5340.0,28674.0,FII Hedging (bought puts >20K),-29958.0,Neutral,-3965.0,-23486.0,-77022.0,PRO Confident (sold puts >20K),49571.0,Mildly Bullish
2022-07-13,Wednesday,0,,16128.2,16139.85,15950.55,15975.75,1.17,-0.95,0.07,-1.1,Top to Down,Red,18.55,18.52,-33831.0,-50925.0,36129.0,FII Very Bearish (sold fut >10K + bought puts >20K),-120885.0,Strong Bearish,18824.0,-193590.0,103867.0,PRO Hedging (bought puts >20K),-278633.0,Strong Bearish
2022-07-14,Thursday,1,weekly,16018.85,16070.5,15859.2,15947.95,1.32,-0.44,0.32,-1.0,Top to Down,Red,18.52,18.34,6893.0,-58278.0,9120.0,FII Mildly Bearish,-60505.0,Bearish,-3517.0,-128447.0,-33186.0,PRO Confident (sold puts >20K),-98778.0,Bearish
2022-07-15,Friday,0,weekly,16010.8,16066.45,15927.45,16052.85,0.87,0.26,0.35,-0.52,Down to Up,Green,18.34,17.6,-7168.0,62549.0,-16367.0,FII Neutral,71748.0,Bullish,-11465.0,284390.0,57961.0,PRO Very Bearish (sold fut >10K + bought puts >20K),214964.0,Strong Bullish
2022-07-18,Monday,0,,16151.4,16286.8,16146.65,16281.4,0.87,0.8,0.84,-0.03,Down to Up,Green,17.6,17.16,-5009.0,11148.0,32362.0,FII Hedging (bought puts >20K),-26223.0,Neutral,-5423.0,58750.0,-13019.0,PRO Neutral,66346.0,Bullish
2022-07-19,Tuesday,0,,16187.05,16359.15,16187.05,16329.3,1.06,0.88,1.06,0.0,Down to Up,Green,17.16,17.2,16923.0,63808.0,-46494.0,FII Bullish (bought fut + sold puts),127225.0,Strong Bullish,4762.0,-31636.0,-167734.0,PRO Confident (sold puts >20K),140860.0,Strong Bullish
2022-07-20,Wednesday,0,,16562.8,16588.0,16491.15,16495.8,0.58,-0.4,0.15,-0.43,Top to Down,Red,17.2,16.82,3431.0,11306.0,-5319.0,FII Neutral,20056.0,Neutral,-4099.0,-22292.0,-112051.0,PRO Confident (sold puts >20K),85660.0,Bullish
2022-07-21,Thursday,1,weekly,16523.55,16624.15,16485.85,16609.8,0.84,0.52,0.61,-0.23,Down to Up,Green,16.82,16.86,33200.0,-39481.0,-12277.0,FII Mildly Bullish,5996.0,Neutral,10420.0,-161053.0,-71539.0,PRO Bullish (bought fut + sold puts),-79094.0,Bearish
2022-07-22,Friday,0,weekly,16661.25,16752.25,16611.0,16714.3,0.85,0.32,0.55,-0.3,Down to Up,Green,16.86,16.65,28651.0,18944.0,-29137.0,FII Bullish (bought fut + sold puts),76732.0,Bullish,-9669.0,190313.0,242886.0,PRO Hedging (bought puts >20K),-62242.0,Bearish
2022-07-25,Monday,0,,16662.55,16704.95,16564.5,16610.05,0.84,-0.32,0.25,-0.59,Top to Down,Red,16.65,17.68,13949.0,22635.0,-8983.0,FII Mildly Bullish,45567.0,Mildly Bullish,-3696.0,2713.0,-63545.0,PRO Confident (sold puts >20K),62562.0,Bullish
2022-07-27,Wednesday,0,,16475.35,16652.55,16439.7,16642.75,1.29,1.02,1.08,-0.22,Down to Up,Green,18.17,18.13,-10369.0,-1864.0,23548.0,FII Very Bearish (sold fut >10K + bought puts >20K),-35781.0,Mildly Bearish,14867.0,-102489.0,66339.0,PRO Hedging (bought puts >20K),-153961.0,Strong Bearish
2022-07-28,Thursday,1,monthly,16774.85,16943.6,16748.3,16922.05,1.16,0.88,1.01,-0.16,Down to Up,Green,18.13,17.01,19344.0,55649.0,-30497.0,FII Bullish (bought fut + sold puts),105490.0,Strong Bullish,-6660.0,147656.0,-184374.0,PRO Confident (sold puts >20K),325370.0,Strong Bullish
2022-07-29,Friday,0,monthly,17079.5,17172.2,17018.35,17157.95,0.9,0.46,0.54,-0.36,Down to Up,Green,17.01,16.55,31973.0,-39661.0,-99692.0,FII Bullish (bought fut + sold puts),92004.0,Bullish,9455.0,65789.0,182462.0,PRO Hedging (bought puts >20K),-107218.0,Strong Bearish
2022-08-01,Monday,0,,17243.2,17355.65,17156.3,17332.3,1.16,0.52,0.65,-0.5,Down to Up,Green,16.55,17.49,10050.0,10481.0,13989.0,FII Mildly Bullish,6542.0,Neutral,-1553.0,-22142.0,-28235.0,PRO Confident (sold puts >20K),4540.0,Neutral
2022-08-02,Tuesday,0,,17310.15,17389.7,17217.4,17294.85,1.0,-0.09,0.46,-0.54,Top to Down,Red,17.49,18.53,24298.0,12379.0,-17912.0,FII Mildly Bullish,54589.0,Bullish,-13638.0,-36436.0,-205045.0,PRO Bearish (sold fut >10K),154971.0,Strong Bullish
2022-08-03,Wednesday,0,,17349.25,17406.4,17226.0,17392.9,1.04,0.25,0.33,-0.71,Down to Up,Green,18.53,18.45,-31478.0,10303.0,60626.0,FII Very Bearish (sold fut >10K + bought puts >20K),-81801.0,Bearish,8729.0,-64221.0,42495.0,PRO Hedging (bought puts >20K),-97987.0,Bearish
2022-08-04,Thursday,1,weekly,17463.1,17489.25,17161.8,17364.0,1.88,-0.57,0.15,-1.73,Top to Down,Red,18.45,19.26,-6002.0,-31942.0,-12290.0,FII Mildly Bearish,-25654.0,Neutral,14774.0,-4590.0,-59422.0,PRO Bullish (bought fut + sold puts),69606.0,Bullish
2022-08-05,Friday,0,weekly,17423.65,17474.1,17349.6,17389.05,0.71,-0.2,0.29,-0.42,Top to Down,Red,19.26,18.92,-9277.0,-24065.0,-16204.0,FII Mildly Bearish,-17138.0,Neutral,934.0,94084.0,356216.0,PRO Hedging (bought puts >20K),-261198.0,Strong Bearish
2022-08-08,Monday,0,,17401.5,17548.7,17361.0,17527.85,1.08,0.73,0.85,-0.23,Down to Up,Green,18.92,19.3,10334.0,-5276.0,-19631.0,FII Mildly Bullish,24689.0,Neutral,-2319.0,-65073.0,-49810.0,PRO Confident (sold puts >20K),-17582.0,Neutral
2022-08-10,Wednesday,0,,17566.1,17566.1,17443.55,17523.75,0.7,-0.24,0.0,-0.7,Top to Down,Red,19.3,19.59,10334.0,-5276.0,-19631.0,FII Mildly Bullish,24689.0,Neutral,-2319.0,-65073.0,-49810.0,PRO Confident (sold puts >20K),-17582.0,Neutral
2022-08-11,Thursday,1,weekly,17711.65,17716.65,17632.35,17638.65,0.48,-0.41,0.03,-0.45,Top to Down,Red,19.59,18.36,10334.0,-5276.0,-19631.0,FII Mildly Bullish,24689.0,Neutral,-2319.0,-65073.0,-49810.0,PRO Confident (sold puts >20K),-17582.0,Neutral
2022-08-12,Friday,0,weekly,17659.65,17724.25,17598.15,17698.65,0.71,0.22,0.37,-0.35,Down to Up,Green,18.36,17.61,9641.0,9948.0,-48411.0,FII Confident (sold puts >20K),68000.0,Bullish,-4345.0,135619.0,148339.0,PRO Hedging (bought puts >20K),-17065.0,Neutral
2022-08-16,Tuesday,0,,17797.2,17838.75,17764.6,17828.3,0.42,0.17,0.23,-0.18,Down to Up,Green,17.61,17.68,9641.0,9948.0,-48411.0,FII Confident (sold puts >20K),68000.0,Bullish,-4345.0,135619.0,148339.0,PRO Hedging (bought puts >20K),-17065.0,Neutral
2022-08-17,Wednesday,0,,17868.15,17965.4,17834.6,17930.95,0.73,0.35,0.54,-0.19,Down to Up,Green,17.68,17.68,9641.0,9948.0,-48411.0,FII Confident (sold puts >20K),68000.0,Bullish,-4345.0,135619.0,148339.0,PRO Hedging (bought puts >20K),-17065.0,Neutral
2022-08-18,Thursday,1,weekly,17898.65,17967.55,17852.5,17964.45,0.64,0.37,0.38,-0.26,Down to Up,Green,17.68,17.35,-88.0,19345.0,42826.0,FII Hedging (bought puts >20K),-23569.0,Neutral,2341.0,21383.0,-124884.0,PRO Confident (sold puts >20K),148608.0,Strong Bullish
2022-08-19,Friday,0,weekly,17966.55,17989.15,17711.15,17726.95,1.55,-1.33,0.13,-1.42,Top to Down,Red,17.35,18.29,-18204.0,-31177.0,-3504.0,FII Bearish (sold fut >10K),-45877.0,Mildly Bearish,9524.0,70317.0,223127.0,PRO Hedging (bought puts >20K),-143286.0,Strong Bearish
2022-08-22,Monday,0,,17682.9,17687.55,17468.1,17494.35,1.24,-1.07,0.03,-1.21,Top to Down,Red,18.29,19.04,-16993.0,-66858.0,44060.0,FII Very Bearish (sold fut >10K + bought puts >20K),-127911.0,Strong Bearish,1928.0,-211115.0,51477.0,PRO Hedging (bought puts >20K),-260664.0,Strong Bearish
2022-08-23,Tuesday,0,,17357.35,17624.5,17346.95,17623.35,1.6,1.53,1.54,-0.06,Down to Up,Green,19.04,19.05,5424.0,4525.0,27309.0,FII Hedging (bought puts >20K),-17360.0,Neutral,-17122.0,-120602.0,-42143.0,PRO Bearish (sold fut >10K),-95581.0,Bearish
2022-08-24,Wednesday,0,,17525.45,17622.15,17499.9,17607.55,0.7,0.47,0.55,-0.15,Down to Up,Green,19.05,18.43,-1395.0,26132.0,42799.0,FII Hedging (bought puts >20K),-18062.0,Neutral,-13826.0,109960.0,-111672.0,PRO Bearish (sold fut >10K),207806.0,Strong Bullish
2022-08-25,Thursday,1,monthly,17679.0,17726.4,17488.6,17508.2,1.35,-0.97,0.27,-1.08,Top to Down,Red,18.43,19.57,-14540.0,31979.0,-5598.0,FII Bearish (sold fut >10K),23037.0,Neutral,22895.0,-37356.0,-40677.0,PRO Bullish (bought fut + sold puts),26216.0,Neutral
2022-08-26,Friday,0,monthly,17619.3,17685.2,17520.15,17582.9,0.94,-0.21,0.37,-0.56,Top to Down,Red,19.57,18.22,-14285.0,-17853.0,-85943.0,FII Bearish (sold fut >10K),53805.0,Bullish,3425.0,223076.0,254806.0,PRO Hedging (bought puts >20K),-28305.0,Neutral
2022-08-29,Monday,0,,17188.65,17379.6,17168.25,17339.1,1.23,0.88,1.11,-0.12,Down to Up,Green,18.22,19.82,10956.0,20110.0,20676.0,FII Hedging (bought puts >20K),10390.0,Neutral,-5572.0,637.0,274.0,PRO Neutral,-5209.0,Neutral
2022-08-30,Tuesday,0,,17414.95,17776.85,17409.7,17744.2,2.11,1.89,2.08,-0.03,Down to Up,Green,19.82,18.7,-13004.0,-10401.0,-17248.0,FII Bearish (sold fut >10K),-6157.0,Neutral,3274.0,-157282.0,-114034.0,PRO Confident (sold puts >20K),-39974.0,Mildly Bearish
2022-09-01,Thursday,1,weekly,17485.7,17695.5,17469.0,17563.25,1.3,0.44,1.2,-0.1,Down to Up,Green,18.7,19.87,-13004.0,-10401.0,-17248.0,FII Bearish (sold fut >10K),-6157.0,Neutral,3274.0,-157282.0,-114034.0,PRO Confident (sold puts >20K),-39974.0,Mildly Bearish
2022-09-02,Friday,0,weekly,17598.4,17643.0,17477.1,17527.85,0.94,-0.4,0.25,-0.69,Top to Down,Red,19.87,19.55,-13004.0,-10401.0,-17248.0,FII Bearish (sold fut >10K),-6157.0,Neutral,3274.0,-157282.0,-114034.0,PRO Confident (sold puts >20K),-39974.0,Mildly Bearish
2022-09-05,Monday,0,,17546.45,17682.95,17546.45,17653.9,0.78,0.61,0.78,0.0,Down to Up,Green,19.55,19.66,-24170.0,12600.0,20209.0,FII Very Bearish (sold fut >10K + bought puts >20K),-31779.0,Mildly Bearish,7661.0,-48290.0,2075.0,PRO Mildly Bearish,-42704.0,Mildly Bearish
2022-09-06,Tuesday,0,,17695.7,17764.0,17587.95,17651.6,0.99,-0.25,0.39,-0.61,Top to Down,Red,19.66,19.52,12648.0,42283.0,-19178.0,FII Mildly Bullish,74109.0,Bullish,-7577.0,9317.0,-174453.0,PRO Confident (sold puts >20K),176193.0,Strong Bullish
2022-09-07,Wednesday,0,,17519.4,17650.7,17519.4,17629.5,0.75,0.63,0.75,0.0,Down to Up,Green,19.52,19.37,-11084.0,-21661.0,55019.0,FII Very Bearish (sold fut >10K + bought puts >20K),-87764.0,Bearish,16248.0,-142629.0,64974.0,PRO Hedging (bought puts >20K),-191355.0,Strong Bearish
2022-09-08,Thursday,1,weekly,17748.15,17806.95,17692.9,17800.1,0.64,0.29,0.33,-0.31,Down to Up,Green,19.37,18.31,-1046.0,-5649.0,25378.0,FII Hedging (bought puts >20K),-32073.0,Mildly Bearish,-3979.0,-101529.0,-64404.0,PRO Confident (sold puts >20K),-41104.0,Mildly Bearish
2022-09-09,Friday,0,weekly,17923.35,17925.3,17786.15,17829.3,0.78,-0.52,0.01,-0.77,Top to Down,Red,18.31,17.72,9156.0,-29603.0,-105884.0,FII Confident (sold puts >20K),85437.0,Bullish,-3175.0,325804.0,122635.0,PRO Hedging (bought puts >20K),199994.0,Strong Bullish
2022-09-12,Monday,0,,17890.85,17980.2,17890.85,17931.6,0.5,0.23,0.5,0.0,Down to Up,Green,17.72,17.94,-943.0,23694.0,68734.0,FII Hedging (bought puts >20K),-45983.0,Mildly Bearish,5019.0,-88164.0,23291.0,PRO Hedging (bought puts >20K),-106436.0,Strong Bearish
2022-09-13,Tuesday,0,,18044.45,18087.95,18016.05,18066.5,0.4,0.12,0.24,-0.16,Down to Up,Green,17.94,17.47,9920.0,30108.0,-9985.0,FII Neutral,50013.0,Bullish,-4583.0,145.0,-82009.0,PRO Confident (sold puts >20K),77571.0,Bullish
2022-09-14,Wednesday,0,,17771.15,18090.65,17771.15,18000.65,1.8,1.29,1.8,0.0,Down to Up,Green,17.47,18.28,31389.0,32740.0,-43769.0,FII Bullish (bought fut + sold puts),107898.0,Strong Bullish,-12756.0,29743.0,-114040.0,PRO Bearish (sold fut >10K),131027.0,Strong Bullish
2022-09-15,Thursday,1,weekly,18046.35,18095.4,17861.95,17872.3,1.29,-0.96,0.27,-1.02,Top to Down,Red,18.28,18.39,-22348.0,-43144.0,56633.0,FII Very Bearish (sold fut >10K + bought puts >20K),-122125.0,Strong Bearish,24471.0,-114589.0,-45212.0,PRO Bullish (bought fut + sold puts),-44906.0,Mildly Bearish
2022-09-16,Friday,0,weekly,17796.8,17815.8,17498.7,17550.1,1.78,-1.39,0.11,-1.68,Top to Down,Red,18.39,19.82,-10418.0,-42629.0,-18918.0,FII Bearish (sold fut >10K),-34129.0,Mildly Bearish,1376.0,79932.0,285668.0,PRO Hedging (bought puts >20K),-204360.0,Strong Bearish
2022-09-19,Monday,0,,17540.65,17665.95,17431.0,17631.85,1.34,0.52,0.71,-0.63,Down to Up,Green,19.82,19.94,9091.0,22208.0,51269.0,FII Hedging (bought puts >20K),-19970.0,Neutral,-11895.0,-151272.0,20016.0,PRO Very Bearish (sold fut >10K + bought puts >20K),-183183.0,Strong Bearish
2022-09-20,Tuesday,0,,17770.4,17918.45,17761.95,17791.25,0.88,0.12,0.83,-0.05,Down to Up,Green,19.94,18.8,12941.0,-4628.0,-35460.0,FII Bullish (bought fut + sold puts),43773.0,Mildly Bullish,2013.0,55583.0,-80389.0,PRO Confident (sold puts >20K),137985.0,Strong Bullish
2022-09-21,Wednesday,0,,17766.35,17838.7,17663.7,17715.9,0.99,-0.28,0.41,-0.58,Top to Down,Red,18.8,19.33,20362.0,23307.0,-672.0,FII Mildly Bullish,44341.0,Mildly Bullish,-491.0,46456.0,-87826.0,PRO Confident (sold puts >20K),133791.0,Strong Bullish
2022-09-22,Thursday,1,weekly,17609.65,17722.65,17532.7,17635.95,1.08,0.15,0.64,-0.44,Down to Up,Green,19.33,18.82,-12046.0,-22840.0,51454.0,FII Very Bearish (sold fut >10K + bought puts >20K),-86340.0,Bearish,-84.0,-56856.0,74631.0,PRO Hedging (bought puts >20K),-131571.0,Strong Bearish
2022-09-23,Friday,0,weekly,17593.85,17640.45,17293.0,17332.25,1.97,-1.49,0.26,-1.71,Top to Down,Red,18.82,20.59,-26571.0,-32868.0,-12920.0,FII Bearish (sold fut >10K),-46519.0,Mildly Bearish,-4063.0,66520.0,62475.0,PRO Hedging (bought puts >20K),-18.0,Neutral
2022-09-26,Monday,0,,17156.3,17195.75,16979.1,17027.85,1.26,-0.75,0.23,-1.03,Top to Down,Red,20.59,21.89,-36318.0,18623.0,54605.0,FII Very Bearish (sold fut >10K + bought puts >20K),-72300.0,Bearish,6248.0,-176565.0,77435.0,PRO Hedging (bought puts >20K),-247752.0,Strong Bearish
2022-09-27,Tuesday,0,,17110.9,17175.6,16943.3,17043.45,1.36,-0.39,0.38,-0.98,Top to Down,Red,21.89,21.57,10383.0,33706.0,68045.0,FII Hedging (bought puts >20K),-23956.0,Neutral,-9594.0,-137998.0,-98224.0,PRO Confident (sold puts >20K),-49368.0,Mildly Bearish
2022-09-28,Wednesday,0,,16870.55,17037.55,16820.9,16826.15,1.28,-0.26,0.99,-0.29,Top to Down,Red,21.57,22.1,-11006.0,36979.0,27424.0,FII Very Bearish (sold fut >10K + bought puts >20K),-1451.0,Neutral,4351.0,-3880.0,2055.0,PRO Neutral,-1584.0,Neutral
2022-09-29,Thursday,1,monthly,16993.6,17025.85,16788.95,16842.9,1.39,-0.89,0.19,-1.2,Top to Down,Red,22.1,21.3,1127.0,61035.0,47070.0,FII Hedging (bought puts >20K),15092.0,Neutral,2844.0,-46429.0,-30685.0,PRO Confident (sold puts >20K),-12900.0,Neutral
2022-09-30,Friday,0,monthly,16798.05,17186.8,16748.7,17107.2,2.61,1.84,2.31,-0.29,Down to Up,Green,21.3,19.97,-22480.0,-155387.0,-191164.0,FII Bearish (sold fut >10K),13297.0,Neutral,4942.0,375481.0,87785.0,PRO Hedging (bought puts >20K),292638.0,Strong Bullish
2022-10-03,Monday,0,,17102.1,17113.15,16855.6,16876.0,1.51,-1.32,0.06,-1.44,Top to Down,Red,19.97,21.37,7533.0,31041.0,-27528.0,FII Confident (sold puts >20K),66102.0,Bullish,-8071.0,17040.0,-108779.0,PRO Confident (sold puts >20K),117748.0,Strong Bullish
2022-10-04,Tuesday,0,,17147.45,17284.45,17126.85,17277.45,0.92,0.76,0.8,-0.12,Down to Up,Green,21.37,19.57,-13040.0,-43560.0,69301.0,FII Very Bearish (sold fut >10K + bought puts >20K),-125901.0,Strong Bearish,4347.0,-158814.0,105079.0,PRO Hedging (bought puts >20K),-259546.0,Strong Bearish
2022-10-06,Thursday,1,weekly,17379.25,17428.3,17317.0,17317.0,0.64,-0.36,0.28,-0.36,Top to Down,Red,19.57,19.32,-13040.0,-43560.0,69301.0,FII Very Bearish (sold fut >10K + bought puts >20K),-125901.0,Strong Bearish,4347.0,-158814.0,105079.0,PRO Hedging (bought puts >20K),-259546.0,Strong Bearish
2022-10-07,Friday,0,weekly,17287.2,17336.95,17217.5,17316.15,0.69,0.17,0.29,-0.4,Down to Up,Green,19.32,18.81,-13040.0,-43560.0,69301.0,FII Very Bearish (sold fut >10K + bought puts >20K),-125901.0,Strong Bearish,4347.0,-158814.0,105079.0,PRO Hedging (bought puts >20K),-259546.0,Strong Bearish
2022-10-10,Monday,0,,17094.35,17279.9,17065.8,17252.45,1.25,0.92,1.09,-0.17,Down to Up,Green,18.81,19.62,-810.0,1006.0,2506.0,FII Neutral,-2310.0,Neutral,-2996.0,219071.0,68834.0,PRO Hedging (bought puts >20K),147241.0,Strong Bullish
2022-10-11,Tuesday,0,,17256.05,17256.05,16950.65,16964.15,1.77,-1.69,0.0,-1.77,Top to Down,Red,19.62,20.49,-15440.0,30898.0,72137.0,FII Very Bearish (sold fut >10K + bought puts >20K),-56679.0,Bearish,9545.0,-247877.0,-150810.0,PRO Confident (sold puts >20K),-87522.0,Bearish
2022-10-12,Wednesday,0,,17025.55,17141.65,16960.5,17129.05,1.06,0.61,0.68,-0.38,Down to Up,Green,20.49,20.18,-10886.0,-28946.0,15707.0,FII Bearish (sold fut >10K),-55539.0,Bearish,6565.0,-186230.0,132223.0,PRO Hedging (bought puts >20K),-311888.0,Strong Bearish
2022-10-13,Thursday,1,weekly,17087.35,17111.0,16957.65,17017.8,0.9,-0.41,0.14,-0.76,Top to Down,Red,20.18,20.29,12626.0,32527.0,-17720.0,FII Mildly Bullish,62873.0,Bullish,-7162.0,168147.0,-175005.0,PRO Confident (sold puts >20K),335990.0,Strong Bullish
2022-10-14,Friday,0,weekly,17322.3,17347.65,17170.1,17200.35,1.02,-0.7,0.15,-0.88,Top to Down,Red,20.29,18.26,-6442.0,-16246.0,10488.0,FII Neutral,-33176.0,Mildly Bearish,-2964.0,43374.0,147382.0,PRO Hedging (bought puts >20K),-106972.0,Strong Bearish
2022-10-17,Monday,0,,17144.8,17328.2,17098.95,17320.55,1.34,1.03,1.07,-0.27,Down to Up,Green,18.26,18.42,23150.0,25148.0,-2498.0,FII Mildly Bullish,50796.0,Bullish,-10475.0,-28784.0,-22892.0,PRO Bearish (sold fut >10K),-16367.0,Neutral
2022-10-18,Tuesday,0,,17438.75,17527.4,17438.75,17490.6,0.51,0.3,0.51,0.0,Down to Up,Green,18.42,17.45,3783.0,40995.0,-25086.0,FII Confident (sold puts >20K),69864.0,Bullish,-1254.0,60127.0,-190025.0,PRO Confident (sold puts >20K),248898.0,Strong Bullish
2022-10-19,Wednesday,0,,17568.15,17607.15,17472.9,17518.85,0.76,-0.28,0.22,-0.54,Top to Down,Red,17.45,17.49,27396.0,19290.0,-25567.0,FII Bullish (bought fut + sold puts),72253.0,Bullish,-2787.0,-73520.0,-77217.0,PRO Confident (sold puts >20K),910.0,Neutral
2022-10-20,Thursday,1,weekly,17423.1,17584.1,17421.5,17565.25,0.93,0.82,0.92,-0.01,Down to Up,Green,17.49,17.23,-2353.0,-14951.0,68773.0,FII Hedging (bought puts >20K),-86077.0,Bearish,7478.0,-53677.0,-21011.0,PRO Confident (sold puts >20K),-25188.0,Neutral
2022-10-21,Friday,0,weekly,17622.85,17669.75,17521.25,17583.75,0.84,-0.22,0.27,-0.58,Top to Down,Red,17.23,17.28,-19137.0,-15765.0,16175.0,FII Bearish (sold fut >10K),-51077.0,Bearish,1254.0,79425.0,217162.0,PRO Hedging (bought puts >20K),-136483.0,Strong Bearish
2022-10-24,Monday,0,,17736.35,17776.5,17708.4,17738.95,0.38,0.01,0.23,-0.16,Down to Up,Green,17.28,17.42,5043.0,56750.0,59750.0,FII Hedging (bought puts >20K),2043.0,Neutral,14273.0,3388.0,-9076.0,PRO Mildly Bullish,26737.0,Neutral
2022-10-25,Tuesday,0,,17808.3,17808.3,17639.5,17642.65,0.95,-0.93,0.0,-0.95,Top to Down,Red,17.42,16.88,17595.0,-6659.0,-42038.0,FII Bullish (bought fut + sold puts),52974.0,Bullish,8514.0,33842.0,-109303.0,PRO Confident (sold puts >20K),151659.0,Strong Bullish
2022-10-27,Thursday,1,monthly,17771.4,17783.0,17654.7,17758.9,0.72,-0.07,0.07,-0.66,Top to Down,Red,16.88,16.6,17595.0,-6659.0,-42038.0,FII Bullish (bought fut + sold puts),52974.0,Bullish,8514.0,33842.0,-109303.0,PRO Confident (sold puts >20K),151659.0,Strong Bullish
2022-10-28,Friday,0,monthly,17756.4,17838.6,17724.0,17795.95,0.65,0.22,0.46,-0.18,Down to Up,Green,16.6,15.92,17595.0,-6659.0,-42038.0,FII Bullish (bought fut + sold puts),52974.0,Bullish,8514.0,33842.0,-109303.0,PRO Confident (sold puts >20K),151659.0,Strong Bullish
2022-10-31,Monday,0,,17910.2,18022.7,17901.2,18015.7,0.68,0.59,0.63,-0.05,Down to Up,Green,15.92,15.8,-5891.0,7493.0,28976.0,FII Hedging (bought puts >20K),-27374.0,Neutral,8592.0,-9546.0,36730.0,PRO Hedging (bought puts >20K),-37684.0,Mildly Bearish
2022-11-01,Tuesday,0,,18130.7,18175.4,18060.9,18142.75,0.63,0.07,0.25,-0.38,Down to Up,Green,15.8,16.13,16410.0,15549.0,-21665.0,FII Bullish (bought fut + sold puts),53624.0,Bullish,-16771.0,64556.0,-144621.0,PRO Bearish (sold fut >10K),192406.0,Strong Bullish
2022-11-02,Wednesday,0,,18177.9,18177.9,18049.95,18072.1,0.7,-0.58,0.0,-0.7,Top to Down,Red,16.13,16.66,11377.0,77591.0,50676.0,FII Hedging (bought puts >20K),38292.0,Mildly Bullish,2616.0,-135251.0,-62447.0,PRO Confident (sold puts >20K),-70188.0,Bearish
2022-11-03,Thursday,1,weekly,17968.35,18105.7,17964.6,18048.05,0.79,0.44,0.76,-0.02,Down to Up,Green,16.66,15.94,-7049.0,-12370.0,37728.0,FII Hedging (bought puts >20K),-57147.0,Bearish,7635.0,-47175.0,74290.0,PRO Hedging (bought puts >20K),-113830.0,Strong Bearish
2022-11-04,Friday,0,weekly,18053.4,18134.2,18017.5,18127.9,0.65,0.41,0.45,-0.2,Down to Up,Green,15.94,15.66,-11358.0,-48991.0,-65726.0,FII Bearish (sold fut >10K),5377.0,Neutral,4666.0,77652.0,34422.0,PRO Hedging (bought puts >20K),47896.0,Mildly Bullish
2022-11-07,Monday,0,,18211.75,18254.35,18064.9,18203.35,1.04,-0.05,0.23,-0.81,Top to Down,Red,15.66,15.59,-1964.0,54080.0,39803.0,FII Hedging (bought puts >20K),12313.0,Neutral,-10102.0,-17047.0,-4975.0,PRO Bearish (sold fut >10K),-22174.0,Neutral
2022-11-09,Wednesday,0,,18288.25,18288.25,18118.65,18121.05,0.93,-0.91,0.0,-0.93,Top to Down,Red,15.59,15.92,-1964.0,54080.0,39803.0,FII Hedging (bought puts >20K),12313.0,Neutral,-10102.0,-17047.0,-4975.0,PRO Bearish (sold fut >10K),-22174.0,Neutral
2022-11-10,Thursday,1,weekly,18044.35,18102.95,17969.6,18036.8,0.74,-0.04,0.32,-0.41,Top to Down,Red,15.92,15.57,-1964.0,54080.0,39803.0,FII Hedging (bought puts >20K),12313.0,Neutral,-10102.0,-17047.0,-4975.0,PRO Bearish (sold fut >10K),-22174.0,Neutral
2022-11-11,Friday,0,weekly,18272.35,18360.75,18260.25,18355.3,0.55,0.45,0.48,-0.07,Down to Up,Green,15.57,14.41,-15486.0,-16277.0,-66717.0,FII Bearish (sold fut >10K),34954.0,Mildly Bullish,2783.0,91974.0,101694.0,PRO Hedging (bought puts >20K),-6937.0,Neutral
2022-11-14,Monday,0,,18376.4,18399.0,18311.8,18320.25,0.47,-0.31,0.12,-0.35,Top to Down,Red,14.41,14.91,30900.0,44006.0,-14994.0,FII Mildly Bullish,89900.0,Bullish,-18304.0,18532.0,-174432.0,PRO Bearish (sold fut >10K),174660.0,Strong Bullish
2022-11-15,Tuesday,0,,18362.75,18426.55,18282.25,18421.55,0.79,0.32,0.35,-0.44,Down to Up,Green,14.91,14.64,-6928.0,-49660.0,29639.0,FII Hedging (bought puts >20K),-86227.0,Bearish,2288.0,-118392.0,38532.0,PRO Hedging (bought puts >20K),-154636.0,Strong Bearish
2022-11-16,Wednesday,0,,18398.25,18441.65,18344.5,18401.35,0.53,0.02,0.24,-0.29,Down to Up,Green,14.64,15.1,575.0,47764.0,-49613.0,FII Confident (sold puts >20K),97952.0,Bullish,-5856.0,165146.0,-110150.0,PRO Confident (sold puts >20K),269440.0,Strong Bullish
2022-11-17,Thursday,1,weekly,18358.7,18417.2,18313.05,18333.95,0.57,-0.13,0.32,-0.25,Top to Down,Red,15.1,14.88,18459.0,42163.0,6990.0,FII Mildly Bullish,53632.0,Bullish,7746.0,-56931.0,-17448.0,PRO Mildly Bearish,-31737.0,Mildly Bearish
2022-11-18,Friday,0,weekly,18382.95,18393.8,18210.4,18304.35,1.0,-0.43,0.06,-0.94,Top to Down,Red,14.88,14.39,-3988.0,-86912.0,27320.0,FII Hedging (bought puts >20K),-118220.0,Strong Bearish,-2689.0,-13269.0,195217.0,PRO Hedging (bought puts >20K),-211175.0,Strong Bearish
2022-11-21,Monday,0,,18246.4,18253.15,18133.9,18157.95,0.65,-0.48,0.04,-0.62,Top to Down,Red,14.39,14.8,1025.0,27950.0,31724.0,FII Hedging (bought puts >20K),-2749.0,Neutral,2004.0,-54510.0,11205.0,PRO Mildly Bearish,-63711.0,Bearish
2022-11-22,Tuesday,0,,18179.15,18257.4,18138.5,18251.5,0.65,0.4,0.43,-0.22,Down to Up,Green,14.8,13.84,-8574.0,-27411.0,17825.0,FII Mildly Bearish,-53810.0,Bearish,2005.0,-54710.0,2641.0,PRO Mildly Bearish,-55346.0,Bearish
2022-11-24,Thursday,1,monthly,18326.1,18527.45,18294.45,18510.85,1.27,1.01,1.1,-0.17,Down to Up,Green,14.04,13.48,2835.0,56733.0,81638.0,FII Hedging (bought puts >20K),-22070.0,Neutral,2245.0,-90702.0,-15432.0,PRO Mildly Bearish,-73025.0,Bearish
2022-11-25,Friday,0,monthly,18528.45,18534.7,18445.5,18498.4,0.48,-0.16,0.03,-0.45,Top to Down,Red,13.48,13.33,25613.0,-104253.0,-196357.0,FII Bullish (bought fut + sold puts),117717.0,Strong Bullish,10453.0,134076.0,39145.0,PRO Hedging (bought puts >20K),105384.0,Strong Bullish
2022-11-28,Monday,0,,18430.55,18614.1,18430.55,18553.4,1.0,0.67,1.0,0.0,Down to Up,Green,13.33,13.57,-15731.0,386.0,58107.0,FII Very Bearish (sold fut >10K + bought puts >20K),-73452.0,Bearish,9790.0,-101769.0,49615.0,PRO Hedging (bought puts >20K),-141594.0,Strong Bearish
2022-11-29,Tuesday,0,,18552.45,18677.7,18552.45,18603.6,0.68,0.28,0.68,0.0,Down to Up,Green,13.57,13.62,15100.0,24133.0,-743.0,FII Mildly Bullish,39976.0,Mildly Bullish,-4364.0,-60393.0,-84392.0,PRO Confident (sold puts >20K),19635.0,Neutral
2022-11-30,Wednesday,0,,18625.7,18810.95,18617.3,18776.95,1.04,0.81,0.99,-0.05,Down to Up,Green,13.62,13.81,3591.0,-11650.0,-28399.0,FII Confident (sold puts >20K),20340.0,Neutral,7346.0,8285.0,32798.0,PRO Hedging (bought puts >20K),-17167.0,Neutral
2022-12-01,Thursday,1,weekly,18871.95,18886.6,18778.5,18800.95,0.57,-0.38,0.08,-0.5,Top to Down,Red,13.81,13.36,11746.0,68399.0,-26214.0,FII Bullish (bought fut + sold puts),106359.0,Strong Bullish,-6699.0,111160.0,-164429.0,PRO Confident (sold puts >20K),268890.0,Strong Bullish
2022-12-02,Friday,0,weekly,18752.4,18778.55,18639.6,18705.2,0.74,-0.25,0.14,-0.6,Top to Down,Red,13.36,13.45,-5722.0,-72890.0,54391.0,FII Hedging (bought puts >20K),-133003.0,Strong Bearish,-384.0,-36110.0,223628.0,PRO Hedging (bought puts >20K),-260122.0,Strong Bearish
2022-12-05,Monday,0,,18719.55,18723.85,18591.95,18694.05,0.7,-0.14,0.02,-0.68,Top to Down,Red,13.45,13.73,-41038.0,-72765.0,55407.0,FII Very Bearish (sold fut >10K + bought puts >20K),-169210.0,Strong Bearish,8873.0,-87425.0,66296.0,PRO Hedging (bought puts >20K),-144848.0,Strong Bearish
2022-12-06,Tuesday,0,,18600.65,18654.2,18579.2,18647.8,0.4,0.25,0.29,-0.12,Down to Up,Green,13.73,14.04,1336.0,42851.0,-10335.0,FII Neutral,54522.0,Bullish,-8214.0,53450.0,-99722.0,PRO Confident (sold puts >20K),144958.0,Strong Bullish
2022-12-07,Wednesday,0,,18638.85,18668.05,18529.1,18550.75,0.75,-0.47,0.16,-0.59,Top to Down,Red,14.04,14.08,-15461.0,-18871.0,47781.0,FII Very Bearish (sold fut >10K + bought puts >20K),-82113.0,Bearish,10352.0,-44319.0,75308.0,PRO Hedging (bought puts >20K),-109275.0,Strong Bearish
2022-12-08,Thursday,1,weekly,18570.85,18624.55,18537.2,18614.4,0.47,0.23,0.29,-0.18,Down to Up,Green,14.08,13.4,-12533.0,-22659.0,9165.0,FII Bearish (sold fut >10K),-44357.0,Mildly Bearish,2701.0,-143025.0,-3142.0,PRO Mildly Bearish,-137182.0,Strong Bearish
2022-12-09,Friday,0,weekly,18662.4,18662.4,18411.15,18493.25,1.35,-0.91,0.0,-1.35,Top to Down,Red,13.4,13.48,7171.0,73171.0,-74931.0,FII Confident (sold puts >20K),155273.0,Strong Bullish,-13839.0,233327.0,-23943.0,PRO Bearish (sold fut >10K),243431.0,Strong Bullish
2022-12-12,Monday,0,,18402.15,18521.0,18347.05,18494.7,0.95,0.5,0.65,-0.3,Down to Up,Green,13.48,13.32,-9881.0,-62001.0,91001.0,FII Hedging (bought puts >20K),-162883.0,Strong Bearish,4505.0,-124236.0,78262.0,PRO Hedging (bought puts >20K),-197993.0,Strong Bearish
2022-12-13,Tuesday,0,,18524.4,18617.1,18491.7,18596.75,0.68,0.39,0.5,-0.18,Down to Up,Green,13.32,12.88,6064.0,82893.0,-27457.0,FII Confident (sold puts >20K),116414.0,Strong Bullish,-9802.0,61914.0,-184427.0,PRO Confident (sold puts >20K),236539.0,Strong Bullish
2022-12-14,Wednesday,0,,18671.25,18695.85,18633.2,18643.0,0.34,-0.15,0.13,-0.2,Top to Down,Red,12.88,12.89,5447.0,24372.0,-48504.0,FII Confident (sold puts >20K),78323.0,Bullish,-6896.0,149669.0,-48307.0,PRO Confident (sold puts >20K),191080.0,Strong Bullish
2022-12-15,Thursday,1,weekly,18614.4,18651.45,18388.4,18399.75,1.41,-1.15,0.2,-1.21,Top to Down,Red,12.89,13.73,-5611.0,-66390.0,24898.0,FII Hedging (bought puts >20K),-96899.0,Bearish,12976.0,-123436.0,17025.0,PRO Mildly Bullish,-127485.0,Strong Bearish
2022-12-16,Friday,0,weekly,18319.1,18440.5,18255.7,18270.1,1.01,-0.27,0.66,-0.35,Top to Down,Red,13.73,14.07,-19841.0,-59133.0,17481.0,FII Bearish (sold fut >10K),-96455.0,Bearish,4651.0,-99684.0,200455.0,PRO Hedging (bought puts >20K),-295488.0,Strong Bearish
2022-12-19,Monday,0,,18288.1,18431.25,18244.65,18426.2,1.02,0.76,0.78,-0.24,Down to Up,Green,14.07,13.55,4538.0,12884.0,6894.0,FII Neutral,10528.0,Neutral,-9177.0,-58267.0,11969.0,PRO Mildly Bearish,-79413.0,Bearish
2022-12-20,Tuesday,0,,18340.3,18404.65,18203.2,18385.85,1.1,0.25,0.35,-0.75,Down to Up,Green,13.55,13.78,11483.0,67621.0,-24198.0,FII Bullish (bought fut + sold puts),103302.0,Strong Bullish,-7130.0,109591.0,-215229.0,PRO Confident (sold puts >20K),317690.0,Strong Bullish
2022-12-21,Wednesday,0,,18435.15,18472.5,18164.0,18207.55,1.67,-1.23,0.2,-1.47,Top to Down,Red,13.78,15.56,-30520.0,-34698.0,36501.0,FII Very Bearish (sold fut >10K + bought puts >20K),-101719.0,Strong Bearish,11908.0,26751.0,58926.0,PRO Hedging (bought puts >20K),-20267.0,Neutral
2022-12-22,Thursday,1,weekly,18288.8,18317.05,18068.95,18114.7,1.36,-0.95,0.15,-1.2,Top to Down,Red,15.56,15.19,-5529.0,-22199.0,47656.0,FII Hedging (bought puts >20K),-75384.0,Bearish,3537.0,-298214.0,111388.0,PRO Hedging (bought puts >20K),-406065.0,Strong Bearish
2022-12-23,Friday,0,weekly,17977.65,18045.8,17780.45,17824.1,1.48,-0.85,0.38,-1.1,Top to Down,Red,15.19,16.16,-6263.0,44971.0,-42921.0,FII Confident (sold puts >20K),81629.0,Bullish,-13444.0,241922.0,-999.0,PRO Bearish (sold fut >10K),229477.0,Strong Bullish
2022-12-26,Monday,0,,17830.4,18083.5,17775.55,18009.6,1.73,1.01,1.42,-0.31,Down to Up,Green,16.16,15.93,-6582.0,12467.0,49708.0,FII Hedging (bought puts >20K),-43823.0,Mildly Bearish,-9846.0,-91018.0,-2499.0,PRO Mildly Bearish,-98365.0,Bearish
2022-12-27,Tuesday,0,,18089.8,18148.6,17967.5,18136.0,1.0,0.26,0.33,-0.68,Down to Up,Green,15.93,15.29,9947.0,-11308.0,-101415.0,FII Confident (sold puts >20K),100054.0,Strong Bullish,7204.0,166962.0,-191364.0,PRO Confident (sold puts >20K),365530.0,Strong Bullish
2022-12-28,Wednesday,0,,18084.75,18173.05,18071.5,18106.9,0.56,0.12,0.49,-0.07,Down to Up,Green,15.29,15.4,1457.0,-11644.0,-25711.0,FII Confident (sold puts >20K),15524.0,Neutral,6832.0,62814.0,-25715.0,PRO Confident (sold puts >20K),95361.0,Bullish
2022-12-29,Thursday,1,monthly,18045.7,18210.85,17992.9,18210.4,1.21,0.91,0.92,-0.29,Down to Up,Green,15.4,14.81,3425.0,1231.0,-6419.0,FII Neutral,11075.0,Neutral,6419.0,-112123.0,-261.0,PRO Mildly Bearish,-105443.0,Strong Bearish
2022-12-30,Friday,0,monthly,18259.1,18264.6,18080.9,18117.05,1.01,-0.78,0.03,-0.98,Top to Down,Red,14.81,14.87,20015.0,-76535.0,-112907.0,FII Bullish (bought fut + sold puts),56387.0,Bullish,780.0,136017.0,181556.0,PRO Hedging (bought puts >20K),-44759.0,Mildly Bearish
2023-01-02,Monday,0,,18131.7,18215.1,18087.55,18207.1,0.7,0.42,0.46,-0.24,Down to Up,Green,14.87,14.69,-13619.0,-49120.0,89268.0,FII Very Bearish (sold fut >10K + bought puts >20K),-152007.0,Strong Bearish,-3711.0,-122509.0,83892.0,PRO Hedging (bought puts >20K),-210112.0,Strong Bearish
2023-01-03,Tuesday,0,,18163.2,18251.85,18149.95,18234.3,0.56,0.39,0.49,-0.07,Down to Up,Green,14.69,14.39,-7630.0,162.0,-11211.0,FII Neutral,3743.0,Neutral,4365.0,43001.0,-77883.0,PRO Confident (sold puts >20K),125249.0,Strong Bullish
2023-01-04,Wednesday,0,,18230.65,18241.2,18022.6,18036.85,1.2,-1.06,0.06,-1.14,Top to Down,Red,14.39,15.2,-7407.0,87909.0,1817.0,FII Neutral,78685.0,Bullish,-2942.0,44450.0,-49883.0,PRO Confident (sold puts >20K),91391.0,Bullish
2023-01-05,Thursday,1,weekly,18101.95,18119.05,17892.6,17999.8,1.25,-0.56,0.09,-1.16,Top to Down,Red,15.2,14.98,-27503.0,-88167.0,83736.0,FII Very Bearish (sold fut >10K + bought puts >20K),-199406.0,Strong Bearish,18443.0,-376195.0,79074.0,PRO Hedging (bought puts >20K),-436826.0,Strong Bearish
2023-01-06,Friday,0,weekly,18008.05,18046.6,17796.15,17865.85,1.39,-0.79,0.21,-1.18,Top to Down,Red,14.98,15.03,16533.0,66936.0,-48163.0,FII Bullish (bought fut + sold puts),131632.0,Strong Bullish,-10731.0,363455.0,102473.0,PRO Very Bearish (sold fut >10K + bought puts >20K),250251.0,Strong Bullish
2023-01-09,Monday,0,,17952.55,18141.0,17936.7,18088.75,1.14,0.76,1.05,-0.09,Down to Up,Green,15.03,14.65,-797.0,17229.0,110124.0,FII Hedging (bought puts >20K),-93692.0,Bearish,-13227.0,-82182.0,7476.0,PRO Bearish (sold fut >10K),-102885.0,Strong Bearish
2023-01-10,Tuesday,0,,18121.3,18122.9,17857.25,17925.35,1.47,-1.08,0.01,-1.46,Top to Down,Red,14.65,15.51,23417.0,25279.0,-20909.0,FII Bullish (bought fut + sold puts),69605.0,Bullish,-2087.0,-3365.0,-147888.0,PRO Confident (sold puts >20K),142436.0,Strong Bullish
2023-01-11,Wednesday,0,,17924.25,17975.4,17825.35,17888.4,0.84,-0.2,0.29,-0.55,Top to Down,Red,15.51,15.44,-26384.0,-39244.0,57783.0,FII Very Bearish (sold fut >10K + bought puts >20K),-123411.0,Strong Bearish,3434.0,-171200.0,82441.0,PRO Hedging (bought puts >20K),-250207.0,Strong Bearish
2023-01-12,Thursday,1,weekly,17920.85,17944.8,17762.25,17866.0,1.02,-0.31,0.13,-0.89,Top to Down,Red,15.44,15.28,-1883.0,11183.0,-18674.0,FII Neutral,27974.0,Neutral,-3388.0,33831.0,-135276.0,PRO Confident (sold puts >20K),165719.0,Strong Bullish
2023-01-13,Friday,0,weekly,17867.5,17998.95,17774.55,17950.5,1.26,0.46,0.74,-0.52,Down to Up,Green,15.28,14.46,-5747.0,4022.0,-61136.0,FII Confident (sold puts >20K),59411.0,Bullish,1917.0,165994.0,160204.0,PRO Hedging (bought puts >20K),7707.0,Neutral
2023-01-16,Monday,0,,18033.15,18049.65,17854.15,17891.7,1.08,-0.78,0.09,-0.99,Top to Down,Red,14.46,15.02,16397.0,26787.0,-22582.0,FII Bullish (bought fut + sold puts),65766.0,Bullish,-9796.0,75451.0,-98604.0,PRO Confident (sold puts >20K),164259.0,Strong Bullish
2023-01-17,Tuesday,0,,17922.8,18070.5,17888.2,18056.8,1.02,0.75,0.82,-0.19,Down to Up,Green,15.02,14.59,-12628.0,-102576.0,67536.0,FII Very Bearish (sold fut >10K + bought puts >20K),-182740.0,Strong Bearish,8551.0,-290749.0,30793.0,PRO Hedging (bought puts >20K),-312991.0,Strong Bearish
2023-01-18,Wednesday,0,,18074.3,18183.2,18032.6,18163.8,0.83,0.5,0.6,-0.23,Down to Up,Green,14.59,14.37,16151.0,63294.0,-36031.0,FII Bullish (bought fut + sold puts),115476.0,Strong Bullish,542.0,254957.0,-97129.0,PRO Confident (sold puts >20K),352628.0,Strong Bullish
2023-01-19,Thursday,1,weekly,18119.8,18155.1,18064.3,18089.05,0.5,-0.17,0.19,-0.31,Top to Down,Red,14.37,13.96,19958.0,46925.0,-110239.0,FII Bullish (bought fut + sold puts),177122.0,Strong Bullish,-2470.0,42234.0,-197755.0,PRO Confident (sold puts >20K),237519.0,Strong Bullish
2023-01-20,Friday,0,weekly,18115.6,18144.65,18017.45,18027.3,0.7,-0.49,0.16,-0.54,Top to Down,Red,13.96,13.79,-4550.0,-89660.0,80689.0,FII Hedging (bought puts >20K),-174899.0,Strong Bearish,-3607.0,-20571.0,314640.0,PRO Hedging (bought puts >20K),-338818.0,Strong Bearish
2023-01-23,Monday,0,,18118.45,18161.7,18064.75,18104.95,0.54,-0.07,0.24,-0.3,Top to Down,Red,13.79,13.62,9749.0,62498.0,71181.0,FII Hedging (bought puts >20K),1066.0,Neutral,-24.0,-104021.0,-2067.0,PRO Mildly Bearish,-101978.0,Strong Bearish
2023-01-24,Tuesday,0,,18183.95,18200.75,18079.15,18101.15,0.67,-0.46,0.09,-0.58,Top to Down,Red,13.62,13.66,9136.0,65440.0,3134.0,FII Neutral,71442.0,Bullish,-3810.0,-26446.0,-132685.0,PRO Confident (sold puts >20K),102429.0,Strong Bullish
2023-01-25,Wednesday,1,monthly,18093.35,18093.35,17846.6,17910.05,1.36,-1.01,0.0,-1.36,Top to Down,Red,13.66,14.66,5748.0,26428.0,67837.0,FII Hedging (bought puts >20K),-35661.0,Mildly Bearish,3140.0,-31368.0,86739.0,PRO Hedging (bought puts >20K),-114967.0,Strong Bearish
2023-01-27,Friday,0,monthly,17877.2,17877.2,17494.2,17607.9,2.14,-1.51,0.0,-2.14,Top to Down,Red,14.66,17.32,5748.0,26428.0,67837.0,FII Hedging (bought puts >20K),-35661.0,Mildly Bearish,3140.0,-31368.0,86739.0,PRO Hedging (bought puts >20K),-114967.0,Strong Bearish
2023-01-30,Monday,0,,17541.95,17708.5,17406.3,17667.25,1.72,0.71,0.95,-0.77,Down to Up,Green,17.32,17.71,5748.0,26428.0,67837.0,FII Hedging (bought puts >20K),-35661.0,Mildly Bearish,3140.0,-31368.0,86739.0,PRO Hedging (bought puts >20K),-114967.0,Strong Bearish
2023-01-31,Tuesday,0,,17731.45,17731.45,17539.0,17682.55,1.09,-0.28,0.0,-1.09,Top to Down,Red,17.71,16.88,-17015.0,51963.0,22304.0,FII Very Bearish (sold fut >10K + bought puts >20K),12644.0,Neutral,-8349.0,-30382.0,-102719.0,PRO Confident (sold puts >20K),63988.0,Bullish
2023-02-01,Wednesday,0,,17811.6,17971.5,17353.8,17605.4,3.47,-1.16,0.9,-2.57,Top to Down,Red,16.88,16.78,-17993.0,24290.0,-23271.0,FII Bearish (sold fut >10K),29568.0,Neutral,-4681.0,55177.0,-19832.0,PRO Neutral,70328.0,Bullish
2023-02-02,Thursday,1,weekly,17517.1,17653.5,17448.0,17611.75,1.17,0.54,0.78,-0.39,Down to Up,Green,16.78,15.73,7826.0,-96805.0,-48121.0,FII Confident (sold puts >20K),-40858.0,Mildly Bearish,13009.0,-92155.0,66112.0,PRO Hedging (bought puts >20K),-145258.0,Strong Bearish
2023-02-03,Friday,0,weekly,17721.75,17869.85,17584.35,17830.8,1.61,0.62,0.84,-0.78,Down to Up,Green,15.73,14.4,-26895.0,17906.0,28292.0,FII Very Bearish (sold fut >10K + bought puts >20K),-37281.0,Mildly Bearish,1066.0,241045.0,78265.0,PRO Hedging (bought puts >20K),163846.0,Strong Bullish
2023-02-06,Monday,0,,17818.55,17818.55,17698.9,17761.2,0.67,-0.32,0.0,-0.67,Top to Down,Red,14.4,14.69,24930.0,-21694.0,-139931.0,FII Bullish (bought fut + sold puts),143167.0,Strong Bullish,4309.0,101276.0,-81857.0,PRO Confident (sold puts >20K),187442.0,Strong Bullish
2023-02-07,Tuesday,0,,17790.1,17810.85,17652.6,17720.4,0.89,-0.39,0.12,-0.77,Top to Down,Red,14.69,14.13,-23623.0,-56680.0,71100.0,FII Very Bearish (sold fut >10K + bought puts >20K),-151403.0,Strong Bearish,3870.0,-183608.0,12008.0,PRO Mildly Bearish,-191746.0,Strong Bearish
2023-02-08,Wednesday,0,,17750.3,17898.55,17745.3,17862.5,0.86,0.63,0.84,-0.03,Down to Up,Green,14.13,13.6,712.0,111066.0,20001.0,FII Hedging (bought puts >20K),91777.0,Bullish,3400.0,22902.0,23930.0,PRO Hedging (bought puts >20K),2372.0,Neutral
2023-02-09,Thursday,1,weekly,17885.5,17915.55,17780.5,17897.1,0.76,0.06,0.17,-0.59,Down to Up,Green,13.6,13.04,13996.0,-44739.0,-33377.0,FII Bullish (bought fut + sold puts),2634.0,Neutral,-601.0,13277.0,-220609.0,PRO Confident (sold puts >20K),233285.0,Strong Bullish
2023-02-10,Friday,0,weekly,17847.55,17876.95,17801.15,17843.35,0.42,-0.02,0.16,-0.26,Top to Down,Red,13.04,12.75,1630.0,22316.0,9746.0,FII Neutral,14200.0,Neutral,3946.0,118637.0,236861.0,PRO Hedging (bought puts >20K),-114278.0,Strong Bearish
2023-02-13,Monday,0,,17859.1,17879.8,17720.25,17764.55,0.89,-0.53,0.12,-0.78,Top to Down,Red,12.75,13.68,-10486.0,-51441.0,26648.0,FII Very Bearish (sold fut >10K + bought puts >20K),-88575.0,Bearish,-1977.0,-19512.0,31418.0,PRO Hedging (bought puts >20K),-52907.0,Bearish
2023-02-14,Tuesday,0,,17840.35,17954.45,17800.45,17921.85,0.86,0.46,0.64,-0.22,Down to Up,Green,13.68,13.45,788.0,36394.0,68962.0,FII Hedging (bought puts >20K),-31780.0,Mildly Bearish,13711.0,-203714.0,11651.0,PRO Mildly Bullish,-201654.0,Strong Bearish
2023-02-15,Wednesday,0,,17896.6,18033.8,17853.9,18023.2,1.01,0.71,0.77,-0.24,Down to Up,Green,13.45,12.86,41077.0,34999.0,-143087.0,FII Bullish (bought fut + sold puts),219163.0,Strong Bullish,-10963.0,279718.0,-140117.0,PRO Bearish (sold fut >10K),408872.0,Strong Bullish
2023-02-16,Thursday,1,weekly,18094.75,18134.0,18001.05,18015.25,0.73,-0.44,0.22,-0.52,Top to Down,Red,12.86,12.89,-2582.0,-3119.0,18095.0,FII Neutral,-23796.0,Neutral,-617.0,-23978.0,-183766.0,PRO Confident (sold puts >20K),159171.0,Strong Bullish
2023-02-17,Friday,0,weekly,17974.85,18033.7,17885.95,17942.6,0.82,-0.18,0.33,-0.49,Top to Down,Red,12.89,13.09,-3067.0,24304.0,123643.0,FII Hedging (bought puts >20K),-102406.0,Strong Bearish,-5195.0,-142837.0,228924.0,PRO Hedging (bought puts >20K),-376956.0,Strong Bearish
2023-02-20,Monday,0,,17965.55,18003.95,17818.75,17847.7,1.03,-0.66,0.21,-0.82,Top to Down,Red,13.09,13.38,-11340.0,-73032.0,66791.0,FII Very Bearish (sold fut >10K + bought puts >20K),-151163.0,Strong Bearish,7444.0,-126166.0,61816.0,PRO Hedging (bought puts >20K),-180538.0,Strong Bearish
2023-02-21,Tuesday,0,,17905.8,17924.4,17800.6,17842.1,0.69,-0.36,0.1,-0.59,Top to Down,Red,13.38,14.01,-7893.0,27949.0,24026.0,FII Hedging (bought puts >20K),-3970.0,Neutral,8817.0,-214108.0,-13224.0,PRO Mildly Bearish,-192067.0,Strong Bearish
2023-02-22,Wednesday,0,,17755.35,17771.85,17529.55,17552.5,1.36,-1.14,0.09,-1.27,Top to Down,Red,14.01,15.59,10307.0,8379.0,-40004.0,FII Bullish (bought fut + sold puts),58690.0,Bullish,5215.0,176561.0,-24146.0,PRO Confident (sold puts >20K),205922.0,Strong Bullish
2023-02-23,Thursday,1,monthly,17574.65,17619.4,17456.7,17523.8,0.93,-0.29,0.25,-0.67,Top to Down,Red,15.59,15.08,-30254.0,7385.0,79286.0,FII Very Bearish (sold fut >10K + bought puts >20K),-102155.0,Strong Bearish,-109.0,-253144.0,-30977.0,PRO Confident (sold puts >20K),-222276.0,Strong Bearish
2023-02-24,Friday,0,monthly,17591.35,17599.75,17422.55,17465.45,1.01,-0.72,0.05,-0.96,Top to Down,Red,15.08,14.19,3653.0,-47268.0,-100165.0,FII Confident (sold puts >20K),56550.0,Bullish,-11492.0,400371.0,45829.0,PRO Very Bearish (sold fut >10K + bought puts >20K),343050.0,Strong Bullish
2023-02-27,Monday,0,,17428.6,17450.75,17300.1,17406.35,0.86,-0.13,0.13,-0.74,Top to Down,Red,14.19,13.88,-2910.0,-15834.0,-17799.0,FII Neutral,-945.0,Neutral,2237.0,-107598.0,26150.0,PRO Hedging (bought puts >20K),-131511.0,Strong Bearish
2023-02-28,Tuesday,0,,17383.25,17440.2,17255.9,17317.2,1.06,-0.38,0.33,-0.73,Top to Down,Red,13.88,14.02,-8472.0,83439.0,12087.0,FII Neutral,62880.0,Bullish,-6424.0,68569.0,-143918.0,PRO Confident (sold puts >20K),206063.0,Strong Bullish
2023-03-01,Wednesday,0,,17360.1,17467.5,17353.45,17457.85,0.66,0.56,0.62,-0.04,Down to Up,Green,14.02,13.0,-15534.0,2407.0,16995.0,FII Bearish (sold fut >10K),-30122.0,Mildly Bearish,5478.0,-88551.0,60364.0,PRO Hedging (bought puts >20K),-143437.0,Strong Bearish
2023-03-02,Thursday,1,weekly,17421.5,17444.55,17306.5,17318.65,0.79,-0.59,0.13,-0.66,Top to Down,Red,13.0,12.97,6163.0,28691.0,-6411.0,FII Neutral,41265.0,Mildly Bullish,-12897.0,224107.0,-152398.0,PRO Bearish (sold fut >10K),363608.0,Strong Bullish
2023-03-03,Friday,0,weekly,17451.25,17644.7,17430.5,17592.3,1.23,0.81,1.11,-0.12,Down to Up,Green,12.97,12.18,-5636.0,-68497.0,-234.0,FII Mildly Bearish,-73899.0,Bearish,-7344.0,-72986.0,202556.0,PRO Hedging (bought puts >20K),-282886.0,Strong Bearish
2023-03-06,Monday,0,,17680.35,17798.35,17680.35,17719.85,0.67,0.22,0.67,0.0,Down to Up,Green,12.18,12.27,42277.0,67766.0,-121499.0,FII Bullish (bought fut + sold puts),231542.0,Strong Bullish,-6868.0,121758.0,-182539.0,PRO Confident (sold puts >20K),297429.0,Strong Bullish
2023-03-08,Wednesday,0,,17665.75,17766.4,17603.55,17751.5,0.92,0.49,0.57,-0.35,Down to Up,Green,12.27,12.45,42277.0,67766.0,-121499.0,FII Bullish (bought fut + sold puts),231542.0,Strong Bullish,-6868.0,121758.0,-182539.0,PRO Confident (sold puts >20K),297429.0,Strong Bullish
2023-03-09,Thursday,1,weekly,17772.05,17772.05,17574.7,17582.8,1.11,-1.06,0.0,-1.11,Top to Down,Red,12.45,12.73,42277.0,67766.0,-121499.0,FII Bullish (bought fut + sold puts),231542.0,Strong Bullish,-6868.0,121758.0,-182539.0,PRO Confident (sold puts >20K),297429.0,Strong Bullish
2023-03-10,Friday,0,weekly,17443.8,17443.8,17326.0,17418.6,0.68,-0.14,0.0,-0.68,Top to Down,Red,12.73,13.41,-24404.0,-117704.0,34935.0,FII Very Bearish (sold fut >10K + bought puts >20K),-177043.0,Strong Bearish,-869.0,-51215.0,363504.0,PRO Hedging (bought puts >20K),-415588.0,Strong Bearish
2023-03-13,Monday,0,,17421.9,17529.05,17114.75,17184.6,2.38,-1.36,0.62,-1.76,Top to Down,Red,13.41,16.22,-17819.0,-8351.0,35372.0,FII Very Bearish (sold fut >10K + bought puts >20K),-61542.0,Bearish,-2937.0,-126202.0,-5428.0,PRO Mildly Bearish,-123711.0,Strong Bearish
2023-03-14,Tuesday,0,,17160.55,17224.1,16987.5,17068.65,1.38,-0.54,0.37,-1.01,Top to Down,Red,16.22,16.22,-7519.0,60189.0,29161.0,FII Hedging (bought puts >20K),23509.0,Neutral,-13246.0,-261375.0,-12012.0,PRO Bearish (sold fut >10K),-262609.0,Strong Bearish
2023-03-15,Wednesday,0,,17166.45,17210.6,16940.35,16973.85,1.57,-1.12,0.26,-1.32,Top to Down,Red,16.22,16.3,-16220.0,42639.0,78994.0,FII Very Bearish (sold fut >10K + bought puts >20K),-52575.0,Bearish,-17657.0,38014.0,-67052.0,PRO Bearish (sold fut >10K),87409.0,Bullish
2023-03-16,Thursday,1,weekly,16994.65,17062.2,16850.4,17010.15,1.25,0.09,0.4,-0.85,Down to Up,Green,16.3,16.22,854.0,-59400.0,-67184.0,FII Confident (sold puts >20K),8638.0,Neutral,4207.0,-59858.0,23575.0,PRO Hedging (bought puts >20K),-79226.0,Bearish
2023-03-17,Friday,0,weekly,17111.8,17144.4,16958.45,17123.7,1.09,0.07,0.19,-0.9,Down to Up,Green,16.22,14.77,-19762.0,59706.0,85856.0,FII Very Bearish (sold fut >10K + bought puts >20K),-45912.0,Mildly Bearish,3417.0,341551.0,30575.0,PRO Hedging (bought puts >20K),314393.0,Strong Bullish
2023-03-20,Monday,0,,17066.6,17066.6,16830.75,17003.45,1.38,-0.37,0.0,-1.38,Top to Down,Red,14.77,16.01,-8145.0,41865.0,-93295.0,FII Confident (sold puts >20K),127015.0,Strong Bullish,13556.0,75742.0,-15302.0,PRO Mildly Bullish,104600.0,Strong Bullish
2023-03-21,Tuesday,0,,17060.4,17127.1,17016.65,17106.95,0.65,0.27,0.39,-0.26,Down to Up,Green,16.01,15.08,-22947.0,-98083.0,14674.0,FII Bearish (sold fut >10K),-135704.0,Strong Bearish,8633.0,-98576.0,-11972.0,PRO Mildly Bearish,-77971.0,Bearish
2023-03-22,Wednesday,0,,17177.45,17207.15,17108.8,17142.75,0.57,-0.2,0.17,-0.4,Top to Down,Red,15.08,14.81,-874.0,74518.0,-64336.0,FII Confident (sold puts >20K),137980.0,Strong Bullish,-9232.0,85256.0,-84763.0,PRO Confident (sold puts >20K),160787.0,Strong Bullish
2023-03-24,Friday,0,weekly,17076.2,17108.55,16918.5,16932.6,1.11,-0.84,0.19,-0.92,Top to Down,Red,14.49,15.24,11184.0,42590.0,73056.0,FII Hedging (bought puts >20K),-19282.0,Neutral,-12964.0,-94327.0,86608.0,PRO Very Bearish (sold fut >10K + bought puts >20K),-193899.0,Strong Bearish
2023-03-27,Monday,0,,16984.3,17090.75,16919.4,16963.45,1.01,-0.12,0.63,-0.38,Top to Down,Red,15.24,15.45,2015.0,-7558.0,38283.0,FII Hedging (bought puts >20K),-43826.0,Mildly Bearish,5857.0,-35881.0,51658.0,PRO Hedging (bought puts >20K),-81682.0,Bearish
2023-03-28,Tuesday,0,,17031.75,17061.5,16914.2,16956.85,0.86,-0.44,0.17,-0.69,Top to Down,Red,15.45,15.1,36899.0,132410.0,29994.0,FII Hedging (bought puts >20K),139315.0,Strong Bullish,3197.0,-53316.0,-89131.0,PRO Confident (sold puts >20K),39012.0,Mildly Bullish
2023-03-29,Wednesday,1,monthly,16977.3,17125.9,16941.15,17116.35,1.09,0.82,0.88,-0.21,Down to Up,Green,15.1,13.63,-10122.0,-12606.0,-38840.0,FII Bearish (sold fut >10K),16112.0,Neutral,5934.0,89441.0,10344.0,PRO Neutral,85031.0,Bullish
2023-03-31,Friday,0,monthly,17210.35,17381.3,17209.45,17358.3,1.0,0.86,0.99,-0.01,Down to Up,Green,13.63,12.94,-10122.0,-12606.0,-38840.0,FII Bearish (sold fut >10K),16112.0,Neutral,5934.0,89441.0,10344.0,PRO Neutral,85031.0,Bullish
2023-04-03,Monday,0,,17427.95,17427.95,17312.9,17399.7,0.66,-0.16,0.0,-0.66,Top to Down,Red,12.94,12.59,-10122.0,-12606.0,-38840.0,FII Bearish (sold fut >10K),16112.0,Neutral,5934.0,89441.0,10344.0,PRO Neutral,85031.0,Bullish
2023-04-05,Wednesday,0,,17422.3,17570.0,17412.15,17561.0,0.91,0.8,0.85,-0.06,Down to Up,Green,12.59,12.41,-10122.0,-12606.0,-38840.0,FII Bearish (sold fut >10K),16112.0,Neutral,5934.0,89441.0,10344.0,PRO Neutral,85031.0,Bullish
2023-04-06,Thursday,1,weekly,17533.85,17637.7,17503.6,17602.0,0.76,0.39,0.59,-0.17,Down to Up,Green,12.41,11.8,-10122.0,-12606.0,-38840.0,FII Bearish (sold fut >10K),16112.0,Neutral,5934.0,89441.0,10344.0,PRO Neutral,85031.0,Bullish
2023-04-10,Monday,0,,17634.9,17693.3,17598.25,17613.05,0.54,-0.12,0.33,-0.21,Top to Down,Red,11.8,12.27,-10122.0,-12606.0,-38840.0,FII Bearish (sold fut >10K),16112.0,Neutral,5934.0,89441.0,10344.0,PRO Neutral,85031.0,Bullish
2023-04-11,Tuesday,0,,17704.8,17748.6,17655.3,17722.25,0.53,0.1,0.25,-0.28,Down to Up,Green,12.27,11.98,-10122.0,-12606.0,-38840.0,FII Bearish (sold fut >10K),16112.0,Neutral,5934.0,89441.0,10344.0,PRO Neutral,85031.0,Bullish
2023-04-12,Wednesday,0,,17759.55,17824.3,17717.8,17817.9,0.6,0.33,0.36,-0.24,Down to Up,Green,11.98,12.27,24420.0,42666.0,-89645.0,FII Bullish (bought fut + sold puts),156731.0,Strong Bullish,-7943.0,223449.0,-125930.0,PRO Confident (sold puts >20K),341436.0,Strong Bullish
2023-04-13,Thursday,1,weekly,17807.3,17841.5,17729.7,17828.15,0.63,0.12,0.19,-0.44,Down to Up,Green,12.27,11.91,18721.0,-20366.0,10212.0,FII Mildly Bullish,-11857.0,Neutral,5365.0,24046.0,-124813.0,PRO Confident (sold puts >20K),154224.0,Strong Bullish
2023-04-17,Monday,0,,17863.0,17863.0,17574.35,17704.1,1.62,-0.89,0.0,-1.62,Top to Down,Red,11.91,12.27,18721.0,-20366.0,10212.0,FII Mildly Bullish,-11857.0,Neutral,5365.0,24046.0,-124813.0,PRO Confident (sold puts >20K),154224.0,Strong Bullish
2023-04-18,Tuesday,0,,17766.6,17766.6,17610.75,17661.55,0.88,-0.59,0.0,-0.88,Top to Down,Red,12.27,12.08,18721.0,-20366.0,10212.0,FII Mildly Bullish,-11857.0,Neutral,5365.0,24046.0,-124813.0,PRO Confident (sold puts >20K),154224.0,Strong Bullish
2023-04-19,Wednesday,0,,17653.35,17665.6,17580.0,17610.2,0.48,-0.24,0.07,-0.42,Top to Down,Red,12.08,12.15,434.0,-39481.0,-2581.0,FII Mildly Bearish,-36466.0,Mildly Bearish,837.0,12550.0,104124.0,PRO Hedging (bought puts >20K),-90737.0,Bearish
2023-04-20,Thursday,1,weekly,17638.6,17683.75,17584.5,17623.9,0.56,-0.08,0.26,-0.31,Top to Down,Red,12.15,11.94,-3052.0,9826.0,-23826.0,FII Confident (sold puts >20K),30600.0,Mildly Bullish,-2739.0,-61437.0,-54536.0,PRO Confident (sold puts >20K),-9640.0,Neutral
2023-04-21,Friday,0,weekly,17639.75,17662.5,17554.1,17618.9,0.61,-0.12,0.13,-0.49,Top to Down,Red,11.94,11.63,4896.0,91811.0,45301.0,FII Hedging (bought puts >20K),51406.0,Bullish,-4171.0,212298.0,117549.0,PRO Hedging (bought puts >20K),90578.0,Bullish
2023-04-24,Monday,0,,17707.55,17754.25,17612.7,17748.0,0.8,0.23,0.26,-0.54,Down to Up,Green,11.63,11.67,2325.0,-56564.0,13978.0,FII Mildly Bearish,-68217.0,Bearish,-1141.0,-73344.0,20179.0,PRO Hedging (bought puts >20K),-94664.0,Bearish
2023-04-25,Tuesday,0,,17761.55,17807.25,17717.3,17761.95,0.51,0.0,0.26,-0.25,Down to Up,Green,11.67,11.52,12194.0,-13837.0,-91867.0,FII Bullish (bought fut + sold puts),90224.0,Bullish,-2015.0,156982.0,-284553.0,PRO Confident (sold puts >20K),439520.0,Strong Bullish
2023-04-26,Wednesday,0,,17767.3,17826.8,17711.95,17817.95,0.65,0.29,0.33,-0.31,Down to Up,Green,11.52,11.65,5895.0,-33048.0,21576.0,FII Hedging (bought puts >20K),-48729.0,Mildly Bearish,4453.0,-87969.0,86631.0,PRO Hedging (bought puts >20K),-170147.0,Strong Bearish
2023-04-27,Thursday,1,monthly,17813.1,17931.25,17798.2,17923.2,0.75,0.62,0.66,-0.08,Down to Up,Green,11.65,11.43,632.0,48906.0,-2442.0,FII Neutral,51980.0,Bullish,19815.0,19307.0,-151222.0,PRO Bullish (bought fut + sold puts),190344.0,Strong Bullish
2023-04-28,Friday,0,monthly,17950.4,18088.8,17885.8,18048.9,1.13,0.55,0.77,-0.36,Down to Up,Green,11.43,10.95,-7238.0,-34156.0,-67708.0,FII Confident (sold puts >20K),26314.0,Neutral,-4075.0,-21663.0,313648.0,PRO Hedging (bought puts >20K),-339386.0,Strong Bearish
2023-05-02,Tuesday,0,,18124.8,18179.8,18106.2,18136.05,0.41,0.06,0.3,-0.1,Down to Up,Green,10.95,11.9,-7238.0,-34156.0,-67708.0,FII Confident (sold puts >20K),26314.0,Neutral,-4075.0,-21663.0,313648.0,PRO Hedging (bought puts >20K),-339386.0,Strong Bearish
2023-05-03,Wednesday,0,,18113.8,18116.25,18043.35,18082.7,0.4,-0.17,0.01,-0.39,Top to Down,Red,11.9,11.84,-7238.0,-34156.0,-67708.0,FII Confident (sold puts >20K),26314.0,Neutral,-4075.0,-21663.0,313648.0,PRO Hedging (bought puts >20K),-339386.0,Strong Bearish
2023-05-04,Thursday,1,weekly,18081.0,18267.1,18071.25,18238.6,1.08,0.87,1.03,-0.05,Down to Up,Green,11.84,11.73,-15957.0,48450.0,39129.0,FII Very Bearish (sold fut >10K + bought puts >20K),-6636.0,Neutral,3624.0,-9594.0,6773.0,PRO Neutral,-12743.0,Neutral
2023-05-05,Friday,0,weekly,18117.3,18216.95,18055.7,18069.95,0.89,-0.26,0.55,-0.34,Top to Down,Red,11.73,12.3,4381.0,-48058.0,-54188.0,FII Confident (sold puts >20K),10511.0,Neutral,-4812.0,87587.0,62855.0,PRO Hedging (bought puts >20K),19920.0,Neutral
2023-05-08,Monday,0,,18120.6,18286.7,18102.4,18269.75,1.02,0.82,0.92,-0.1,Down to Up,Green,12.3,12.64,-7677.0,49343.0,142688.0,FII Hedging (bought puts >20K),-101022.0,Strong Bearish,-1409.0,-341650.0,128038.0,PRO Hedging (bought puts >20K),-471097.0,Strong Bearish
2023-05-09,Tuesday,0,,18303.4,18343.9,18230.45,18258.3,0.62,-0.25,0.22,-0.4,Top to Down,Red,12.64,12.68,13337.0,-51685.0,-156468.0,FII Bullish (bought fut + sold puts),118120.0,Strong Bullish,6355.0,214771.0,-229318.0,PRO Confident (sold puts >20K),450444.0,Strong Bullish
2023-05-10,Wednesday,0,,18313.6,18326.3,18212.75,18311.1,0.62,-0.01,0.07,-0.55,Top to Down,Red,12.68,13.08,-5244.0,-29664.0,20749.0,FII Hedging (bought puts >20K),-55657.0,Bearish,10249.0,-99891.0,103198.0,PRO Hedging (bought puts >20K),-192840.0,Strong Bearish
2023-05-11,Thursday,1,weekly,18357.8,18357.8,18270.8,18304.5,0.47,-0.29,0.0,-0.47,Top to Down,Red,13.08,13.22,3511.0,55519.0,-6883.0,FII Neutral,65913.0,Bullish,-7054.0,151348.0,-122351.0,PRO Confident (sold puts >20K),266645.0,Strong Bullish
2023-05-12,Friday,0,weekly,18273.75,18342.0,18194.85,18312.2,0.81,0.21,0.37,-0.43,Down to Up,Green,13.22,12.85,-6816.0,35710.0,31169.0,FII Hedging (bought puts >20K),-2275.0,Neutral,-5719.0,68366.0,153381.0,PRO Hedging (bought puts >20K),-90734.0,Bearish
2023-05-15,Monday,0,,18339.3,18458.25,18291.5,18384.6,0.91,0.25,0.65,-0.26,Down to Up,Green,12.85,13.17,-3440.0,21088.0,-33977.0,FII Confident (sold puts >20K),51625.0,Bullish,-574.0,52580.0,-102393.0,PRO Confident (sold puts >20K),154399.0,Strong Bullish
2023-05-16,Tuesday,0,,18432.35,18432.35,18265.05,18276.75,0.91,-0.84,0.0,-0.91,Top to Down,Red,13.17,13.29,14047.0,25199.0,4195.0,FII Mildly Bullish,35051.0,Mildly Bullish,4670.0,-95066.0,-215456.0,PRO Confident (sold puts >20K),125060.0,Strong Bullish
2023-05-17,Wednesday,0,,18300.45,18307.4,18115.7,18197.95,1.05,-0.56,0.04,-1.01,Top to Down,Red,13.29,13.11,-3936.0,-90616.0,-10292.0,FII Mildly Bearish,-84260.0,Bearish,-4429.0,-161589.0,284727.0,PRO Hedging (bought puts >20K),-450745.0,Strong Bearish
2023-05-18,Thursday,1,weekly,18287.5,18296.45,18105.4,18134.65,1.04,-0.84,0.05,-1.0,Top to Down,Red,13.11,12.8,-6156.0,-65446.0,43385.0,FII Hedging (bought puts >20K),-114987.0,Strong Bearish,-9416.0,-53510.0,23233.0,PRO Hedging (bought puts >20K),-86159.0,Bearish
2023-05-19,Friday,0,weekly,18186.15,18217.7,18061.15,18205.45,0.86,0.11,0.17,-0.69,Down to Up,Green,12.8,12.3,6578.0,148229.0,46051.0,FII Hedging (bought puts >20K),108756.0,Strong Bullish,2091.0,122365.0,25600.0,PRO Hedging (bought puts >20K),98856.0,Bullish
2023-05-23,Tuesday,0,,18362.9,18419.65,18324.45,18333.75,0.52,-0.16,0.31,-0.21,Top to Down,Red,12.57,12.61,1616.0,-6970.0,-23072.0,FII Confident (sold puts >20K),17718.0,Neutral,4139.0,-166424.0,-98408.0,PRO Confident (sold puts >20K),-63877.0,Bearish
2023-05-24,Wednesday,0,,18294.8,18392.5,18263.9,18287.0,0.7,-0.04,0.53,-0.17,Top to Down,Red,12.61,13.11,8442.0,6800.0,-1258.0,FII Neutral,16500.0,Neutral,-3356.0,91544.0,-689.0,PRO Neutral,88877.0,Bullish
2023-05-25,Thursday,1,monthly,18268.9,18337.0,18202.8,18335.9,0.73,0.37,0.37,-0.36,Down to Up,Green,13.11,12.52,-4364.0,-34871.0,31495.0,FII Hedging (bought puts >20K),-70730.0,Bearish,8395.0,-218582.0,94637.0,PRO Hedging (bought puts >20K),-304824.0,Strong Bearish
2023-05-26,Friday,0,monthly,18368.35,18508.35,18333.25,18491.9,0.95,0.67,0.76,-0.19,Down to Up,Green,12.52,11.9,22985.0,-24160.0,-111828.0,FII Bullish (bought fut + sold puts),110653.0,Strong Bullish,-6895.0,257452.0,124838.0,PRO Hedging (bought puts >20K),125719.0,Strong Bullish
2023-05-29,Monday,0,,18619.15,18640.35,18582.2,18601.1,0.31,-0.1,0.11,-0.2,Top to Down,Red,11.9,12.3,13122.0,92226.0,21785.0,FII Hedging (bought puts >20K),83563.0,Bullish,-812.0,122944.0,-226869.0,PRO Confident (sold puts >20K),349001.0,Strong Bullish
2023-05-30,Tuesday,0,,18606.65,18661.75,18577.55,18639.95,0.45,0.18,0.3,-0.16,Down to Up,Green,12.3,12.01,-2273.0,-87232.0,-38330.0,FII Confident (sold puts >20K),-51175.0,Bearish,6353.0,-227890.0,-75550.0,PRO Confident (sold puts >20K),-145987.0,Strong Bearish
2023-05-31,Wednesday,0,,18594.2,18602.4,18484.05,18521.3,0.64,-0.39,0.04,-0.59,Top to Down,Red,12.01,11.97,2757.0,38476.0,-28981.0,FII Confident (sold puts >20K),70214.0,Bullish,-112.0,135905.0,13879.0,PRO Neutral,121914.0,Strong Bullish
2023-06-01,Thursday,1,weekly,18579.4,18580.05,18465.35,18486.1,0.62,-0.5,0.0,-0.61,Top to Down,Red,11.97,11.6,-21752.0,3856.0,153727.0,FII Very Bearish (sold fut >10K + bought puts >20K),-171623.0,Strong Bearish,4856.0,-157046.0,195186.0,PRO Hedging (bought puts >20K),-347376.0,Strong Bearish
2023-06-02,Friday,0,weekly,18550.85,18573.25,18478.5,18525.85,0.51,-0.13,0.12,-0.39,Top to Down,Red,11.6,11.13,-22693.0,-55962.0,-16948.0,FII Bearish (sold fut >10K),-61707.0,Bearish,530.0,-32427.0,59943.0,PRO Hedging (bought puts >20K),-91840.0,Bearish
2023-06-05,Monday,0,,18612.0,18639.4,18583.3,18599.9,0.3,-0.07,0.15,-0.15,Top to Down,Red,11.13,11.14,4979.0,105625.0,37531.0,FII Hedging (bought puts >20K),73073.0,Bullish,-6493.0,64945.0,18565.0,PRO Neutral,39887.0,Mildly Bullish
2023-06-06,Tuesday,0,,18600.8,18622.05,18531.95,18617.1,0.48,0.09,0.11,-0.37,Down to Up,Green,11.14,11.38,7448.0,20084.0,-25632.0,FII Confident (sold puts >20K),53164.0,Bullish,-2103.0,-9956.0,-101744.0,PRO Confident (sold puts >20K),89685.0,Bullish
2023-06-07,Wednesday,0,,18665.6,18738.75,18636.5,18730.35,0.55,0.35,0.39,-0.16,Down to Up,Green,11.38,11.44,-10457.0,-67613.0,-23577.0,FII Bearish (sold fut >10K),-54493.0,Bearish,-3266.0,221072.0,40599.0,PRO Hedging (bought puts >20K),177207.0,Strong Bullish
2023-06-08,Thursday,1,weekly,18725.35,18777.8,18615.95,18646.9,0.86,-0.42,0.28,-0.58,Top to Down,Red,11.44,11.26,8579.0,38297.0,-51282.0,FII Confident (sold puts >20K),98158.0,Bullish,-1930.0,-1585.0,-208181.0,PRO Confident (sold puts >20K),204666.0,Strong Bullish
2023-06-09,Friday,0,weekly,18655.9,18676.25,18555.7,18567.3,0.65,-0.47,0.11,-0.54,Top to Down,Red,11.26,11.12,-4542.0,-59866.0,42502.0,FII Hedging (bought puts >20K),-106910.0,Strong Bearish,6562.0,-210716.0,253897.0,PRO Hedging (bought puts >20K),-458051.0,Strong Bearish
2023-06-12,Monday,0,,18595.05,18625.1,18560.8,18614.9,0.35,0.11,0.16,-0.18,Down to Up,Green,11.12,11.25,-6535.0,-37535.0,112288.0,FII Hedging (bought puts >20K),-156358.0,Strong Bearish,-2167.0,-39331.0,117250.0,PRO Hedging (bought puts >20K),-158748.0,Strong Bearish
2023-06-13,Tuesday,0,,18631.8,18727.75,18631.8,18718.65,0.51,0.47,0.51,0.0,Down to Up,Green,11.25,11.11,10481.0,72498.0,-62443.0,FII Bullish (bought fut + sold puts),145422.0,Strong Bullish,-2921.0,-48536.0,-136410.0,PRO Confident (sold puts >20K),84953.0,Bullish
2023-06-14,Wednesday,0,,18744.6,18769.5,18690.6,18749.65,0.42,0.03,0.13,-0.29,Down to Up,Green,11.11,11.16,6388.0,24861.0,-36502.0,FII Confident (sold puts >20K),67751.0,Bullish,-12290.0,313530.0,-91552.0,PRO Bearish (sold fut >10K),392792.0,Strong Bullish
2023-06-15,Thursday,1,weekly,18774.45,18793.9,18669.2,18682.15,0.66,-0.49,0.1,-0.56,Top to Down,Red,11.16,11.08,8227.0,-3465.0,-4786.0,FII Neutral,9548.0,Neutral,-1274.0,-160181.0,-25348.0,PRO Confident (sold puts >20K),-136107.0,Strong Bearish
2023-06-16,Friday,0,weekly,18723.3,18863.95,18712.7,18823.6,0.81,0.54,0.75,-0.06,Down to Up,Green,11.08,10.84,-6686.0,-93249.0,13161.0,FII Mildly Bearish,-113096.0,Strong Bearish,7333.0,-66188.0,128980.0,PRO Hedging (bought puts >20K),-187835.0,Strong Bearish
2023-06-19,Monday,0,,18873.3,18879.0,18719.3,18754.2,0.85,-0.63,0.03,-0.82,Top to Down,Red,10.84,11.23,12555.0,64259.0,-47643.0,FII Bullish (bought fut + sold puts),124457.0,Strong Bullish,-2963.0,226488.0,-116106.0,PRO Confident (sold puts >20K),339631.0,Strong Bullish
2023-06-20,Tuesday,0,,18752.35,18838.35,18661.15,18833.7,0.94,0.43,0.46,-0.49,Down to Up,Green,11.23,11.13,-14171.0,-40211.0,42320.0,FII Very Bearish (sold fut >10K + bought puts >20K),-96702.0,Bearish,7456.0,-330178.0,64173.0,PRO Hedging (bought puts >20K),-386895.0,Strong Bearish
2023-06-21,Wednesday,0,,18849.4,18875.65,18794.9,18862.1,0.43,0.07,0.14,-0.29,Down to Up,Green,11.13,11.29,2786.0,-44238.0,-95314.0,FII Confident (sold puts >20K),53862.0,Bullish,-13288.0,319521.0,-48368.0,PRO Bearish (sold fut >10K),354601.0,Strong Bullish
2023-06-22,Thursday,1,weekly,18853.6,18886.05,18760.6,18779.35,0.67,-0.39,0.17,-0.49,Top to Down,Red,11.29,11.55,2012.0,-15171.0,-47535.0,FII Confident (sold puts >20K),34376.0,Mildly Bullish,5127.0,-69433.0,-124613.0,PRO Confident (sold puts >20K),60307.0,Bullish
2023-06-23,Friday,0,weekly,18741.85,18751.2,18647.45,18668.55,0.55,-0.39,0.05,-0.5,Top to Down,Red,11.55,11.24,3188.0,73460.0,138320.0,FII Hedging (bought puts >20K),-61672.0,Bearish,3516.0,-84569.0,179785.0,PRO Hedging (bought puts >20K),-260838.0,Strong Bearish
2023-06-26,Monday,0,,18682.35,18721.75,18647.65,18694.7,0.4,0.07,0.21,-0.19,Down to Up,Green,11.24,11.4,-2778.0,16621.0,89824.0,FII Hedging (bought puts >20K),-75981.0,Bearish,-7915.0,-99007.0,69300.0,PRO Hedging (bought puts >20K),-176222.0,Strong Bearish
2023-06-27,Tuesday,0,,18748.55,18829.15,18714.5,18818.6,0.61,0.37,0.43,-0.18,Down to Up,Green,11.4,10.78,2023.0,-37474.0,-75495.0,FII Confident (sold puts >20K),40044.0,Mildly Bullish,4355.0,-7917.0,-65758.0,PRO Confident (sold puts >20K),62196.0,Bullish
2023-06-28,Wednesday,1,monthly,18908.15,19010.4,18861.45,18991.9,0.79,0.44,0.54,-0.25,Down to Up,Green,10.78,10.89,35463.0,105144.0,43534.0,FII Hedging (bought puts >20K),97073.0,Bullish,-26572.0,306024.0,-238978.0,PRO Bearish (sold fut >10K),518430.0,Strong Bullish
2023-06-30,Friday,0,monthly,19076.85,19201.7,19024.6,19183.2,0.93,0.56,0.65,-0.27,Down to Up,Green,10.89,10.8,35463.0,105144.0,43534.0,FII Hedging (bought puts >20K),97073.0,Bullish,-26572.0,306024.0,-238978.0,PRO Bearish (sold fut >10K),518430.0,Strong Bullish
2023-07-03,Monday,0,,19246.5,19345.1,19234.4,19330.65,0.58,0.44,0.51,-0.06,Down to Up,Green,10.8,11.54,35463.0,105144.0,43534.0,FII Hedging (bought puts >20K),97073.0,Bullish,-26572.0,306024.0,-238978.0,PRO Bearish (sold fut >10K),518430.0,Strong Bullish
2023-07-04,Tuesday,0,,19406.6,19434.15,19300.0,19385.55,0.69,-0.11,0.14,-0.55,Top to Down,Red,11.54,11.7,4957.0,18804.0,41865.0,FII Hedging (bought puts >20K),-18104.0,Neutral,-1420.0,-285584.0,-129651.0,PRO Confident (sold puts >20K),-157353.0,Strong Bearish
2023-07-05,Wednesday,0,,19405.95,19421.6,19339.6,19415.3,0.42,0.05,0.08,-0.34,Down to Up,Green,11.7,11.88,12375.0,11277.0,48222.0,FII Hedging (bought puts >20K),-24570.0,Neutral,3918.0,190044.0,148106.0,PRO Hedging (bought puts >20K),45856.0,Mildly Bullish
2023-07-06,Thursday,1,weekly,19385.7,19512.2,19373.0,19486.25,0.72,0.52,0.65,-0.07,Down to Up,Green,11.88,11.84,4605.0,-81882.0,-50269.0,FII Confident (sold puts >20K),-27008.0,Neutral,32.0,-151473.0,-8003.0,PRO Mildly Bearish,-143438.0,Strong Bearish
2023-07-07,Friday,0,weekly,19422.8,19523.6,19303.6,19324.65,1.13,-0.51,0.52,-0.61,Top to Down,Red,11.84,11.53,8458.0,-2616.0,15901.0,FII Neutral,-10059.0,Neutral,-6593.0,189881.0,233718.0,PRO Hedging (bought puts >20K),-50430.0,Bearish
2023-07-10,Monday,0,,19400.35,19435.85,19327.1,19367.85,0.56,-0.17,0.18,-0.38,Top to Down,Red,11.53,11.46,-11224.0,162112.0,156466.0,FII Very Bearish (sold fut >10K + bought puts >20K),-5578.0,Neutral,6767.0,-136000.0,239868.0,PRO Hedging (bought puts >20K),-369101.0,Strong Bearish
2023-07-11,Tuesday,0,,19427.1,19515.1,19406.45,19448.15,0.56,0.11,0.45,-0.11,Down to Up,Green,11.46,11.01,2979.0,-219501.0,-42966.0,FII Confident (sold puts >20K),-173556.0,Strong Bearish,1811.0,-130064.0,-154660.0,PRO Confident (sold puts >20K),26407.0,Neutral
2023-07-12,Wednesday,0,,19497.45,19507.7,19361.75,19384.75,0.75,-0.58,0.05,-0.7,Top to Down,Red,11.01,10.94,10.0,82930.0,-16459.0,FII Neutral,99399.0,Bullish,30.0,86436.0,-3149.0,PRO Neutral,89615.0,Bullish
2023-07-13,Thursday,1,weekly,19495.2,19567.0,19385.8,19443.2,0.93,-0.27,0.37,-0.56,Top to Down,Red,10.94,10.94,1441.0,-31714.0,27702.0,FII Hedging (bought puts >20K),-57975.0,Bearish,4191.0,-198964.0,2275.0,PRO Mildly Bearish,-197048.0,Strong Bearish
2023-07-14,Friday,0,weekly,19493.45,19595.35,19433.5,19587.35,0.83,0.48,0.52,-0.31,Down to Up,Green,10.94,10.68,-9554.0,73468.0,-26258.0,FII Confident (sold puts >20K),90172.0,Bullish,7868.0,226429.0,-5156.0,PRO Neutral,239453.0,Strong Bullish
2023-07-17,Monday,0,,19612.15,19731.85,19562.95,19719.1,0.86,0.55,0.61,-0.25,Down to Up,Green,10.68,11.32,2117.0,-70055.0,-97274.0,FII Confident (sold puts >20K),29336.0,Neutral,-10616.0,273505.0,-834.0,PRO Bearish (sold fut >10K),263723.0,Strong Bullish
2023-07-18,Tuesday,0,,19787.5,19819.45,19690.2,19751.55,0.65,-0.18,0.16,-0.49,Top to Down,Red,11.32,11.71,2514.0,58142.0,-12704.0,FII Neutral,73360.0,Bullish,-7034.0,46127.0,-359571.0,PRO Confident (sold puts >20K),398664.0,Strong Bullish
2023-07-19,Wednesday,0,,19802.95,19851.7,19727.45,19847.15,0.63,0.22,0.25,-0.38,Down to Up,Green,11.71,11.6,5590.0,-22994.0,51947.0,FII Hedging (bought puts >20K),-69351.0,Bearish,9224.0,-295845.0,281883.0,PRO Hedging (bought puts >20K),-568504.0,Strong Bearish
2023-07-20,Thursday,1,weekly,19831.7,19991.85,19758.4,19969.95,1.18,0.7,0.81,-0.37,Down to Up,Green,11.6,11.79,-3464.0,37142.0,-28975.0,FII Confident (sold puts >20K),62653.0,Bullish,-2485.0,48730.0,-219608.0,PRO Confident (sold puts >20K),265853.0,Strong Bullish
2023-07-24,Monday,0,,19748.45,19782.75,19658.3,19665.4,0.63,-0.42,0.17,-0.46,Top to Down,Red,11.49,11.65,-15588.0,-18986.0,129566.0,FII Very Bearish (sold fut >10K + bought puts >20K),-164140.0,Strong Bearish,-10772.0,-172005.0,195262.0,PRO Very Bearish (sold fut >10K + bought puts >20K),-378039.0,Strong Bearish
2023-07-25,Tuesday,0,,19729.35,19729.35,19615.95,19678.85,0.57,-0.26,0.0,-0.57,Top to Down,Red,11.65,10.24,2422.0,-107960.0,-19007.0,FII Mildly Bearish,-86531.0,Bearish,2219.0,-105168.0,50556.0,PRO Hedging (bought puts >20K),-153505.0,Strong Bearish
2023-07-26,Wednesday,0,,19733.35,19825.6,19716.7,19773.1,0.55,0.2,0.47,-0.08,Down to Up,Green,10.24,10.46,-10979.0,110030.0,132944.0,FII Very Bearish (sold fut >10K + bought puts >20K),-33893.0,Mildly Bearish,1184.0,72970.0,77918.0,PRO Hedging (bought puts >20K),-3764.0,Neutral
2023-07-27,Thursday,1,monthly,19850.9,19867.55,19603.55,19700.2,1.33,-0.76,0.08,-1.25,Top to Down,Red,10.46,10.51,4725.0,-44464.0,-96820.0,FII Confident (sold puts >20K),57081.0,Bullish,-3905.0,150720.0,-77283.0,PRO Confident (sold puts >20K),224098.0,Strong Bullish
2023-07-28,Friday,0,monthly,19659.75,19695.9,19563.1,19638.0,0.68,-0.11,0.18,-0.49,Top to Down,Red,10.51,10.14,-51667.0,-63801.0,-111288.0,FII Bearish (sold fut >10K),-4180.0,Neutral,21852.0,-161522.0,98299.0,PRO Hedging (bought puts >20K),-237969.0,Strong Bearish
2023-07-31,Monday,0,,19666.35,19772.75,19597.6,19742.5,0.89,0.39,0.54,-0.35,Down to Up,Green,10.14,10.41,-19427.0,139176.0,224737.0,FII Very Bearish (sold fut >10K + bought puts >20K),-104988.0,Strong Bearish,-1994.0,-53743.0,24579.0,PRO Hedging (bought puts >20K),-80316.0,Bearish
2023-08-01,Tuesday,0,,19784.0,19795.6,19704.6,19736.1,0.46,-0.24,0.06,-0.4,Top to Down,Red,10.41,10.28,-8147.0,-9581.0,-87077.0,FII Confident (sold puts >20K),69349.0,Bullish,3038.0,158745.0,-177312.0,PRO Confident (sold puts >20K),339095.0,Strong Bullish
2023-08-02,Wednesday,0,,19655.4,19678.25,19425.7,19514.8,1.28,-0.72,0.12,-1.17,Top to Down,Red,10.28,11.28,-247.0,-35927.0,-21499.0,FII Confident (sold puts >20K),-14675.0,Neutral,4908.0,29379.0,195898.0,PRO Hedging (bought puts >20K),-161611.0,Strong Bearish
2023-08-03,Thursday,1,weekly,19463.75,19537.65,19297.85,19394.45,1.23,-0.36,0.38,-0.85,Top to Down,Red,11.28,11.19,-9763.0,32013.0,93709.0,FII Hedging (bought puts >20K),-71459.0,Bearish,-8813.0,-393317.0,-136481.0,PRO Confident (sold puts >20K),-265649.0,Strong Bearish
2023-08-04,Friday,0,weekly,19462.8,19538.85,19436.45,19510.05,0.53,0.24,0.39,-0.14,Down to Up,Green,11.19,10.57,-36278.0,-49200.0,-47701.0,FII Bearish (sold fut >10K),-37777.0,Mildly Bearish,2424.0,212047.0,81589.0,PRO Hedging (bought puts >20K),132882.0,Strong Bullish
2023-08-07,Monday,0,,19576.85,19620.45,19525.55,19597.95,0.48,0.11,0.22,-0.26,Down to Up,Green,10.57,11.1,15026.0,7750.0,-3347.0,FII Mildly Bullish,26123.0,Neutral,2241.0,120179.0,-33259.0,PRO Confident (sold puts >20K),155679.0,Strong Bullish
2023-08-08,Tuesday,0,,19627.2,19634.4,19533.45,19570.8,0.51,-0.29,0.04,-0.48,Top to Down,Red,11.1,11.33,6852.0,68958.0,-27745.0,FII Confident (sold puts >20K),103555.0,Strong Bullish,-3091.0,-92161.0,-79497.0,PRO Confident (sold puts >20K),-15755.0,Neutral
2023-08-09,Wednesday,0,,19578.8,19645.5,19468.25,19630.95,0.91,0.27,0.34,-0.56,Down to Up,Green,11.33,11.14,6193.0,25798.0,72204.0,FII Hedging (bought puts >20K),-40213.0,Mildly Bearish,-10895.0,54240.0,2456.0,PRO Bearish (sold fut >10K),40889.0,Mildly Bullish
2023-08-10,Thursday,1,weekly,19605.55,19621.95,19496.3,19549.2,0.64,-0.29,0.08,-0.56,Top to Down,Red,11.14,11.4,-6057.0,-37074.0,-60798.0,FII Confident (sold puts >20K),17667.0,Neutral,5404.0,77305.0,-13177.0,PRO Neutral,95886.0,Bullish
2023-08-11,Friday,0,weekly,19554.25,19555.15,19413.8,19424.25,0.72,-0.66,0.0,-0.72,Top to Down,Red,11.4,11.52,-14953.0,-151575.0,-72919.0,FII Bearish (sold fut >10K),-93609.0,Bearish,15414.0,-49026.0,141078.0,PRO Hedging (bought puts >20K),-174690.0,Strong Bearish
2023-08-14,Monday,0,,19383.95,19465.3,19258.2,19413.65,1.07,0.15,0.42,-0.65,Down to Up,Green,11.52,12.0,-2730.0,36415.0,18283.0,FII Neutral,15402.0,Neutral,2603.0,-182346.0,13628.0,PRO Mildly Bearish,-193371.0,Strong Bearish
2023-08-16,Wednesday,0,,19369.0,19482.75,19319.25,19447.0,0.84,0.4,0.59,-0.26,Down to Up,Green,12.0,12.13,-2730.0,36415.0,18283.0,FII Neutral,15402.0,Neutral,2603.0,-182346.0,13628.0,PRO Mildly Bearish,-193371.0,Strong Bearish
2023-08-17,Thursday,1,weekly,19450.55,19461.55,19326.65,19346.2,0.69,-0.54,0.06,-0.64,Top to Down,Red,12.13,12.24,-2730.0,36415.0,18283.0,FII Neutral,15402.0,Neutral,2603.0,-182346.0,13628.0,PRO Mildly Bearish,-193371.0,Strong Bearish
2023-08-18,Friday,0,weekly,19301.75,19373.8,19253.6,19281.5,0.62,-0.1,0.37,-0.25,Top to Down,Red,12.24,12.14,-535.0,-84205.0,-24110.0,FII Confident (sold puts >20K),-60630.0,Bearish,1338.0,160136.0,267542.0,PRO Hedging (bought puts >20K),-106068.0,Strong Bearish
2023-08-21,Monday,0,,19320.65,19425.95,19296.55,19380.6,0.67,0.31,0.55,-0.12,Down to Up,Green,12.14,11.96,11509.0,27377.0,-61557.0,FII Bullish (bought fut + sold puts),100443.0,Strong Bullish,-8215.0,6633.0,75372.0,PRO Hedging (bought puts >20K),-76954.0,Bearish
2023-08-22,Tuesday,0,,19417.1,19443.5,19382.2,19390.05,0.32,-0.14,0.14,-0.18,Top to Down,Red,11.96,11.75,2801.0,17002.0,-33270.0,FII Confident (sold puts >20K),53073.0,Bullish,-5628.0,43448.0,-183628.0,PRO Confident (sold puts >20K),221448.0,Strong Bullish
2023-08-23,Wednesday,0,,19439.2,19472.05,19366.85,19441.55,0.54,0.01,0.17,-0.37,Down to Up,Green,11.75,11.73,-605.0,35788.0,183658.0,FII Hedging (bought puts >20K),-148475.0,Strong Bearish,5039.0,-132489.0,47737.0,PRO Hedging (bought puts >20K),-175187.0,Strong Bearish
2023-08-24,Thursday,1,weekly,19535.15,19584.45,19369.35,19380.4,1.1,-0.79,0.25,-0.85,Top to Down,Red,11.73,11.7,9613.0,-35887.0,-94939.0,FII Confident (sold puts >20K),68665.0,Bullish,-13059.0,162639.0,-306237.0,PRO Bearish (sold fut >10K),455817.0,Strong Bullish
2023-08-25,Friday,0,monthly,19297.4,19339.55,19230.65,19244.3,0.56,-0.28,0.22,-0.35,Top to Down,Red,11.7,12.08,-5691.0,-44781.0,30406.0,FII Hedging (bought puts >20K),-80878.0,Bearish,15017.0,-103839.0,312988.0,PRO Hedging (bought puts >20K),-401810.0,Strong Bearish
2023-08-28,Monday,0,,19298.35,19366.85,19250.25,19302.65,0.6,0.02,0.35,-0.25,Down to Up,Green,12.08,12.4,-14899.0,-43211.0,34897.0,FII Very Bearish (sold fut >10K + bought puts >20K),-93007.0,Bearish,6086.0,-80128.0,89249.0,PRO Hedging (bought puts >20K),-163291.0,Strong Bearish
2023-08-29,Tuesday,0,,19374.85,19377.9,19309.95,19352.95,0.35,-0.11,0.02,-0.33,Top to Down,Red,12.4,12.23,8097.0,116328.0,-6461.0,FII Neutral,130886.0,Strong Bullish,-11761.0,68930.0,-268878.0,PRO Bearish (sold fut >10K),326047.0,Strong Bullish
2023-08-30,Wednesday,0,,19433.45,19452.8,19335.3,19340.05,0.6,-0.48,0.1,-0.51,Top to Down,Red,12.23,11.8,8121.0,108028.0,113762.0,FII Hedging (bought puts >20K),2387.0,Neutral,447.0,-47562.0,54925.0,PRO Hedging (bought puts >20K),-102040.0,Strong Bearish
2023-08-31,Thursday,1,monthly,19375.55,19388.2,19224.6,19279.55,0.84,-0.5,0.07,-0.78,Top to Down,Red,11.8,12.06,-1261.0,-84620.0,-113863.0,FII Confident (sold puts >20K),27982.0,Neutral,10371.0,-286625.0,110275.0,PRO Hedging (bought puts >20K),-386529.0,Strong Bearish
2023-09-01,Friday,0,weekly,19258.15,19458.55,19258.15,19423.35,1.04,0.86,1.04,0.0,Down to Up,Green,12.06,11.37,25792.0,-105976.0,-76820.0,FII Bullish (bought fut + sold puts),-3364.0,Neutral,17466.0,340291.0,95613.0,PRO Hedging (bought puts >20K),262144.0,Strong Bullish
2023-09-04,Monday,0,,19525.05,19545.15,19432.85,19535.4,0.58,0.05,0.1,-0.47,Down to Up,Green,11.37,10.96,1515.0,-13738.0,-45382.0,FII Confident (sold puts >20K),33159.0,Mildly Bullish,-13083.0,210442.0,-159767.0,PRO Bearish (sold fut >10K),357126.0,Strong Bullish
2023-09-05,Tuesday,0,,19564.65,19587.05,19525.75,19577.65,0.31,0.07,0.11,-0.2,Down to Up,Green,10.96,10.82,2394.0,39313.0,-15009.0,FII Neutral,56716.0,Bullish,-3864.0,-207451.0,-234966.0,PRO Confident (sold puts >20K),23651.0,Neutral
2023-09-06,Wednesday,0,,19581.2,19636.45,19491.5,19618.9,0.74,0.19,0.28,-0.46,Down to Up,Green,10.82,10.68,1778.0,257221.0,258519.0,FII Hedging (bought puts >20K),480.0,Neutral,5605.0,-60996.0,59966.0,PRO Hedging (bought puts >20K),-115357.0,Strong Bearish
2023-09-07,Thursday,1,weekly,19598.65,19737.0,19550.05,19723.25,0.95,0.64,0.71,-0.25,Down to Up,Green,10.68,10.87,-2924.0,-140946.0,-606.0,FII Mildly Bearish,-143264.0,Strong Bearish,8646.0,146250.0,147870.0,PRO Hedging (bought puts >20K),7026.0,Neutral
2023-09-08,Friday,0,weekly,19774.8,19867.15,19728.7,19820.5,0.7,0.23,0.47,-0.23,Down to Up,Green,10.87,10.78,17482.0,-78186.0,-175631.0,FII Bullish (bought fut + sold puts),114927.0,Strong Bullish,-22245.0,37131.0,-108115.0,PRO Bearish (sold fut >10K),123001.0,Strong Bullish
2023-09-11,Monday,0,,19890.0,20008.15,19873.7,20000.0,0.68,0.55,0.59,-0.08,Down to Up,Green,10.78,11.35,4594.0,-56953.0,-99008.0,FII Confident (sold puts >20K),46649.0,Mildly Bullish,2126.0,-1101.0,-65710.0,PRO Confident (sold puts >20K),66735.0,Bullish
2023-09-12,Tuesday,0,,20110.15,20110.35,19914.8,19985.65,0.97,-0.62,0.0,-0.97,Top to Down,Red,11.35,11.69,8533.0,-2221.0,-28514.0,FII Confident (sold puts >20K),34826.0,Mildly Bullish,6851.0,-31518.0,-275819.0,PRO Confident (sold puts >20K),251152.0,Strong Bullish
2023-09-13,Wednesday,0,,19989.5,20096.9,19945.5,20063.35,0.76,0.37,0.54,-0.22,Down to Up,Green,11.69,11.83,11077.0,309795.0,345210.0,FII Hedging (bought puts >20K),-24338.0,Neutral,5107.0,-336347.0,166222.0,PRO Hedging (bought puts >20K),-497462.0,Strong Bearish
2023-09-14,Thursday,1,weekly,20127.95,20167.65,20044.7,20101.85,0.61,-0.13,0.2,-0.41,Top to Down,Red,11.83,11.32,14424.0,-113060.0,-196621.0,FII Bullish (bought fut + sold puts),97985.0,Bullish,-18948.0,229742.0,61529.0,PRO Very Bearish (sold fut >10K + bought puts >20K),149265.0,Strong Bullish
2023-09-15,Friday,0,weekly,20156.45,20222.45,20130.0,20169.0,0.46,0.06,0.33,-0.13,Down to Up,Green,11.32,10.9,-1730.0,-37414.0,25515.0,FII Hedging (bought puts >20K),-64659.0,Bearish,8792.0,-37078.0,88861.0,PRO Hedging (bought puts >20K),-117147.0,Strong Bearish
2023-09-18,Monday,0,,20155.95,20195.35,20117.8,20123.65,0.38,-0.16,0.2,-0.19,Top to Down,Red,10.9,10.84,3193.0,-5894.0,-70040.0,FII Confident (sold puts >20K),67339.0,Bullish,-863.0,18514.0,-26964.0,PRO Confident (sold puts >20K),44615.0,Mildly Bullish
2023-09-20,Wednesday,0,,19980.75,20050.65,19879.55,19909.55,0.86,-0.36,0.35,-0.51,Top to Down,Red,10.84,11.13,3193.0,-5894.0,-70040.0,FII Confident (sold puts >20K),67339.0,Bullish,-863.0,18514.0,-26964.0,PRO Confident (sold puts >20K),44615.0,Mildly Bullish
2023-09-21,Thursday,1,weekly,19840.55,19848.75,19711.0,19748.85,0.69,-0.46,0.04,-0.65,Top to Down,Red,11.13,10.82,3193.0,-5894.0,-70040.0,FII Confident (sold puts >20K),67339.0,Bullish,-863.0,18514.0,-26964.0,PRO Confident (sold puts >20K),44615.0,Mildly Bullish
2023-09-22,Friday,0,weekly,19744.85,19798.65,19658.5,19684.6,0.71,-0.31,0.27,-0.44,Top to Down,Red,10.82,10.66,-11348.0,24769.0,116295.0,FII Very Bearish (sold fut >10K + bought puts >20K),-102874.0,Strong Bearish,-22369.0,-83460.0,-1939.0,PRO Bearish (sold fut >10K),-103890.0,Strong Bearish
2023-09-25,Monday,0,,19678.2,19734.15,19602.05,19674.85,0.67,-0.02,0.28,-0.39,Top to Down,Red,10.66,10.9,-10473.0,-72371.0,-40667.0,FII Bearish (sold fut >10K),-42177.0,Mildly Bearish,-153.0,-38014.0,21503.0,PRO Hedging (bought puts >20K),-59670.0,Bearish
2023-09-26,Tuesday,0,,19682.8,19699.35,19637.45,19673.6,0.31,-0.05,0.08,-0.23,Top to Down,Red,10.9,11.19,-15634.0,45763.0,-16292.0,FII Bearish (sold fut >10K),46421.0,Mildly Bullish,-3690.0,77863.0,-49826.0,PRO Confident (sold puts >20K),123999.0,Strong Bullish
2023-09-27,Wednesday,0,,19637.05,19730.7,19554.0,19728.2,0.9,0.46,0.48,-0.42,Down to Up,Green,11.19,11.59,-3477.0,-43844.0,-2842.0,FII Mildly Bearish,-44479.0,Mildly Bearish,3329.0,9365.0,33083.0,PRO Hedging (bought puts >20K),-20389.0,Neutral
2023-09-28,Thursday,1,monthly,19761.8,19766.65,19492.1,19553.3,1.39,-1.06,0.02,-1.36,Top to Down,Red,11.59,12.82,-13829.0,31255.0,-22273.0,FII Bearish (sold fut >10K),39699.0,Mildly Bullish,-1383.0,-26761.0,-227709.0,PRO Confident (sold puts >20K),199565.0,Strong Bullish
2023-09-29,Friday,0,monthly,19581.2,19726.25,19551.05,19638.2,0.89,0.29,0.74,-0.15,Down to Up,Green,12.82,11.45,-36431.0,30873.0,34741.0,FII Very Bearish (sold fut >10K + bought puts >20K),-40299.0,Mildly Bearish,36292.0,63141.0,253035.0,PRO Hedging (bought puts >20K),-153602.0,Strong Bearish
2023-10-03,Tuesday,0,,19622.4,19623.2,19479.65,19522.95,0.73,-0.51,0.0,-0.73,Top to Down,Red,11.45,11.79,-36431.0,30873.0,34741.0,FII Very Bearish (sold fut >10K + bought puts >20K),-40299.0,Mildly Bearish,36292.0,63141.0,253035.0,PRO Hedging (bought puts >20K),-153602.0,Strong Bearish
2023-10-04,Wednesday,0,,19446.3,19457.8,19333.6,19446.15,0.64,-0.0,0.06,-0.58,Top to Down,Red,11.79,11.66,-36431.0,30873.0,34741.0,FII Very Bearish (sold fut >10K + bought puts >20K),-40299.0,Mildly Bearish,36292.0,63141.0,253035.0,PRO Hedging (bought puts >20K),-153602.0,Strong Bearish
2023-10-05,Thursday,1,weekly,19521.85,19576.95,19487.3,19546.6,0.46,0.13,0.28,-0.18,Down to Up,Green,11.66,10.94,-6335.0,-12128.0,-33217.0,FII Confident (sold puts >20K),14754.0,Neutral,9554.0,73677.0,-13615.0,PRO Neutral,96846.0,Bullish
2023-10-06,Friday,0,weekly,19621.2,19675.75,19589.4,19649.9,0.44,0.15,0.28,-0.16,Down to Up,Green,10.94,10.3,3917.0,-130998.0,-112996.0,FII Confident (sold puts >20K),-14085.0,Neutral,725.0,115212.0,83652.0,PRO Hedging (bought puts >20K),32285.0,Mildly Bullish
2023-10-09,Monday,0,,19539.45,19588.95,19480.5,19497.5,0.56,-0.21,0.25,-0.3,Top to Down,Red,10.3,11.4,3943.0,48808.0,-17180.0,FII Neutral,69931.0,Bullish,-369.0,353848.0,7419.0,PRO Neutral,346060.0,Strong Bullish
2023-10-10,Tuesday,0,,19565.6,19717.8,19565.45,19691.5,0.78,0.64,0.78,-0.0,Down to Up,Green,11.4,11.27,-3451.0,-15680.0,-15406.0,FII Neutral,-3725.0,Neutral,1117.0,-475393.0,12238.0,PRO Mildly Bearish,-486514.0,Strong Bearish
2023-10-11,Wednesday,0,,19767.0,19839.2,19756.95,19808.5,0.42,0.21,0.37,-0.05,Down to Up,Green,11.27,10.99,2145.0,-92781.0,-206270.0,FII Confident (sold puts >20K),115634.0,Strong Bullish,-13642.0,256286.0,-310009.0,PRO Bearish (sold fut >10K),552653.0,Strong Bullish
2023-10-12,Thursday,1,weekly,19822.7,19843.3,19772.65,19782.9,0.36,-0.2,0.1,-0.25,Top to Down,Red,10.99,10.62,11881.0,142493.0,167187.0,FII Hedging (bought puts >20K),-12813.0,Neutral,3960.0,-219533.0,98004.0,PRO Hedging (bought puts >20K),-313577.0,Strong Bearish
2023-10-13,Friday,0,weekly,19654.55,19805.4,19635.3,19730.95,0.87,0.39,0.77,-0.1,Down to Up,Green,10.62,10.62,3146.0,-56239.0,-46160.0,FII Confident (sold puts >20K),-6933.0,Neutral,4874.0,87273.0,149023.0,PRO Hedging (bought puts >20K),-56876.0,Bearish
2023-10-16,Monday,0,,19737.25,19781.3,19691.85,19730.95,0.45,-0.03,0.22,-0.23,Top to Down,Red,10.62,11.07,-10430.0,-149774.0,9490.0,FII Bearish (sold fut >10K),-169694.0,Strong Bearish,1665.0,-94381.0,75257.0,PRO Hedging (bought puts >20K),-167973.0,Strong Bearish
2023-10-17,Tuesday,0,,19843.2,19849.75,19775.65,19818.35,0.37,-0.13,0.03,-0.34,Top to Down,Red,11.07,10.7,2253.0,-38652.0,-20700.0,FII Confident (sold puts >20K),-15699.0,Neutral,1768.0,-37674.0,-70264.0,PRO Confident (sold puts >20K),34358.0,Mildly Bullish
2023-10-18,Wednesday,0,,19820.45,19840.95,19659.95,19668.25,0.91,-0.77,0.1,-0.81,Top to Down,Red,10.7,10.97,6548.0,289058.0,269512.0,FII Hedging (bought puts >20K),26094.0,Neutral,-856.0,-144332.0,-158546.0,PRO Confident (sold puts >20K),13358.0,Neutral
2023-10-19,Thursday,1,weekly,19545.2,19681.8,19512.35,19611.9,0.87,0.34,0.7,-0.17,Down to Up,Green,10.97,10.9,-7934.0,-145708.0,-139141.0,FII Confident (sold puts >20K),-14501.0,Neutral,22205.0,55647.0,227104.0,PRO Hedging (bought puts >20K),-149252.0,Strong Bearish
2023-10-20,Friday,0,weekly,19542.15,19593.8,19518.7,19541.75,0.38,-0.0,0.26,-0.12,Top to Down,Red,10.9,10.82,-2717.0,-26975.0,26301.0,FII Hedging (bought puts >20K),-55993.0,Bearish,-3258.0,31284.0,-76740.0,PRO Confident (sold puts >20K),104766.0,Strong Bullish
2023-10-23,Monday,0,,19521.6,19556.85,19257.85,19278.45,1.53,-1.25,0.18,-1.35,Top to Down,Red,10.82,10.91,-6591.0,17228.0,74451.0,FII Hedging (bought puts >20K),-63814.0,Bearish,1993.0,-1697.0,94397.0,PRO Hedging (bought puts >20K),-94101.0,Bearish
2023-10-25,Wednesday,0,,19286.45,19347.3,19074.15,19125.65,1.42,-0.83,0.32,-1.1,Top to Down,Red,10.91,11.31,-6591.0,17228.0,74451.0,FII Hedging (bought puts >20K),-63814.0,Bearish,1993.0,-1697.0,94397.0,PRO Hedging (bought puts >20K),-94101.0,Bearish
2023-10-26,Thursday,1,monthly,19027.25,19041.7,18837.85,18848.5,1.07,-0.94,0.08,-1.0,Top to Down,Red,11.31,11.73,-6591.0,17228.0,74451.0,FII Hedging (bought puts >20K),-63814.0,Bearish,1993.0,-1697.0,94397.0,PRO Hedging (bought puts >20K),-94101.0,Bearish
2023-10-27,Friday,0,monthly,18928.75,19076.15,18926.65,19060.5,0.79,0.7,0.78,-0.01,Down to Up,Green,11.73,10.91,-59740.0,-196220.0,-127578.0,FII Bearish (sold fut >10K),-128382.0,Strong Bearish,4362.0,411371.0,111708.0,PRO Hedging (bought puts >20K),304025.0,Strong Bullish
2023-10-30,Monday,0,,19053.4,19158.5,18940.0,19148.85,1.15,0.5,0.55,-0.6,Down to Up,Green,10.91,11.49,-730.0,51198.0,-73553.0,FII Confident (sold puts >20K),124021.0,Strong Bullish,3259.0,154150.0,-108326.0,PRO Confident (sold puts >20K),265735.0,Strong Bullish
2023-10-31,Tuesday,0,,19232.95,19233.7,19056.45,19086.55,0.92,-0.76,0.0,-0.92,Top to Down,Red,11.49,11.83,-5052.0,-109766.0,-106723.0,FII Confident (sold puts >20K),-8095.0,Neutral,1651.0,76282.0,-178174.0,PRO Confident (sold puts >20K),256107.0,Strong Bullish
2023-11-01,Wednesday,0,,19064.05,19096.05,18973.7,18990.4,0.64,-0.39,0.17,-0.47,Top to Down,Red,11.83,12.05,516.0,63814.0,142150.0,FII Hedging (bought puts >20K),-77820.0,Bearish,3399.0,-267962.0,205787.0,PRO Hedging (bought puts >20K),-470350.0,Strong Bearish
2023-11-02,Thursday,1,weekly,19120.0,19175.25,19064.15,19144.85,0.58,0.13,0.29,-0.29,Down to Up,Green,12.05,11.08,-4843.0,194903.0,162591.0,FII Hedging (bought puts >20K),27469.0,Neutral,-827.0,115848.0,101374.0,PRO Hedging (bought puts >20K),13647.0,Neutral
2023-11-03,Friday,0,weekly,19241.0,19276.25,19210.9,19226.05,0.34,-0.08,0.18,-0.16,Top to Down,Red,11.08,10.88,-13529.0,-137336.0,-131246.0,FII Bearish (sold fut >10K),-19619.0,Neutral,-3129.0,87959.0,-17524.0,PRO Neutral,102354.0,Strong Bullish
2023-11-06,Monday,0,,19345.85,19423.0,19309.7,19411.85,0.59,0.34,0.4,-0.19,Down to Up,Green,10.88,11.11,13004.0,-39916.0,-49850.0,FII Bullish (bought fut + sold puts),22938.0,Neutral,-1583.0,75045.0,-23300.0,PRO Confident (sold puts >20K),96762.0,Bullish
2023-11-07,Tuesday,0,,19404.05,19423.5,19329.1,19417.2,0.49,0.07,0.1,-0.39,Down to Up,Green,11.11,11.19,15324.0,-9950.0,-99884.0,FII Bullish (bought fut + sold puts),105258.0,Strong Bullish,-7779.0,35247.0,-209694.0,PRO Confident (sold puts >20K),237162.0,Strong Bullish
2023-11-08,Wednesday,0,,19449.6,19464.4,19401.5,19436.45,0.32,-0.07,0.08,-0.25,Top to Down,Red,11.19,11.04,989.0,-42.0,1764.0,FII Neutral,-817.0,Neutral,5338.0,15490.0,-38753.0,PRO Confident (sold puts >20K),59581.0,Bullish
2023-11-09,Thursday,1,weekly,19457.4,19463.9,19378.35,19404.0,0.44,-0.27,0.03,-0.41,Top to Down,Red,11.04,10.98,-5061.0,75240.0,149930.0,FII Hedging (bought puts >20K),-79751.0,Bearish,9920.0,-187786.0,254071.0,PRO Hedging (bought puts >20K),-431937.0,Strong Bearish
2023-11-10,Friday,0,weekly,19351.85,19451.3,19329.45,19443.45,0.63,0.47,0.51,-0.12,Down to Up,Green,10.98,11.11,-421.0,10539.0,31102.0,FII Hedging (bought puts >20K),-20984.0,Neutral,3470.0,41444.0,-26995.0,PRO Confident (sold puts >20K),71909.0,Bullish
2023-11-12,Sunday,0,,19547.25,19547.25,19510.25,19522.3,0.19,-0.13,0.0,-0.19,Top to Down,Red,11.11,11.35,-4965.0,14424.0,-73097.0,FII Confident (sold puts >20K),82556.0,Bullish,8304.0,68305.0,-31524.0,PRO Confident (sold puts >20K),108133.0,Strong Bullish
2023-11-13,Monday,0,,19486.75,19494.4,19414.75,19440.15,0.41,-0.24,0.04,-0.37,Top to Down,Red,11.35,11.19,-4965.0,14424.0,-73097.0,FII Confident (sold puts >20K),82556.0,Bullish,8304.0,68305.0,-31524.0,PRO Confident (sold puts >20K),108133.0,Strong Bullish
2023-11-15,Wednesday,0,,19651.4,19693.2,19579.65,19676.8,0.58,0.13,0.21,-0.37,Down to Up,Green,11.19,11.14,-4965.0,14424.0,-73097.0,FII Confident (sold puts >20K),82556.0,Bullish,8304.0,68305.0,-31524.0,PRO Confident (sold puts >20K),108133.0,Strong Bullish
2023-11-16,Thursday,1,weekly,19674.7,19875.25,19627.0,19761.15,1.26,0.44,1.02,-0.24,Down to Up,Green,11.14,11.65,-4965.0,14424.0,-73097.0,FII Confident (sold puts >20K),82556.0,Bullish,8304.0,68305.0,-31524.0,PRO Confident (sold puts >20K),108133.0,Strong Bullish
2023-11-17,Friday,0,weekly,19674.75,19806.0,19667.45,19719.7,0.7,0.23,0.67,-0.04,Down to Up,Green,11.65,11.83,16147.0,-1513.0,-133.0,FII Mildly Bullish,14767.0,Neutral,72.0,-40307.0,44710.0,PRO Hedging (bought puts >20K),-84945.0,Bearish
2023-11-20,Monday,0,,19731.15,19756.45,19670.5,19693.65,0.44,-0.19,0.13,-0.31,Top to Down,Red,11.83,12.15,-9336.0,-142961.0,-70607.0,FII Confident (sold puts >20K),-81690.0,Bearish,1635.0,-302736.0,182614.0,PRO Hedging (bought puts >20K),-483715.0,Strong Bearish
2023-11-21,Tuesday,0,,19770.9,19829.1,19754.05,19780.8,0.38,0.05,0.29,-0.09,Down to Up,Green,12.15,12.23,305.0,-90697.0,-75087.0,FII Confident (sold puts >20K),-15305.0,Neutral,-5207.0,-121398.0,-136566.0,PRO Confident (sold puts >20K),9961.0,Neutral
2023-11-22,Wednesday,0,,19784.0,19825.55,19703.85,19810.6,0.62,0.13,0.21,-0.41,Down to Up,Green,12.23,11.87,5998.0,204348.0,78795.0,FII Hedging (bought puts >20K),131551.0,Strong Bullish,-1695.0,150903.0,-64822.0,PRO Confident (sold puts >20K),214030.0,Strong Bullish
2023-11-23,Thursday,1,weekly,19828.45,19875.15,19786.75,19811.0,0.45,-0.09,0.24,-0.21,Top to Down,Red,11.87,11.32,3365.0,10495.0,10844.0,FII Neutral,3016.0,Neutral,300.0,232341.0,11251.0,PRO Neutral,221390.0,Strong Bullish
2023-11-24,Friday,0,monthly,19809.6,19832.85,19768.85,19788.7,0.32,-0.11,0.12,-0.21,Top to Down,Red,11.32,11.33,-5294.0,-14603.0,32127.0,FII Hedging (bought puts >20K),-52024.0,Bearish,4084.0,-1404.0,18421.0,PRO Neutral,-15741.0,Neutral
2023-11-28,Tuesday,0,,19844.65,19916.85,19800.0,19908.45,0.59,0.32,0.36,-0.22,Down to Up,Green,11.33,12.18,-5294.0,-14603.0,32127.0,FII Hedging (bought puts >20K),-52024.0,Bearish,4084.0,-1404.0,18421.0,PRO Neutral,-15741.0,Neutral
2023-11-29,Wednesday,0,,19976.55,20104.65,19956.3,20096.2,0.74,0.6,0.64,-0.1,Down to Up,Green,12.18,12.71,-5294.0,-14603.0,32127.0,FII Hedging (bought puts >20K),-52024.0,Bearish,4084.0,-1404.0,18421.0,PRO Neutral,-15741.0,Neutral
2023-11-30,Thursday,1,monthly,20108.5,20158.7,20015.85,20127.2,0.71,0.09,0.25,-0.46,Down to Up,Green,12.71,12.69,13053.0,44376.0,-73504.0,FII Bullish (bought fut + sold puts),130933.0,Strong Bullish,28196.0,41785.0,-406548.0,PRO Bullish (bought fut + sold puts),476529.0,Strong Bullish
2023-12-01,Friday,0,weekly,20194.1,20291.55,20183.7,20255.75,0.53,0.31,0.48,-0.05,Down to Up,Green,12.69,12.38,58970.0,-99112.0,10599.0,FII Mildly Bullish,-50741.0,Bearish,-22516.0,-153165.0,511446.0,PRO Very Bearish (sold fut >10K + bought puts >20K),-687127.0,Strong Bearish
2023-12-04,Monday,0,,20601.95,20702.65,20507.75,20686.8,0.95,0.41,0.49,-0.46,Down to Up,Green,12.38,12.99,9787.0,-109727.0,-73151.0,FII Confident (sold puts >20K),-26789.0,Neutral,-5375.0,27378.0,-30535.0,PRO Confident (sold puts >20K),52538.0,Bullish
2023-12-05,Tuesday,0,,20808.9,20864.05,20711.15,20856.7,0.73,0.23,0.27,-0.47,Down to Up,Green,12.99,13.46,21803.0,237965.0,18904.0,FII Mildly Bullish,240864.0,Strong Bullish,-18761.0,-20698.0,-535643.0,PRO Bearish (sold fut >10K),496184.0,Strong Bullish
2023-12-06,Wednesday,0,,20950.75,20961.95,20852.15,20935.9,0.52,-0.07,0.05,-0.47,Top to Down,Red,13.46,13.74,21640.0,-165847.0,-64419.0,FII Bullish (bought fut + sold puts),-79788.0,Bearish,3054.0,-214878.0,123807.0,PRO Hedging (bought puts >20K),-335631.0,Strong Bearish
2023-12-07,Thursday,1,weekly,20932.4,20941.25,20850.8,20916.1,0.43,-0.08,0.04,-0.39,Top to Down,Red,13.74,12.67,26672.0,201950.0,168407.0,FII Hedging (bought puts >20K),60215.0,Bullish,-11765.0,69254.0,239044.0,PRO Very Bearish (sold fut >10K + bought puts >20K),-181555.0,Strong Bearish
2023-12-08,Friday,0,weekly,20934.1,21006.1,20862.7,20972.1,0.69,0.18,0.34,-0.34,Down to Up,Green,12.67,12.47,8595.0,-138384.0,-185745.0,FII Confident (sold puts >20K),55956.0,Bullish,-2897.0,31768.0,-3734.0,PRO Neutral,32605.0,Mildly Bullish
2023-12-11,Monday,0,,20965.3,21026.1,20923.7,20992.8,0.49,0.13,0.29,-0.2,Down to Up,Green,12.47,12.76,4503.0,44838.0,85720.0,FII Hedging (bought puts >20K),-36379.0,Mildly Bearish,-7077.0,93467.0,15047.0,PRO Neutral,71343.0,Bullish
2023-12-12,Tuesday,0,,21018.55,21037.9,20867.15,20900.4,0.81,-0.56,0.09,-0.72,Top to Down,Red,12.76,12.71,-2858.0,-82335.0,-32117.0,FII Confident (sold puts >20K),-53076.0,Bearish,-2090.0,-184025.0,-11010.0,PRO Mildly Bearish,-175105.0,Strong Bearish
2023-12-13,Wednesday,0,,20929.75,20950.0,20769.5,20937.45,0.86,0.04,0.1,-0.77,Down to Up,Green,12.71,12.07,17034.0,18392.0,15883.0,FII Mildly Bullish,19543.0,Neutral,-6119.0,-35484.0,228970.0,PRO Hedging (bought puts >20K),-270573.0,Strong Bearish
2023-12-14,Thursday,1,weekly,21110.4,21210.9,21074.45,21195.25,0.65,0.4,0.48,-0.17,Down to Up,Green,12.07,12.32,-11533.0,139129.0,106860.0,FII Very Bearish (sold fut >10K + bought puts >20K),20736.0,Neutral,-65.0,147878.0,-87235.0,PRO Confident (sold puts >20K),235048.0,Strong Bullish
2023-12-15,Friday,0,weekly,21287.45,21492.3,21235.3,21448.7,1.21,0.76,0.96,-0.24,Down to Up,Green,12.32,13.13,-3332.0,-191636.0,-182563.0,FII Confident (sold puts >20K),-12405.0,Neutral,9454.0,17502.0,-55134.0,PRO Confident (sold puts >20K),82090.0,Bullish
2023-12-18,Monday,0,,21434.8,21482.8,21365.35,21410.8,0.55,-0.11,0.22,-0.32,Top to Down,Red,13.13,13.9,14848.0,-40804.0,-33810.0,FII Bullish (bought fut + sold puts),7854.0,Neutral,-9038.0,235249.0,-18453.0,PRO Neutral,244664.0,Strong Bullish
2023-12-19,Tuesday,0,,21477.65,21505.05,21337.75,21446.0,0.78,-0.15,0.13,-0.65,Top to Down,Red,13.9,13.87,1194.0,-31786.0,66768.0,FII Hedging (bought puts >20K),-97360.0,Bearish,-1859.0,-400433.0,50112.0,PRO Hedging (bought puts >20K),-452404.0,Strong Bearish
2023-12-20,Wednesday,0,,21543.5,21593.0,21087.35,21101.5,2.35,-2.05,0.23,-2.12,Top to Down,Red,13.87,14.45,14003.0,299179.0,233440.0,FII Hedging (bought puts >20K),79742.0,Bullish,2485.0,78539.0,-108963.0,PRO Confident (sold puts >20K),189987.0,Strong Bullish
2023-12-21,Thursday,1,weekly,21033.95,21288.35,20976.8,21283.0,1.48,1.18,1.21,-0.27,Down to Up,Green,14.45,13.76,20041.0,-133614.0,-136401.0,FII Bullish (bought fut + sold puts),22828.0,Neutral,-4503.0,-141152.0,220243.0,PRO Hedging (bought puts >20K),-365898.0,Strong Bearish
2023-12-22,Friday,0,weekly,21295.85,21390.5,21232.45,21332.35,0.74,0.17,0.44,-0.3,Down to Up,Green,13.76,13.71,4333.0,-23786.0,-55384.0,FII Confident (sold puts >20K),35931.0,Mildly Bullish,5878.0,259146.0,-205371.0,PRO Confident (sold puts >20K),470395.0,Strong Bullish
2023-12-26,Tuesday,0,,21365.2,21477.15,21329.45,21454.15,0.69,0.42,0.52,-0.17,Down to Up,Green,13.71,14.68,4333.0,-23786.0,-55384.0,FII Confident (sold puts >20K),35931.0,Mildly Bullish,5878.0,259146.0,-205371.0,PRO Confident (sold puts >20K),470395.0,Strong Bullish
2023-12-27,Wednesday,0,,21497.65,21675.75,21495.8,21648.95,0.84,0.7,0.83,-0.01,Down to Up,Green,14.68,15.56,4333.0,-23786.0,-55384.0,FII Confident (sold puts >20K),35931.0,Mildly Bullish,5878.0,259146.0,-205371.0,PRO Confident (sold puts >20K),470395.0,Strong Bullish
2023-12-28,Thursday,1,monthly,21715.0,21801.45,21678.0,21773.7,0.57,0.27,0.4,-0.17,Down to Up,Green,15.56,15.14,-3324.0,58973.0,143833.0,FII Hedging (bought puts >20K),-88184.0,Bearish,-1577.0,90704.0,-298350.0,PRO Confident (sold puts >20K),387477.0,Strong Bullish
2023-12-29,Friday,0,monthly,21737.65,21770.3,21676.9,21728.3,0.43,-0.04,0.15,-0.28,Top to Down,Red,15.14,14.5,7386.0,-488485.0,-556196.0,FII Confident (sold puts >20K),75097.0,Bullish,-13710.0,32544.0,577842.0,PRO Very Bearish (sold fut >10K + bought puts >20K),-559008.0,Strong Bearish
2024-01-01,Monday,0,,21727.75,21834.35,21680.85,21689.45,0.71,-0.18,0.49,-0.22,Top to Down,Red,14.5,14.68,2451.0,184061.0,156930.0,FII Hedging (bought puts >20K),29582.0,Neutral,4572.0,-101186.0,31470.0,PRO Hedging (bought puts >20K),-128084.0,Strong Bearish
2024-01-02,Tuesday,0,,21751.35,21755.6,21555.65,21661.5,0.92,-0.41,0.02,-0.9,Top to Down,Red,14.68,14.58,-2732.0,210365.0,228239.0,FII Hedging (bought puts >20K),-20606.0,Neutral,2698.0,-126957.0,-81702.0,PRO Confident (sold puts >20K),-42557.0,Mildly Bearish
2024-01-03,Wednesday,0,,21661.1,21677.0,21500.35,21523.7,0.82,-0.63,0.07,-0.74,Top to Down,Red,14.58,14.1,-1892.0,-40765.0,28972.0,FII Hedging (bought puts >20K),-71629.0,Bearish,-138.0,-248964.0,54416.0,PRO Hedging (bought puts >20K),-303518.0,Strong Bearish
2024-01-04,Thursday,1,weekly,21605.8,21685.65,21564.55,21669.6,0.56,0.3,0.37,-0.19,Down to Up,Green,14.1,13.33,-8867.0,-172373.0,-234421.0,FII Confident (sold puts >20K),53181.0,Bullish,4088.0,314033.0,86767.0,PRO Hedging (bought puts >20K),231354.0,Strong Bullish
2024-01-05,Friday,0,weekly,21705.75,21749.6,21629.2,21709.55,0.55,0.02,0.2,-0.35,Down to Up,Green,13.33,12.63,1469.0,-20407.0,-124680.0,FII Confident (sold puts >20K),105742.0,Strong Bullish,-107.0,215711.0,-112890.0,PRO Confident (sold puts >20K),328494.0,Strong Bullish
2024-01-08,Monday,0,,21747.6,21763.95,21492.9,21511.35,1.25,-1.09,0.08,-1.17,Top to Down,Red,12.63,13.46,4186.0,71598.0,221305.0,FII Hedging (bought puts >20K),-145521.0,Strong Bearish,-1653.0,76170.0,183361.0,PRO Hedging (bought puts >20K),-108844.0,Strong Bearish
2024-01-09,Tuesday,0,,21653.6,21724.45,21517.85,21551.95,0.95,-0.47,0.33,-0.63,Top to Down,Red,13.46,13.26,-17271.0,-261306.0,-236389.0,FII Bearish (sold fut >10K),-42188.0,Mildly Bearish,19556.0,-538756.0,7746.0,PRO Mildly Bullish,-526946.0,Strong Bearish
2024-01-10,Wednesday,0,,21529.3,21641.85,21448.65,21625.4,0.9,0.45,0.52,-0.37,Down to Up,Green,13.26,12.97,14906.0,104213.0,6041.0,FII Mildly Bullish,113078.0,Strong Bullish,-4420.0,9157.0,-9999.0,PRO Neutral,14736.0,Neutral
2024-01-11,Thursday,1,weekly,21688.0,21726.5,21593.75,21669.4,0.61,-0.09,0.18,-0.43,Top to Down,Red,12.97,12.77,-7901.0,-15582.0,46954.0,FII Hedging (bought puts >20K),-70437.0,Bearish,1388.0,446664.0,-68762.0,PRO Confident (sold puts >20K),516814.0,Strong Bullish
2024-01-12,Friday,0,weekly,21773.55,21928.25,21715.15,21908.25,0.98,0.62,0.71,-0.27,Down to Up,Green,12.77,13.1,633.0,-55450.0,-39222.0,FII Confident (sold puts >20K),-15595.0,Neutral,5386.0,-57066.0,158971.0,PRO Hedging (bought puts >20K),-210651.0,Strong Bearish
2024-01-15,Monday,0,,22053.15,22115.55,21963.55,22109.8,0.69,0.26,0.28,-0.41,Down to Up,Green,13.1,13.79,-1.0,170851.0,95303.0,FII Hedging (bought puts >20K),75547.0,Bullish,1820.0,141531.0,-228822.0,PRO Confident (sold puts >20K),372173.0,Strong Bullish
2024-01-16,Tuesday,0,,22080.5,22124.15,21969.8,22031.6,0.7,-0.22,0.2,-0.5,Top to Down,Red,13.79,13.57,15076.0,38266.0,-16763.0,FII Mildly Bullish,70105.0,Bullish,-2995.0,-146541.0,-344480.0,PRO Confident (sold puts >20K),194944.0,Strong Bullish
2024-01-18,Thursday,1,weekly,21414.2,21539.4,21285.55,21477.25,1.19,0.29,0.58,-0.6,Down to Up,Green,15.08,14.07,-58945.0,-452583.0,-417203.0,FII Bearish (sold fut >10K),-94325.0,Bearish,-12740.0,-194972.0,354358.0,PRO Very Bearish (sold fut >10K + bought puts >20K),-562070.0,Strong Bearish
2024-01-19,Friday,0,weekly,21615.2,21670.6,21575.0,21638.2,0.44,0.11,0.26,-0.19,Down to Up,Green,14.07,13.88,-25313.0,55754.0,123360.0,FII Very Bearish (sold fut >10K + bought puts >20K),-92919.0,Bearish,-9281.0,44310.0,-97011.0,PRO Confident (sold puts >20K),132040.0,Strong Bullish
2024-01-20,Saturday,0,,21706.15,21720.3,21541.8,21586.95,0.82,-0.55,0.07,-0.76,Top to Down,Red,13.88,13.8,-11581.0,12640.0,17593.0,FII Bearish (sold fut >10K),-16534.0,Neutral,5779.0,-59296.0,12255.0,PRO Mildly Bearish,-65772.0,Bearish
2024-01-23,Tuesday,0,,21716.7,21750.25,21192.6,21243.05,2.57,-2.18,0.15,-2.41,Top to Down,Red,13.8,14.85,-11581.0,12640.0,17593.0,FII Bearish (sold fut >10K),-16534.0,Neutral,5779.0,-59296.0,12255.0,PRO Mildly Bearish,-65772.0,Bearish
2024-01-24,Wednesday,0,,21185.25,21482.35,21137.2,21460.7,1.63,1.3,1.4,-0.23,Down to Up,Green,14.85,14.38,-11581.0,12640.0,17593.0,FII Bearish (sold fut >10K),-16534.0,Neutral,5779.0,-59296.0,12255.0,PRO Mildly Bearish,-65772.0,Bearish
2024-01-25,Thursday,1,monthly,21454.6,21459.0,21247.05,21370.75,0.99,-0.39,0.02,-0.97,Top to Down,Red,14.38,13.87,10273.0,-27553.0,-62764.0,FII Bullish (bought fut + sold puts),45484.0,Mildly Bullish,5776.0,107280.0,-155248.0,PRO Confident (sold puts >20K),268304.0,Strong Bullish
2024-01-29,Monday,0,,21433.1,21763.25,21429.6,21744.8,1.56,1.45,1.54,-0.02,Down to Up,Green,13.87,15.68,10273.0,-27553.0,-62764.0,FII Bullish (bought fut + sold puts),45484.0,Mildly Bullish,5776.0,107280.0,-155248.0,PRO Confident (sold puts >20K),268304.0,Strong Bullish
2024-01-30,Tuesday,0,,21775.75,21813.05,21501.8,21530.55,1.43,-1.13,0.17,-1.26,Top to Down,Red,15.68,16.1,10273.0,-27553.0,-62764.0,FII Bullish (bought fut + sold puts),45484.0,Mildly Bullish,5776.0,107280.0,-155248.0,PRO Confident (sold puts >20K),268304.0,Strong Bullish
2024-01-31,Wednesday,0,,21487.25,21741.35,21448.85,21708.3,1.36,1.03,1.18,-0.18,Down to Up,Green,16.1,16.05,-836.0,-100208.0,22752.0,FII Hedging (bought puts >20K),-123796.0,Strong Bearish,-10331.0,-95125.0,196290.0,PRO Very Bearish (sold fut >10K + bought puts >20K),-301746.0,Strong Bearish
2024-02-01,Thursday,1,weekly,21780.65,21832.95,21658.75,21690.3,0.8,-0.41,0.24,-0.56,Top to Down,Red,16.05,14.46,12605.0,-62459.0,-112361.0,FII Bullish (bought fut + sold puts),62507.0,Bullish,5781.0,-4781.0,-240751.0,PRO Confident (sold puts >20K),241751.0,Strong Bullish
2024-02-02,Friday,0,weekly,21812.75,22126.8,21805.55,21853.3,1.47,0.19,1.44,-0.03,Down to Up,Green,14.46,14.7,7011.0,122848.0,105027.0,FII Hedging (bought puts >20K),24832.0,Neutral,-2356.0,-8659.0,9564.0,PRO Neutral,-20579.0,Neutral
2024-02-05,Monday,0,,21921.05,21964.3,21726.95,21761.3,1.08,-0.73,0.2,-0.89,Top to Down,Red,14.7,15.62,5443.0,-6585.0,-80912.0,FII Confident (sold puts >20K),79770.0,Bullish,-9214.0,3524.0,115291.0,PRO Hedging (bought puts >20K),-120981.0,Strong Bearish
2024-02-06,Tuesday,0,,21825.2,21951.4,21737.55,21938.8,0.98,0.52,0.58,-0.4,Down to Up,Green,15.62,15.79,12899.0,-113033.0,-29710.0,FII Bullish (bought fut + sold puts),-70424.0,Bearish,-7690.0,-122405.0,1523.0,PRO Mildly Bearish,-131618.0,Strong Bearish
2024-02-07,Wednesday,0,,22045.05,22053.3,21860.15,21949.8,0.88,-0.43,0.04,-0.84,Top to Down,Red,15.79,15.51,1723.0,117771.0,35564.0,FII Hedging (bought puts >20K),83930.0,Bullish,14175.0,136407.0,-129523.0,PRO Bullish (bought fut + sold puts),280105.0,Strong Bullish
2024-02-08,Thursday,1,weekly,22009.65,22011.05,21665.3,21759.7,1.57,-1.14,0.01,-1.56,Top to Down,Red,15.51,15.83,-20076.0,84444.0,101924.0,FII Very Bearish (sold fut >10K + bought puts >20K),-37556.0,Mildly Bearish,11654.0,169171.0,97061.0,PRO Hedging (bought puts >20K),83764.0,Bullish
2024-02-09,Friday,0,weekly,21727.0,21804.45,21629.9,21786.0,0.8,0.27,0.36,-0.45,Down to Up,Green,15.83,15.45,-12409.0,-31699.0,34148.0,FII Very Bearish (sold fut >10K + bought puts >20K),-78256.0,Bearish,-1872.0,-189511.0,152924.0,PRO Hedging (bought puts >20K),-344307.0,Strong Bearish
2024-02-12,Monday,0,,21800.8,21831.7,21574.75,21612.6,1.18,-0.86,0.14,-1.04,Top to Down,Red,15.45,16.06,8907.0,16314.0,-53884.0,FII Confident (sold puts >20K),79105.0,Bullish,1526.0,223550.0,-130583.0,PRO Confident (sold puts >20K),355659.0,Strong Bullish
2024-02-13,Tuesday,0,,21664.3,21766.8,21543.35,21728.0,1.03,0.29,0.47,-0.56,Down to Up,Green,16.06,15.81,-2482.0,-107523.0,-9728.0,FII Mildly Bearish,-100277.0,Strong Bearish,-13292.0,-358163.0,84995.0,PRO Very Bearish (sold fut >10K + bought puts >20K),-456450.0,Strong Bearish
2024-02-14,Wednesday,0,,21578.15,21870.85,21530.2,21848.7,1.58,1.25,1.36,-0.22,Down to Up,Green,15.81,15.44,4060.0,63562.0,284.0,FII Neutral,67338.0,Bullish,20093.0,540555.0,-147530.0,PRO Bullish (bought fut + sold puts),708178.0,Strong Bullish
2024-02-15,Thursday,1,weekly,21906.55,21953.85,21794.8,21927.05,0.73,0.09,0.22,-0.51,Down to Up,Green,15.44,15.23,1745.0,107664.0,142370.0,FII Hedging (bought puts >20K),-32961.0,Mildly Bearish,-433.0,-115766.0,-76704.0,PRO Confident (sold puts >20K),-39495.0,Mildly Bearish
2024-02-16,Friday,0,weekly,22020.3,22068.65,21968.95,22033.5,0.45,0.06,0.22,-0.23,Down to Up,Green,15.23,15.22,5332.0,-37351.0,-140660.0,FII Confident (sold puts >20K),108641.0,Strong Bullish,-14134.0,25746.0,57968.0,PRO Very Bearish (sold fut >10K + bought puts >20K),-46356.0,Mildly Bearish
2024-02-19,Monday,0,,22103.45,22186.65,22021.05,22116.95,0.75,0.06,0.38,-0.37,Down to Up,Green,15.22,16.02,6408.0,-82647.0,-19269.0,FII Mildly Bearish,-56970.0,Bearish,-5308.0,6395.0,-53269.0,PRO Confident (sold puts >20K),54356.0,Bullish
2024-02-20,Tuesday,0,,22099.2,22215.6,22045.85,22208.15,0.77,0.49,0.53,-0.24,Down to Up,Green,16.02,16.07,4981.0,-58727.0,-70971.0,FII Confident (sold puts >20K),17225.0,Neutral,-1327.0,-60505.0,-74392.0,PRO Confident (sold puts >20K),12560.0,Neutral
2024-02-21,Wednesday,0,,22248.85,22249.4,21997.95,22028.75,1.13,-0.99,0.0,-1.13,Top to Down,Red,16.07,15.93,8995.0,-8402.0,13885.0,FII Neutral,-13292.0,Neutral,-3346.0,206111.0,-180584.0,PRO Confident (sold puts >20K),383349.0,Strong Bullish
2024-02-22,Thursday,1,weekly,22081.55,22252.5,21875.25,22216.9,1.71,0.61,0.77,-0.93,Down to Up,Green,15.93,15.2,7384.0,157060.0,110117.0,FII Hedging (bought puts >20K),54327.0,Bullish,-11309.0,-334140.0,424509.0,PRO Very Bearish (sold fut >10K + bought puts >20K),-769958.0,Strong Bearish
2024-02-23,Friday,0,monthly,22290.0,22297.5,22186.1,22194.25,0.5,-0.43,0.03,-0.47,Top to Down,Red,15.2,14.97,12761.0,46354.0,71127.0,FII Hedging (bought puts >20K),-12012.0,Neutral,-10072.0,104858.0,-41871.0,PRO Bearish (sold fut >10K),136657.0,Strong Bullish
2024-02-26,Monday,0,,22169.2,22202.15,22075.15,22117.15,0.57,-0.23,0.15,-0.42,Top to Down,Red,14.97,15.6,-2389.0,-57365.0,10472.0,FII Mildly Bearish,-70226.0,Bearish,-2116.0,-90096.0,76921.0,PRO Hedging (bought puts >20K),-169133.0,Strong Bearish
2024-02-27,Tuesday,0,,22090.2,22218.25,22085.65,22194.2,0.6,0.47,0.58,-0.02,Down to Up,Green,15.6,15.73,7921.0,-61565.0,-68035.0,FII Confident (sold puts >20K),14391.0,Neutral,-16409.0,-57830.0,69673.0,PRO Very Bearish (sold fut >10K + bought puts >20K),-143912.0,Strong Bearish
2024-02-28,Wednesday,0,,22214.1,22229.15,21915.85,21926.25,1.41,-1.3,0.07,-1.34,Top to Down,Red,15.73,16.33,2095.0,37801.0,18719.0,FII Neutral,21177.0,Neutral,-757.0,95397.0,-46894.0,PRO Confident (sold puts >20K),141534.0,Strong Bullish
2024-02-29,Thursday,1,monthly,21935.2,22060.55,21860.65,22042.05,0.91,0.49,0.57,-0.34,Down to Up,Green,16.33,15.57,-2925.0,-238966.0,-154886.0,FII Confident (sold puts >20K),-87005.0,Bearish,8711.0,-533143.0,61689.0,PRO Hedging (bought puts >20K),-586121.0,Strong Bearish
2024-03-01,Friday,0,weekly,22048.3,22353.3,22047.75,22326.05,1.39,1.26,1.38,-0.0,Down to Up,Green,15.57,15.24,-29001.0,307836.0,183888.0,FII Very Bearish (sold fut >10K + bought puts >20K),94947.0,Bullish,19955.0,570540.0,-169069.0,PRO Bullish (bought fut + sold puts),759564.0,Strong Bullish
2024-03-02,Saturday,0,,22406.95,22420.25,22366.95,22373.4,0.24,-0.15,0.06,-0.18,Top to Down,Red,15.24,14.99,-3793.0,-65307.0,-61673.0,FII Confident (sold puts >20K),-7427.0,Neutral,-2558.0,235207.0,-242449.0,PRO Confident (sold puts >20K),475098.0,Strong Bullish
2024-03-04,Monday,0,,22403.5,22440.9,22358.3,22397.65,0.37,-0.03,0.17,-0.2,Top to Down,Red,14.99,14.92,-3793.0,-65307.0,-61673.0,FII Confident (sold puts >20K),-7427.0,Neutral,-2558.0,235207.0,-242449.0,PRO Confident (sold puts >20K),475098.0,Strong Bullish
2024-03-05,Tuesday,0,,22371.25,22416.9,22269.15,22358.5,0.66,-0.06,0.2,-0.46,Top to Down,Red,14.92,14.38,12714.0,-35088.0,-170264.0,FII Bullish (bought fut + sold puts),147890.0,Strong Bullish,-12016.0,-149006.0,-26456.0,PRO Bearish (sold fut >10K),-134566.0,Strong Bearish
2024-03-06,Wednesday,0,,22327.5,22497.2,22224.35,22480.05,1.22,0.68,0.76,-0.46,Down to Up,Green,14.38,14.3,-14894.0,-70493.0,1631.0,FII Bearish (sold fut >10K),-87018.0,Bearish,15424.0,53131.0,32994.0,PRO Hedging (bought puts >20K),35561.0,Mildly Bullish
2024-03-07,Thursday,1,weekly,22505.3,22525.65,22430.0,22483.5,0.43,-0.1,0.09,-0.33,Top to Down,Red,14.3,13.61,18600.0,161278.0,163373.0,FII Hedging (bought puts >20K),16505.0,Neutral,12837.0,-6875.0,52949.0,PRO Hedging (bought puts >20K),-46987.0,Mildly Bearish
2024-03-11,Monday,0,,22517.5,22526.6,22307.25,22319.85,0.97,-0.88,0.04,-0.93,Top to Down,Red,13.61,14.0,18600.0,161278.0,163373.0,FII Hedging (bought puts >20K),16505.0,Neutral,12837.0,-6875.0,52949.0,PRO Hedging (bought puts >20K),-46987.0,Mildly Bearish
2024-03-12,Tuesday,0,,22334.45,22452.55,22256.0,22333.7,0.88,-0.0,0.53,-0.35,Top to Down,Red,14.0,13.64,18600.0,161278.0,163373.0,FII Hedging (bought puts >20K),16505.0,Neutral,12837.0,-6875.0,52949.0,PRO Hedging (bought puts >20K),-46987.0,Mildly Bearish
2024-03-13,Wednesday,0,,22432.2,22446.75,21905.65,21981.05,2.41,-2.01,0.06,-2.35,Top to Down,Red,13.64,14.43,4654.0,23800.0,-23917.0,FII Confident (sold puts >20K),52371.0,Bullish,-3846.0,199495.0,-28316.0,PRO Confident (sold puts >20K),223965.0,Strong Bullish
2024-03-14,Thursday,1,weekly,21982.55,22204.6,21917.5,22153.05,1.31,0.78,1.01,-0.3,Down to Up,Green,14.43,13.62,-13499.0,3715.0,78424.0,FII Very Bearish (sold fut >10K + bought puts >20K),-88208.0,Bearish,-6208.0,-228438.0,-6138.0,PRO Mildly Bearish,-228508.0,Strong Bearish
2024-03-15,Friday,0,weekly,22064.85,22120.9,21931.7,21996.35,0.86,-0.31,0.25,-0.6,Top to Down,Red,13.62,13.69,-7171.0,49123.0,54368.0,FII Hedging (bought puts >20K),-12416.0,Neutral,14638.0,181404.0,-81349.0,PRO Bullish (bought fut + sold puts),277391.0,Strong Bullish
2024-03-18,Monday,0,,21990.1,22123.7,21916.55,22051.5,0.94,0.28,0.61,-0.33,Down to Up,Green,13.69,13.9,-6399.0,-29035.0,-70755.0,FII Confident (sold puts >20K),35321.0,Mildly Bullish,-5012.0,-56136.0,48594.0,PRO Hedging (bought puts >20K),-109742.0,Strong Bearish
2024-03-19,Tuesday,0,,21946.45,21978.3,21793.1,21810.35,0.84,-0.62,0.15,-0.7,Top to Down,Red,13.9,14.11,-3925.0,-21801.0,-55885.0,FII Confident (sold puts >20K),30159.0,Mildly Bullish,-2557.0,63177.0,-68179.0,PRO Confident (sold puts >20K),128799.0,Strong Bullish
2024-03-20,Wednesday,0,,21843.9,21930.9,21710.2,21855.1,1.01,0.05,0.4,-0.61,Down to Up,Green,14.11,13.47,-24044.0,-102160.0,-54665.0,FII Bearish (sold fut >10K),-71539.0,Bearish,-2174.0,-237736.0,123174.0,PRO Hedging (bought puts >20K),-363084.0,Strong Bearish
2024-03-21,Thursday,1,weekly,21989.9,22080.95,21941.3,22014.6,0.64,0.11,0.41,-0.22,Down to Up,Green,13.47,12.51,-9865.0,107034.0,112953.0,FII Hedging (bought puts >20K),-15784.0,Neutral,2527.0,265826.0,-100238.0,PRO Confident (sold puts >20K),368591.0,Strong Bullish
2024-03-22,Friday,0,weekly,21932.2,22180.7,21883.3,22080.8,1.36,0.68,1.13,-0.22,Down to Up,Green,12.51,12.22,5875.0,43204.0,23775.0,FII Hedging (bought puts >20K),25304.0,Neutral,-6074.0,-20305.0,-41552.0,PRO Confident (sold puts >20K),15173.0,Neutral
2024-03-26,Tuesday,0,,21947.9,22073.2,21947.55,22018.25,0.57,0.32,0.57,-0.0,Down to Up,Green,12.22,12.82,5875.0,43204.0,23775.0,FII Hedging (bought puts >20K),25304.0,Neutral,-6074.0,-20305.0,-41552.0,PRO Confident (sold puts >20K),15173.0,Neutral
2024-03-27,Wednesday,0,,22053.95,22193.6,22052.85,22147.2,0.64,0.42,0.63,-0.0,Down to Up,Green,12.82,12.7,5875.0,43204.0,23775.0,FII Hedging (bought puts >20K),25304.0,Neutral,-6074.0,-20305.0,-41552.0,PRO Confident (sold puts >20K),15173.0,Neutral
2024-03-28,Thursday,1,monthly,22163.6,22516.0,22163.6,22343.1,1.59,0.81,1.59,0.0,Down to Up,Green,12.7,12.83,-15392.0,76857.0,130112.0,FII Very Bearish (sold fut >10K + bought puts >20K),-68647.0,Bearish,23864.0,124765.0,-22238.0,PRO Bullish (bought fut + sold puts),170867.0,Strong Bullish
2024-04-01,Monday,0,,22455.0,22529.95,22427.75,22469.05,0.46,0.06,0.33,-0.12,Down to Up,Green,12.83,12.08,-15392.0,76857.0,130112.0,FII Very Bearish (sold fut >10K + bought puts >20K),-68647.0,Bearish,23864.0,124765.0,-22238.0,PRO Bullish (bought fut + sold puts),170867.0,Strong Bullish
2024-04-02,Tuesday,0,,22458.8,22497.6,22388.15,22464.3,0.49,0.02,0.17,-0.31,Down to Up,Green,12.08,11.65,-15392.0,76857.0,130112.0,FII Very Bearish (sold fut >10K + bought puts >20K),-68647.0,Bearish,23864.0,124765.0,-22238.0,PRO Bullish (bought fut + sold puts),170867.0,Strong Bullish
2024-04-03,Wednesday,0,,22385.7,22521.1,22346.5,22445.55,0.78,0.27,0.6,-0.18,Down to Up,Green,11.65,11.37,6160.0,-89144.0,-8367.0,FII Mildly Bearish,-74617.0,Bearish,-6714.0,-98623.0,-9592.0,PRO Mildly Bearish,-95745.0,Bearish
2024-04-04,Thursday,1,weekly,22592.1,22619.0,22303.8,22541.2,1.4,-0.23,0.12,-1.28,Top to Down,Red,11.37,11.22,-16330.0,116299.0,142955.0,FII Very Bearish (sold fut >10K + bought puts >20K),-42986.0,Mildly Bearish,14199.0,44801.0,62505.0,PRO Hedging (bought puts >20K),-3505.0,Neutral
2024-04-05,Friday,0,weekly,22486.4,22537.6,22427.6,22523.4,0.49,0.16,0.23,-0.26,Down to Up,Green,11.22,11.34,-1871.0,61576.0,10968.0,FII Neutral,48737.0,Mildly Bullish,9502.0,76014.0,38250.0,PRO Hedging (bought puts >20K),47266.0,Mildly Bullish
2024-04-08,Monday,0,,22578.35,22697.3,22550.35,22661.0,0.65,0.37,0.53,-0.12,Down to Up,Green,11.34,11.61,-1562.0,64791.0,64255.0,FII Hedging (bought puts >20K),-1026.0,Neutral,5644.0,364380.0,-104491.0,PRO Confident (sold puts >20K),474515.0,Strong Bullish
2024-04-09,Tuesday,0,,22765.1,22768.4,22612.25,22642.05,0.69,-0.54,0.01,-0.67,Top to Down,Red,11.61,11.36,11554.0,-72707.0,-157322.0,FII Bullish (bought fut + sold puts),96169.0,Bullish,-2365.0,-349179.0,-149018.0,PRO Confident (sold puts >20K),-202526.0,Strong Bearish
2024-04-10,Wednesday,1,weekly,22720.25,22775.7,22673.7,22735.05,0.45,0.07,0.24,-0.2,Down to Up,Green,11.36,11.11,27659.0,167901.0,162395.0,FII Hedging (bought puts >20K),33165.0,Mildly Bullish,-6672.0,-193062.0,5548.0,PRO Mildly Bearish,-205282.0,Strong Bearish
2024-04-12,Friday,0,weekly,22677.4,22726.45,22503.75,22519.4,0.98,-0.7,0.22,-0.77,Top to Down,Red,11.11,11.53,27659.0,167901.0,162395.0,FII Hedging (bought puts >20K),33165.0,Mildly Bullish,-6672.0,-193062.0,5548.0,PRO Mildly Bearish,-205282.0,Strong Bearish
2024-04-15,Monday,0,,22339.05,22427.45,22259.55,22277.45,0.75,-0.28,0.4,-0.36,Top to Down,Red,11.53,12.47,27659.0,167901.0,162395.0,FII Hedging (bought puts >20K),33165.0,Mildly Bullish,-6672.0,-193062.0,5548.0,PRO Mildly Bearish,-205282.0,Strong Bearish
2024-04-16,Tuesday,0,,22125.3,22213.75,22079.45,22177.45,0.61,0.24,0.4,-0.21,Down to Up,Green,12.47,12.62,-38455.0,-145961.0,-80439.0,FII Bearish (sold fut >10K),-103977.0,Strong Bearish,331.0,-326494.0,-108795.0,PRO Confident (sold puts >20K),-217368.0,Strong Bearish
2024-04-18,Thursday,1,weekly,22212.35,22326.5,21961.7,22045.75,1.64,-0.75,0.51,-1.13,Top to Down,Red,12.62,13.04,-38455.0,-145961.0,-80439.0,FII Bearish (sold fut >10K),-103977.0,Strong Bearish,331.0,-326494.0,-108795.0,PRO Confident (sold puts >20K),-217368.0,Strong Bearish
2024-04-19,Friday,0,weekly,21861.5,22179.55,21777.65,22149.7,1.84,1.32,1.45,-0.38,Down to Up,Green,13.04,13.46,-38455.0,-145961.0,-80439.0,FII Bearish (sold fut >10K),-103977.0,Strong Bearish,331.0,-326494.0,-108795.0,PRO Confident (sold puts >20K),-217368.0,Strong Bearish
2024-04-22,Monday,0,,22336.9,22375.65,22198.15,22370.5,0.79,0.15,0.17,-0.62,Down to Up,Green,13.46,12.7,4454.0,56275.0,70393.0,FII Hedging (bought puts >20K),-9664.0,Neutral,3802.0,132046.0,-218360.0,PRO Confident (sold puts >20K),354208.0,Strong Bullish
2024-04-23,Tuesday,0,,22447.05,22447.55,22349.45,22361.0,0.44,-0.38,0.0,-0.43,Top to Down,Red,12.7,10.2,-5901.0,-53337.0,-105928.0,FII Confident (sold puts >20K),46690.0,Mildly Bullish,5056.0,-23942.0,-83961.0,PRO Confident (sold puts >20K),65075.0,Bullish
2024-04-24,Wednesday,0,,22421.55,22476.45,22384.0,22412.2,0.41,-0.04,0.24,-0.17,Top to Down,Red,10.2,10.28,-22.0,-84676.0,49600.0,FII Hedging (bought puts >20K),-134298.0,Strong Bearish,-1702.0,-168144.0,16892.0,PRO Mildly Bearish,-186738.0,Strong Bearish
2024-04-25,Thursday,1,monthly,22316.9,22625.95,22305.25,22559.25,1.44,1.09,1.38,-0.05,Down to Up,Green,10.28,10.73,-15438.0,98567.0,11016.0,FII Bearish (sold fut >10K),72113.0,Bullish,8553.0,113264.0,81750.0,PRO Hedging (bought puts >20K),40067.0,Mildly Bullish
2024-04-26,Friday,0,monthly,22620.4,22620.4,22385.55,22450.2,1.04,-0.75,0.0,-1.04,Top to Down,Red,10.73,10.93,70871.0,14187.0,-27408.0,FII Bullish (bought fut + sold puts),112466.0,Strong Bullish,-15154.0,135565.0,13785.0,PRO Bearish (sold fut >10K),106626.0,Strong Bullish
2024-04-29,Monday,0,,22475.55,22655.8,22441.9,22633.15,0.95,0.7,0.8,-0.15,Down to Up,Green,10.93,12.24,-45555.0,126483.0,314731.0,FII Very Bearish (sold fut >10K + bought puts >20K),-233803.0,Strong Bearish,-8908.0,-83176.0,315102.0,PRO Hedging (bought puts >20K),-407186.0,Strong Bearish
2024-04-30,Tuesday,0,,22679.65,22783.35,22568.4,22587.75,0.95,-0.41,0.46,-0.49,Top to Down,Red,12.24,12.87,53093.0,54810.0,-29057.0,FII Bullish (bought fut + sold puts),136960.0,Strong Bullish,-5822.0,231534.0,-579016.0,PRO Confident (sold puts >20K),804728.0,Strong Bullish
2024-05-02,Thursday,1,weekly,22567.85,22710.5,22567.85,22656.75,0.63,0.39,0.63,0.0,Down to Up,Green,12.87,13.45,53093.0,54810.0,-29057.0,FII Bullish (bought fut + sold puts),136960.0,Strong Bullish,-5822.0,231534.0,-579016.0,PRO Confident (sold puts >20K),804728.0,Strong Bullish
2024-05-03,Friday,0,weekly,22766.35,22794.7,22348.05,22456.7,1.96,-1.36,0.12,-1.84,Top to Down,Red,13.45,14.62,53093.0,54810.0,-29057.0,FII Bullish (bought fut + sold puts),136960.0,Strong Bullish,-5822.0,231534.0,-579016.0,PRO Confident (sold puts >20K),804728.0,Strong Bullish
2024-05-06,Monday,0,,22561.6,22588.8,22409.45,22458.0,0.79,-0.46,0.12,-0.67,Top to Down,Red,14.62,16.6,-72334.0,-92426.0,-23377.0,FII Bearish (sold fut >10K),-141383.0,Strong Bearish,9532.0,-124352.0,377746.0,PRO Hedging (bought puts >20K),-492566.0,Strong Bearish
2024-05-07,Tuesday,0,,22489.75,22499.05,22232.05,22304.5,1.19,-0.82,0.04,-1.15,Top to Down,Red,16.6,17.01,11681.0,-41218.0,-66839.0,FII Bullish (bought fut + sold puts),37302.0,Mildly Bullish,-1963.0,-41850.0,-62823.0,PRO Confident (sold puts >20K),19010.0,Neutral
2024-05-08,Wednesday,0,,22231.2,22368.65,22185.2,22306.75,0.83,0.34,0.62,-0.21,Down to Up,Green,17.01,17.08,-29680.0,-27928.0,99963.0,FII Very Bearish (sold fut >10K + bought puts >20K),-157571.0,Strong Bearish,-5191.0,-310704.0,-61457.0,PRO Confident (sold puts >20K),-254438.0,Strong Bearish
2024-05-09,Thursday,1,weekly,22224.8,22307.75,21932.4,21968.15,1.69,-1.15,0.37,-1.32,Top to Down,Red,17.08,18.2,-26530.0,-16454.0,-113542.0,FII Bearish (sold fut >10K),70558.0,Bullish,-14996.0,314256.0,-24430.0,PRO Bearish (sold fut >10K),323690.0,Strong Bullish
2024-05-10,Friday,0,weekly,21990.95,22131.3,21950.3,22054.0,0.82,0.29,0.64,-0.18,Down to Up,Green,18.2,18.47,-65614.0,-178985.0,-42446.0,FII Bearish (sold fut >10K),-202153.0,Strong Bearish,7456.0,-127774.0,89848.0,PRO Hedging (bought puts >20K),-210166.0,Strong Bearish
2024-05-13,Monday,0,,22027.95,22131.65,21821.05,22119.4,1.41,0.42,0.47,-0.94,Down to Up,Green,18.47,20.6,-2012.0,-47558.0,-64311.0,FII Confident (sold puts >20K),14741.0,Neutral,-11864.0,147414.0,-40725.0,PRO Bearish (sold fut >10K),176275.0,Strong Bullish
2024-05-14,Tuesday,0,,22126.5,22270.05,22081.25,22223.8,0.85,0.44,0.65,-0.2,Down to Up,Green,20.6,20.2,-14827.0,-22256.0,-129147.0,FII Bearish (sold fut >10K),92064.0,Bullish,-7401.0,153729.0,-214437.0,PRO Confident (sold puts >20K),360765.0,Strong Bullish
2024-05-15,Wednesday,0,,22255.6,22297.55,22151.75,22210.4,0.66,-0.2,0.19,-0.47,Top to Down,Red,20.2,20.27,-39523.0,179478.0,139901.0,FII Very Bearish (sold fut >10K + bought puts >20K),54.0,Neutral,16902.0,-58586.0,-69618.0,PRO Bullish (bought fut + sold puts),27934.0,Neutral
2024-05-17,Friday,0,weekly,22415.25,22502.15,22345.65,22465.55,0.7,0.22,0.39,-0.31,Down to Up,Green,20.0,19.8,-14284.0,-10026.0,4552.0,FII Bearish (sold fut >10K),-28862.0,Neutral,14764.0,83626.0,-10106.0,PRO Mildly Bullish,108496.0,Strong Bullish
2024-05-18,Saturday,0,,22512.85,22519.85,22470.1,22506.8,0.22,-0.03,0.03,-0.19,Top to Down,Red,19.8,20.53,10769.0,13405.0,-49344.0,FII Bullish (bought fut + sold puts),73518.0,Bullish,-8078.0,26531.0,-101062.0,PRO Confident (sold puts >20K),119515.0,Strong Bullish
2024-05-21,Tuesday,0,,22404.55,22591.1,22404.55,22507.55,0.83,0.46,0.83,0.0,Down to Up,Green,20.53,21.81,10769.0,13405.0,-49344.0,FII Bullish (bought fut + sold puts),73518.0,Bullish,-8078.0,26531.0,-101062.0,PRO Confident (sold puts >20K),119515.0,Strong Bullish
2024-05-22,Wednesday,0,,22576.6,22629.5,22483.15,22620.5,0.65,0.19,0.23,-0.41,Down to Up,Green,21.81,21.47,10769.0,13405.0,-49344.0,FII Bullish (bought fut + sold puts),73518.0,Bullish,-8078.0,26531.0,-101062.0,PRO Confident (sold puts >20K),119515.0,Strong Bullish
2024-05-23,Thursday,1,weekly,22614.1,22993.6,22577.45,22951.0,1.84,1.49,1.68,-0.16,Down to Up,Green,21.47,21.38,-7781.0,87400.0,10363.0,FII Neutral,69256.0,Bullish,12776.0,125601.0,-62216.0,PRO Bullish (bought fut + sold puts),200593.0,Strong Bullish
2024-05-24,Friday,0,weekly,22930.75,23026.4,22908.0,22952.0,0.52,0.09,0.42,-0.1,Down to Up,Green,21.38,21.71,121415.0,-53769.0,-78890.0,FII Bullish (bought fut + sold puts),146536.0,Strong Bullish,-10255.0,32981.0,-180354.0,PRO Bearish (sold fut >10K),203080.0,Strong Bullish
2024-05-27,Monday,0,,23038.95,23110.8,22871.2,22931.05,1.04,-0.47,0.31,-0.73,Top to Down,Red,21.71,23.19,82493.0,-34439.0,-49615.0,FII Bullish (bought fut + sold puts),97669.0,Bullish,-31426.0,-179673.0,-134.0,PRO Bearish (sold fut >10K),-210965.0,Strong Bearish
2024-05-28,Tuesday,0,,22977.15,22998.55,22858.5,22868.65,0.61,-0.47,0.09,-0.52,Top to Down,Red,23.19,24.2,37920.0,-136788.0,-117852.0,FII Bullish (bought fut + sold puts),18984.0,Neutral,-15781.0,-103279.0,55783.0,PRO Very Bearish (sold fut >10K + bought puts >20K),-174843.0,Strong Bearish
2024-05-29,Wednesday,0,,22762.75,22825.5,22685.45,22705.8,0.62,-0.25,0.28,-0.34,Top to Down,Red,24.2,24.18,25397.0,57482.0,45024.0,FII Hedging (bought puts >20K),37855.0,Mildly Bullish,-32395.0,-143209.0,-43129.0,PRO Bearish (sold fut >10K),-132475.0,Strong Bearish
2024-05-30,Thursday,1,monthly,22617.45,22705.75,22417.0,22557.1,1.28,-0.27,0.39,-0.89,Top to Down,Red,24.18,24.18,-52665.0,167128.0,235131.0,FII Very Bearish (sold fut >10K + bought puts >20K),-120668.0,Strong Bearish,-5252.0,62213.0,134483.0,PRO Hedging (bought puts >20K),-77522.0,Bearish
2024-05-31,Friday,0,monthly,22568.1,22653.75,22465.1,22550.45,0.84,-0.08,0.38,-0.46,Top to Down,Red,24.18,24.6,-292592.0,-545640.0,-394095.0,FII Bearish (sold fut >10K),-444137.0,Strong Bearish,92136.0,34562.0,131248.0,PRO Hedging (bought puts >20K),-4550.0,Neutral
2024-06-03,Monday,0,,23337.9,23338.7,23062.3,23305.95,1.18,-0.14,0.0,-1.18,Top to Down,Red,24.6,20.94,-20569.0,-239220.0,-280019.0,FII Bearish (sold fut >10K),20230.0,Neutral,3958.0,-100252.0,-50388.0,PRO Confident (sold puts >20K),-45906.0,Mildly Bearish
2024-06-04,Tuesday,0,,23179.5,23179.5,21281.45,21996.45,8.19,-5.1,0.0,-8.19,Top to Down,Red,20.94,26.75,121423.0,-131246.0,-200941.0,FII Bullish (bought fut + sold puts),191118.0,Strong Bullish,-7259.0,-110396.0,-251155.0,PRO Confident (sold puts >20K),133500.0,Strong Bullish
2024-06-05,Wednesday,0,,22128.35,22670.4,21791.95,22573.0,3.97,2.01,2.45,-1.52,Down to Up,Green,26.75,18.89,-158435.0,-66296.0,142476.0,FII Very Bearish (sold fut >10K + bought puts >20K),-367207.0,Strong Bearish,12240.0,-527216.0,44603.0,PRO Hedging (bought puts >20K),-559579.0,Strong Bearish
2024-06-06,Thursday,1,weekly,22798.6,22910.15,22642.6,22849.05,1.17,0.22,0.49,-0.68,Down to Up,Green,18.89,16.8,43772.0,470365.0,297079.0,FII Hedging (bought puts >20K),217058.0,Strong Bullish,43946.0,377165.0,17641.0,PRO Mildly Bullish,403470.0,Strong Bullish
2024-06-07,Friday,0,weekly,22821.85,23320.2,22789.05,23270.05,2.33,1.96,2.18,-0.14,Down to Up,Green,16.8,16.88,24181.0,286811.0,73347.0,FII Hedging (bought puts >20K),237645.0,Strong Bullish,14565.0,248863.0,156302.0,PRO Hedging (bought puts >20K),107126.0,Strong Bullish
2024-06-10,Monday,0,,23319.15,23411.9,23227.15,23234.45,0.79,-0.36,0.4,-0.39,Top to Down,Red,16.88,16.4,94584.0,20274.0,62910.0,FII Hedging (bought puts >20K),51948.0,Bullish,-7829.0,154826.0,-174445.0,PRO Confident (sold puts >20K),321442.0,Strong Bullish
2024-06-11,Tuesday,0,,23283.75,23389.45,23206.65,23261.8,0.79,-0.09,0.45,-0.33,Top to Down,Red,16.4,14.77,48938.0,-30876.0,-92067.0,FII Bullish (bought fut + sold puts),110129.0,Strong Bullish,-17308.0,-223885.0,20771.0,PRO Very Bearish (sold fut >10K + bought puts >20K),-261964.0,Strong Bearish
2024-06-12,Wednesday,0,,23344.45,23441.95,23295.95,23308.4,0.63,-0.15,0.42,-0.21,Top to Down,Red,14.77,14.39,18140.0,-7188.0,-85062.0,FII Bullish (bought fut + sold puts),96014.0,Bullish,-8548.0,54529.0,-78506.0,PRO Confident (sold puts >20K),124487.0,Strong Bullish
2024-06-13,Thursday,1,weekly,23480.95,23481.05,23353.9,23399.35,0.54,-0.35,0.0,-0.54,Top to Down,Red,14.39,13.49,45726.0,162669.0,158557.0,FII Hedging (bought puts >20K),49838.0,Mildly Bullish,-4691.0,158953.0,20962.0,PRO Hedging (bought puts >20K),133300.0,Strong Bullish
2024-06-14,Friday,0,weekly,23464.95,23490.4,23334.25,23454.15,0.67,-0.05,0.11,-0.56,Top to Down,Red,13.49,12.82,45198.0,28166.0,2372.0,FII Mildly Bullish,70992.0,Bullish,-16363.0,55812.0,101760.0,PRO Very Bearish (sold fut >10K + bought puts >20K),-62311.0,Bearish
2024-06-18,Tuesday,0,,23570.8,23579.05,23499.7,23562.3,0.34,-0.04,0.04,-0.3,Top to Down,Red,12.82,12.97,45198.0,28166.0,2372.0,FII Mildly Bullish,70992.0,Bullish,-16363.0,55812.0,101760.0,PRO Very Bearish (sold fut >10K + bought puts >20K),-62311.0,Bearish
2024-06-19,Wednesday,0,,23629.85,23664.0,23412.9,23521.4,1.06,-0.46,0.14,-0.92,Top to Down,Red,12.97,13.71,45198.0,28166.0,2372.0,FII Mildly Bullish,70992.0,Bullish,-16363.0,55812.0,101760.0,PRO Very Bearish (sold fut >10K + bought puts >20K),-62311.0,Bearish
2024-06-20,Thursday,1,weekly,23586.15,23624.0,23442.6,23579.15,0.77,-0.03,0.16,-0.61,Top to Down,Red,13.71,13.35,56911.0,-32540.0,-35870.0,FII Bullish (bought fut + sold puts),60241.0,Bullish,6960.0,-34636.0,184088.0,PRO Hedging (bought puts >20K),-211764.0,Strong Bearish
2024-06-21,Friday,0,weekly,23661.15,23667.1,23398.2,23453.15,1.14,-0.88,0.03,-1.11,Top to Down,Red,13.35,13.18,28406.0,-218755.0,-284830.0,FII Bullish (bought fut + sold puts),94481.0,Bullish,8928.0,49194.0,-71240.0,PRO Confident (sold puts >20K),129362.0,Strong Bullish
2024-06-24,Monday,0,,23382.3,23558.1,23350.0,23548.65,0.89,0.71,0.75,-0.14,Down to Up,Green,13.18,14.06,1526.0,-73694.0,-7446.0,FII Mildly Bearish,-64722.0,Bearish,-10642.0,-74395.0,226026.0,PRO Very Bearish (sold fut >10K + bought puts >20K),-311063.0,Strong Bearish
2024-06-25,Tuesday,0,,23577.1,23754.15,23562.05,23721.9,0.81,0.61,0.75,-0.06,Down to Up,Green,14.06,14.31,27679.0,60571.0,58037.0,FII Hedging (bought puts >20K),30213.0,Mildly Bullish,-1000.0,108270.0,-285392.0,PRO Confident (sold puts >20K),392662.0,Strong Bullish
2024-06-26,Wednesday,0,,23723.1,23889.9,23670.45,23840.25,0.93,0.49,0.7,-0.22,Down to Up,Green,14.31,14.05,39165.0,297941.0,328400.0,FII Hedging (bought puts >20K),8706.0,Neutral,14694.0,-48517.0,-303279.0,PRO Bullish (bought fut + sold puts),269456.0,Strong Bullish
2024-06-27,Thursday,1,monthly,23881.55,24087.45,23805.4,24036.1,1.18,0.65,0.86,-0.32,Down to Up,Green,14.05,14.15,61955.0,-56746.0,-82910.0,FII Bullish (bought fut + sold puts),88119.0,Bullish,-39015.0,-12247.0,282235.0,PRO Very Bearish (sold fut >10K + bought puts >20K),-333497.0,Strong Bearish
2024-06-28,Friday,0,monthly,24085.9,24174.0,23985.8,24009.8,0.78,-0.32,0.37,-0.42,Top to Down,Red,14.15,13.8,116325.0,-244326.0,-317230.0,FII Bullish (bought fut + sold puts),189229.0,Strong Bullish,-21028.0,15499.0,87782.0,PRO Very Bearish (sold fut >10K + bought puts >20K),-93311.0,Bearish
2024-07-01,Monday,0,,23992.95,24164.0,23992.7,24123.15,0.71,0.54,0.71,-0.0,Down to Up,Green,13.8,13.83,27768.0,37964.0,28567.0,FII Hedging (bought puts >20K),37165.0,Mildly Bullish,-13747.0,-290458.0,94904.0,PRO Very Bearish (sold fut >10K + bought puts >20K),-399109.0,Strong Bearish
2024-07-02,Tuesday,0,,24228.75,24236.35,24056.4,24117.8,0.74,-0.46,0.03,-0.71,Top to Down,Red,13.83,13.64,3190.0,-104015.0,-122460.0,FII Confident (sold puts >20K),21635.0,Neutral,-943.0,172802.0,-206090.0,PRO Confident (sold puts >20K),377949.0,Strong Bullish
2024-07-03,Wednesday,0,,24291.75,24309.15,24207.1,24290.8,0.42,-0.0,0.07,-0.35,Top to Down,Red,13.64,13.21,-3120.0,-58057.0,-59246.0,FII Confident (sold puts >20K),-1931.0,Neutral,780.0,-62342.0,161969.0,PRO Hedging (bought puts >20K),-223531.0,Strong Bearish
2024-07-04,Thursday,1,weekly,24369.95,24401.0,24281.0,24304.65,0.49,-0.27,0.13,-0.36,Top to Down,Red,13.21,12.86,31842.0,163596.0,117068.0,FII Hedging (bought puts >20K),78370.0,Bullish,4754.0,203603.0,-82317.0,PRO Confident (sold puts >20K),290674.0,Strong Bullish
2024-07-05,Friday,0,weekly,24213.35,24363.0,24168.85,24316.75,0.8,0.43,0.62,-0.18,Down to Up,Green,12.86,12.7,13362.0,176645.0,166076.0,FII Hedging (bought puts >20K),23931.0,Neutral,-3602.0,-81001.0,-5289.0,PRO Mildly Bearish,-79314.0,Bearish
2024-07-08,Monday,0,,24329.45,24344.6,24240.55,24331.05,0.43,0.01,0.06,-0.37,Down to Up,Green,12.7,13.6,-7823.0,219206.0,317868.0,FII Hedging (bought puts >20K),-106485.0,Strong Bearish,-6834.0,168974.0,159528.0,PRO Hedging (bought puts >20K),2612.0,Neutral
2024-07-09,Tuesday,0,,24351.0,24443.6,24331.9,24417.25,0.46,0.27,0.38,-0.08,Down to Up,Green,13.6,14.28,-7323.0,-13204.0,-128071.0,FII Confident (sold puts >20K),107544.0,Strong Bullish,-2826.0,-390854.0,-61989.0,PRO Confident (sold puts >20K),-331691.0,Strong Bearish
2024-07-10,Wednesday,0,,24459.85,24461.05,24141.8,24312.4,1.31,-0.6,0.0,-1.3,Top to Down,Red,14.28,14.43,8932.0,-258154.0,-142407.0,FII Confident (sold puts >20K),-106815.0,Strong Bearish,7013.0,134091.0,-57843.0,PRO Confident (sold puts >20K),198947.0,Strong Bullish
2024-07-11,Thursday,1,weekly,24396.55,24402.65,24193.75,24338.5,0.86,-0.24,0.03,-0.83,Top to Down,Red,14.43,14.0,-47737.0,16751.0,36111.0,FII Very Bearish (sold fut >10K + bought puts >20K),-67097.0,Bearish,1869.0,77706.0,213021.0,PRO Hedging (bought puts >20K),-133446.0,Strong Bearish
2024-07-12,Friday,0,weekly,24387.95,24592.2,24331.15,24512.4,1.07,0.51,0.84,-0.23,Down to Up,Green,14.0,13.73,-31714.0,-297953.0,-398026.0,FII Bearish (sold fut >10K),68359.0,Bullish,12444.0,216886.0,1843.0,PRO Mildly Bullish,227487.0,Strong Bullish
2024-07-16,Tuesday,0,,24615.9,24661.25,24587.65,24601.1,0.3,-0.06,0.18,-0.11,Top to Down,Red,14.19,14.22,20573.0,168148.0,128121.0,FII Hedging (bought puts >20K),60600.0,Bullish,-13868.0,19803.0,-213877.0,PRO Bearish (sold fut >10K),219812.0,Strong Bullish
2024-07-18,Thursday,1,weekly,24543.8,24837.75,24504.45,24779.35,1.36,0.96,1.2,-0.16,Down to Up,Green,14.22,14.51,20573.0,168148.0,128121.0,FII Hedging (bought puts >20K),60600.0,Bullish,-13868.0,19803.0,-213877.0,PRO Bearish (sold fut >10K),219812.0,Strong Bullish
2024-07-19,Friday,0,weekly,24853.8,24854.8,24508.15,24525.85,1.39,-1.32,0.0,-1.39,Top to Down,Red,14.51,14.83,20573.0,168148.0,128121.0,FII Hedging (bought puts >20K),60600.0,Bullish,-13868.0,19803.0,-213877.0,PRO Bearish (sold fut >10K),219812.0,Strong Bullish
2024-07-22,Monday,0,,24445.75,24595.2,24362.3,24515.9,0.95,0.29,0.61,-0.34,Down to Up,Green,14.83,15.44,-32067.0,4884.0,207535.0,FII Very Bearish (sold fut >10K + bought puts >20K),-234718.0,Strong Bearish,-10050.0,-369128.0,172411.0,PRO Very Bearish (sold fut >10K + bought puts >20K),-551589.0,Strong Bearish
2024-07-23,Tuesday,0,,24568.9,24582.55,24074.2,24476.4,2.07,-0.38,0.06,-2.01,Top to Down,Red,15.44,12.75,-20096.0,98338.0,47626.0,FII Very Bearish (sold fut >10K + bought puts >20K),30616.0,Mildly Bullish,-13334.0,-169118.0,-330839.0,PRO Bearish (sold fut >10K),148387.0,Strong Bullish
2024-07-24,Wednesday,0,,24444.95,24504.25,24307.25,24441.9,0.81,-0.01,0.24,-0.56,Top to Down,Red,12.75,11.76,-54771.0,-159335.0,-63173.0,FII Bearish (sold fut >10K),-150933.0,Strong Bearish,-7740.0,-208645.0,50408.0,PRO Hedging (bought puts >20K),-266793.0,Strong Bearish
2024-07-25,Thursday,1,monthly,24230.95,24426.15,24210.8,24415.0,0.89,0.76,0.81,-0.08,Down to Up,Green,11.76,12.62,-43058.0,177321.0,196266.0,FII Very Bearish (sold fut >10K + bought puts >20K),-62003.0,Bearish,-23851.0,131048.0,17062.0,PRO Bearish (sold fut >10K),90135.0,Bullish
2024-07-26,Friday,0,monthly,24423.35,24861.15,24410.9,24851.75,1.84,1.75,1.79,-0.05,Down to Up,Green,12.62,12.25,-177679.0,-148248.0,-403652.0,FII Bearish (sold fut >10K),77725.0,Bullish,115956.0,223014.0,274576.0,PRO Hedging (bought puts >20K),64394.0,Bullish
2024-07-29,Monday,0,,24943.3,24999.75,24774.6,24840.95,0.9,-0.41,0.23,-0.68,Top to Down,Red,12.25,12.95,69761.0,118539.0,143870.0,FII Hedging (bought puts >20K),44430.0,Mildly Bullish,-7287.0,292160.0,-242804.0,PRO Confident (sold puts >20K),527677.0,Strong Bullish
2024-07-30,Tuesday,0,,24839.4,24971.75,24798.65,24840.9,0.7,0.01,0.53,-0.16,Down to Up,Green,12.95,12.88,19260.0,-73163.0,-30884.0,FII Bullish (bought fut + sold puts),-23019.0,Neutral,-26670.0,-426239.0,54554.0,PRO Very Bearish (sold fut >10K + bought puts >20K),-507463.0,Strong Bearish
2024-07-31,Wednesday,0,,24886.7,24984.6,24856.5,24979.3,0.51,0.37,0.39,-0.12,Down to Up,Green,12.88,13.25,6080.0,64687.0,49700.0,FII Hedging (bought puts >20K),21067.0,Neutral,1673.0,112216.0,-114515.0,PRO Confident (sold puts >20K),228404.0,Strong Bullish
2024-08-01,Thursday,1,weekly,25030.95,25078.3,24956.4,25006.0,0.49,-0.1,0.19,-0.3,Top to Down,Red,13.25,12.93,-13297.0,45458.0,199464.0,FII Very Bearish (sold fut >10K + bought puts >20K),-167303.0,Strong Bearish,30178.0,100137.0,-99284.0,PRO Bullish (bought fut + sold puts),229599.0,Strong Bullish
2024-08-02,Friday,0,weekly,24789.0,24851.9,24686.85,24699.45,0.67,-0.36,0.25,-0.41,Top to Down,Red,12.93,14.32,22059.0,-190462.0,-281184.0,FII Bullish (bought fut + sold puts),112781.0,Strong Bullish,-3567.0,4237.0,285731.0,PRO Hedging (bought puts >20K),-285061.0,Strong Bearish
2024-08-05,Monday,0,,24302.85,24350.05,23893.7,24051.8,1.88,-1.03,0.19,-1.68,Top to Down,Red,14.32,20.37,-21170.0,194748.0,330936.0,FII Very Bearish (sold fut >10K + bought puts >20K),-157358.0,Strong Bearish,-7364.0,-130531.0,64118.0,PRO Hedging (bought puts >20K),-202013.0,Strong Bearish
2024-08-06,Tuesday,0,,24189.85,24382.6,23960.4,24033.05,1.75,-0.65,0.8,-0.95,Top to Down,Red,20.37,18.74,-34924.0,-159074.0,-104119.0,FII Bearish (sold fut >10K),-89879.0,Bearish,9068.0,-453989.0,-202052.0,PRO Confident (sold puts >20K),-242869.0,Strong Bearish
2024-08-07,Wednesday,0,,24289.4,24337.7,24184.9,24315.25,0.63,0.11,0.2,-0.43,Down to Up,Green,18.74,16.17,-31466.0,317131.0,380866.0,FII Very Bearish (sold fut >10K + bought puts >20K),-95201.0,Bearish,-7809.0,-157223.0,-51143.0,PRO Confident (sold puts >20K),-113889.0,Strong Bearish
2024-08-08,Thursday,1,weekly,24248.55,24340.5,24079.7,24098.7,1.08,-0.62,0.38,-0.7,Top to Down,Red,16.17,16.6,-14738.0,120498.0,207704.0,FII Very Bearish (sold fut >10K + bought puts >20K),-101944.0,Strong Bearish,11109.0,375563.0,-71144.0,PRO Bullish (bought fut + sold puts),457816.0,Strong Bullish
2024-08-09,Friday,0,weekly,24386.85,24419.75,24311.2,24364.4,0.45,-0.09,0.13,-0.31,Top to Down,Red,16.6,15.34,-49088.0,-448326.0,-445109.0,FII Bearish (sold fut >10K),-52305.0,Bearish,7707.0,253981.0,352858.0,PRO Hedging (bought puts >20K),-91170.0,Bearish
2024-08-12,Monday,0,,24320.05,24472.8,24212.1,24348.8,1.07,0.12,0.63,-0.44,Down to Up,Green,15.34,15.87,7384.0,19744.0,-22883.0,FII Confident (sold puts >20K),50011.0,Bullish,6578.0,84781.0,-39199.0,PRO Confident (sold puts >20K),130558.0,Strong Bullish
2024-08-13,Tuesday,0,,24342.35,24359.95,24116.5,24141.2,1.0,-0.83,0.07,-0.93,Top to Down,Red,15.87,16.17,-7222.0,-54404.0,-128642.0,FII Confident (sold puts >20K),67016.0,Bullish,-10595.0,35456.0,-33708.0,PRO Bearish (sold fut >10K),58569.0,Bullish
2024-08-14,Wednesday,1,weekly,24184.4,24196.5,24099.7,24144.5,0.4,-0.16,0.05,-0.35,Top to Down,Red,16.17,15.44,-36291.0,89268.0,162668.0,FII Very Bearish (sold fut >10K + bought puts >20K),-109691.0,Strong Bearish,7181.0,-512183.0,47304.0,PRO Hedging (bought puts >20K),-552306.0,Strong Bearish
2024-08-16,Friday,0,weekly,24334.85,24563.9,24204.5,24539.2,1.48,0.84,0.94,-0.54,Down to Up,Green,15.44,14.4,-36291.0,89268.0,162668.0,FII Very Bearish (sold fut >10K + bought puts >20K),-109691.0,Strong Bearish,7181.0,-512183.0,47304.0,PRO Hedging (bought puts >20K),-552306.0,Strong Bearish
2024-08-19,Monday,0,,24636.35,24638.8,24522.95,24579.0,0.47,-0.23,0.01,-0.46,Top to Down,Red,14.4,14.32,-36291.0,89268.0,162668.0,FII Very Bearish (sold fut >10K + bought puts >20K),-109691.0,Strong Bearish,7181.0,-512183.0,47304.0,PRO Hedging (bought puts >20K),-552306.0,Strong Bearish
2024-08-20,Tuesday,0,,24648.9,24734.3,24607.2,24672.85,0.52,0.1,0.35,-0.17,Down to Up,Green,14.32,13.82,-4609.0,-199318.0,-49629.0,FII Confident (sold puts >20K),-154298.0,Strong Bearish,-20300.0,-246991.0,75017.0,PRO Very Bearish (sold fut >10K + bought puts >20K),-342308.0,Strong Bearish
2024-08-21,Wednesday,0,,24680.55,24787.95,24654.5,24781.9,0.54,0.41,0.44,-0.11,Down to Up,Green,13.82,13.33,26584.0,100856.0,50998.0,FII Hedging (bought puts >20K),76442.0,Bullish,3348.0,89450.0,-201818.0,PRO Confident (sold puts >20K),294616.0,Strong Bullish
2024-08-22,Thursday,1,weekly,24863.4,24867.35,24784.45,24810.9,0.33,-0.21,0.02,-0.32,Top to Down,Red,13.33,13.0,-8466.0,121082.0,85400.0,FII Hedging (bought puts >20K),27216.0,Neutral,3776.0,-58478.0,37392.0,PRO Hedging (bought puts >20K),-92094.0,Bearish
2024-08-23,Friday,0,weekly,24845.4,24858.4,24771.65,24831.85,0.35,-0.05,0.05,-0.3,Top to Down,Red,13.0,13.55,7101.0,-4741.0,-41409.0,FII Confident (sold puts >20K),43769.0,Mildly Bullish,-3165.0,-6898.0,89264.0,PRO Hedging (bought puts >20K),-99327.0,Bearish
2024-08-26,Monday,0,,24906.1,25043.8,24874.7,25011.45,0.68,0.42,0.55,-0.13,Down to Up,Green,13.55,13.8,748.0,-79692.0,-38265.0,FII Confident (sold puts >20K),-40679.0,Mildly Bearish,2021.0,56706.0,106224.0,PRO Hedging (bought puts >20K),-47497.0,Mildly Bearish
2024-08-27,Tuesday,0,,25024.8,25073.1,24973.65,24997.05,0.4,-0.11,0.19,-0.2,Top to Down,Red,13.8,13.63,31732.0,49410.0,109171.0,FII Hedging (bought puts >20K),-28029.0,Neutral,-14168.0,122937.0,-240001.0,PRO Bearish (sold fut >10K),348770.0,Strong Bullish
2024-08-28,Wednesday,0,,25030.8,25129.6,24964.65,25044.85,0.66,0.06,0.39,-0.26,Down to Up,Green,13.63,13.95,28937.0,-85754.0,-24300.0,FII Bullish (bought fut + sold puts),-32517.0,Mildly Bearish,-16652.0,-45045.0,15886.0,PRO Bearish (sold fut >10K),-77583.0,Bearish
2024-08-29,Thursday,1,monthly,25035.3,25192.9,24998.5,25156.75,0.78,0.49,0.63,-0.15,Down to Up,Green,13.95,13.79,47880.0,60402.0,58601.0,FII Hedging (bought puts >20K),49681.0,Mildly Bullish,-3716.0,-23339.0,110540.0,PRO Hedging (bought puts >20K),-137595.0,Strong Bearish
2024-08-30,Friday,0,monthly,25249.7,25268.35,25199.4,25247.0,0.27,-0.01,0.07,-0.2,Top to Down,Red,13.79,13.39,75978.0,-41956.0,-164953.0,FII Bullish (bought fut + sold puts),198975.0,Strong Bullish,-4945.0,99408.0,106447.0,PRO Hedging (bought puts >20K),-11984.0,Neutral
2024-09-02,Monday,0,,25333.6,25333.65,25235.5,25273.9,0.39,-0.24,0.0,-0.39,Top to Down,Red,13.39,14.06,33281.0,184976.0,53910.0,FII Hedging (bought puts >20K),164347.0,Strong Bullish,-15368.0,-34250.0,-172104.0,PRO Bearish (sold fut >10K),122486.0,Strong Bullish
2024-09-03,Tuesday,0,,25313.4,25321.7,25235.8,25268.85,0.34,-0.18,0.03,-0.31,Top to Down,Red,14.06,13.84,-10187.0,-74745.0,8550.0,FII Bearish (sold fut >10K),-93482.0,Bearish,-12552.0,-156235.0,32249.0,PRO Very Bearish (sold fut >10K + bought puts >20K),-201036.0,Strong Bearish
2024-09-04,Wednesday,0,,25089.95,25216.0,25083.8,25206.35,0.53,0.46,0.5,-0.02,Down to Up,Green,13.84,14.38,5217.0,209.0,429.0,FII Neutral,4997.0,Neutral,11003.0,209568.0,-83761.0,PRO Bullish (bought fut + sold puts),304332.0,Strong Bullish
2024-09-05,Thursday,1,weekly,25250.5,25275.45,25127.75,25144.8,0.58,-0.42,0.1,-0.49,Top to Down,Red,14.38,14.21,-18740.0,176634.0,149181.0,FII Very Bearish (sold fut >10K + bought puts >20K),8713.0,Neutral,-13541.0,-232939.0,81786.0,PRO Very Bearish (sold fut >10K + bought puts >20K),-328266.0,Strong Bearish
2024-09-06,Friday,0,weekly,25093.7,25168.75,24801.3,24868.5,1.46,-0.9,0.3,-1.17,Top to Down,Red,14.21,15.22,-10380.0,-128952.0,-185847.0,FII Bearish (sold fut >10K),46515.0,Mildly Bullish,6581.0,71949.0,166505.0,PRO Hedging (bought puts >20K),-87975.0,Bearish
2024-09-09,Monday,0,,24823.4,24957.5,24753.15,24942.25,0.82,0.48,0.54,-0.28,Down to Up,Green,15.22,14.24,-47227.0,-91622.0,34846.0,FII Very Bearish (sold fut >10K + bought puts >20K),-173695.0,Strong Bearish,-12038.0,-486347.0,114001.0,PRO Very Bearish (sold fut >10K + bought puts >20K),-612386.0,Strong Bearish
2024-09-10,Tuesday,0,,24999.4,25130.5,24896.8,25052.1,0.93,0.21,0.52,-0.41,Down to Up,Green,14.24,13.36,-6073.0,275365.0,167901.0,FII Hedging (bought puts >20K),101391.0,Strong Bullish,9725.0,256111.0,-288450.0,PRO Confident (sold puts >20K),554286.0,Strong Bullish
2024-09-11,Wednesday,0,,25034.0,25113.7,24885.15,24951.8,0.91,-0.33,0.32,-0.59,Top to Down,Red,13.36,13.63,1709.0,-15404.0,-5353.0,FII Neutral,-8342.0,Neutral,8438.0,77295.0,-41073.0,PRO Confident (sold puts >20K),126806.0,Strong Bullish
2024-09-12,Thursday,1,weekly,25059.65,25433.35,24941.45,25314.95,1.96,1.02,1.49,-0.47,Down to Up,Green,13.63,13.18,-6286.0,-88725.0,-61002.0,FII Confident (sold puts >20K),-34009.0,Mildly Bearish,7605.0,-150444.0,303675.0,PRO Hedging (bought puts >20K),-446514.0,Strong Bearish
2024-09-16,Monday,0,,25406.65,25445.7,25336.2,25377.2,0.43,-0.12,0.15,-0.28,Top to Down,Red,12.55,12.46,18504.0,-71141.0,10619.0,FII Mildly Bullish,-63256.0,Bearish,-21295.0,-225007.0,-88865.0,PRO Bearish (sold fut >10K),-157437.0,Strong Bearish
2024-09-17,Tuesday,0,,25416.9,25441.65,25352.25,25407.15,0.35,-0.04,0.1,-0.25,Top to Down,Red,12.46,12.59,4141.0,-103164.0,-155942.0,FII Confident (sold puts >20K),56919.0,Bullish,2392.0,-5659.0,-49419.0,PRO Confident (sold puts >20K),46152.0,Mildly Bullish
2024-09-18,Wednesday,0,,25402.4,25482.2,25285.55,25343.45,0.77,-0.23,0.31,-0.46,Top to Down,Red,12.59,13.37,6800.0,-42711.0,-42425.0,FII Confident (sold puts >20K),6514.0,Neutral,13340.0,1604.0,17814.0,PRO Mildly Bullish,-2870.0,Neutral
2024-09-19,Thursday,1,weekly,25487.05,25611.95,25376.05,25445.0,0.93,-0.16,0.49,-0.44,Top to Down,Red,13.37,12.47,17235.0,101354.0,123157.0,FII Hedging (bought puts >20K),-4568.0,Neutral,-4633.0,-66209.0,185058.0,PRO Hedging (bought puts >20K),-255900.0,Strong Bearish
2024-09-20,Friday,0,weekly,25525.95,25849.25,25426.6,25820.35,1.66,1.15,1.27,-0.39,Down to Up,Green,12.47,12.79,-14026.0,142130.0,136283.0,FII Very Bearish (sold fut >10K + bought puts >20K),-8179.0,Neutral,3789.0,59918.0,47477.0,PRO Hedging (bought puts >20K),16230.0,Neutral
2024-09-23,Monday,0,,25872.55,25956.0,25847.35,25930.15,0.42,0.22,0.32,-0.1,Down to Up,Green,12.79,13.79,135601.0,321086.0,218155.0,FII Hedging (bought puts >20K),238532.0,Strong Bullish,-29107.0,217657.0,-357896.0,PRO Bearish (sold fut >10K),546446.0,Strong Bullish
2024-09-24,Tuesday,0,,25921.45,26011.55,25886.85,25951.9,0.48,0.12,0.35,-0.13,Down to Up,Green,13.79,13.39,743.0,61568.0,51783.0,FII Hedging (bought puts >20K),10528.0,Neutral,-928.0,-283198.0,-284018.0,PRO Confident (sold puts >20K),-108.0,Neutral
2024-09-25,Wednesday,0,,25899.45,26032.8,25871.35,26013.5,0.62,0.44,0.51,-0.11,Down to Up,Green,13.39,12.74,-21247.0,-114517.0,-91037.0,FII Bearish (sold fut >10K),-44727.0,Mildly Bearish,8404.0,-165855.0,140498.0,PRO Hedging (bought puts >20K),-297949.0,Strong Bearish
2024-09-26,Thursday,1,monthly,26005.4,26250.9,25998.4,26184.65,0.97,0.69,0.94,-0.03,Down to Up,Green,12.74,12.0,13493.0,-22962.0,-4981.0,FII Mildly Bullish,-4488.0,Neutral,-21714.0,327894.0,260811.0,PRO Very Bearish (sold fut >10K + bought puts >20K),45369.0,Mildly Bullish
2024-09-27,Friday,0,monthly,26248.25,26277.35,26151.4,26175.0,0.48,-0.28,0.11,-0.37,Top to Down,Red,12.0,11.96,-16004.0,-255436.0,-360115.0,FII Bearish (sold fut >10K),88675.0,Bullish,27972.0,76263.0,221391.0,PRO Hedging (bought puts >20K),-117156.0,Strong Bearish
2024-09-30,Monday,0,,26061.3,26134.7,25794.1,25822.8,1.31,-0.92,0.28,-1.03,Top to Down,Red,11.96,12.79,25000.0,332317.0,310234.0,FII Hedging (bought puts >20K),47083.0,Mildly Bullish,-12513.0,-348062.0,23537.0,PRO Very Bearish (sold fut >10K + bought puts >20K),-384112.0,Strong Bearish
2024-10-01,Tuesday,0,,25788.45,25907.6,25739.2,25812.55,0.65,0.09,0.46,-0.19,Down to Up,Green,12.79,11.99,-22620.0,-163132.0,-84024.0,FII Bearish (sold fut >10K),-101728.0,Strong Bearish,-32575.0,-395152.0,89852.0,PRO Very Bearish (sold fut >10K + bought puts >20K),-517579.0,Strong Bearish
2024-10-03,Thursday,1,weekly,25452.85,25639.45,25230.3,25266.0,1.61,-0.73,0.73,-0.87,Top to Down,Red,11.99,13.17,-22620.0,-163132.0,-84024.0,FII Bearish (sold fut >10K),-101728.0,Strong Bearish,-32575.0,-395152.0,89852.0,PRO Very Bearish (sold fut >10K + bought puts >20K),-517579.0,Strong Bearish
2024-10-04,Friday,0,weekly,25181.9,25485.05,24966.8,25049.1,2.06,-0.53,1.2,-0.85,Top to Down,Red,13.17,14.13,-22620.0,-163132.0,-84024.0,FII Bearish (sold fut >10K),-101728.0,Strong Bearish,-32575.0,-395152.0,89852.0,PRO Very Bearish (sold fut >10K + bought puts >20K),-517579.0,Strong Bearish
2024-10-07,Monday,0,,25084.1,25143.0,24694.35,24819.0,1.79,-1.06,0.23,-1.55,Top to Down,Red,14.13,15.08,-79868.0,282375.0,305945.0,FII Very Bearish (sold fut >10K + bought puts >20K),-103438.0,Strong Bearish,18943.0,34737.0,77631.0,PRO Hedging (bought puts >20K),-23951.0,Neutral
2024-10-08,Tuesday,0,,24832.2,25044.0,24756.8,25039.5,1.16,0.83,0.85,-0.3,Down to Up,Green,15.08,14.59,-117711.0,-34506.0,69340.0,FII Very Bearish (sold fut >10K + bought puts >20K),-221557.0,Strong Bearish,42749.0,-296183.0,-99696.0,PRO Bullish (bought fut + sold puts),-153738.0,Strong Bearish
2024-10-09,Wednesday,0,,25065.8,25234.05,24947.7,25019.55,1.14,-0.18,0.67,-0.47,Top to Down,Red,14.59,14.12,-40271.0,128587.0,164658.0,FII Very Bearish (sold fut >10K + bought puts >20K),-76342.0,Bearish,2533.0,61970.0,-275830.0,PRO Confident (sold puts >20K),340333.0,Strong Bullish
2024-10-10,Thursday,1,weekly,25067.05,25134.05,24979.4,25007.55,0.62,-0.24,0.27,-0.35,Top to Down,Red,14.12,13.5,-53714.0,-160161.0,-147604.0,FII Bearish (sold fut >10K),-66271.0,Bearish,16514.0,132101.0,171769.0,PRO Hedging (bought puts >20K),-23154.0,Neutral
2024-10-11,Friday,0,weekly,24985.3,25028.65,24920.05,24975.05,0.43,-0.04,0.17,-0.26,Top to Down,Red,13.5,13.22,-26737.0,-373534.0,-481983.0,FII Bearish (sold fut >10K),81712.0,Bullish,13952.0,216371.0,153474.0,PRO Hedging (bought puts >20K),76849.0,Bullish
2024-10-14,Monday,0,,25023.45,25159.75,25017.5,25142.3,0.57,0.47,0.54,-0.02,Down to Up,Green,13.22,13.0,5149.0,181541.0,163262.0,FII Hedging (bought puts >20K),23428.0,Neutral,-11214.0,-80393.0,-56279.0,PRO Bearish (sold fut >10K),-35328.0,Mildly Bearish
2024-10-15,Tuesday,0,,25186.3,25212.05,25008.15,25065.15,0.81,-0.48,0.1,-0.71,Top to Down,Red,13.0,13.0,110.0,28672.0,-41172.0,FII Confident (sold puts >20K),69954.0,Bullish,-956.0,88929.0,-196155.0,PRO Confident (sold puts >20K),284128.0,Strong Bullish
2024-10-16,Wednesday,0,,25008.55,25093.4,24908.45,24959.9,0.74,-0.19,0.34,-0.4,Top to Down,Red,13.0,13.05,-7482.0,-20256.0,35670.0,FII Hedging (bought puts >20K),-63408.0,Bearish,6474.0,-112559.0,89134.0,PRO Hedging (bought puts >20K),-195219.0,Strong Bearish
2024-10-17,Thursday,1,weekly,25027.4,25029.5,24728.9,24750.2,1.2,-1.11,0.01,-1.19,Top to Down,Red,13.05,13.39,-10435.0,172540.0,319400.0,FII Very Bearish (sold fut >10K + bought puts >20K),-157295.0,Strong Bearish,5606.0,-70924.0,55394.0,PRO Hedging (bought puts >20K),-120712.0,Strong Bearish
2024-10-18,Friday,0,weekly,24664.95,24886.2,24567.65,24862.65,1.29,0.8,0.9,-0.39,Down to Up,Green,13.39,13.04,-1716.0,-316555.0,-233070.0,FII Confident (sold puts >20K),-85201.0,Bearish,-11675.0,44548.0,122045.0,PRO Very Bearish (sold fut >10K + bought puts >20K),-89172.0,Bearish
2024-10-21,Monday,0,,24956.15,24978.3,24679.6,24739.45,1.2,-0.87,0.09,-1.11,Top to Down,Red,13.04,13.76,7812.0,105180.0,-129661.0,FII Confident (sold puts >20K),242653.0,Strong Bullish,-12731.0,262422.0,-259204.0,PRO Bearish (sold fut >10K),508895.0,Strong Bullish
2024-10-22,Tuesday,0,,24798.65,24882.0,24445.8,24481.75,1.76,-1.28,0.34,-1.42,Top to Down,Red,13.76,14.4,-5706.0,-92607.0,75451.0,FII Hedging (bought puts >20K),-173764.0,Strong Bearish,-7143.0,-369385.0,80331.0,PRO Hedging (bought puts >20K),-456859.0,Strong Bearish
2024-10-23,Wednesday,0,,24378.15,24604.25,24378.1,24436.0,0.93,0.24,0.93,-0.0,Down to Up,Green,14.4,14.62,-3102.0,-52277.0,23079.0,FII Hedging (bought puts >20K),-78458.0,Bearish,9197.0,-124400.0,149825.0,PRO Hedging (bought puts >20K),-265028.0,Strong Bearish
2024-10-24,Thursday,1,weekly,24412.7,24480.65,24341.2,24414.6,0.57,0.01,0.28,-0.29,Down to Up,Green,14.62,13.97,881.0,154764.0,99016.0,FII Hedging (bought puts >20K),56629.0,Bullish,-7983.0,201154.0,-149091.0,PRO Confident (sold puts >20K),342262.0,Strong Bullish
2024-10-25,Friday,0,monthly,24418.05,24440.25,24073.9,24211.8,1.5,-0.84,0.09,-1.41,Top to Down,Red,13.97,14.63,22704.0,-99286.0,-174037.0,FII Bullish (bought fut + sold puts),97455.0,Bullish,-34087.0,189706.0,29919.0,PRO Very Bearish (sold fut >10K + bought puts >20K),125700.0,Strong Bullish
2024-10-28,Monday,0,,24251.1,24492.6,24134.9,24367.7,1.47,0.48,1.0,-0.48,Down to Up,Green,14.63,14.29,17754.0,-17137.0,148024.0,FII Hedging (bought puts >20K),-147407.0,Strong Bearish,-36932.0,-103253.0,-14744.0,PRO Bearish (sold fut >10K),-125441.0,Strong Bearish
2024-10-29,Tuesday,0,,24328.85,24484.5,24140.85,24454.0,1.41,0.51,0.64,-0.77,Down to Up,Green,14.29,14.52,35685.0,309292.0,184991.0,FII Hedging (bought puts >20K),159986.0,Strong Bullish,-9953.0,-11941.0,-268365.0,PRO Confident (sold puts >20K),246471.0,Strong Bullish
2024-10-30,Wednesday,0,,24371.45,24498.2,24307.3,24350.3,0.78,-0.09,0.52,-0.26,Top to Down,Red,14.52,15.51,2391.0,2887.0,11320.0,FII Neutral,-6042.0,Neutral,21071.0,125522.0,-220858.0,PRO Bullish (bought fut + sold puts),367451.0,Strong Bullish
2024-10-31,Thursday,1,monthly,24349.85,24372.45,24172.6,24238.5,0.82,-0.46,0.09,-0.73,Top to Down,Red,15.51,15.55,-30623.0,-128012.0,-45183.0,FII Bearish (sold fut >10K),-113452.0,Strong Bearish,13609.0,-163828.0,409081.0,PRO Hedging (bought puts >20K),-559300.0,Strong Bearish
2024-11-01,Friday,0,weekly,24302.75,24368.25,24280.2,24300.55,0.36,-0.01,0.27,-0.09,Top to Down,Red,15.55,15.9,-31203.0,-206623.0,-125431.0,FII Bearish (sold fut >10K),-112395.0,Strong Bearish,9794.0,198280.0,280574.0,PRO Hedging (bought puts >20K),-72500.0,Bearish
2024-11-04,Monday,0,,24315.75,24316.75,23816.15,23990.95,2.06,-1.34,0.0,-2.05,Top to Down,Red,15.9,16.69,1620.0,14571.0,-25172.0,FII Confident (sold puts >20K),41363.0,Mildly Bullish,4878.0,90130.0,4390.0,PRO Neutral,90618.0,Bullish
2024-11-05,Tuesday,0,,23916.5,24229.05,23842.75,24198.15,1.62,1.18,1.31,-0.31,Down to Up,Green,16.69,16.12,-9280.0,82996.0,-22352.0,FII Confident (sold puts >20K),96068.0,Bullish,-16887.0,-373643.0,-203302.0,PRO Bearish (sold fut >10K),-187228.0,Strong Bearish
2024-11-06,Wednesday,0,,24308.75,24537.6,24204.05,24493.9,1.37,0.76,0.94,-0.43,Down to Up,Green,16.12,14.87,10038.0,206361.0,114291.0,FII Hedging (bought puts >20K),102108.0,Strong Bullish,-3363.0,143989.0,-346807.0,PRO Confident (sold puts >20K),487433.0,Strong Bullish
2024-11-07,Thursday,1,weekly,24489.6,24503.35,24179.05,24194.6,1.32,-1.2,0.06,-1.27,Top to Down,Red,14.87,14.94,-4540.0,14860.0,135175.0,FII Hedging (bought puts >20K),-124855.0,Strong Bearish,2032.0,-250707.0,-63421.0,PRO Confident (sold puts >20K),-185254.0,Strong Bearish
2024-11-08,Friday,0,weekly,24207.7,24276.15,24066.65,24110.35,0.87,-0.4,0.28,-0.58,Top to Down,Red,14.94,14.47,-18693.0,-337539.0,-207543.0,FII Bearish (sold fut >10K),-148689.0,Strong Bearish,-7552.0,103534.0,351018.0,PRO Hedging (bought puts >20K),-255036.0,Strong Bearish
2024-11-11,Monday,0,,24087.25,24336.8,24004.6,24122.1,1.38,0.14,1.04,-0.34,Down to Up,Green,14.47,14.27,-4816.0,76904.0,85379.0,FII Hedging (bought puts >20K),-13291.0,Neutral,9627.0,-55057.0,-11989.0,PRO Mildly Bearish,-33441.0,Mildly Bearish
2024-11-13,Wednesday,0,,23822.45,23873.6,23509.6,23602.9,1.53,-0.92,0.21,-1.31,Top to Down,Red,14.59,15.44,-10666.0,-104920.0,36169.0,FII Very Bearish (sold fut >10K + bought puts >20K),-151755.0,Strong Bearish,2650.0,-293239.0,179022.0,PRO Hedging (bought puts >20K),-469611.0,Strong Bearish
2024-11-14,Thursday,1,weekly,23542.15,23675.9,23484.15,23559.6,0.81,0.07,0.57,-0.25,Down to Up,Green,15.44,14.78,-27202.0,92048.0,95516.0,FII Very Bearish (sold fut >10K + bought puts >20K),-30670.0,Mildly Bearish,-14272.0,108322.0,-58245.0,PRO Bearish (sold fut >10K),152295.0,Strong Bullish
2024-11-18,Monday,0,,23605.3,23606.8,23350.4,23465.3,1.09,-0.59,0.01,-1.08,Top to Down,Red,14.78,15.17,-27202.0,92048.0,95516.0,FII Very Bearish (sold fut >10K + bought puts >20K),-30670.0,Mildly Bearish,-14272.0,108322.0,-58245.0,PRO Bearish (sold fut >10K),152295.0,Strong Bullish
2024-11-19,Tuesday,0,,23529.55,23780.65,23464.8,23468.7,1.34,-0.26,1.07,-0.28,Top to Down,Red,15.17,15.66,-27202.0,92048.0,95516.0,FII Very Bearish (sold fut >10K + bought puts >20K),-30670.0,Mildly Bearish,-14272.0,108322.0,-58245.0,PRO Bearish (sold fut >10K),152295.0,Strong Bullish
2024-11-21,Thursday,1,weekly,23488.45,23507.3,23263.15,23346.75,1.04,-0.6,0.08,-0.96,Top to Down,Red,15.66,15.99,-27202.0,92048.0,95516.0,FII Very Bearish (sold fut >10K + bought puts >20K),-30670.0,Mildly Bearish,-14272.0,108322.0,-58245.0,PRO Bearish (sold fut >10K),152295.0,Strong Bullish
2024-11-22,Friday,0,weekly,23411.8,23956.1,23359.0,23873.5,2.55,1.97,2.32,-0.23,Down to Up,Green,15.99,16.1,-27202.0,92048.0,95516.0,FII Very Bearish (sold fut >10K + bought puts >20K),-30670.0,Mildly Bearish,-14272.0,108322.0,-58245.0,PRO Bearish (sold fut >10K),152295.0,Strong Bullish
2024-11-25,Monday,0,,24253.55,24351.55,24135.45,24250.8,0.89,-0.01,0.4,-0.49,Top to Down,Red,16.1,15.3,46712.0,354424.0,145542.0,FII Hedging (bought puts >20K),255594.0,Strong Bullish,-4899.0,311440.0,-227977.0,PRO Confident (sold puts >20K),534518.0,Strong Bullish
2024-11-26,Tuesday,0,,24343.3,24343.3,24125.4,24192.95,0.9,-0.62,0.0,-0.9,Top to Down,Red,15.3,15.31,45662.0,21943.0,-109567.0,FII Bullish (bought fut + sold puts),177172.0,Strong Bullish,7608.0,-249800.0,-276233.0,PRO Confident (sold puts >20K),34041.0,Mildly Bullish
2024-11-27,Wednesday,0,,24204.8,24354.55,24145.65,24277.35,0.86,0.3,0.62,-0.24,Down to Up,Green,15.31,14.63,-14377.0,-33268.0,55579.0,FII Very Bearish (sold fut >10K + bought puts >20K),-103224.0,Strong Bearish,18717.0,-11776.0,142552.0,PRO Hedging (bought puts >20K),-135611.0,Strong Bearish
2024-11-28,Thursday,1,monthly,24274.15,24345.75,23873.35,23957.45,1.95,-1.3,0.29,-1.65,Top to Down,Red,14.63,15.21,-12859.0,52825.0,8020.0,FII Bearish (sold fut >10K),31946.0,Mildly Bullish,10386.0,78078.0,174883.0,PRO Hedging (bought puts >20K),-86419.0,Bearish
2024-11-29,Friday,0,monthly,23927.15,24188.45,23927.15,24123.65,1.09,0.82,1.09,0.0,Down to Up,Green,15.21,14.43,17418.0,-488442.0,-160095.0,FII Bullish (bought fut + sold puts),-310929.0,Strong Bearish,-32295.0,-123538.0,268798.0,PRO Very Bearish (sold fut >10K + bought puts >20K),-424631.0,Strong Bearish
2024-12-02,Monday,0,,24140.85,24301.7,24008.65,24275.25,1.21,0.56,0.67,-0.55,Down to Up,Green,14.43,14.7,3492.0,64725.0,-48154.0,FII Confident (sold puts >20K),116371.0,Strong Bullish,-1428.0,318758.0,-132742.0,PRO Confident (sold puts >20K),450072.0,Strong Bullish
2024-12-03,Tuesday,0,,24367.5,24481.35,24280.0,24445.85,0.83,0.32,0.47,-0.36,Down to Up,Green,14.7,14.37,-9341.0,371365.0,336446.0,FII Hedging (bought puts >20K),25578.0,Neutral,9534.0,-12720.0,-94321.0,PRO Confident (sold puts >20K),91135.0,Bullish
2024-12-04,Wednesday,0,,24488.75,24573.2,24366.3,24461.55,0.84,-0.11,0.34,-0.5,Top to Down,Red,14.37,14.45,26967.0,67798.0,17756.0,FII Mildly Bullish,77009.0,Bullish,-4648.0,99847.0,-118557.0,PRO Confident (sold puts >20K),213756.0,Strong Bullish
2024-12-05,Thursday,1,weekly,24539.15,24857.75,24295.55,24701.55,2.29,0.66,1.3,-0.99,Down to Up,Green,14.45,14.53,14824.0,75910.0,42983.0,FII Hedging (bought puts >20K),47751.0,Mildly Bullish,5582.0,-53797.0,879.0,PRO Mildly Bearish,-49094.0,Mildly Bearish
2024-12-06,Friday,0,weekly,24729.45,24751.05,24620.5,24669.0,0.53,-0.24,0.09,-0.44,Top to Down,Red,14.53,14.14,37166.0,-370806.0,-310196.0,FII Bullish (bought fut + sold puts),-23444.0,Neutral,398.0,-220376.0,-75540.0,PRO Confident (sold puts >20K),-144438.0,Strong Bearish
2024-12-09,Monday,0,,24633.9,24705.0,24580.05,24626.6,0.51,-0.03,0.29,-0.22,Top to Down,Red,14.14,14.11,5956.0,7216.0,25628.0,FII Hedging (bought puts >20K),-12456.0,Neutral,-16551.0,-145756.0,8106.0,PRO Bearish (sold fut >10K),-170413.0,Strong Bearish
2024-12-10,Tuesday,0,,24652.65,24677.8,24510.65,24620.5,0.68,-0.13,0.1,-0.58,Top to Down,Red,14.11,13.78,1747.0,-73058.0,-28887.0,FII Confident (sold puts >20K),-42424.0,Mildly Bearish,-11486.0,-225197.0,14481.0,PRO Bearish (sold fut >10K),-251164.0,Strong Bearish
2024-12-11,Wednesday,0,,24620.5,24691.75,24583.85,24629.5,0.44,0.04,0.29,-0.15,Down to Up,Green,13.78,13.27,-9058.0,-135593.0,-158009.0,FII Confident (sold puts >20K),13358.0,Neutral,2975.0,40493.0,71187.0,PRO Hedging (bought puts >20K),-27719.0,Neutral
2024-12-12,Thursday,1,weekly,24604.45,24675.25,24527.95,24539.5,0.6,-0.26,0.29,-0.31,Top to Down,Red,13.27,13.19,-1016.0,25588.0,-32148.0,FII Confident (sold puts >20K),56720.0,Bullish,819.0,-346536.0,-356726.0,PRO Confident (sold puts >20K),11009.0,Neutral
2024-12-13,Friday,0,weekly,24498.35,24792.3,24180.8,24781.3,2.5,1.15,1.2,-1.3,Down to Up,Green,13.19,13.05,-20313.0,4213.0,47412.0,FII Very Bearish (sold fut >10K + bought puts >20K),-63512.0,Bearish,9155.0,597504.0,554007.0,PRO Hedging (bought puts >20K),52652.0,Bullish
2024-12-16,Monday,0,,24753.4,24781.25,24601.75,24648.25,0.73,-0.42,0.11,-0.61,Top to Down,Red,13.05,14.02,7523.0,502433.0,307839.0,FII Hedging (bought puts >20K),202117.0,Strong Bullish,9334.0,146317.0,-201791.0,PRO Confident (sold puts >20K),357442.0,Strong Bullish
2024-12-17,Tuesday,0,,24584.8,24624.1,24303.45,24319.35,1.3,-1.08,0.16,-1.14,Top to Down,Red,14.02,14.49,-14480.0,-148518.0,18299.0,FII Bearish (sold fut >10K),-181297.0,Strong Bearish,-14449.0,-47790.0,281916.0,PRO Very Bearish (sold fut >10K + bought puts >20K),-344155.0,Strong Bearish
2024-12-18,Wednesday,0,,24297.95,24394.45,24149.85,24214.7,1.01,-0.34,0.4,-0.61,Top to Down,Red,14.49,14.37,-16060.0,-344999.0,-174479.0,FII Bearish (sold fut >10K),-186580.0,Strong Bearish,-4229.0,-556318.0,-70179.0,PRO Confident (sold puts >20K),-490368.0,Strong Bearish
2024-12-19,Thursday,1,weekly,23877.15,24004.9,23870.3,23961.95,0.56,0.36,0.54,-0.03,Down to Up,Green,14.37,14.51,-10244.0,-179197.0,-99140.0,FII Bearish (sold fut >10K),-90301.0,Bearish,-23909.0,-197724.0,-113401.0,PRO Bearish (sold fut >10K),-108232.0,Strong Bearish
2024-12-20,Friday,0,weekly,23960.7,24065.8,23537.35,23631.35,2.21,-1.37,0.44,-1.77,Top to Down,Red,14.51,15.07,-24002.0,1236.0,16384.0,FII Bearish (sold fut >10K),-39150.0,Mildly Bearish,13297.0,526210.0,214267.0,PRO Hedging (bought puts >20K),325240.0,Strong Bullish
2024-12-23,Monday,0,,23738.2,23869.55,23647.2,23747.2,0.94,0.04,0.55,-0.38,Down to Up,Green,15.07,13.52,-23034.0,-104805.0,-63522.0,FII Bearish (sold fut >10K),-64317.0,Bearish,12979.0,2321.0,110576.0,PRO Hedging (bought puts >20K),-95276.0,Bearish
2024-12-24,Tuesday,0,,23769.1,23867.65,23685.15,23730.35,0.77,-0.16,0.41,-0.35,Top to Down,Red,13.52,13.18,-8609.0,-94861.0,-201833.0,FII Confident (sold puts >20K),98363.0,Bullish,20191.0,-213896.0,-360668.0,PRO Bullish (bought fut + sold puts),166963.0,Strong Bullish
2024-12-26,Thursday,1,monthly,23775.8,23854.5,23653.6,23760.3,0.84,-0.07,0.33,-0.51,Top to Down,Red,13.18,14.04,-8609.0,-94861.0,-201833.0,FII Confident (sold puts >20K),98363.0,Bullish,20191.0,-213896.0,-360668.0,PRO Bullish (bought fut + sold puts),166963.0,Strong Bullish
2024-12-27,Friday,0,monthly,23801.4,23938.85,23800.6,23832.45,0.58,0.13,0.58,-0.0,Down to Up,Green,14.04,13.24,-8609.0,-94861.0,-201833.0,FII Confident (sold puts >20K),98363.0,Bullish,20191.0,-213896.0,-360668.0,PRO Bullish (bought fut + sold puts),166963.0,Strong Bullish
2024-12-30,Monday,0,,23796.9,23915.35,23599.3,23658.65,1.33,-0.58,0.5,-0.83,Top to Down,Red,13.24,13.97,-19670.0,55354.0,6029.0,FII Bearish (sold fut >10K),29655.0,Neutral,-3670.0,697.0,-49490.0,PRO Confident (sold puts >20K),46517.0,Mildly Bullish
2024-12-31,Tuesday,0,,23560.6,23689.85,23460.45,23668.8,0.97,0.46,0.55,-0.43,Down to Up,Green,13.97,14.45,-22719.0,99479.0,70195.0,FII Very Bearish (sold fut >10K + bought puts >20K),6565.0,Neutral,14615.0,-75122.0,38552.0,PRO Hedging (bought puts >20K),-99059.0,Bearish
2025-01-01,Wednesday,0,,23637.65,23822.8,23562.8,23758.7,1.1,0.51,0.78,-0.32,Down to Up,Green,14.45,14.45,-24795.0,189219.0,317305.0,FII Very Bearish (sold fut >10K + bought puts >20K),-152881.0,Strong Bearish,12603.0,-15229.0,-95729.0,PRO Bullish (bought fut + sold puts),93103.0,Bullish
2025-01-02,Thursday,1,weekly,23783.0,24226.7,23751.55,24167.95,2.0,1.62,1.87,-0.13,Down to Up,Green,14.45,13.74,-12134.0,64816.0,-27869.0,FII Bearish (sold fut >10K),80551.0,Bullish,-4359.0,56091.0,1968.0,PRO Neutral,49764.0,Mildly Bullish
2025-01-03,Friday,0,,24196.4,24196.45,23976.0,23990.15,0.91,-0.85,0.0,-0.91,Top to Down,Red,13.74,13.54,31850.0,-301841.0,-322464.0,FII Bullish (bought fut + sold puts),52473.0,Bullish,3865.0,179216.0,20025.0,PRO Hedging (bought puts >20K),163056.0,Strong Bullish
2025-01-06,Monday,0,,24045.8,24089.95,23551.9,23629.6,2.24,-1.73,0.18,-2.05,Top to Down,Red,13.54,15.65,-27648.0,-66383.0,-2583.0,FII Bearish (sold fut >10K),-91448.0,Bearish,-3632.0,57767.0,223200.0,PRO Hedging (bought puts >20K),-169065.0,Strong Bearish
2025-01-07,Tuesday,0,weekly,23679.9,23795.2,23637.8,23694.6,0.66,0.06,0.49,-0.18,Down to Up,Green,15.65,14.66,7517.0,97367.0,33449.0,FII Hedging (bought puts >20K),71435.0,Bullish,2498.0,-380774.0,-29099.0,PRO Confident (sold puts >20K),-349177.0,Strong Bearish
2025-01-08,Wednesday,0,,23746.65,23751.85,23496.15,23675.2,1.08,-0.3,0.02,-1.05,Top to Down,Red,14.66,14.47,1460.0,-61307.0,-65981.0,FII Confident (sold puts >20K),6134.0,Neutral,6433.0,2515.0,-107878.0,PRO Confident (sold puts >20K),116826.0,Strong Bullish
2025-01-09,Thursday,1,weekly,23674.75,23689.5,23503.05,23557.2,0.79,-0.5,0.06,-0.73,Top to Down,Red,14.47,14.66,-17304.0,-68664.0,-29546.0,FII Bearish (sold fut >10K),-56422.0,Bearish,-10666.0,-108592.0,-28512.0,PRO Bearish (sold fut >10K),-90746.0,Bearish
2025-01-10,Friday,0,,23551.9,23596.6,23344.35,23437.35,1.07,-0.49,0.19,-0.88,Top to Down,Red,14.66,14.92,-29508.0,-4129.0,-2559.0,FII Bearish (sold fut >10K),-31078.0,Mildly Bearish,7043.0,65160.0,58773.0,PRO Hedging (bought puts >20K),13430.0,Neutral
2025-01-13,Monday,0,,23195.4,23340.95,23047.25,23088.7,1.27,-0.46,0.63,-0.64,Top to Down,Red,14.92,16.0,-9981.0,-11414.0,24367.0,FII Hedging (bought puts >20K),-45762.0,Mildly Bearish,-16646.0,-29949.0,26283.0,PRO Very Bearish (sold fut >10K + bought puts >20K),-72878.0,Bearish
2025-01-14,Tuesday,0,weekly,23165.9,23264.95,23134.15,23206.85,0.56,0.18,0.43,-0.14,Down to Up,Green,16.0,15.47,-17400.0,77109.0,168717.0,FII Very Bearish (sold fut >10K + bought puts >20K),-109008.0,Strong Bearish,6342.0,-249168.0,-164340.0,PRO Confident (sold puts >20K),-78486.0,Bearish
2025-01-15,Wednesday,0,,23250.45,23293.65,23146.45,23228.1,0.63,-0.1,0.19,-0.45,Top to Down,Red,15.47,15.26,373.0,142957.0,41855.0,FII Hedging (bought puts >20K),101475.0,Strong Bullish,2397.0,77959.0,-78663.0,PRO Confident (sold puts >20K),159019.0,Strong Bullish
2025-01-16,Thursday,1,weekly,23377.25,23391.65,23272.05,23350.8,0.51,-0.11,0.06,-0.45,Top to Down,Red,15.26,15.47,4633.0,-178755.0,-183915.0,FII Confident (sold puts >20K),9793.0,Neutral,1955.0,31675.0,-14620.0,PRO Neutral,48250.0,Mildly Bullish
2025-01-17,Friday,0,,23277.1,23292.1,23100.35,23203.1,0.82,-0.32,0.06,-0.76,Top to Down,Red,15.47,15.75,-7292.0,181173.0,170169.0,FII Hedging (bought puts >20K),3712.0,Neutral,-2858.0,137732.0,12918.0,PRO Neutral,121956.0,Strong Bullish
2025-01-20,Monday,0,,23298.9,23391.1,23170.65,23337.05,0.95,0.16,0.4,-0.55,Down to Up,Green,15.75,16.42,-29342.0,-61201.0,-76260.0,FII Bearish (sold fut >10K),-14283.0,Neutral,10127.0,-32432.0,57492.0,PRO Hedging (bought puts >20K),-79797.0,Bearish
2025-01-21,Tuesday,0,weekly,23421.65,23426.3,22976.85,23053.05,1.92,-1.57,0.02,-1.9,Top to Down,Red,16.42,17.06,-6301.0,53263.0,12289.0,FII Neutral,34673.0,Mildly Bullish,2678.0,131651.0,-126496.0,PRO Confident (sold puts >20K),260825.0,Strong Bullish
2025-01-22,Wednesday,0,,23099.15,23169.55,22981.3,23161.75,0.81,0.27,0.3,-0.51,Down to Up,Green,17.06,16.77,-16838.0,-17124.0,-11111.0,FII Bearish (sold fut >10K),-22851.0,Neutral,17081.0,-209539.0,192708.0,PRO Hedging (bought puts >20K),-385166.0,Strong Bearish
2025-01-23,Thursday,1,weekly,23128.3,23270.8,23090.65,23216.3,0.78,0.38,0.62,-0.16,Down to Up,Green,16.77,16.7,-351.0,-46645.0,-271219.0,FII Confident (sold puts >20K),224223.0,Strong Bullish,-3937.0,90412.0,38316.0,PRO Hedging (bought puts >20K),48159.0,Mildly Bullish
2025-01-24,Friday,0,,23183.9,23347.3,23050.0,23090.35,1.28,-0.4,0.7,-0.58,Top to Down,Red,16.7,16.75,21817.0,246019.0,147582.0,FII Hedging (bought puts >20K),120254.0,Strong Bullish,-16619.0,158471.0,-92684.0,PRO Bearish (sold fut >10K),234536.0,Strong Bullish
2025-01-27,Monday,0,,22940.15,23007.45,22786.9,22816.85,0.96,-0.54,0.29,-0.67,Top to Down,Red,16.75,18.13,18841.0,-221709.0,1283.0,FII Mildly Bullish,-204151.0,Strong Bearish,-4217.0,118923.0,129125.0,PRO Hedging (bought puts >20K),-14419.0,Neutral
2025-01-28,Tuesday,0,monthly,22960.45,23137.95,22857.65,22976.3,1.22,0.07,0.77,-0.45,Down to Up,Green,18.13,18.2,38470.0,10026.0,-70972.0,FII Bullish (bought fut + sold puts),119468.0,Strong Bullish,-18121.0,-127569.0,-9961.0,PRO Bearish (sold fut >10K),-135729.0,Strong Bearish
2025-01-29,Wednesday,0,,23026.75,23183.35,22976.5,23176.2,0.9,0.65,0.68,-0.22,Down to Up,Green,18.2,18.64,34514.0,216365.0,-77779.0,FII Bullish (bought fut + sold puts),328658.0,Strong Bullish,-961.0,523560.0,-88861.0,PRO Confident (sold puts >20K),611460.0,Strong Bullish
2025-01-30,Thursday,1,monthly,23169.5,23322.05,23139.2,23297.95,0.79,0.55,0.66,-0.13,Down to Up,Green,18.64,17.39,12496.0,217315.0,190796.0,FII Hedging (bought puts >20K),39015.0,Mildly Bullish,-3301.0,52188.0,-46139.0,PRO Confident (sold puts >20K),95026.0,Bullish
2025-01-31,Friday,0,,23296.75,23546.8,23277.4,23533.85,1.16,1.02,1.07,-0.08,Down to Up,Green,17.39,16.25,51181.0,-589031.0,-228712.0,FII Bullish (bought fut + sold puts),-309138.0,Strong Bearish,48059.0,-347911.0,-3649.0,PRO Mildly Bullish,-296203.0,Strong Bearish
2025-02-01,Saturday,0,,23528.6,23632.45,23318.3,23495.3,1.34,-0.14,0.44,-0.89,Top to Down,Red,16.25,14.1,-1233.0,-109524.0,-104385.0,FII Confident (sold puts >20K),-6372.0,Neutral,12643.0,-31526.0,-28666.0,PRO Bullish (bought fut + sold puts),9783.0,Neutral
2025-02-03,Monday,0,,23319.35,23381.6,23222.0,23359.7,0.68,0.17,0.27,-0.42,Down to Up,Green,14.1,14.35,-1233.0,-109524.0,-104385.0,FII Confident (sold puts >20K),-6372.0,Neutral,12643.0,-31526.0,-28666.0,PRO Bullish (bought fut + sold puts),9783.0,Neutral
2025-02-04,Tuesday,0,weekly,23509.9,23762.75,23423.15,23707.7,1.44,0.84,1.08,-0.37,Down to Up,Green,14.35,14.02,-9875.0,-90982.0,-37742.0,FII Confident (sold puts >20K),-63115.0,Bearish,1758.0,3679.0,45808.0,PRO Hedging (bought puts >20K),-40371.0,Mildly Bearish
2025-02-05,Wednesday,0,,23801.75,23807.3,23680.45,23686.75,0.53,-0.48,0.02,-0.51,Top to Down,Red,14.02,14.08,30713.0,96729.0,-35960.0,FII Bullish (bought fut + sold puts),163402.0,Strong Bullish,-9343.0,57966.0,-177187.0,PRO Confident (sold puts >20K),225810.0,Strong Bullish
2025-02-06,Thursday,1,weekly,23761.95,23773.55,23556.25,23628.05,0.91,-0.56,0.05,-0.87,Top to Down,Red,14.08,14.18,4056.0,-51658.0,-54992.0,FII Confident (sold puts >20K),7390.0,Neutral,-2406.0,-69869.0,56919.0,PRO Hedging (bought puts >20K),-129194.0,Strong Bearish
2025-02-07,Friday,0,,23649.5,23694.5,23443.2,23563.15,1.06,-0.37,0.19,-0.87,Top to Down,Red,14.18,13.69,-6787.0,156277.0,255214.0,FII Hedging (bought puts >20K),-105724.0,Strong Bearish,-27.0,72101.0,113822.0,PRO Hedging (bought puts >20K),-41748.0,Mildly Bearish
2025-02-10,Monday,0,,23543.8,23568.6,23316.3,23376.05,1.07,-0.71,0.11,-0.97,Top to Down,Red,13.69,14.45,-6333.0,21291.0,19664.0,FII Neutral,-4706.0,Neutral,5420.0,19663.0,39675.0,PRO Hedging (bought puts >20K),-14592.0,Neutral
2025-02-11,Tuesday,0,weekly,23383.55,23390.05,22986.65,23070.5,1.73,-1.34,0.03,-1.7,Top to Down,Red,14.45,14.87,-11018.0,12034.0,23184.0,FII Very Bearish (sold fut >10K + bought puts >20K),-22168.0,Neutral,3600.0,-13293.0,39810.0,PRO Hedging (bought puts >20K),-49503.0,Mildly Bearish
2025-02-12,Wednesday,0,,23050.8,23144.7,22798.35,23057.8,1.5,0.03,0.41,-1.1,Down to Up,Green,14.87,14.9,-10962.0,1881.0,18013.0,FII Bearish (sold fut >10K),-27094.0,Neutral,5641.0,-85971.0,-7500.0,PRO Mildly Bearish,-72830.0,Bearish
2025-02-13,Thursday,1,weekly,23055.75,23235.5,22992.2,23019.4,1.06,-0.16,0.78,-0.28,Top to Down,Red,14.9,14.96,-2373.0,-13078.0,-15000.0,FII Neutral,-451.0,Neutral,-5532.0,-51501.0,-75578.0,PRO Confident (sold puts >20K),18545.0,Neutral
2025-02-14,Friday,0,,23096.45,23133.7,22774.85,22897.25,1.55,-0.86,0.16,-1.39,Top to Down,Red,14.96,15.02,3232.0,11540.0,19477.0,FII Neutral,-4705.0,Neutral,1366.0,62783.0,45284.0,PRO Hedging (bought puts >20K),18865.0,Neutral
2025-02-17,Monday,0,,22809.9,22974.2,22725.45,22963.5,1.09,0.67,0.72,-0.37,Down to Up,Green,15.02,15.72,-5750.0,4393.0,44084.0,FII Hedging (bought puts >20K),-45441.0,Mildly Bearish,6297.0,49377.0,37374.0,PRO Hedging (bought puts >20K),18300.0,Neutral
2025-02-18,Tuesday,0,weekly,22963.65,22992.5,22801.5,22923.15,0.83,-0.18,0.13,-0.71,Top to Down,Red,15.72,15.67,3639.0,-4765.0,-2478.0,FII Neutral,1352.0,Neutral,-710.0,64641.0,-56887.0,PRO Confident (sold puts >20K),120818.0,Strong Bullish
2025-02-19,Wednesday,0,,22847.25,23049.95,22814.85,22914.4,1.03,0.29,0.89,-0.14,Down to Up,Green,15.67,15.42,-1632.0,-2912.0,13720.0,FII Neutral,-18264.0,Neutral,327.0,-29208.0,14642.0,PRO Mildly Bearish,-43523.0,Mildly Bearish
2025-02-20,Thursday,1,weekly,22821.1,22923.85,22812.75,22906.25,0.49,0.37,0.45,-0.04,Down to Up,Green,15.42,14.68,1799.0,12426.0,-4886.0,FII Neutral,19111.0,Neutral,-7805.0,-68736.0,-73134.0,PRO Confident (sold puts >20K),-3407.0,Neutral
2025-02-21,Friday,0,,22855.8,22921.0,22720.3,22764.35,0.88,-0.4,0.29,-0.59,Top to Down,Red,14.68,14.53,-6671.0,-21596.0,-4966.0,FII Mildly Bearish,-23301.0,Neutral,-631.0,-7961.0,49620.0,PRO Hedging (bought puts >20K),-58212.0,Bearish
2025-02-24,Monday,0,,22611.5,22668.05,22518.8,22548.85,0.66,-0.28,0.25,-0.41,Top to Down,Red,14.53,14.44,-687.0,-10794.0,16392.0,FII Neutral,-27873.0,Neutral,9622.0,10218.0,57781.0,PRO Hedging (bought puts >20K),-37941.0,Mildly Bearish
2025-02-25,Tuesday,0,monthly,22516.45,22625.3,22513.9,22526.3,0.49,0.04,0.48,-0.01,Down to Up,Green,14.44,13.72,-7999.0,-22747.0,2922.0,FII Mildly Bearish,-33668.0,Mildly Bearish,-2306.0,-101933.0,-70834.0,PRO Confident (sold puts >20K),-33405.0,Mildly Bearish
2025-02-27,Thursday,1,monthly,22568.95,22613.3,22508.4,22510.85,0.46,-0.26,0.2,-0.27,Top to Down,Red,13.72,13.31,-7999.0,-22747.0,2922.0,FII Mildly Bearish,-33668.0,Mildly Bearish,-2306.0,-101933.0,-70834.0,PRO Confident (sold puts >20K),-33405.0,Mildly Bearish
2025-02-28,Friday,0,,22433.4,22450.35,22104.85,22127.4,1.54,-1.36,0.08,-1.46,Top to Down,Red,13.31,13.91,-7999.0,-22747.0,2922.0,FII Mildly Bearish,-33668.0,Mildly Bearish,-2306.0,-101933.0,-70834.0,PRO Confident (sold puts >20K),-33405.0,Mildly Bearish
2025-03-03,Monday,0,,22194.55,22261.55,22004.7,22143.15,1.16,-0.23,0.3,-0.86,Top to Down,Red,13.91,13.76,-15057.0,-19232.0,-17308.0,FII Bearish (sold fut >10K),-16981.0,Neutral,-7043.0,-1585.0,59005.0,PRO Hedging (bought puts >20K),-67633.0,Bearish
2025-03-04,Tuesday,0,weekly,21974.45,22105.05,21964.6,22080.3,0.64,0.48,0.59,-0.04,Down to Up,Green,13.76,13.83,799.0,-165.0,-11036.0,FII Neutral,11670.0,Neutral,-1154.0,46086.0,-71754.0,PRO Confident (sold puts >20K),116686.0,Strong Bullish
2025-03-05,Wednesday,0,,22073.05,22394.9,22067.8,22346.65,1.48,1.24,1.46,-0.02,Down to Up,Green,13.83,13.67,369.0,71305.0,83415.0,FII Hedging (bought puts >20K),-11741.0,Neutral,-9242.0,-9475.0,-40069.0,PRO Confident (sold puts >20K),21352.0,Neutral
2025-03-06,Thursday,1,weekly,22476.35,22556.45,22245.85,22529.2,1.38,0.24,0.36,-1.03,Down to Up,Green,13.67,13.73,2845.0,20202.0,-19806.0,FII Neutral,42853.0,Mildly Bullish,-5309.0,31621.0,-61364.0,PRO Confident (sold puts >20K),87676.0,Bullish
2025-03-07,Friday,0,,22508.65,22633.8,22464.75,22536.95,0.75,0.13,0.56,-0.2,Down to Up,Green,13.73,13.47,10223.0,-7562.0,-30120.0,FII Bullish (bought fut + sold puts),32781.0,Mildly Bullish,-11494.0,20102.0,75171.0,PRO Very Bearish (sold fut >10K + bought puts >20K),-66563.0,Bearish
2025-03-10,Monday,0,,22521.85,22676.75,22429.05,22441.1,1.1,-0.36,0.69,-0.41,Top to Down,Red,13.47,13.99,-1803.0,35745.0,50464.0,FII Hedging (bought puts >20K),-16522.0,Neutral,4211.0,-29950.0,-27056.0,PRO Confident (sold puts >20K),1317.0,Neutral
2025-03-11,Tuesday,0,weekly,22345.95,22522.1,22314.7,22522.1,0.93,0.79,0.79,-0.14,Down to Up,Green,13.99,14.07,-3321.0,12362.0,16992.0,FII Neutral,-7951.0,Neutral,8270.0,-107917.0,28679.0,PRO Hedging (bought puts >20K),-128326.0,Strong Bearish
2025-03-13,Thursday,1,weekly,22541.5,22558.05,22377.35,22383.3,0.8,-0.7,0.07,-0.73,Top to Down,Red,13.69,13.28,-4510.0,-31804.0,-19813.0,FII Mildly Bearish,-16501.0,Neutral,-1691.0,-80360.0,-43774.0,PRO Confident (sold puts >20K),-38277.0,Mildly Bearish
2025-03-17,Monday,0,,22353.15,22577.0,22353.15,22515.25,1.0,0.73,1.0,0.0,Down to Up,Green,13.28,13.42,-4510.0,-31804.0,-19813.0,FII Mildly Bearish,-16501.0,Neutral,-1691.0,-80360.0,-43774.0,PRO Confident (sold puts >20K),-38277.0,Mildly Bearish
2025-03-18,Tuesday,0,weekly,22662.25,22857.8,22599.2,22848.75,1.14,0.82,0.86,-0.28,Down to Up,Green,13.42,13.21,-4510.0,-31804.0,-19813.0,FII Mildly Bearish,-16501.0,Neutral,-1691.0,-80360.0,-43774.0,PRO Confident (sold puts >20K),-38277.0,Mildly Bearish
2025-03-19,Wednesday,0,,22874.95,22940.7,22807.95,22911.8,0.58,0.16,0.29,-0.29,Down to Up,Green,13.21,13.3,30773.0,-8414.0,-60133.0,FII Bullish (bought fut + sold puts),82492.0,Bullish,-8487.0,59432.0,-229803.0,PRO Confident (sold puts >20K),280748.0,Strong Bullish
2025-03-20,Thursday,1,weekly,23036.6,23216.7,22973.95,23165.7,1.05,0.56,0.78,-0.27,Down to Up,Green,13.3,12.6,12721.0,82333.0,47630.0,FII Hedging (bought puts >20K),47424.0,Mildly Bullish,-3081.0,-103785.0,-49056.0,PRO Confident (sold puts >20K),-57810.0,Bearish
2025-03-21,Friday,0,,23168.25,23402.7,23132.8,23355.65,1.16,0.81,1.01,-0.15,Down to Up,Green,12.6,12.58,17320.0,-95310.0,-98120.0,FII Bullish (bought fut + sold puts),20130.0,Neutral,1693.0,3230.0,100449.0,PRO Hedging (bought puts >20K),-95526.0,Bearish
2025-03-24,Monday,0,,23515.4,23708.75,23433.5,23674.15,1.17,0.68,0.82,-0.35,Down to Up,Green,12.58,13.7,14355.0,-18261.0,-56921.0,FII Bullish (bought fut + sold puts),53015.0,Bullish,5133.0,38828.0,9166.0,PRO Neutral,34795.0,Mildly Bullish
2025-03-25,Tuesday,0,monthly,23751.5,23869.6,23601.4,23605.95,1.13,-0.61,0.5,-0.63,Top to Down,Red,13.7,13.64,1219.0,-54576.0,-59171.0,FII Confident (sold puts >20K),5814.0,Neutral,11871.0,-29968.0,-6586.0,PRO Mildly Bullish,-11511.0,Neutral
2025-03-26,Wednesday,0,,23700.95,23736.5,23451.7,23464.3,1.2,-1.0,0.15,-1.05,Top to Down,Red,13.64,13.47,4892.0,35275.0,106750.0,FII Hedging (bought puts >20K),-66583.0,Bearish,7579.0,-198662.0,-32804.0,PRO Confident (sold puts >20K),-158279.0,Strong Bearish
2025-03-27,Thursday,1,monthly,23433.95,23646.45,23412.2,23601.05,1.0,0.71,0.91,-0.09,Down to Up,Green,13.47,13.3,6871.0,76179.0,83100.0,FII Hedging (bought puts >20K),-50.0,Neutral,-11571.0,-28844.0,12343.0,PRO Bearish (sold fut >10K),-52758.0,Bearish
2025-03-28,Friday,0,,23600.4,23649.2,23450.2,23495.15,0.84,-0.45,0.21,-0.64,Top to Down,Red,13.3,12.72,53178.0,-73918.0,-69791.0,FII Bullish (bought fut + sold puts),49051.0,Mildly Bullish,-14434.0,144263.0,127295.0,PRO Very Bearish (sold fut >10K + bought puts >20K),2534.0,Neutral
2025-04-01,Tuesday,0,weekly,23341.1,23565.15,23136.4,23179.7,1.84,-0.69,0.96,-0.88,Top to Down,Red,12.72,13.78,53178.0,-73918.0,-69791.0,FII Bullish (bought fut + sold puts),49051.0,Mildly Bullish,-14434.0,144263.0,127295.0,PRO Very Bearish (sold fut >10K + bought puts >20K),2534.0,Neutral
2025-04-02,Wednesday,0,,23192.6,23350.0,23158.45,23330.8,0.83,0.6,0.68,-0.15,Down to Up,Green,13.78,13.72,53178.0,-73918.0,-69791.0,FII Bullish (bought fut + sold puts),49051.0,Mildly Bullish,-14434.0,144263.0,127295.0,PRO Very Bearish (sold fut >10K + bought puts >20K),2534.0,Neutral
2025-04-03,Thursday,1,weekly,23150.3,23306.5,23145.8,23241.6,0.69,0.39,0.67,-0.02,Down to Up,Green,13.72,13.6,4249.0,-51066.0,-106019.0,FII Confident (sold puts >20K),59202.0,Bullish,-228.0,64362.0,-59436.0,PRO Confident (sold puts >20K),123570.0,Strong Bullish
2025-04-04,Friday,0,,23190.4,23214.7,22857.45,22912.05,1.54,-1.2,0.1,-1.44,Top to Down,Red,13.6,13.76,-10861.0,205226.0,147661.0,FII Very Bearish (sold fut >10K + bought puts >20K),46704.0,Mildly Bullish,-1682.0,78491.0,95697.0,PRO Hedging (bought puts >20K),-18888.0,Neutral
2025-04-07,Monday,0,,21758.4,22254.0,21743.65,22238.0,2.35,2.2,2.28,-0.07,Down to Up,Green,13.76,22.79,-13402.0,54896.0,114879.0,FII Very Bearish (sold fut >10K + bought puts >20K),-73385.0,Bearish,4289.0,-49667.0,29505.0,PRO Hedging (bought puts >20K),-74883.0,Bearish
2025-04-08,Tuesday,0,weekly,22446.75,22697.2,22270.85,22547.2,1.9,0.45,1.12,-0.78,Down to Up,Green,22.79,20.44,-21023.0,56021.0,46805.0,FII Very Bearish (sold fut >10K + bought puts >20K),-11807.0,Neutral,22686.0,13740.0,-11103.0,PRO Mildly Bullish,47529.0,Mildly Bullish
2025-04-09,Wednesday,1,weekly,22460.3,22468.7,22353.25,22420.4,0.51,-0.18,0.04,-0.48,Top to Down,Red,20.44,21.43,-1514.0,192267.0,205347.0,FII Hedging (bought puts >20K),-14594.0,Neutral,1873.0,-72605.0,-22127.0,PRO Confident (sold puts >20K),-48605.0,Mildly Bearish
2025-04-11,Friday,0,,22695.4,22923.9,22695.4,22844.5,1.01,0.66,1.01,0.0,Down to Up,Green,21.43,20.11,-1514.0,192267.0,205347.0,FII Hedging (bought puts >20K),-14594.0,Neutral,1873.0,-72605.0,-22127.0,PRO Confident (sold puts >20K),-48605.0,Mildly Bearish
2025-04-15,Tuesday,0,weekly,23368.35,23368.35,23207.0,23344.1,0.69,-0.1,0.0,-0.69,Top to Down,Red,20.11,16.13,-1514.0,192267.0,205347.0,FII Hedging (bought puts >20K),-14594.0,Neutral,1873.0,-72605.0,-22127.0,PRO Confident (sold puts >20K),-48605.0,Mildly Bearish
2025-04-16,Wednesday,0,,23344.1,23452.2,23273.05,23433.3,0.77,0.38,0.46,-0.3,Down to Up,Green,16.13,15.87,-1514.0,192267.0,205347.0,FII Hedging (bought puts >20K),-14594.0,Neutral,1873.0,-72605.0,-22127.0,PRO Confident (sold puts >20K),-48605.0,Mildly Bearish
2025-04-17,Thursday,1,weekly,23401.85,23872.35,23298.55,23837.75,2.45,1.86,2.01,-0.44,Down to Up,Green,15.87,15.47,1278.0,105894.0,85679.0,FII Hedging (bought puts >20K),21493.0,Neutral,-69.0,50294.0,-24648.0,PRO Confident (sold puts >20K),74873.0,Bullish
2025-04-21,Monday,0,,23949.15,24189.55,23903.65,24121.2,1.19,0.72,1.0,-0.19,Down to Up,Green,15.47,15.52,1278.0,105894.0,85679.0,FII Hedging (bought puts >20K),21493.0,Neutral,-69.0,50294.0,-24648.0,PRO Confident (sold puts >20K),74873.0,Bullish
2025-04-22,Tuesday,0,weekly,24185.4,24242.6,24072.0,24134.05,0.71,-0.21,0.24,-0.47,Top to Down,Red,15.52,15.23,1278.0,105894.0,85679.0,FII Hedging (bought puts >20K),21493.0,Neutral,-69.0,50294.0,-24648.0,PRO Confident (sold puts >20K),74873.0,Bullish
2025-04-23,Wednesday,0,,24357.6,24359.3,24119.95,24300.85,0.98,-0.23,0.01,-0.98,Top to Down,Red,15.23,15.96,-1065.0,-11289.0,-12274.0,FII Neutral,-80.0,Neutral,10024.0,-10633.0,27615.0,PRO Hedging (bought puts >20K),-28224.0,Neutral
2025-04-24,Thursday,1,monthly,24277.9,24347.85,24216.15,24245.05,0.54,-0.14,0.29,-0.25,Top to Down,Red,15.96,16.25,7564.0,-11588.0,-61659.0,FII Confident (sold puts >20K),57635.0,Bullish,-4979.0,-3256.0,26537.0,PRO Hedging (bought puts >20K),-34772.0,Mildly Bearish
2025-04-25,Friday,0,,24289.0,24365.45,23847.85,23991.65,2.13,-1.22,0.31,-1.82,Top to Down,Red,16.25,17.16,45931.0,49957.0,78559.0,FII Hedging (bought puts >20K),17329.0,Neutral,-19375.0,48543.0,93252.0,PRO Very Bearish (sold fut >10K + bought puts >20K),-64084.0,Bearish
2025-04-28,Monday,0,,24070.25,24355.1,24054.05,24312.9,1.25,1.01,1.18,-0.07,Down to Up,Green,17.16,16.94,-10386.0,-159847.0,-171425.0,FII Bearish (sold fut >10K),1192.0,Neutral,10292.0,66018.0,66838.0,PRO Hedging (bought puts >20K),9472.0,Neutral
2025-04-29,Tuesday,0,monthly,24370.7,24457.65,24290.75,24325.45,0.68,-0.19,0.36,-0.33,Top to Down,Red,16.94,17.37,12450.0,8560.0,-43321.0,FII Bullish (bought fut + sold puts),64331.0,Bullish,8067.0,38415.0,-82971.0,PRO Confident (sold puts >20K),129453.0,Strong Bullish
2025-04-30,Wednesday,1,weekly,24342.05,24396.15,24198.75,24246.25,0.81,-0.39,0.22,-0.59,Top to Down,Red,17.37,18.22,4879.0,-62518.0,-9113.0,FII Mildly Bearish,-48526.0,Mildly Bearish,988.0,-53626.0,15998.0,PRO Mildly Bearish,-68636.0,Bearish
2025-05-02,Friday,0,,24311.9,24589.15,24238.5,24313.65,1.44,0.01,1.14,-0.3,Down to Up,Green,18.22,18.26,4879.0,-62518.0,-9113.0,FII Mildly Bearish,-48526.0,Mildly Bearish,988.0,-53626.0,15998.0,PRO Mildly Bearish,-68636.0,Bearish
2025-05-05,Monday,0,,24419.5,24526.4,24400.65,24459.5,0.51,0.16,0.44,-0.08,Down to Up,Green,18.26,18.34,4879.0,-62518.0,-9113.0,FII Mildly Bearish,-48526.0,Mildly Bearish,988.0,-53626.0,15998.0,PRO Mildly Bearish,-68636.0,Bearish
2025-05-06,Tuesday,0,weekly,24500.75,24509.65,24331.8,24335.9,0.73,-0.67,0.04,-0.69,Top to Down,Red,18.34,19.0,3619.0,-77244.0,-121587.0,FII Confident (sold puts >20K),47962.0,Mildly Bullish,-2499.0,-4737.0,-73634.0,PRO Confident (sold puts >20K),66398.0,Bullish
2025-05-07,Wednesday,0,,24233.3,24449.6,24220.0,24409.3,0.95,0.73,0.89,-0.05,Down to Up,Green,19.0,19.06,2222.0,40525.0,90159.0,FII Hedging (bought puts >20K),-47412.0,Mildly Bearish,2858.0,27350.0,74567.0,PRO Hedging (bought puts >20K),-44359.0,Mildly Bearish
2025-05-08,Thursday,1,weekly,24431.5,24447.25,24150.2,24154.1,1.22,-1.14,0.06,-1.15,Top to Down,Red,19.06,21.01,3105.0,-7304.0,-18548.0,FII Neutral,14349.0,Neutral,-7556.0,31877.0,-28288.0,PRO Confident (sold puts >20K),52609.0,Bullish
2025-05-09,Friday,0,,23935.75,24164.25,23935.75,24038.65,0.95,0.43,0.95,0.0,Down to Up,Green,21.01,21.63,7006.0,243265.0,278517.0,FII Hedging (bought puts >20K),-28246.0,Neutral,-1873.0,-76077.0,-34493.0,PRO Confident (sold puts >20K),-43457.0,Mildly Bearish
2025-05-12,Monday,0,,24420.1,24944.8,24378.85,24920.25,2.32,2.05,2.15,-0.17,Down to Up,Green,21.63,18.39,-14884.0,-95674.0,-75947.0,FII Bearish (sold fut >10K),-34611.0,Mildly Bearish,-15939.0,21428.0,-27804.0,PRO Bearish (sold fut >10K),33293.0,Mildly Bullish
2025-05-13,Tuesday,0,weekly,24864.05,24973.8,24547.5,24593.65,1.71,-1.09,0.44,-1.27,Top to Down,Red,18.39,18.2,7573.0,30337.0,-7283.0,FII Neutral,45193.0,Mildly Bullish,-3597.0,31550.0,20239.0,PRO Hedging (bought puts >20K),7714.0,Neutral
2025-05-14,Wednesday,0,,24613.8,24767.55,24535.55,24685.75,0.94,0.29,0.62,-0.32,Down to Up,Green,18.2,17.23,-36653.0,-81859.0,-11790.0,FII Bearish (sold fut >10K),-106722.0,Strong Bearish,678.0,-100451.0,52539.0,PRO Hedging (bought puts >20K),-152312.0,Strong Bearish
2025-05-15,Thursday,1,weekly,24694.45,25116.25,24494.45,25035.3,2.52,1.38,1.71,-0.81,Down to Up,Green,17.23,16.89,1697.0,13277.0,-22373.0,FII Confident (sold puts >20K),37347.0,Mildly Bullish,4803.0,84430.0,-25567.0,PRO Confident (sold puts >20K),114800.0,Strong Bullish
2025-05-16,Friday,0,,25064.65,25070.0,24953.05,25013.1,0.47,-0.21,0.02,-0.45,Top to Down,Red,16.89,16.55,21282.0,45170.0,55665.0,FII Hedging (bought puts >20K),10787.0,Neutral,11104.0,-51901.0,-62419.0,PRO Bullish (bought fut + sold puts),21622.0,Neutral
2025-05-19,Monday,0,,25005.35,25062.95,24916.65,24935.35,0.59,-0.28,0.23,-0.35,Top to Down,Red,16.55,17.36,-9714.0,-17560.0,-35523.0,FII Confident (sold puts >20K),8249.0,Neutral,-1615.0,-9133.0,24909.0,PRO Hedging (bought puts >20K),-35657.0,Mildly Bearish
2025-05-20,Tuesday,0,weekly,24996.2,25010.35,24669.7,24713.85,1.36,-1.13,0.06,-1.31,Top to Down,Red,17.36,17.39,-263.0,-7926.0,11900.0,FII Neutral,-20089.0,Neutral,3133.0,-50042.0,-14992.0,PRO Mildly Bearish,-31917.0,Mildly Bearish
2025-05-21,Wednesday,0,,24744.25,24946.2,24685.35,24800.95,1.05,0.23,0.82,-0.24,Down to Up,Green,17.39,17.55,-15250.0,13498.0,19990.0,FII Bearish (sold fut >10K),-21742.0,Neutral,3606.0,54332.0,36927.0,PRO Hedging (bought puts >20K),21011.0,Neutral
2025-05-22,Thursday,1,weekly,24733.95,24737.5,24462.4,24637.0,1.11,-0.39,0.01,-1.1,Top to Down,Red,17.55,17.26,1159.0,107200.0,83317.0,FII Hedging (bought puts >20K),25042.0,Neutral,7251.0,82312.0,7270.0,PRO Neutral,82293.0,Bullish
2025-05-23,Friday,0,,24639.5,24909.05,24614.05,24845.15,1.2,0.83,1.09,-0.1,Down to Up,Green,17.26,17.28,-17720.0,-113101.0,-52705.0,FII Bearish (sold fut >10K),-78116.0,Bearish,-468.0,-145783.0,-3263.0,PRO Mildly Bearish,-142988.0,Strong Bearish
2025-05-26,Monday,0,,24919.35,25079.2,24900.5,24996.35,0.72,0.31,0.64,-0.08,Down to Up,Green,17.28,18.02,1112.0,77511.0,15287.0,FII Neutral,63336.0,Bullish,7838.0,203379.0,29642.0,PRO Hedging (bought puts >20K),181575.0,Strong Bullish
2025-05-27,Tuesday,0,monthly,24956.65,25062.9,24704.1,24837.7,1.44,-0.48,0.43,-1.01,Top to Down,Red,18.02,18.54,2885.0,117055.0,116045.0,FII Hedging (bought puts >20K),3895.0,Neutral,4580.0,-16335.0,31044.0,PRO Hedging (bought puts >20K),-42799.0,Mildly Bearish
2025-05-28,Wednesday,0,,24832.5,24864.25,24737.05,24757.15,0.51,-0.3,0.13,-0.38,Top to Down,Red,18.54,18.02,-16107.0,20877.0,86390.0,FII Very Bearish (sold fut >10K + bought puts >20K),-81620.0,Bearish,-14225.0,30385.0,61104.0,PRO Very Bearish (sold fut >10K + bought puts >20K),-44944.0,Mildly Bearish
2025-05-29,Thursday,1,monthly,24825.1,24892.6,24677.3,24880.85,0.87,0.22,0.27,-0.6,Down to Up,Green,18.02,16.42,-11568.0,-262883.0,-284840.0,FII Bearish (sold fut >10K),10389.0,Neutral,2250.0,-179724.0,-108978.0,PRO Confident (sold puts >20K),-68496.0,Bearish
2025-05-30,Friday,0,,24812.6,24863.95,24717.4,24736.65,0.59,-0.31,0.21,-0.38,Top to Down,Red,16.42,16.08,1024.0,-53648.0,-38256.0,FII Confident (sold puts >20K),-14368.0,Neutral,-10317.0,7829.0,49768.0,PRO Very Bearish (sold fut >10K + bought puts >20K),-52256.0,Bearish
2025-06-02,Monday,0,,24669.7,24754.4,24526.15,24690.35,0.93,0.08,0.34,-0.58,Down to Up,Green,16.08,17.16,-5721.0,66077.0,44589.0,FII Hedging (bought puts >20K),15767.0,Neutral,3085.0,70247.0,50857.0,PRO Hedging (bought puts >20K),22475.0,Neutral
2025-06-03,Tuesday,0,weekly,24786.3,24845.1,24502.15,24538.4,1.38,-1.0,0.24,-1.15,Top to Down,Red,17.16,16.56,-5382.0,72335.0,92969.0,FII Hedging (bought puts >20K),-26016.0,Neutral,-176.0,150813.0,3040.0,PRO Neutral,147597.0,Strong Bullish
2025-06-04,Wednesday,0,,24560.45,24644.25,24530.45,24612.0,0.46,0.21,0.34,-0.12,Down to Up,Green,16.56,15.75,-14088.0,-74496.0,-61058.0,FII Bearish (sold fut >10K),-27526.0,Neutral,1868.0,-118498.0,-27773.0,PRO Confident (sold puts >20K),-88857.0,Bearish
2025-06-05,Thursday,1,weekly,24691.2,24899.85,24613.1,24761.1,1.16,0.28,0.85,-0.32,Down to Up,Green,15.75,15.08,219.0,-30068.0,-65848.0,FII Confident (sold puts >20K),35999.0,Mildly Bullish,1180.0,65885.0,-2530.0,PRO Neutral,69595.0,Bullish
2025-06-06,Friday,0,,24748.7,25029.5,24671.45,25000.3,1.45,1.02,1.13,-0.31,Down to Up,Green,15.08,14.63,-4053.0,22286.0,31713.0,FII Hedging (bought puts >20K),-13480.0,Neutral,9520.0,-151544.0,-30661.0,PRO Confident (sold puts >20K),-111363.0,Strong Bearish
2025-06-09,Monday,0,,25160.1,25160.1,25077.15,25103.1,0.33,-0.23,0.0,-0.33,Top to Down,Red,14.63,14.69,14258.0,26146.0,-24731.0,FII Bullish (bought fut + sold puts),65135.0,Bullish,-7389.0,122666.0,-43306.0,PRO Confident (sold puts >20K),158583.0,Strong Bullish
2025-06-10,Tuesday,0,weekly,25196.05,25199.3,25055.45,25091.5,0.57,-0.41,0.01,-0.56,Top to Down,Red,14.69,14.02,-3142.0,-26223.0,-13947.0,FII Mildly Bearish,-15418.0,Neutral,-4965.0,-65658.0,-54821.0,PRO Confident (sold puts >20K),-15802.0,Neutral
2025-06-11,Wednesday,0,,25134.15,25222.4,25081.3,25126.8,0.56,-0.03,0.35,-0.21,Top to Down,Red,14.02,13.67,2848.0,-5214.0,26805.0,FII Hedging (bought puts >20K),-29171.0,Neutral,-2478.0,-40846.0,18703.0,PRO Mildly Bearish,-62027.0,Bearish
2025-06-12,Thursday,1,weekly,25164.45,25196.2,24825.9,24856.0,1.47,-1.23,0.13,-1.35,Top to Down,Red,13.67,14.02,6475.0,159302.0,143417.0,FII Hedging (bought puts >20K),22360.0,Neutral,4733.0,59218.0,44993.0,PRO Hedging (bought puts >20K),18958.0,Neutral
2025-06-13,Friday,0,,24473.0,24754.35,24473.0,24735.55,1.15,1.07,1.15,0.0,Down to Up,Green,14.02,15.08,-12929.0,-115894.0,-77079.0,FII Bearish (sold fut >10K),-51744.0,Bearish,-6171.0,-118601.0,21289.0,PRO Hedging (bought puts >20K),-146061.0,Strong Bearish
2025-06-16,Monday,0,,24732.35,24967.1,24703.6,24940.95,1.07,0.84,0.95,-0.12,Down to Up,Green,15.08,14.84,-4731.0,5074.0,-10631.0,FII Neutral,10974.0,Neutral,-8372.0,116837.0,-652.0,PRO Neutral,109117.0,Strong Bullish
2025-06-17,Tuesday,0,weekly,24977.85,24982.05,24813.7,24841.5,0.67,-0.55,0.02,-0.66,Top to Down,Red,14.84,14.4,2466.0,-1860.0,-27935.0,FII Confident (sold puts >20K),28541.0,Neutral,15000.0,174002.0,-37996.0,PRO Bullish (bought fut + sold puts),226998.0,Strong Bullish
2025-06-18,Wednesday,0,,24788.35,24947.55,24750.45,24798.75,0.8,0.04,0.64,-0.15,Down to Up,Green,14.4,14.28,2260.0,13820.0,26560.0,FII Hedging (bought puts >20K),-10480.0,Neutral,-6461.0,-161599.0,25685.0,PRO Hedging (bought puts >20K),-193745.0,Strong Bearish
2025-06-19,Thursday,1,weekly,24803.25,24863.1,24733.4,24744.7,0.52,-0.24,0.24,-0.28,Top to Down,Red,14.28,14.26,350.0,-46177.0,-29505.0,FII Confident (sold puts >20K),-16322.0,Neutral,4800.0,18426.0,23031.0,PRO Hedging (bought puts >20K),195.0,Neutral
2025-06-20,Friday,0,,24787.65,25136.2,24783.65,25079.75,1.42,1.18,1.41,-0.02,Down to Up,Green,14.26,13.67,2171.0,71309.0,48320.0,FII Hedging (bought puts >20K),25160.0,Neutral,2943.0,-58759.0,-35007.0,PRO Confident (sold puts >20K),-20809.0,Neutral
2025-06-23,Monday,0,,24939.75,25057.0,24824.85,24958.9,0.93,0.08,0.47,-0.46,Down to Up,Green,13.67,14.05,594.0,-47425.0,-60698.0,FII Confident (sold puts >20K),13867.0,Neutral,17188.0,226800.0,37437.0,PRO Hedging (bought puts >20K),206551.0,Strong Bullish
2025-06-24,Tuesday,0,monthly,25179.9,25317.7,24999.7,25071.55,1.26,-0.43,0.55,-0.72,Top to Down,Red,14.05,13.64,-6339.0,24018.0,48694.0,FII Hedging (bought puts >20K),-31015.0,Mildly Bearish,-5777.0,-56131.0,30424.0,PRO Hedging (bought puts >20K),-92332.0,Bearish
2025-06-25,Wednesday,0,,25150.35,25266.8,25125.05,25236.35,0.56,0.34,0.46,-0.1,Down to Up,Green,13.64,12.96,-6764.0,-100309.0,-83977.0,FII Confident (sold puts >20K),-23096.0,Neutral,884.0,38876.0,36315.0,PRO Hedging (bought puts >20K),3445.0,Neutral
2025-06-26,Thursday,1,monthly,25268.95,25565.3,25259.9,25530.4,1.21,1.03,1.17,-0.04,Down to Up,Green,12.96,12.59,2601.0,79125.0,48634.0,FII Hedging (bought puts >20K),33092.0,Mildly Bullish,17342.0,16467.0,-14836.0,PRO Mildly Bullish,48645.0,Mildly Bullish
2025-06-27,Friday,0,,25576.65,25654.2,25523.55,25632.45,0.51,0.22,0.3,-0.21,Down to Up,Green,12.59,12.39,71903.0,-84117.0,-104120.0,FII Bullish (bought fut + sold puts),91906.0,Bullish,-32815.0,-142270.0,-43342.0,PRO Bearish (sold fut >10K),-131743.0,Strong Bearish
2025-06-30,Monday,0,,25661.65,25669.35,25473.3,25507.45,0.76,-0.6,0.03,-0.73,Top to Down,Red,12.39,12.79,1449.0,-30393.0,-36495.0,FII Confident (sold puts >20K),7551.0,Neutral,569.0,112564.0,1017.0,PRO Neutral,112116.0,Strong Bullish
2025-07-01,Tuesday,0,weekly,25551.35,25593.4,25501.8,25533.0,0.36,-0.07,0.16,-0.19,Top to Down,Red,12.79,12.53,-4605.0,-46825.0,-23101.0,FII Confident (sold puts >20K),-28329.0,Neutral,10068.0,-25681.0,73228.0,PRO Hedging (bought puts >20K),-88841.0,Bearish
2025-07-02,Wednesday,0,,25588.3,25608.1,25378.75,25442.85,0.9,-0.57,0.08,-0.82,Top to Down,Red,12.53,12.45,-583.0,34177.0,116821.0,FII Hedging (bought puts >20K),-83227.0,Bearish,4954.0,-77465.0,-11022.0,PRO Mildly Bearish,-61489.0,Bearish
2025-07-03,Thursday,1,weekly,25505.1,25587.5,25384.35,25397.4,0.8,-0.42,0.32,-0.47,Top to Down,Red,12.45,12.39,-10515.0,-91522.0,8846.0,FII Bearish (sold fut >10K),-110883.0,Strong Bearish,-3160.0,-100739.0,-50631.0,PRO Confident (sold puts >20K),-53268.0,Bearish
2025-07-04,Friday,0,,25428.85,25470.25,25331.65,25467.8,0.55,0.15,0.16,-0.38,Down to Up,Green,12.39,12.32,-12586.0,109662.0,20935.0,FII Very Bearish (sold fut >10K + bought puts >20K),76141.0,Bullish,2721.0,-56440.0,47836.0,PRO Hedging (bought puts >20K),-101555.0,Strong Bearish
2025-07-07,Monday,0,,25450.45,25489.8,25407.25,25454.95,0.32,0.02,0.15,-0.17,Down to Up,Green,12.32,12.56,-3880.0,3864.0,-11921.0,FII Neutral,11905.0,Neutral,-412.0,180589.0,47200.0,PRO Hedging (bought puts >20K),132977.0,Strong Bullish
2025-07-08,Tuesday,0,weekly,25427.85,25548.05,25424.15,25523.1,0.49,0.37,0.47,-0.01,Down to Up,Green,12.56,12.2,-3416.0,-10220.0,-9737.0,FII Neutral,-3899.0,Neutral,-2276.0,-75790.0,-2054.0,PRO Mildly Bearish,-76012.0,Bearish
2025-07-09,Wednesday,0,,25514.6,25548.7,25424.35,25464.65,0.49,-0.2,0.13,-0.35,Top to Down,Red,12.2,11.94,-1410.0,-7222.0,-7224.0,FII Neutral,-1408.0,Neutral,-4956.0,5673.0,-47639.0,PRO Confident (sold puts >20K),48356.0,Mildly Bullish
2025-07-11,Friday,0,,25255.5,25322.45,25129.0,25140.55,0.77,-0.46,0.27,-0.5,Top to Down,Red,11.67,11.82,-9544.0,30302.0,20653.0,FII Hedging (bought puts >20K),105.0,Neutral,1014.0,-68752.0,-45289.0,PRO Confident (sold puts >20K),-22449.0,Neutral
2025-07-14,Monday,0,,25149.5,25151.1,25001.95,25087.1,0.59,-0.25,0.01,-0.59,Top to Down,Red,11.82,11.98,-18511.0,-36446.0,18201.0,FII Bearish (sold fut >10K),-73158.0,Bearish,2067.0,22369.0,81132.0,PRO Hedging (bought puts >20K),-56696.0,Bearish
2025-07-15,Tuesday,0,weekly,25089.5,25245.2,25088.45,25219.65,0.62,0.52,0.62,-0.0,Down to Up,Green,11.98,11.48,-17302.0,-25536.0,-26088.0,FII Bearish (sold fut >10K),-16750.0,Neutral,3862.0,77293.0,37478.0,PRO Hedging (bought puts >20K),43677.0,Mildly Bullish
2025-07-16,Wednesday,0,,25196.6,25255.3,25121.05,25198.55,0.53,0.01,0.23,-0.3,Down to Up,Green,11.48,11.24,-758.0,22947.0,1060.0,FII Neutral,21129.0,Neutral,-2715.0,3957.0,-56144.0,PRO Confident (sold puts >20K),57386.0,Bullish
2025-07-17,Thursday,1,weekly,25230.75,25238.35,25101.0,25109.5,0.54,-0.48,0.03,-0.51,Top to Down,Red,11.24,11.24,-3692.0,-725.0,1927.0,FII Neutral,-6344.0,Neutral,779.0,-28524.0,-17182.0,PRO Mildly Bearish,-10563.0,Neutral
2025-07-18,Friday,0,,25108.55,25144.6,24918.65,24967.45,0.9,-0.56,0.14,-0.76,Top to Down,Red,11.24,11.39,-10235.0,32745.0,28069.0,FII Very Bearish (sold fut >10K + bought puts >20K),-5559.0,Neutral,5252.0,-104016.0,-11180.0,PRO Mildly Bearish,-87584.0,Bearish
2025-07-21,Monday,0,,24999.0,25111.4,24882.3,25093.3,0.92,0.38,0.45,-0.47,Down to Up,Green,11.39,11.2,-12317.0,-37997.0,19447.0,FII Bearish (sold fut >10K),-69761.0,Bearish,9380.0,62834.0,72333.0,PRO Hedging (bought puts >20K),-119.0,Neutral
2025-07-22,Tuesday,0,weekly,25166.65,25182.0,25035.55,25064.9,0.58,-0.4,0.06,-0.52,Top to Down,Red,11.2,10.75,2820.0,-1505.0,-47714.0,FII Confident (sold puts >20K),49029.0,Mildly Bullish,-5908.0,163500.0,-1222.0,PRO Neutral,158814.0,Strong Bullish
2025-07-23,Wednesday,0,,25139.35,25233.5,25085.5,25209.2,0.59,0.28,0.37,-0.21,Down to Up,Green,10.75,10.52,-4210.0,-18646.0,26123.0,FII Hedging (bought puts >20K),-48979.0,Mildly Bearish,3005.0,-153995.0,-8608.0,PRO Mildly Bearish,-142382.0,Strong Bearish
2025-07-24,Thursday,1,weekly,25243.3,25246.25,25018.7,25051.9,0.9,-0.76,0.01,-0.89,Top to Down,Red,10.52,10.72,3897.0,36192.0,-42321.0,FII Confident (sold puts >20K),82410.0,Bullish,-4989.0,160222.0,-81439.0,PRO Confident (sold puts >20K),236672.0,Strong Bullish
2025-07-25,Friday,0,,25010.35,25010.35,24806.35,24832.2,0.82,-0.71,0.0,-0.82,Top to Down,Red,10.72,11.28,19.0,10634.0,57197.0,FII Hedging (bought puts >20K),-46544.0,Mildly Bearish,-1741.0,-212752.0,24330.0,PRO Hedging (bought puts >20K),-238823.0,Strong Bearish
2025-07-28,Monday,0,,24782.45,24889.2,24646.6,24673.95,0.98,-0.44,0.43,-0.55,Top to Down,Red,11.28,12.06,-12982.0,-55047.0,41356.0,FII Very Bearish (sold fut >10K + bought puts >20K),-109385.0,Strong Bearish,8897.0,-24400.0,66815.0,PRO Hedging (bought puts >20K),-82318.0,Bearish
2025-07-29,Tuesday,0,monthly,24609.65,24847.15,24598.6,24830.4,1.01,0.9,0.97,-0.04,Down to Up,Green,12.06,11.53,-6208.0,-49411.0,8185.0,FII Mildly Bearish,-63804.0,Bearish,-2179.0,34076.0,22672.0,PRO Hedging (bought puts >20K),9225.0,Neutral
2025-07-30,Wednesday,0,,24890.4,24902.3,24771.95,24844.55,0.52,-0.18,0.05,-0.48,Top to Down,Red,11.53,11.21,-5956.0,51946.0,-39080.0,FII Confident (sold puts >20K),85070.0,Bullish,-5365.0,152887.0,-34687.0,PRO Confident (sold puts >20K),182209.0,Strong Bullish
2025-07-31,Thursday,1,monthly,24642.25,24956.5,24635.0,24765.6,1.3,0.5,1.28,-0.03,Down to Up,Green,11.21,11.54,-2329.0,-24671.0,-53178.0,FII Confident (sold puts >20K),26178.0,Neutral,4261.0,-93108.0,-13693.0,PRO Mildly Bearish,-75154.0,Bearish
2025-08-01,Friday,0,,24734.9,24784.15,24535.05,24572.15,1.01,-0.66,0.2,-0.81,Top to Down,Red,11.54,11.98,35353.0,12899.0,33745.0,FII Hedging (bought puts >20K),14507.0,Neutral,-10621.0,-9060.0,-66366.0,PRO Bearish (sold fut >10K),46685.0,Mildly Bullish
2025-08-04,Monday,0,,24596.05,24736.25,24554.0,24726.9,0.74,0.53,0.57,-0.17,Down to Up,Green,11.98,11.97,-20524.0,-40077.0,17260.0,FII Bearish (sold fut >10K),-77861.0,Bearish,7570.0,-61241.0,92309.0,PRO Hedging (bought puts >20K),-145980.0,Strong Bearish
2025-08-05,Tuesday,0,weekly,24720.25,24733.1,24590.3,24649.5,0.58,-0.29,0.05,-0.53,Top to Down,Red,11.97,11.71,1234.0,31092.0,-32608.0,FII Confident (sold puts >20K),64934.0,Bullish,1368.0,159906.0,2242.0,PRO Neutral,159032.0,Strong Bullish
2025-08-06,Wednesday,0,,24641.35,24671.4,24539.2,24569.6,0.54,-0.29,0.12,-0.41,Top to Down,Red,11.71,11.96,-11824.0,6683.0,28508.0,FII Very Bearish (sold fut >10K + bought puts >20K),-33649.0,Mildly Bearish,4430.0,-132008.0,-19826.0,PRO Mildly Bearish,-107752.0,Strong Bearish
2025-08-07,Thursday,1,weekly,24464.2,24634.2,24344.15,24626.65,1.19,0.66,0.69,-0.49,Down to Up,Green,11.96,11.69,1683.0,-13050.0,65116.0,FII Hedging (bought puts >20K),-76483.0,Bearish,1514.0,-88340.0,-37698.0,PRO Confident (sold puts >20K),-49128.0,Mildly Bearish
2025-08-08,Friday,0,,24544.25,24585.5,24337.5,24350.85,1.01,-0.79,0.17,-0.84,Top to Down,Red,11.69,12.03,-6168.0,7086.0,-20033.0,FII Confident (sold puts >20K),20951.0,Neutral,-1857.0,54991.0,-62161.0,PRO Confident (sold puts >20K),115295.0,Strong Bullish
2025-08-11,Monday,0,,24371.5,24600.85,24347.45,24562.15,1.04,0.78,0.94,-0.1,Down to Up,Green,12.03,12.22,-9411.0,-45057.0,41160.0,FII Hedging (bought puts >20K),-95628.0,Bearish,495.0,-58645.0,66892.0,PRO Hedging (bought puts >20K),-125042.0,Strong Bearish
2025-08-12,Tuesday,0,weekly,24563.35,24702.6,24465.65,24485.85,0.96,-0.32,0.57,-0.4,Top to Down,Red,12.22,12.23,2943.0,24367.0,-53850.0,FII Confident (sold puts >20K),81160.0,Bullish,1084.0,232429.0,-30357.0,PRO Confident (sold puts >20K),263870.0,Strong Bullish
2025-08-13,Wednesday,0,,24586.2,24664.55,24535.25,24630.4,0.53,0.18,0.32,-0.21,Down to Up,Green,12.23,12.14,-5531.0,-20715.0,22862.0,FII Hedging (bought puts >20K),-49108.0,Mildly Bearish,1332.0,-159584.0,47435.0,PRO Hedging (bought puts >20K),-205687.0,Strong Bearish
2025-08-14,Thursday,1,weekly,24607.25,24673.65,24596.9,24616.05,0.31,0.04,0.27,-0.04,Down to Up,Green,12.14,12.36,2501.0,35416.0,-61523.0,FII Confident (sold puts >20K),99440.0,Bullish,-325.0,7981.0,-50996.0,PRO Confident (sold puts >20K),58652.0,Bullish
2025-08-18,Monday,0,,24938.2,25022.0,24852.85,24884.05,0.68,-0.22,0.34,-0.34,Top to Down,Red,12.36,12.34,2501.0,35416.0,-61523.0,FII Confident (sold puts >20K),99440.0,Bullish,-325.0,7981.0,-50996.0,PRO Confident (sold puts >20K),58652.0,Bullish
2025-08-19,Tuesday,0,weekly,24891.35,25012.65,24873.95,24989.7,0.56,0.4,0.49,-0.07,Down to Up,Green,12.34,11.79,2501.0,35416.0,-61523.0,FII Confident (sold puts >20K),99440.0,Bullish,-325.0,7981.0,-50996.0,PRO Confident (sold puts >20K),58652.0,Bullish
2025-08-20,Wednesday,0,,24965.8,25088.7,24929.7,25047.15,0.64,0.33,0.49,-0.14,Down to Up,Green,11.79,11.79,-207.0,16448.0,7603.0,FII Neutral,8638.0,Neutral,-1495.0,65406.0,-97103.0,PRO Confident (sold puts >20K),161014.0,Strong Bullish
2025-08-21,Thursday,1,weekly,25142.0,25153.65,25054.9,25076.95,0.39,-0.26,0.05,-0.35,Top to Down,Red,11.79,11.37,-1661.0,-25264.0,-51167.0,FII Confident (sold puts >20K),24242.0,Neutral,4954.0,3209.0,-5749.0,PRO Neutral,13912.0,Neutral
2025-08-22,Friday,0,,25064.15,25084.85,24859.15,24869.45,0.9,-0.78,0.08,-0.82,Top to Down,Red,11.37,11.73,5142.0,22956.0,51236.0,FII Hedging (bought puts >20K),-23138.0,Neutral,3825.0,-25806.0,39898.0,PRO Hedging (bought puts >20K),-61879.0,Bearish
2025-08-25,Monday,0,,24949.15,25021.55,24894.35,24978.55,0.51,0.12,0.29,-0.22,Down to Up,Green,11.73,11.76,-3459.0,-44427.0,32035.0,FII Hedging (bought puts >20K),-79921.0,Bearish,-222.0,69741.0,141178.0,PRO Hedging (bought puts >20K),-71659.0,Bearish
2025-08-26,Tuesday,0,monthly,24899.5,24919.65,24689.6,24710.7,0.92,-0.76,0.08,-0.84,Top to Down,Red,11.76,12.19,1271.0,12013.0,-32867.0,FII Confident (sold puts >20K),46151.0,Mildly Bullish,1612.0,86434.0,-81041.0,PRO Confident (sold puts >20K),169087.0,Strong Bullish
2025-08-28,Thursday,1,monthly,24695.8,24702.65,24481.6,24533.1,0.9,-0.66,0.03,-0.87,Top to Down,Red,12.19,12.18,1271.0,12013.0,-32867.0,FII Confident (sold puts >20K),46151.0,Mildly Bullish,1612.0,86434.0,-81041.0,PRO Confident (sold puts >20K),169087.0,Strong Bullish
2025-08-29,Friday,0,,24466.7,24572.45,24404.7,24433.65,0.69,-0.14,0.43,-0.25,Top to Down,Red,12.18,11.75,1271.0,12013.0,-32867.0,FII Confident (sold puts >20K),46151.0,Mildly Bullish,1612.0,86434.0,-81041.0,PRO Confident (sold puts >20K),169087.0,Strong Bullish
2025-09-01,Monday,0,,24432.7,24635.6,24432.7,24624.3,0.83,0.78,0.83,0.0,Down to Up,Green,11.75,11.29,-6681.0,-29144.0,-10962.0,FII Mildly Bearish,-24863.0,Neutral,3332.0,-15560.0,83104.0,PRO Hedging (bought puts >20K),-95332.0,Bearish
2025-09-02,Tuesday,1,weekly,24653.0,24756.1,24522.35,24575.0,0.95,-0.32,0.42,-0.53,Top to Down,Red,11.29,11.4,2648.0,23450.0,-78707.0,FII Confident (sold puts >20K),104805.0,Strong Bullish,738.0,85440.0,-7027.0,PRO Neutral,93205.0,Bullish
2025-09-03,Wednesday,0,,24616.5,24737.05,24533.2,24713.6,0.83,0.39,0.49,-0.34,Down to Up,Green,11.4,10.93,-7878.0,13648.0,101516.0,FII Hedging (bought puts >20K),-95746.0,Bearish,7383.0,-37376.0,-35224.0,PRO Confident (sold puts >20K),5231.0,Neutral
2025-09-04,Thursday,0,weekly,24980.75,24980.75,24708.2,24739.8,1.09,-0.96,0.0,-1.09,Top to Down,Red,10.93,10.85,-2371.0,-24801.0,-78571.0,FII Confident (sold puts >20K),51399.0,Bullish,-318.0,122356.0,-20241.0,PRO Confident (sold puts >20K),142279.0,Strong Bullish
2025-09-05,Friday,0,,24818.85,24832.35,24621.6,24743.95,0.85,-0.3,0.05,-0.79,Top to Down,Red,10.85,10.78,-5781.0,3453.0,51105.0,FII Hedging (bought puts >20K),-53433.0,Bearish,7971.0,-128051.0,44349.0,PRO Hedging (bought puts >20K),-164429.0,Strong Bearish
2025-09-09,Tuesday,1,weekly,24864.1,24891.8,24814.0,24878.8,0.31,0.06,0.11,-0.2,Down to Up,Green,10.84,10.69,55.0,49869.0,1158.0,FII Neutral,48766.0,Mildly Bullish,-3695.0,-25536.0,22632.0,PRO Hedging (bought puts >20K),-51863.0,Bearish
2025-09-10,Wednesday,0,,24991.0,25035.7,24915.05,24977.55,0.48,-0.05,0.18,-0.3,Top to Down,Red,10.69,10.54,1510.0,-26872.0,-8910.0,FII Mildly Bearish,-16452.0,Neutral,-632.0,9307.0,-46075.0,PRO Confident (sold puts >20K),54750.0,Bullish
2025-09-11,Thursday,0,weekly,24945.5,25037.3,24940.15,25008.1,0.39,0.25,0.37,-0.02,Down to Up,Green,10.54,10.36,3710.0,-33829.0,-36851.0,FII Confident (sold puts >20K),6732.0,Neutral,1386.0,40650.0,27741.0,PRO Hedging (bought puts >20K),14295.0,Neutral
2025-09-12,Friday,0,,25074.45,25139.45,25038.05,25107.7,0.4,0.13,0.26,-0.15,Down to Up,Green,10.36,10.12,3340.0,22573.0,18736.0,FII Neutral,7177.0,Neutral,-3018.0,60859.0,-73156.0,PRO Confident (sold puts >20K),130997.0,Strong Bullish
2025-09-15,Monday,0,,25118.9,25138.45,25048.75,25069.7,0.36,-0.2,0.08,-0.28,Top to Down,Red,10.12,10.4,10451.0,29719.0,17189.0,FII Mildly Bullish,22981.0,Neutral,-6450.0,33727.0,-49372.0,PRO Confident (sold puts >20K),76649.0,Bullish
2025-09-16,Tuesday,1,weekly,25073.6,25261.4,25070.45,25254.45,0.76,0.72,0.75,-0.01,Down to Up,Green,10.4,10.27,1193.0,-35667.0,11150.0,FII Mildly Bearish,-45624.0,Mildly Bearish,-1545.0,-117638.0,108996.0,PRO Hedging (bought puts >20K),-228179.0,Strong Bearish
2025-09-17,Wednesday,0,,25276.6,25346.5,25275.35,25330.15,0.28,0.21,0.28,-0.0,Down to Up,Green,10.27,10.25,11595.0,26202.0,-26324.0,FII Bullish (bought fut + sold puts),64121.0,Bullish,-7367.0,35977.0,-89532.0,PRO Confident (sold puts >20K),118142.0,Strong Bullish
2025-09-18,Thursday,0,weekly,25441.05,25448.95,25329.75,25420.75,0.47,-0.08,0.03,-0.44,Top to Down,Red,10.25,9.89,8901.0,-607.0,-18474.0,FII Neutral,26768.0,Neutral,-5873.0,58700.0,32472.0,PRO Hedging (bought puts >20K),20355.0,Neutral
2025-09-19,Friday,0,,25410.2,25428.75,25286.3,25352.5,0.56,-0.23,0.07,-0.49,Top to Down,Red,9.89,9.97,7001.0,23081.0,33643.0,FII Hedging (bought puts >20K),-3561.0,Neutral,-5395.0,23557.0,53237.0,PRO Hedging (bought puts >20K),-35075.0,Mildly Bearish
2025-09-22,Monday,0,,25238.1,25331.7,25151.05,25200.2,0.72,-0.15,0.37,-0.34,Top to Down,Red,9.97,10.56,-3114.0,21734.0,-8096.0,FII Neutral,26716.0,Neutral,-1095.0,-115393.0,-30339.0,PRO Confident (sold puts >20K),-86149.0,Bearish
2025-09-23,Tuesday,1,weekly,25209.0,25261.9,25084.65,25185.8,0.7,-0.09,0.21,-0.49,Top to Down,Red,10.56,10.63,2519.0,-68154.0,17804.0,FII Mildly Bearish,-83439.0,Bearish,3682.0,-7369.0,42131.0,PRO Hedging (bought puts >20K),-45818.0,Mildly Bearish
2025-09-24,Wednesday,0,,25108.75,25149.85,25027.45,25060.9,0.49,-0.19,0.16,-0.32,Top to Down,Red,10.63,10.52,2076.0,1729.0,-18608.0,FII Neutral,22413.0,Neutral,-6570.0,47368.0,-64761.0,PRO Confident (sold puts >20K),105559.0,Strong Bullish
2025-09-25,Thursday,0,monthly,25034.5,25092.7,24878.3,24904.55,0.86,-0.52,0.23,-0.62,Top to Down,Red,10.52,10.78,-3121.0,-26244.0,7692.0,FII Mildly Bearish,-37057.0,Mildly Bearish,521.0,34378.0,122847.0,PRO Hedging (bought puts >20K),-87948.0,Bearish
2025-09-26,Friday,0,,24818.55,24868.6,24629.45,24673.1,0.96,-0.59,0.2,-0.76,Top to Down,Red,10.78,11.43,-2587.0,-17036.0,44556.0,FII Hedging (bought puts >20K),-64179.0,Bearish,-2188.0,-36965.0,-816.0,PRO Mildly Bearish,-38337.0,Mildly Bearish
2025-09-29,Monday,0,,24728.55,24791.3,24606.2,24677.55,0.75,-0.21,0.25,-0.49,Top to Down,Red,11.43,11.37,-19076.0,18829.0,16183.0,FII Bearish (sold fut >10K),-16430.0,Neutral,2627.0,-13287.0,-76498.0,PRO Confident (sold puts >20K),65838.0,Bullish
2025-09-30,Tuesday,1,monthly,24691.95,24731.8,24587.7,24633.6,0.58,-0.24,0.16,-0.42,Top to Down,Red,11.37,11.07,-2622.0,31346.0,-13873.0,FII Neutral,42597.0,Mildly Bullish,6411.0,26196.0,58167.0,PRO Hedging (bought puts >20K),-25560.0,Neutral
2025-10-01,Wednesday,0,,24620.55,24867.95,24605.95,24853.4,1.06,0.95,1.0,-0.06,Down to Up,Green,11.07,10.29,-6506.0,-37735.0,-50420.0,FII Confident (sold puts >20K),6179.0,Neutral,5815.0,-63100.0,-54028.0,PRO Confident (sold puts >20K),-3257.0,Neutral
2025-10-03,Friday,0,,24759.55,24904.8,24747.55,24895.0,0.64,0.55,0.59,-0.05,Down to Up,Green,10.29,10.06,-6506.0,-37735.0,-50420.0,FII Confident (sold puts >20K),6179.0,Neutral,5815.0,-63100.0,-54028.0,PRO Confident (sold puts >20K),-3257.0,Neutral
2025-10-06,Monday,0,,24916.55,25095.95,24881.65,25072.55,0.86,0.63,0.72,-0.14,Down to Up,Green,10.06,10.19,-6506.0,-37735.0,-50420.0,FII Confident (sold puts >20K),6179.0,Neutral,5815.0,-63100.0,-54028.0,PRO Confident (sold puts >20K),-3257.0,Neutral
2025-10-07,Tuesday,1,weekly,25085.3,25220.9,25076.3,25112.8,0.58,0.11,0.54,-0.04,Down to Up,Green,10.19,10.05,-8082.0,31183.0,-9366.0,FII Neutral,32467.0,Mildly Bullish,19808.0,-143808.0,-102583.0,PRO Bullish (bought fut + sold puts),-21417.0,Neutral
2025-10-08,Wednesday,0,,25079.75,25192.5,25008.5,25023.8,0.73,-0.22,0.45,-0.28,Top to Down,Red,10.05,10.31,8048.0,-49099.0,-23991.0,FII Confident (sold puts >20K),-17060.0,Neutral,4117.0,-26761.0,51496.0,PRO Hedging (bought puts >20K),-74140.0,Bearish
2025-10-09,Thursday,0,weekly,25074.3,25199.25,25024.3,25170.3,0.7,0.38,0.5,-0.2,Down to Up,Green,10.31,10.12,854.0,-21339.0,26450.0,FII Hedging (bought puts >20K),-46935.0,Mildly Bearish,-6400.0,31096.0,61465.0,PRO Hedging (bought puts >20K),-36769.0,Mildly Bearish
2025-10-10,Friday,0,,25167.65,25330.75,25156.85,25278.2,0.69,0.44,0.65,-0.04,Down to Up,Green,10.12,10.1,2866.0,23297.0,-23488.0,FII Confident (sold puts >20K),49651.0,Mildly Bullish,-1302.0,103396.0,-87908.0,PRO Confident (sold puts >20K),190002.0,Strong Bullish
2025-10-13,Monday,0,,25177.3,25267.3,25152.3,25237.15,0.46,0.24,0.36,-0.1,Down to Up,Green,10.1,11.01,4471.0,33066.0,19994.0,FII Neutral,17543.0,Neutral,-1902.0,-45169.0,1358.0,PRO Mildly Bearish,-48429.0,Mildly Bearish
2025-10-14,Tuesday,1,weekly,25277.55,25310.35,25060.55,25123.35,0.99,-0.61,0.13,-0.86,Top to Down,Red,11.01,11.16,-4370.0,-47964.0,38398.0,FII Hedging (bought puts >20K),-90732.0,Bearish,-7728.0,-49610.0,91208.0,PRO Hedging (bought puts >20K),-148546.0,Strong Bearish
2025-10-15,Wednesday,0,,25181.95,25365.15,25159.35,25327.75,0.82,0.58,0.73,-0.09,Down to Up,Green,11.16,10.53,-8671.0,4352.0,-27325.0,FII Confident (sold puts >20K),23006.0,Neutral,10755.0,-106418.0,-21303.0,PRO Bullish (bought fut + sold puts),-74360.0,Bearish
2025-10-16,Thursday,0,weekly,25394.9,25625.4,25376.85,25566.3,0.98,0.67,0.91,-0.07,Down to Up,Green,10.53,10.87,5265.0,28796.0,-32879.0,FII Confident (sold puts >20K),66940.0,Bullish,2779.0,186431.0,-6464.0,PRO Neutral,195674.0,Strong Bullish
2025-10-17,Friday,0,,25546.85,25781.5,25508.6,25704.7,1.07,0.62,0.92,-0.15,Down to Up,Green,10.87,11.63,26177.0,93678.0,29685.0,FII Hedging (bought puts >20K),90170.0,Bullish,-8463.0,-126885.0,-144092.0,PRO Confident (sold puts >20K),8744.0,Neutral
2025-10-20,Monday,0,,25824.6,25926.2,25788.5,25850.7,0.53,0.1,0.39,-0.14,Down to Up,Green,11.63,11.36,20418.0,-9023.0,-7810.0,FII Mildly Bullish,19205.0,Neutral,1262.0,-69428.0,190295.0,PRO Hedging (bought puts >20K),-258461.0,Strong Bearish
2025-10-21,Tuesday,1,weekly,25901.2,25934.35,25826.3,25833.3,0.42,-0.26,0.13,-0.29,Top to Down,Red,11.36,11.3,5192.0,-36561.0,-20126.0,FII Confident (sold puts >20K),-11243.0,Neutral,-885.0,-8978.0,-126460.0,PRO Confident (sold puts >20K),116597.0,Strong Bullish
2025-10-23,Thursday,0,weekly,26057.2,26104.2,25862.45,25870.3,0.93,-0.72,0.18,-0.75,Top to Down,Red,11.3,11.73,5192.0,-36561.0,-20126.0,FII Confident (sold puts >20K),-11243.0,Neutral,-885.0,-8978.0,-126460.0,PRO Confident (sold puts >20K),116597.0,Strong Bullish
2025-10-24,Friday,0,,25935.1,25944.15,25718.2,25797.45,0.87,-0.53,0.03,-0.84,Top to Down,Red,11.73,11.59,5192.0,-36561.0,-20126.0,FII Confident (sold puts >20K),-11243.0,Neutral,-885.0,-8978.0,-126460.0,PRO Confident (sold puts >20K),116597.0,Strong Bullish
2025-10-27,Monday,0,,25843.2,26005.95,25827.0,25974.0,0.69,0.51,0.63,-0.06,Down to Up,Green,11.59,11.86,6964.0,-18781.0,7616.0,FII Neutral,-19433.0,Neutral,-16394.0,132179.0,746.0,PRO Bearish (sold fut >10K),115039.0,Strong Bullish
2025-10-28,Tuesday,1,monthly,25939.95,26041.7,25810.05,25965.4,0.89,0.1,0.39,-0.5,Down to Up,Green,11.86,11.95,-1085.0,-3742.0,-30376.0,FII Confident (sold puts >20K),25549.0,Neutral,6438.0,90868.0,-12878.0,PRO Neutral,110184.0,Strong Bullish
2025-10-29,Wednesday,0,,25982.0,26097.85,25960.3,26068.3,0.53,0.33,0.45,-0.08,Down to Up,Green,11.95,11.97,15466.0,-63837.0,-53604.0,FII Bullish (bought fut + sold puts),5233.0,Neutral,-5925.0,-152117.0,-12725.0,PRO Mildly Bearish,-145317.0,Strong Bearish
2025-10-30,Thursday,0,monthly,25984.4,26032.05,25845.25,25891.2,0.72,-0.36,0.18,-0.54,Top to Down,Red,11.97,12.07,-6148.0,19240.0,-30677.0,FII Confident (sold puts >20K),43769.0,Mildly Bullish,2981.0,102444.0,-36241.0,PRO Confident (sold puts >20K),141666.0,Strong Bullish
2025-10-31,Friday,0,,25863.8,25953.75,25711.2,25732.55,0.94,-0.51,0.35,-0.59,Top to Down,Red,12.07,12.15,-12134.0,-27674.0,74672.0,FII Very Bearish (sold fut >10K + bought puts >20K),-114480.0,Strong Bearish,-311.0,-117115.0,98529.0,PRO Hedging (bought puts >20K),-215955.0,Strong Bearish
2025-11-03,Monday,0,,25696.85,25803.1,25645.5,25774.3,0.61,0.3,0.41,-0.2,Down to Up,Green,12.15,12.67,-8225.0,33423.0,17769.0,FII Neutral,7429.0,Neutral,3303.0,-16199.0,41894.0,PRO Hedging (bought puts >20K),-54790.0,Bearish
2025-11-04,Tuesday,1,weekly,25744.75,25787.4,25578.4,25586.25,0.81,-0.62,0.17,-0.65,Top to Down,Red,12.67,12.65,-6154.0,-1180.0,-21140.0,FII Confident (sold puts >20K),13806.0,Neutral,-3586.0,-20110.0,-100045.0,PRO Confident (sold puts >20K),76349.0,Bullish
2025-11-06,Thursday,0,weekly,25593.35,25679.15,25491.55,25519.95,0.73,-0.29,0.34,-0.4,Top to Down,Red,12.65,12.41,-6154.0,-1180.0,-21140.0,FII Confident (sold puts >20K),13806.0,Neutral,-3586.0,-20110.0,-100045.0,PRO Confident (sold puts >20K),76349.0,Bullish
2025-11-10,Monday,0,,25503.5,25653.45,25503.5,25574.25,0.59,0.28,0.59,0.0,Down to Up,Green,12.56,12.3,-14237.0,31940.0,31615.0,FII Very Bearish (sold fut >10K + bought puts >20K),-13912.0,Neutral,5800.0,29671.0,-75993.0,PRO Confident (sold puts >20K),111464.0,Strong Bullish
2025-11-11,Tuesday,1,weekly,25617.0,25715.8,25449.25,25705.55,1.04,0.35,0.39,-0.65,Down to Up,Green,12.3,12.49,-4616.0,-22652.0,-24089.0,FII Confident (sold puts >20K),-3179.0,Neutral,5633.0,-43929.0,-22190.0,PRO Confident (sold puts >20K),-16106.0,Neutral
2025-11-12,Wednesday,0,,25834.3,25934.55,25781.15,25874.0,0.59,0.15,0.39,-0.21,Down to Up,Green,12.49,12.11,-3123.0,12880.0,-27329.0,FII Confident (sold puts >20K),37086.0,Mildly Bullish,-1983.0,17669.0,88.0,PRO Neutral,15598.0,Neutral
2025-11-13,Thursday,0,weekly,25906.1,26010.7,25808.4,25884.1,0.78,-0.08,0.4,-0.38,Top to Down,Red,12.11,12.16,-2410.0,13391.0,-46141.0,FII Confident (sold puts >20K),57122.0,Bullish,802.0,22746.0,-68548.0,PRO Confident (sold puts >20K),92096.0,Bullish
2025-11-14,Friday,0,,25767.9,25940.2,25740.8,25916.8,0.77,0.58,0.67,-0.11,Down to Up,Green,12.16,11.94,2293.0,-60.0,41779.0,FII Hedging (bought puts >20K),-39546.0,Mildly Bearish,4601.0,-65873.0,-12213.0,PRO Mildly Bearish,-49059.0,Mildly Bearish
2025-11-17,Monday,0,,25948.2,26024.2,25906.35,26014.3,0.45,0.25,0.29,-0.16,Down to Up,Green,11.94,11.79,-9672.0,5035.0,46803.0,FII Hedging (bought puts >20K),-51440.0,Bearish,-3543.0,86420.0,130244.0,PRO Hedging (bought puts >20K),-47367.0,Mildly Bearish
2025-11-18,Tuesday,1,weekly,26021.8,26029.85,25876.5,25894.7,0.59,-0.49,0.03,-0.56,Top to Down,Red,11.79,12.1,334.0,11233.0,-35728.0,FII Confident (sold puts >20K),47295.0,Mildly Bullish,112.0,-14186.0,-104309.0,PRO Confident (sold puts >20K),90235.0,Bullish
2025-11-19,Wednesday,0,,25918.1,26074.65,25856.2,26052.7,0.84,0.52,0.6,-0.24,Down to Up,Green,12.1,11.97,496.0,-45247.0,-161.0,FII Mildly Bearish,-44590.0,Mildly Bearish,-1031.0,-20883.0,73339.0,PRO Hedging (bought puts >20K),-95253.0,Bearish
2025-11-20,Thursday,0,weekly,26132.1,26246.65,26063.2,26197.4,0.7,0.25,0.44,-0.26,Down to Up,Green,11.97,12.14,1218.0,36340.0,-73983.0,FII Confident (sold puts >20K),111541.0,Strong Bullish,5038.0,103736.0,-31153.0,PRO Confident (sold puts >20K),139927.0,Strong Bullish
2025-11-21,Friday,0,,26109.55,26179.2,26052.2,26063.95,0.49,-0.17,0.27,-0.22,Top to Down,Red,12.14,13.63,2006.0,34002.0,30562.0,FII Hedging (bought puts >20K),5446.0,Neutral,5814.0,-41369.0,-55604.0,PRO Confident (sold puts >20K),20049.0,Neutral
2025-11-24,Monday,0,,26122.8,26142.8,25912.15,25943.35,0.88,-0.69,0.08,-0.81,Top to Down,Red,13.63,13.24,-4282.0,-12882.0,94905.0,FII Hedging (bought puts >20K),-112069.0,Strong Bearish,14208.0,-61089.0,251889.0,PRO Hedging (bought puts >20K),-298770.0,Strong Bearish
2025-11-25,Tuesday,1,monthly,25998.5,26032.6,25857.5,25860.3,0.67,-0.53,0.13,-0.54,Top to Down,Red,13.24,12.24,8150.0,-38568.0,6732.0,FII Mildly Bearish,-37150.0,Mildly Bearish,8521.0,-84983.0,59130.0,PRO Hedging (bought puts >20K),-135592.0,Strong Bearish
2025-11-26,Wednesday,0,,25842.95,26215.15,25842.95,26203.5,1.44,1.4,1.44,0.0,Down to Up,Green,12.24,11.97,67008.0,-56892.0,-30767.0,FII Bullish (bought fut + sold puts),40883.0,Mildly Bullish,-50127.0,149656.0,-162028.0,PRO Bearish (sold fut >10K),261557.0,Strong Bullish
2025-11-27,Thursday,0,monthly,26261.25,26310.45,26141.9,26219.85,0.64,-0.16,0.19,-0.45,Top to Down,Red,11.97,11.79,3942.0,73280.0,-107199.0,FII Confident (sold puts >20K),184421.0,Strong Bullish,-1345.0,124874.0,-174389.0,PRO Confident (sold puts >20K),297918.0,Strong Bullish
2025-11-28,Friday,0,,26237.45,26280.75,26172.4,26204.55,0.41,-0.13,0.17,-0.25,Top to Down,Red,11.79,11.62,3484.0,913.0,45745.0,FII Hedging (bought puts >20K),-41348.0,Mildly Bearish,-3609.0,-15253.0,61339.0,PRO Hedging (bought puts >20K),-80201.0,Bearish
2025-12-01,Monday,0,,26325.8,26325.8,26124.2,26175.95,0.77,-0.57,0.0,-0.77,Top to Down,Red,11.62,11.63,-333.0,-26632.0,54208.0,FII Hedging (bought puts >20K),-81173.0,Bearish,1681.0,-86884.0,2862.0,PRO Mildly Bearish,-88065.0,Bearish
2025-12-02,Tuesday,1,weekly,26087.95,26154.6,25997.85,26057.0,0.6,-0.12,0.26,-0.35,Top to Down,Red,11.63,11.23,426.0,-8336.0,14157.0,FII Neutral,-22067.0,Neutral,-1655.0,-101847.0,85154.0,PRO Hedging (bought puts >20K),-188656.0,Strong Bearish
2025-12-03,Wednesday,0,,26004.9,26066.45,25891.0,25985.1,0.67,-0.08,0.24,-0.44,Top to Down,Red,11.23,11.21,-12689.0,-13943.0,135.0,FII Bearish (sold fut >10K),-26767.0,Neutral,2456.0,34577.0,24164.0,PRO Hedging (bought puts >20K),12869.0,Neutral
2025-12-04,Thursday,0,weekly,25981.85,26098.25,25938.95,26017.1,0.61,0.14,0.45,-0.17,Down to Up,Green,11.21,10.82,-13610.0,15571.0,25776.0,FII Very Bearish (sold fut >10K + bought puts >20K),-23815.0,Neutral,5658.0,3313.0,11594.0,PRO Neutral,-2623.0,Neutral
2025-12-05,Friday,0,,25999.8,26202.6,25985.35,26176.65,0.84,0.68,0.78,-0.06,Down to Up,Green,10.82,10.32,-9061.0,-26201.0,-273.0,FII Mildly Bearish,-34989.0,Mildly Bearish,9992.0,36143.0,5769.0,PRO Neutral,40366.0,Mildly Bullish
2025-12-08,Monday,0,,26159.8,26178.7,25892.25,25932.8,1.1,-0.87,0.07,-1.02,Top to Down,Red,10.32,11.13,1228.0,51529.0,-32627.0,FII Confident (sold puts >20K),85384.0,Bullish,-5024.0,58671.0,-89633.0,PRO Confident (sold puts >20K),143280.0,Strong Bullish
2025-12-09,Tuesday,1,weekly,25867.1,25923.65,25728.0,25841.75,0.76,-0.1,0.22,-0.54,Top to Down,Red,11.13,10.95,-17227.0,-128539.0,73289.0,FII Very Bearish (sold fut >10K + bought puts >20K),-219055.0,Strong Bearish,14518.0,-288041.0,70313.0,PRO Hedging (bought puts >20K),-343836.0,Strong Bearish
2025-12-10,Wednesday,0,,25864.05,25947.65,25734.55,25742.65,0.82,-0.47,0.32,-0.5,Top to Down,Red,10.95,10.91,-3969.0,71270.0,-17271.0,FII Neutral,84572.0,Bullish,-167.0,61397.0,-59653.0,PRO Confident (sold puts >20K),120883.0,Strong Bullish
2025-12-11,Thursday,0,weekly,25771.4,25922.8,25693.25,25898.4,0.89,0.49,0.59,-0.3,Down to Up,Green,10.91,10.4,-5841.0,9153.0,260.0,FII Neutral,3052.0,Neutral,4214.0,-98309.0,60468.0,PRO Hedging (bought puts >20K),-154563.0,Strong Bearish
2025-12-12,Friday,0,,25971.2,26057.6,25938.45,26043.0,0.46,0.28,0.33,-0.13,Down to Up,Green,10.4,10.11,1355.0,253.0,-49533.0,FII Confident (sold puts >20K),51141.0,Bullish,-3266.0,200567.0,-93360.0,PRO Confident (sold puts >20K),290661.0,Strong Bullish
2025-12-15,Monday,0,,25930.05,26047.15,25904.75,26014.0,0.55,0.32,0.45,-0.1,Down to Up,Green,10.11,10.25,-3432.0,49618.0,-16433.0,FII Neutral,62619.0,Bullish,-7550.0,-5996.0,-8452.0,PRO Neutral,-5094.0,Neutral
2025-12-16,Tuesday,1,weekly,25951.5,25980.75,25834.35,25851.35,0.56,-0.39,0.11,-0.45,Top to Down,Red,10.25,10.06,2491.0,-21743.0,-12751.0,FII Mildly Bearish,-6501.0,Neutral,-4044.0,-10081.0,-96723.0,PRO Confident (sold puts >20K),82598.0,Bullish
2025-12-17,Wednesday,0,,25902.4,25929.15,25770.35,25821.8,0.61,-0.31,0.1,-0.51,Top to Down,Red,10.06,9.84,-8920.0,-21764.0,55481.0,FII Hedging (bought puts >20K),-86165.0,Bearish,5169.0,-94065.0,121695.0,PRO Hedging (bought puts >20K),-210591.0,Strong Bearish
2025-12-18,Thursday,0,weekly,25764.7,25902.35,25726.3,25815.65,0.68,0.2,0.53,-0.15,Down to Up,Green,9.84,9.71,-7805.0,-19674.0,-5988.0,FII Neutral,-21491.0,Neutral,2866.0,9563.0,38340.0,PRO Hedging (bought puts >20K),-25911.0,Neutral
2025-12-19,Friday,0,,25911.5,25993.35,25880.45,25961.4,0.44,0.19,0.32,-0.12,Down to Up,Green,9.71,9.52,-832.0,5589.0,-13994.0,FII Neutral,18751.0,Neutral,2727.0,70280.0,40.0,PRO Neutral,72967.0,Bullish
2025-12-22,Monday,0,,26055.85,26180.7,26047.8,26162.75,0.51,0.41,0.48,-0.03,Down to Up,Green,9.52,9.68,6697.0,58153.0,-48123.0,FII Confident (sold puts >20K),112973.0,Strong Bullish,2122.0,105605.0,3465.0,PRO Neutral,104262.0,Strong Bullish
2025-12-23,Tuesday,1,weekly,26205.2,26233.55,26119.05,26165.95,0.44,-0.15,0.11,-0.33,Top to Down,Red,9.68,9.38,14084.0,41472.0,-22413.0,FII Bullish (bought fut + sold puts),77969.0,Bullish,-5015.0,-22422.0,-154291.0,PRO Confident (sold puts >20K),126854.0,Strong Bullish
2025-12-24,Wednesday,0,,26170.65,26236.4,26123.0,26141.65,0.43,-0.11,0.25,-0.18,Top to Down,Red,9.38,9.19,10943.0,-36765.0,3433.0,FII Mildly Bullish,-29255.0,Neutral,-3265.0,-60740.0,65397.0,PRO Hedging (bought puts >20K),-129402.0,Strong Bearish
2025-12-26,Friday,0,,26121.25,26144.2,26008.6,26047.65,0.52,-0.28,0.09,-0.43,Top to Down,Red,9.19,9.15,10943.0,-36765.0,3433.0,FII Mildly Bullish,-29255.0,Neutral,-3265.0,-60740.0,65397.0,PRO Hedging (bought puts >20K),-129402.0,Strong Bearish
2025-12-29,Monday,0,,26063.35,26106.8,25920.3,25949.8,0.72,-0.44,0.17,-0.55,Top to Down,Red,9.15,9.72,10943.0,-36765.0,3433.0,FII Mildly Bullish,-29255.0,Neutral,-3265.0,-60740.0,65397.0,PRO Hedging (bought puts >20K),-129402.0,Strong Bearish
2025-12-30,Tuesday,1,monthly,25940.9,25976.75,25878.0,25970.55,0.38,0.11,0.14,-0.24,Down to Up,Green,9.72,9.68,-15787.0,-5008.0,-882.0,FII Bearish (sold fut >10K),-19913.0,Neutral,2834.0,-17474.0,-36862.0,PRO Confident (sold puts >20K),22222.0,Neutral
2025-12-31,Wednesday,0,,25971.05,26187.95,25969.0,26141.85,0.84,0.66,0.84,-0.01,Down to Up,Green,9.68,9.48,10878.0,-12157.0,-38949.0,FII Bullish (bought fut + sold puts),37670.0,Mildly Bullish,-14389.0,205031.0,-33689.0,PRO Bearish (sold fut >10K),224331.0,Strong Bullish
2026-01-01,Thursday,0,weekly,26173.3,26197.55,26113.4,26140.25,0.32,-0.13,0.09,-0.23,Top to Down,Red,9.68,9.48,-1824.0,44066.0,4177.0,FII Neutral,38065.0,Mildly Bullish,-218.0,127905.0,-123342.0,PRO Confident (sold puts >20K),251029.0,Strong Bullish
2026-01-02,Friday,0,,26155.1,26340.0,26118.4,26335.7,0.85,0.69,0.71,-0.14,Down to Up,Green,9.19,9.45,1960.0,408.0,-17932.0,FII Neutral,20300.0,Neutral,-3518.0,-99221.0,20834.0,PRO Hedging (bought puts >20K),-123573.0,Strong Bearish
2026-01-05,Monday,0,,26333.7,26373.2,26210.05,26244.65,0.62,-0.34,0.15,-0.47,Top to Down,Red,9.45,10.02,13680.0,54954.0,-65060.0,FII Bullish (bought fut + sold puts),133694.0,Strong Bullish,-3890.0,169411.0,-54150.0,PRO Confident (sold puts >20K),219671.0,Strong Bullish
2026-01-07,Wednesday,0,,26143.1,26187.15,26067.9,26142.9,0.46,-0.0,0.17,-0.29,Top to Down,Red,10.02,9.95,135.0,36456.0,7471.0,FII Neutral,29120.0,Neutral,-3452.0,75226.0,2175.0,PRO Neutral,69599.0,Bullish
2026-01-08,Thursday,0,weekly,26106.5,26133.2,25858.45,25868.9,1.05,-0.91,0.1,-0.95,Top to Down,Red,9.95,10.6,-8384.0,-14952.0,4664.0,FII Neutral,-28000.0,Neutral,4380.0,-37748.0,67757.0,PRO Hedging (bought puts >20K),-101125.0,Strong Bearish
2026-01-09,Friday,0,,25840.4,25940.6,25623.0,25703.7,1.23,-0.53,0.39,-0.84,Top to Down,Red,10.6,10.93,-31075.0,-101588.0,32041.0,FII Very Bearish (sold fut >10K + bought puts >20K),-164704.0,Strong Bearish,24787.0,-145534.0,25596.0,PRO Hedging (bought puts >20K),-146343.0,Strong Bearish
2026-01-12,Monday,0,,25669.05,25813.15,25473.4,25806.1,1.32,0.53,0.56,-0.76,Down to Up,Green,10.93,11.37,-18716.0,53090.0,30040.0,FII Very Bearish (sold fut >10K + bought puts >20K),4334.0,Neutral,10160.0,-6806.0,17354.0,PRO Mildly Bullish,-14000.0,Neutral
2026-01-13,Tuesday,1,weekly,25897.35,25899.8,25603.3,25714.2,1.14,-0.71,0.01,-1.14,Top to Down,Red,11.37,11.2,-7346.0,23513.0,-19383.0,FII Neutral,35550.0,Mildly Bullish,2498.0,78441.0,-11742.0,PRO Neutral,92681.0,Bullish
2026-01-14,Wednesday,0,,25648.55,25791.75,25603.95,25669.1,0.73,0.08,0.56,-0.17,Down to Up,Green,11.2,11.32,-4246.0,-27449.0,15718.0,FII Mildly Bearish,-47413.0,Mildly Bearish,-647.0,-47314.0,-72166.0,PRO Confident (sold puts >20K),24205.0,Neutral
2026-01-16,Friday,0,,25696.05,25873.5,25662.4,25701.9,0.82,0.02,0.69,-0.13,Down to Up,Green,11.32,11.37,-4246.0,-27449.0,15718.0,FII Mildly Bearish,-47413.0,Mildly Bearish,-647.0,-47314.0,-72166.0,PRO Confident (sold puts >20K),24205.0,Neutral
2026-01-19,Monday,0,,25653.1,25653.3,25494.35,25555.5,0.62,-0.38,0.0,-0.62,Top to Down,Red,11.37,11.83,-4246.0,-27449.0,15718.0,FII Mildly Bearish,-47413.0,Mildly Bearish,-647.0,-47314.0,-72166.0,PRO Confident (sold puts >20K),24205.0,Neutral
2026-01-20,Tuesday,1,weekly,25580.3,25585.0,25171.35,25225.35,1.62,-1.39,0.02,-1.6,Top to Down,Red,11.83,12.73,-2722.0,-29105.0,-16847.0,FII Mildly Bearish,-14980.0,Neutral,-1315.0,-53109.0,-35474.0,PRO Confident (sold puts >20K),-18950.0,Neutral
2026-01-21,Wednesday,0,,25141.0,25300.95,24919.8,25168.1,1.52,0.11,0.64,-0.88,Down to Up,Green,12.73,13.78,-8470.0,-31750.0,7273.0,FII Mildly Bearish,-47493.0,Mildly Bearish,3608.0,-135343.0,-52462.0,PRO Confident (sold puts >20K),-79273.0,Bearish
2026-01-22,Thursday,0,weekly,25344.15,25435.75,25168.5,25320.45,1.05,-0.09,0.36,-0.69,Top to Down,Red,13.78,13.35,-3155.0,-56541.0,-1757.0,FII Mildly Bearish,-57939.0,Bearish,2577.0,160411.0,-62081.0,PRO Confident (sold puts >20K),225069.0,Strong Bullish
2026-01-23,Friday,0,,25344.6,25347.95,25025.3,25064.75,1.27,-1.1,0.01,-1.26,Top to Down,Red,13.35,14.19,-11478.0,10524.0,-17008.0,FII Bearish (sold fut >10K),16054.0,Neutral,11607.0,42967.0,129672.0,PRO Hedging (bought puts >20K),-75098.0,Bearish
2026-01-27,Tuesday,1,monthly,25063.35,25246.65,24932.55,25234.1,1.25,0.68,0.73,-0.52,Down to Up,Green,14.19,14.45,-11478.0,10524.0,-17008.0,FII Bearish (sold fut >10K),16054.0,Neutral,11607.0,42967.0,129672.0,PRO Hedging (bought puts >20K),-75098.0,Bearish
2026-01-28,Wednesday,0,,25258.85,25372.1,25187.65,25348.05,0.73,0.35,0.45,-0.28,Down to Up,Green,14.45,13.53,-11478.0,10524.0,-17008.0,FII Bearish (sold fut >10K),16054.0,Neutral,11607.0,42967.0,129672.0,PRO Hedging (bought puts >20K),-75098.0,Bearish
2026-01-29,Thursday,0,monthly,25345.0,25458.15,25159.8,25422.1,1.18,0.3,0.45,-0.73,Down to Up,Green,13.53,13.37,1070.0,-27512.0,18509.0,FII Mildly Bearish,-44951.0,Mildly Bearish,-6758.0,8678.0,-13008.0,PRO Neutral,14928.0,Neutral
2026-01-30,Friday,0,,25247.55,25370.7,25213.65,25315.8,0.62,0.27,0.49,-0.13,Down to Up,Green,13.37,13.63,-10993.0,-42.0,-23070.0,FII Bearish (sold fut >10K),12035.0,Neutral,-9115.0,104998.0,10307.0,PRO Neutral,85576.0,Bullish
2026-02-01,Sunday,0,,25333.75,25440.9,24571.75,24768.0,3.43,-2.23,0.42,-3.01,Top to Down,Red,13.63,15.1,-8274.0,22020.0,50343.0,FII Hedging (bought puts >20K),-36597.0,Mildly Bearish,3333.0,-173128.0,-38703.0,PRO Confident (sold puts >20K),-131092.0,Strong Bearish
2026-02-02,Monday,0,,24796.5,25108.1,24679.4,25079.9,1.73,1.14,1.26,-0.47,Down to Up,Green,15.1,13.87,-8274.0,22020.0,50343.0,FII Hedging (bought puts >20K),-36597.0,Mildly Bearish,3333.0,-173128.0,-38703.0,PRO Confident (sold puts >20K),-131092.0,Strong Bearish
2026-02-03,Tuesday,1,weekly,26308.05,26341.2,25641.3,25714.8,2.66,-2.26,0.13,-2.53,Top to Down,Red,13.87,12.9,-3317.0,-63973.0,30311.0,FII Hedging (bought puts >20K),-97601.0,Bearish,10659.0,-8032.0,-744.0,PRO Mildly Bullish,3371.0,Neutral
2026-02-04,Wednesday,0,,25675.05,25818.55,25563.95,25737.5,0.99,0.24,0.56,-0.43,Down to Up,Green,12.9,12.25,39687.0,80495.0,-127915.0,FII Bullish (bought fut + sold puts),248097.0,Strong Bullish,-31559.0,115777.0,25564.0,PRO Very Bearish (sold fut >10K + bought puts >20K),58654.0,Bullish
2026-02-05,Thursday,0,weekly,25755.9,25757.65,25579.5,25641.6,0.69,-0.44,0.01,-0.68,Top to Down,Red,12.25,12.17,10136.0,25811.0,-57135.0,FII Bullish (bought fut + sold puts),93082.0,Bullish,2837.0,89957.0,-48299.0,PRO Confident (sold puts >20K),141093.0,Strong Bullish
2026-02-06,Friday,0,,25605.8,25703.95,25491.9,25673.6,0.83,0.26,0.38,-0.44,Down to Up,Green,12.17,11.94,3294.0,-4784.0,59948.0,FII Hedging (bought puts >20K),-61438.0,Bearish,-9333.0,-139892.0,-8291.0,PRO Mildly Bearish,-140934.0,Strong Bearish
2026-02-09,Monday,0,,25888.7,25922.25,25780.9,25863.3,0.55,-0.1,0.13,-0.42,Top to Down,Red,11.94,12.19,-6228.0,42047.0,23045.0,FII Hedging (bought puts >20K),12774.0,Neutral,3551.0,61314.0,-42050.0,PRO Confident (sold puts >20K),106915.0,Strong Bullish
2026-02-10,Tuesday,1,weekly,25922.65,25989.45,25870.45,25916.8,0.46,-0.02,0.26,-0.2,Top to Down,Red,12.19,11.67,4331.0,51256.0,-23756.0,FII Confident (sold puts >20K),79343.0,Bullish,2268.0,-91825.0,27670.0,PRO Hedging (bought puts >20K),-117227.0,Strong Bearish
2026-02-11,Wednesday,0,,25997.45,26009.4,25899.8,25945.35,0.42,-0.2,0.05,-0.38,Top to Down,Red,11.67,11.55,12305.0,-813.0,-33733.0,FII Bullish (bought fut + sold puts),45225.0,Mildly Bullish,1036.0,73409.0,-50438.0,PRO Confident (sold puts >20K),124883.0,Strong Bullish
2026-02-12,Thursday,0,weekly,25906.7,25906.7,25752.4,25796.15,0.6,-0.43,0.0,-0.6,Top to Down,Red,11.55,11.73,1399.0,-8704.0,-34987.0,FII Confident (sold puts >20K),27682.0,Neutral,6378.0,17597.0,29740.0,PRO Hedging (bought puts >20K),-5765.0,Neutral
2026-02-13,Friday,0,,25571.15,25630.35,25444.3,25460.55,0.73,-0.43,0.23,-0.5,Top to Down,Red,11.73,13.29,-992.0,-27014.0,21460.0,FII Hedging (bought puts >20K),-49466.0,Mildly Bearish,7660.0,-67400.0,85866.0,PRO Hedging (bought puts >20K),-145606.0,Strong Bearish
2026-02-16,Monday,0,,25423.6,25697.0,25372.7,25682.45,1.28,1.02,1.08,-0.2,Down to Up,Green,13.29,13.33,-14366.0,43678.0,125108.0,FII Very Bearish (sold fut >10K + bought puts >20K),-95796.0,Bearish,6770.0,5572.0,99404.0,PRO Hedging (bought puts >20K),-87062.0,Bearish
2026-02-17,Tuesday,1,weekly,25637.95,25764.4,25570.3,25716.0,0.76,0.3,0.49,-0.26,Down to Up,Green,13.33,12.67,2435.0,8195.0,-42672.0,FII Confident (sold puts >20K),53302.0,Bullish,-316.0,134067.0,-104551.0,PRO Confident (sold puts >20K),238302.0,Strong Bullish
2026-02-18,Wednesday,0,,25752.65,25828.05,25645.15,25805.7,0.71,0.21,0.29,-0.42,Down to Up,Green,12.67,12.22,3880.0,-6544.0,-26950.0,FII Confident (sold puts >20K),24286.0,Neutral,-4293.0,-47439.0,-123936.0,PRO Confident (sold puts >20K),72204.0,Bullish
2026-02-19,Thursday,0,weekly,25873.35,25885.3,25388.75,25416.45,1.92,-1.77,0.05,-1.87,Top to Down,Red,12.22,13.46,6664.0,4552.0,-34367.0,FII Confident (sold puts >20K),45583.0,Mildly Bullish,4523.0,55107.0,-27591.0,PRO Confident (sold puts >20K),87221.0,Bullish
2026-02-20,Friday,0,,25406.55,25663.55,25379.75,25565.9,1.12,0.63,1.01,-0.11,Down to Up,Green,13.46,14.36,-3278.0,-57502.0,70674.0,FII Hedging (bought puts >20K),-131454.0,Strong Bearish,-2961.0,-99314.0,205830.0,PRO Hedging (bought puts >20K),-308105.0,Strong Bearish
2026-02-23,Monday,0,,25678.4,25771.45,25609.35,25704.0,0.63,0.1,0.36,-0.27,Down to Up,Green,14.36,14.17,4208.0,84147.0,-32798.0,FII Confident (sold puts >20K),121153.0,Strong Bullish,7550.0,171874.0,-8936.0,PRO Neutral,188360.0,Strong Bullish
2026-02-24,Tuesday,1,monthly,25641.8,25641.8,25327.6,25460.25,1.23,-0.71,0.0,-1.23,Top to Down,Red,14.17,14.15,4579.0,-10672.0,28911.0,FII Hedging (bought puts >20K),-35004.0,Mildly Bearish,6449.0,-164965.0,-41839.0,PRO Confident (sold puts >20K),-116677.0,Strong Bearish
2026-02-25,Wednesday,0,,25512.6,25652.6,25428.2,25478.65,0.88,-0.13,0.55,-0.33,Top to Down,Red,14.15,13.49,23014.0,-110254.0,-25526.0,FII Bullish (bought fut + sold puts),-61714.0,Bearish,-26424.0,-19117.0,-35514.0,PRO Bearish (sold fut >10K),-10027.0,Neutral
2026-02-26,Thursday,0,monthly,25556.3,25572.95,25400.95,25493.3,0.67,-0.25,0.07,-0.61,Top to Down,Red,13.49,13.06,1590.0,-8277.0,-15780.0,FII Neutral,9093.0,Neutral,7589.0,-803.0,27514.0,PRO Hedging (bought puts >20K),-20728.0,Neutral
2026-02-27,Friday,0,,25459.85,25476.4,25141.3,25181.8,1.32,-1.09,0.07,-1.25,Top to Down,Red,13.06,13.7,1501.0,-18108.0,5323.0,FII Neutral,-21930.0,Neutral,-3196.0,22983.0,41032.0,PRO Hedging (bought puts >20K),-21245.0,Neutral
2026-03-02,Monday,1,weekly,24659.25,24989.35,24603.5,24849.75,1.56,0.77,1.34,-0.23,Down to Up,Green,13.7,17.13,-21388.0,1599.0,85335.0,FII Very Bearish (sold fut >10K + bought puts >20K),-105124.0,Strong Bearish,3615.0,-68305.0,103631.0,PRO Hedging (bought puts >20K),-168321.0,Strong Bearish
2026-03-04,Wednesday,0,,24388.8,24602.45,24305.4,24473.95,1.22,0.35,0.88,-0.34,Down to Up,Green,17.13,21.14,-21388.0,1599.0,85335.0,FII Very Bearish (sold fut >10K + bought puts >20K),-105124.0,Strong Bearish,3615.0,-68305.0,103631.0,PRO Hedging (bought puts >20K),-168321.0,Strong Bearish
2026-03-05,Thursday,0,weekly,24615.95,24854.2,24529.4,24737.45,1.32,0.49,0.97,-0.35,Down to Up,Green,21.14,17.86,-21388.0,1599.0,85335.0,FII Very Bearish (sold fut >10K + bought puts >20K),-105124.0,Strong Bearish,3615.0,-68305.0,103631.0,PRO Hedging (bought puts >20K),-168321.0,Strong Bearish
2026-03-06,Friday,0,,24656.4,24700.9,24415.75,24469.4,1.16,-0.76,0.18,-0.98,Top to Down,Red,17.86,19.88,1865.0,-43574.0,21445.0,FII Hedging (bought puts >20K),-63154.0,Bearish,1676.0,43448.0,28088.0,PRO Hedging (bought puts >20K),17036.0,Neutral
2026-03-09,Monday,0,,23868.05,24078.15,23697.8,24005.8,1.59,0.58,0.88,-0.71,Down to Up,Green,19.88,23.36,-12443.0,-51689.0,88341.0,FII Very Bearish (sold fut >10K + bought puts >20K),-152473.0,Strong Bearish,817.0,-35344.0,133951.0,PRO Hedging (bought puts >20K),-168478.0,Strong Bearish
2026-03-10,Tuesday,1,weekly,24280.8,24303.8,24079.95,24286.15,0.92,0.02,0.09,-0.83,Down to Up,Green,23.36,18.91,-19611.0,16619.0,-57566.0,FII Bearish (sold fut >10K),54574.0,Bullish,16058.0,-20451.0,-94335.0,PRO Bullish (bought fut + sold puts),89942.0,Bullish
2026-03-11,Wednesday,0,,24231.85,24299.0,23834.3,23848.2,1.92,-1.58,0.28,-1.64,Top to Down,Red,18.91,21.06,6832.0,28943.0,20938.0,FII Hedging (bought puts >20K),14837.0,Neutral,-5905.0,23930.0,-40338.0,PRO Confident (sold puts >20K),58363.0,Bullish
2026-03-12,Thursday,0,weekly,23674.85,23833.15,23556.3,23639.35,1.17,-0.15,0.67,-0.5,Top to Down,Red,21.06,21.52,-19231.0,-56084.0,36350.0,FII Very Bearish (sold fut >10K + bought puts >20K),-111665.0,Strong Bearish,933.0,-99570.0,77660.0,PRO Hedging (bought puts >20K),-176297.0,Strong Bearish
2026-03-13,Friday,0,,23462.5,23492.4,23112.0,23170.9,1.62,-1.24,0.13,-1.49,Top to Down,Red,21.52,22.65,-20026.0,-29453.0,-40488.0,FII Bearish (sold fut >10K),-8991.0,Neutral,8174.0,14156.0,-13888.0,PRO Neutral,36218.0,Mildly Bullish
2026-03-16,Monday,0,,23116.1,23502.0,22955.25,23355.6,2.37,1.04,1.67,-0.7,Down to Up,Green,22.65,21.6,-34213.0,-46136.0,43275.0,FII Very Bearish (sold fut >10K + bought puts >20K),-123624.0,Strong Bearish,12236.0,47736.0,-7845.0,PRO Mildly Bullish,67817.0,Bullish
2026-03-17,Tuesday,1,weekly,23493.2,23656.8,23346.6,23558.8,1.32,0.28,0.7,-0.62,Down to Up,Green,21.6,19.79,11771.0,15876.0,-29424.0,FII Bullish (bought fut + sold puts),57071.0,Bullish,-1222.0,-1132.0,20400.0,PRO Hedging (bought puts >20K),-22754.0,Neutral
2026-03-18,Wednesday,0,,23632.9,23862.25,23618.45,23764.1,1.03,0.56,0.97,-0.06,Down to Up,Green,19.79,18.72,7994.0,80032.0,-37356.0,FII Confident (sold puts >20K),125382.0,Strong Bullish,3155.0,-5708.0,-135526.0,PRO Confident (sold puts >20K),132973.0,Strong Bullish
2026-03-19,Thursday,0,weekly,23197.75,23378.7,22930.35,23087.85,1.93,-0.47,0.78,-1.15,Top to Down,Red,18.72,22.8,14978.0,-10563.0,-14396.0,FII Mildly Bullish,18811.0,Neutral,-3593.0,29388.0,21170.0,PRO Hedging (bought puts >20K),4625.0,Neutral
2026-03-20,Friday,0,,23110.15,23345.15,23067.6,23134.65,1.2,0.11,1.02,-0.18,Down to Up,Green,22.8,22.81,-3155.0,-48293.0,39693.0,FII Hedging (bought puts >20K),-91141.0,Bearish,-16248.0,-25946.0,99311.0,PRO Very Bearish (sold fut >10K + bought puts >20K),-141505.0,Strong Bearish
2026-03-23,Monday,0,,22824.35,22851.7,22471.25,22492.65,1.67,-1.45,0.12,-1.55,Top to Down,Red,22.81,26.73,-5556.0,-24716.0,25655.0,FII Hedging (bought puts >20K),-55927.0,Bearish,10969.0,9556.0,13208.0,PRO Mildly Bullish,7317.0,Neutral
2026-03-24,Tuesday,1,weekly,22878.45,23057.3,22624.2,22958.4,1.89,0.35,0.78,-1.11,Down to Up,Green,26.73,24.74,-9453.0,-6655.0,-426.0,FII Neutral,-15682.0,Neutral,-4562.0,-42952.0,-31447.0,PRO Confident (sold puts >20K),-16067.0,Neutral
2026-03-25,Wednesday,0,,23064.4,23465.35,23063.2,23309.0,1.74,1.06,1.74,-0.01,Down to Up,Green,24.74,24.64,-4751.0,-8916.0,-18199.0,FII Neutral,4532.0,Neutral,1943.0,6612.0,-37521.0,PRO Confident (sold puts >20K),46076.0,Mildly Bullish
2026-03-27,Friday,0,,23173.55,23186.1,22804.55,22839.5,1.65,-1.44,0.05,-1.59,Top to Down,Red,24.64,26.8,-4751.0,-8916.0,-18199.0,FII Neutral,4532.0,Neutral,1943.0,6612.0,-37521.0,PRO Confident (sold puts >20K),46076.0,Mildly Bullish
2026-03-30,Monday,1,monthly,22549.65,22714.1,22283.85,22379.2,1.91,-0.76,0.73,-1.18,Top to Down,Red,26.8,27.89,-4751.0,-8916.0,-18199.0,FII Neutral,4532.0,Neutral,1943.0,6612.0,-37521.0,PRO Confident (sold puts >20K),46076.0,Mildly Bullish
2026-04-01,Wednesday,0,,22899.0,22941.3,22618.6,22703.15,1.41,-0.86,0.18,-1.22,Top to Down,Red,27.89,25.01,-4751.0,-8916.0,-18199.0,FII Neutral,4532.0,Neutral,1943.0,6612.0,-37521.0,PRO Confident (sold puts >20K),46076.0,Mildly Bullish
2026-04-02,Thursday,0,weekly,22383.4,22782.3,22182.55,22700.7,2.68,1.42,1.78,-0.9,Down to Up,Green,25.01,25.52,-4751.0,-8916.0,-18199.0,FII Neutral,4532.0,Neutral,1943.0,6612.0,-37521.0,PRO Confident (sold puts >20K),46076.0,Mildly Bullish
2026-04-06,Monday,0,,22780.3,22998.35,22542.95,22959.45,2.0,0.79,0.96,-1.04,Down to Up,Green,25.52,25.47,-4751.0,-8916.0,-18199.0,FII Neutral,4532.0,Neutral,1943.0,6612.0,-37521.0,PRO Confident (sold puts >20K),46076.0,Mildly Bullish
2026-04-07,Tuesday,1,weekly,22838.7,23153.85,22719.3,23129.95,1.9,1.28,1.38,-0.52,Down to Up,Green,25.47,24.7,-4751.0,-8916.0,-18199.0,FII Neutral,4532.0,Neutral,1943.0,6612.0,-37521.0,PRO Confident (sold puts >20K),46076.0,Mildly Bullish
2026-04-08,Wednesday,0,,23855.15,24025.15,23828.5,24012.35,0.82,0.66,0.71,-0.11,Down to Up,Green,24.7,19.7,9027.0,25909.0,2881.0,FII Neutral,32055.0,Mildly Bullish,9459.0,-27730.0,24591.0,PRO Hedging (bought puts >20K),-42862.0,Mildly Bearish
2026-04-09,Thursday,0,weekly,23909.05,23990.75,23682.8,23766.05,1.29,-0.6,0.34,-0.95,Top to Down,Red,19.7,20.43,32035.0,11937.0,-32317.0,FII Bullish (bought fut + sold puts),76289.0,Bullish,-14033.0,-8315.0,-65889.0,PRO Bearish (sold fut >10K),43541.0,Mildly Bullish
2026-04-10,Friday,0,,23880.55,24074.05,23856.35,24050.5,0.91,0.71,0.81,-0.1,Down to Up,Green,20.43,18.85,-318.0,-30345.0,43221.0,FII Hedging (bought puts >20K),-73884.0,Bearish,-10770.0,-8005.0,130179.0,PRO Very Bearish (sold fut >10K + bought puts >20K),-148954.0,Strong Bearish
2026-04-13,Monday,1,weekly,23589.6,23907.4,23555.6,23818.9,1.49,0.97,1.35,-0.14,Down to Up,Green,18.85,20.5,21491.0,46554.0,1548.0,FII Mildly Bullish,66497.0,Bullish,818.0,25342.0,-29132.0,PRO Confident (sold puts >20K),55292.0,Bullish
2026-04-15,Wednesday,0,,24163.8,24280.9,24145.8,24211.9,0.56,0.2,0.48,-0.07,Down to Up,Green,20.5,18.67,21491.0,46554.0,1548.0,FII Mildly Bullish,66497.0,Bullish,818.0,25342.0,-29132.0,PRO Confident (sold puts >20K),55292.0,Bullish
2026-04-16,Thursday,0,weekly,24385.2,24400.95,24102.8,24188.4,1.22,-0.81,0.06,-1.16,Top to Down,Red,18.67,18.09,21491.0,46554.0,1548.0,FII Mildly Bullish,66497.0,Bullish,818.0,25342.0,-29132.0,PRO Confident (sold puts >20K),55292.0,Bullish
2026-04-17,Friday,0,,24165.9,24371.9,24096.05,24366.9,1.14,0.83,0.85,-0.29,Down to Up,Green,18.09,17.21,1729.0,-50607.0,45395.0,FII Hedging (bought puts >20K),-94273.0,Bearish,-3785.0,-79351.0,51633.0,PRO Hedging (bought puts >20K),-134769.0,Strong Bearish
2026-04-20,Monday,0,,24391.5,24480.65,24241.25,24330.9,0.98,-0.25,0.37,-0.62,Top to Down,Red,17.21,18.79,8036.0,74969.0,-49096.0,FII Confident (sold puts >20K),132101.0,Strong Bullish,4216.0,114496.0,-65922.0,PRO Confident (sold puts >20K),184634.0,Strong Bullish
2026-04-21,Tuesday,1,weekly,24374.55,24601.7,24354.9,24580.6,1.01,0.85,0.93,-0.08,Down to Up,Green,18.79,17.53,1192.0,-39313.0,-25100.0,FII Confident (sold puts >20K),-13021.0,Neutral,5199.0,15092.0,74019.0,PRO Hedging (bought puts >20K),-53728.0,Bearish
2026-04-22,Wednesday,0,,24470.85,24515.95,24352.9,24367.65,0.67,-0.42,0.18,-0.48,Top to Down,Red,17.53,18.3,15813.0,48697.0,3486.0,FII Mildly Bullish,61024.0,Bullish,5380.0,-10954.0,-119080.0,PRO Confident (sold puts >20K),113506.0,Strong Bullish
2026-04-23,Thursday,0,weekly,24202.35,24310.2,24134.8,24156.05,0.72,-0.19,0.45,-0.28,Top to Down,Red,18.3,18.59,-9366.0,-77238.0,45615.0,FII Hedging (bought puts >20K),-132219.0,Strong Bearish,-8229.0,-34483.0,95251.0,PRO Hedging (bought puts >20K),-137963.0,Strong Bearish
2026-04-24,Friday,0,,24100.55,24206.0,23813.65,23903.95,1.63,-0.82,0.44,-1.19,Top to Down,Red,18.59,19.71,-7600.0,-38309.0,29524.0,FII Hedging (bought puts >20K),-75433.0,Bearish,8832.0,-32298.0,114605.0,PRO Hedging (bought puts >20K),-138071.0,Strong Bearish
2026-04-27,Monday,0,,23945.45,24130.7,23936.2,24110.2,0.81,0.69,0.77,-0.04,Down to Up,Green,19.71,18.38,-13165.0,20110.0,8342.0,FII Bearish (sold fut >10K),-1397.0,Neutral,4223.0,1184.0,65518.0,PRO Hedging (bought puts >20K),-60111.0,Bearish
2026-04-28,Tuesday,1,monthly,24049.9,24181.8,23957.05,24016.5,0.93,-0.14,0.55,-0.39,Top to Down,Red,18.38,18.05,-1902.0,22171.0,-56058.0,FII Confident (sold puts >20K),76327.0,Bullish,10617.0,22753.0,-95374.0,PRO Bullish (bought fut + sold puts),128744.0,Strong Bullish
2026-04-29,Wednesday,0,,24096.9,24334.7,24059.95,24163.6,1.14,0.28,0.99,-0.15,Down to Up,Green,18.05,17.44,35303.0,2761.0,15758.0,FII Mildly Bullish,22306.0,Neutral,-22932.0,-91430.0,-21041.0,PRO Bearish (sold fut >10K),-93321.0,Bearish
2026-04-30,Thursday,0,monthly,23996.95,24087.45,23796.85,24043.7,1.21,0.19,0.38,-0.83,Down to Up,Green,17.44,18.46,-380.0,-14240.0,-10361.0,FII Neutral,-4259.0,Neutral,7092.0,66462.0,-11947.0,PRO Neutral,85501.0,Bullish
2026-05-04,Monday,0,,24063.55,24290.2,24004.75,24123.8,1.19,0.25,0.94,-0.24,Down to Up,Green,18.46,18.3,-380.0,-14240.0,-10361.0,FII Neutral,-4259.0,Neutral,7092.0,66462.0,-11947.0,PRO Neutral,85501.0,Bullish
2026-05-05,Tuesday,1,weekly,24052.6,24081.7,23882.05,24052.15,0.83,-0.0,0.12,-0.71,Top to Down,Red,18.3,17.91,-380.0,-14240.0,-10361.0,FII Neutral,-4259.0,Neutral,7092.0,66462.0,-11947.0,PRO Neutral,85501.0,Bullish
2026-05-07,Thursday,0,weekly,24398.5,24482.1,24284.0,24336.4,0.81,-0.25,0.34,-0.47,Top to Down,Red,16.68,16.62,3538.0,17064.0,-25888.0,FII Confident (sold puts >20K),46490.0,Mildly Bullish,7206.0,166069.0,-42135.0,PRO Confident (sold puts >20K),215410.0,Strong Bullish
2026-05-08,Friday,0,,24233.65,24253.8,24126.65,24179.8,0.52,-0.22,0.08,-0.44,Top to Down,Red,16.62,16.84,-1353.0,-66480.0,21783.0,FII Hedging (bought puts >20K),-89616.0,Bearish,-9619.0,-43096.0,129665.0,PRO Hedging (bought puts >20K),-182380.0,Strong Bearish
2026-05-11,Monday,0,,23970.1,23997.45,23799.1,23820.35,0.83,-0.62,0.11,-0.71,Top to Down,Red,16.84,18.55,-14164.0,6766.0,7767.0,FII Bearish (sold fut >10K),-15165.0,Neutral,2194.0,-56165.0,16335.0,PRO Mildly Bearish,-70306.0,Bearish
2026-05-12,Tuesday,1,weekly,23722.6,23757.55,23348.4,23430.55,1.72,-1.23,0.15,-1.58,Top to Down,Red,18.55,19.28,-10857.0,-48623.0,26642.0,FII Very Bearish (sold fut >10K + bought puts >20K),-86122.0,Bearish,4933.0,-89165.0,-51026.0,PRO Confident (sold puts >20K),-33206.0,Mildly Bearish
2026-05-13,Wednesday,0,,23362.45,23582.95,23262.55,23428.7,1.37,0.28,0.94,-0.43,Down to Up,Green,19.28,19.43,-16175.0,48754.0,63354.0,FII Very Bearish (sold fut >10K + bought puts >20K),-30775.0,Mildly Bearish,-2813.0,-154061.0,-62737.0,PRO Confident (sold puts >20K),-94137.0,Bearish
2026-05-14,Thursday,0,weekly,23530.25,23777.2,23426.55,23713.75,1.49,0.78,1.05,-0.44,Down to Up,Green,19.43,18.61,-730.0,-4009.0,-31901.0,FII Confident (sold puts >20K),27162.0,Neutral,5095.0,113051.0,-45229.0,PRO Confident (sold puts >20K),163375.0,Strong Bullish
2026-05-15,Friday,0,,23731.4,23839.3,23610.3,23659.35,0.96,-0.3,0.45,-0.51,Top to Down,Red,18.61,18.79,12263.0,21964.0,-64419.0,FII Bullish (bought fut + sold puts),98646.0,Bullish,-150.0,147656.0,-14998.0,PRO Neutral,162504.0,Strong Bullish
2026-05-18,Monday,0,,23482.2,23695.65,23317.1,23644.45,1.61,0.69,0.91,-0.7,Down to Up,Green,18.79,19.63,9104.0,-24471.0,11612.0,FII Mildly Bearish,-26979.0,Neutral,-2111.0,117484.0,113445.0,PRO Hedging (bought puts >20K),1928.0,Neutral
2026-05-19,Tuesday,1,weekly,23675.3,23782.3,23587.2,23606.2,0.82,-0.29,0.45,-0.37,Top to Down,Red,19.63,18.68,6641.0,42153.0,11923.0,FII Neutral,36871.0,Mildly Bullish,5780.0,32748.0,-90903.0,PRO Confident (sold puts >20K),129431.0,Strong Bullish
2026-05-20,Wednesday,0,,23457.25,23690.9,23397.3,23664.15,1.25,0.88,1.0,-0.26,Down to Up,Green,18.68,18.44,-6414.0,9032.0,24639.0,FII Hedging (bought puts >20K),-22021.0,Neutral,-551.0,-248032.0,15691.0,PRO Mildly Bearish,-264274.0,Strong Bearish
2026-05-21,Thursday,0,weekly,23830.05,23859.9,23596.6,23648.6,1.1,-0.76,0.13,-0.98,Top to Down,Red,18.44,17.82,-6240.0,-16822.0,-49332.0,FII Confident (sold puts >20K),26270.0,Neutral,3713.0,137364.0,-37449.0,PRO Confident (sold puts >20K),178526.0,Strong Bullish
2026-05-22,Friday,0,,23671.2,23835.65,23671.0,23748.85,0.7,0.33,0.69,-0.0,Down to Up,Green,17.82,17.91,-8670.0,-33906.0,35976.0,FII Hedging (bought puts >20K),-78552.0,Bearish,3750.0,-79625.0,94953.0,PRO Hedging (bought puts >20K),-170828.0,Strong Bearish
2026-05-25,Monday,0,,23940.25,24054.45,23922.85,24049.9,0.55,0.46,0.48,-0.07,Down to Up,Green,17.91,16.7,6198.0,94113.0,-20486.0,FII Confident (sold puts >20K),120797.0,Strong Bullish,-5242.0,186102.0,-34955.0,PRO Confident (sold puts >20K),215815.0,Strong Bullish
2026-05-26,Tuesday,1,monthly,24004.1,24089.8,23885.45,23933.75,0.85,-0.29,0.36,-0.49,Top to Down,Red,16.7,16.13,10015.0,118115.0,-38503.0,FII Bullish (bought fut + sold puts),166633.0,Strong Bullish,7171.0,-68084.0,-65727.0,PRO Confident (sold puts >20K),4814.0,Neutral
2026-05-27,Wednesday,0,,23880.35,23983.2,23858.25,23920.65,0.52,0.17,0.43,-0.09,Down to Up,Green,16.13,14.98,62112.0,-156521.0,79284.0,FII Hedging (bought puts >20K),-173693.0,Strong Bearish,-46752.0,-113029.0,46742.0,PRO Very Bearish (sold fut >10K + bought puts >20K),-206523.0,Strong Bearish
2026-05-29,Friday,0,,23902.15,24002.8,23484.75,23609.3,2.17,-1.23,0.42,-1.75,Top to Down,Red,14.98,16.19,62112.0,-156521.0,79284.0,FII Hedging (bought puts >20K),-173693.0,Strong Bearish,-46752.0,-113029.0,46742.0,PRO Very Bearish (sold fut >10K + bought puts >20K),-206523.0,Strong Bearish
2026-06-01,Monday,0,,23654.5,23733.7,23357.95,23379.2,1.59,-1.16,0.33,-1.25,Top to Down,Red,16.19,16.54,62112.0,-156521.0,79284.0,FII Hedging (bought puts >20K),-173693.0,Strong Bearish,-46752.0,-113029.0,46742.0,PRO Very Bearish (sold fut >10K + bought puts >20K),-206523.0,Strong Bearish
2026-06-02,Tuesday,1,weekly,23229.15,23556.95,23229.15,23523.3,1.41,1.27,1.41,0.0,Down to Up,Green,16.54,15.36,-21871.0,16937.0,32360.0,FII Very Bearish (sold fut >10K + bought puts >20K),-37294.0,Mildly Bearish,5008.0,-138708.0,-13829.0,PRO Mildly Bearish,-119871.0,Strong Bearish
2026-06-03,Wednesday,0,,23415.95,23459.65,23151.5,23396.95,1.32,-0.08,0.19,-1.13,Top to Down,Red,15.36,16.28,-6916.0,-26096.0,1056.0,FII Mildly Bearish,-34068.0,Mildly Bearish,-4516.0,308.0,-70887.0,PRO Confident (sold puts >20K),66679.0,Bullish
2026-06-04,Thursday,0,weekly,23282.45,23465.3,23247.3,23438.0,0.94,0.67,0.79,-0.15,Down to Up,Green,16.28,15.89,-29157.0,28438.0,42902.0,FII Very Bearish (sold fut >10K + bought puts >20K),-43621.0,Mildly Bearish,16044.0,100100.0,-6417.0,PRO Mildly Bullish,122561.0,Strong Bullish
2026-06-05,Friday,0,,23478.95,23516.35,23282.65,23368.85,1.0,-0.47,0.16,-0.84,Top to Down,Red,15.89,15.79,-5315.0,-22643.0,-21138.0,FII Confident (sold puts >20K),-6820.0,Neutral,-2613.0,28011.0,28642.0,PRO Hedging (bought puts >20K),-3244.0,Neutral
2026-06-08,Monday,0,,23080.7,23267.3,23070.15,23103.7,0.85,0.1,0.81,-0.05,Down to Up,Green,15.79,17.03,-3138.0,-2071.0,13362.0,FII Neutral,-18571.0,Neutral,-2256.0,72295.0,30060.0,PRO Hedging (bought puts >20K),39979.0,Mildly Bullish
2026-06-09,Tuesday,1,weekly,23259.05,23279.4,23104.45,23257.75,0.75,-0.01,0.09,-0.66,Top to Down,Red,17.03,15.58,-9908.0,-17877.0,19207.0,FII Neutral,-46992.0,Mildly Bearish,777.0,-88271.0,-10559.0,PRO Mildly Bearish,-76935.0,Bearish
2026-06-10,Wednesday,0,,23233.95,23425.35,23184.6,23216.1,1.04,-0.08,0.82,-0.21,Top to Down,Red,15.58,15.63,613.0,27466.0,-22377.0,FII Confident (sold puts >20K),50456.0,Bullish,-287.0,-67291.0,-69210.0,PRO Confident (sold puts >20K),1632.0,Neutral
2026-06-11,Thursday,0,weekly,23104.4,23327.45,23072.05,23186.55,1.11,0.36,0.97,-0.14,Down to Up,Green,15.63,15.61,5022.0,-10957.0,3929.0,FII Neutral,-9864.0,Neutral,-10328.0,28562.0,34906.0,PRO Very Bearish (sold fut >10K + bought puts >20K),-16672.0,Neutral
2026-06-12,Friday,0,,23412.55,23645.35,23313.9,23631.75,1.42,0.94,0.99,-0.42,Down to Up,Green,15.61,14.72,4996.0,-16498.0,6852.0,FII Neutral,-18354.0,Neutral,-965.0,41489.0,-3910.0,PRO Neutral,44434.0,Mildly Bullish
2026-06-15,Monday,0,,23984.85,24011.4,23817.8,23856.55,0.81,-0.53,0.11,-0.7,Top to Down,Red,14.72,14.35,23360.0,84905.0,4773.0,FII Mildly Bullish,103492.0,Strong Bullish,-9648.0,80236.0,-57811.0,PRO Confident (sold puts >20K),128399.0,Strong Bullish
2026-06-16,Tuesday,1,weekly,23923.9,24002.6,23888.2,23995.0,0.48,0.3,0.33,-0.15,Down to Up,Green,14.35,13.36,2382.0,-43307.0,2574.0,FII Mildly Bearish,-43499.0,Mildly Bearish,-5326.0,-123291.0,-45343.0,PRO Confident (sold puts >20K),-83274.0,Bearish
2026-06-17,Wednesday,0,,24044.5,24108.2,23969.7,24081.95,0.58,0.16,0.26,-0.31,Down to Up,Green,13.36,13.19,11641.0,20305.0,6102.0,FII Mildly Bullish,25844.0,Neutral,2765.0,-59606.0,-74529.0,PRO Confident (sold puts >20K),17688.0,Neutral
2026-06-18,Thursday,0,weekly,24073.8,24189.25,24036.95,24179.4,0.63,0.44,0.48,-0.15,Down to Up,Green,13.19,12.67,4912.0,-31029.0,-3814.0,FII Mildly Bearish,-22303.0,Neutral,1247.0,33872.0,-33129.0,PRO Confident (sold puts >20K),68248.0,Bullish
2026-06-19,Friday,0,,23991.2,24047.2,23901.9,24042.7,0.61,0.21,0.23,-0.37,Down to Up,Green,12.67,12.97,3212.0,22372.0,15189.0,FII Neutral,10395.0,Neutral,-3630.0,69825.0,49928.0,PRO Hedging (bought puts >20K),16267.0,Neutral
2026-06-22,Monday,0,,24106.6,24168.05,24073.15,24086.85,0.39,-0.08,0.25,-0.14,Top to Down,Red,12.97,12.84,-4947.0,-59641.0,67027.0,FII Hedging (bought puts >20K),-131615.0,Strong Bearish,-4843.0,46656.0,77323.0,PRO Hedging (bought puts >20K),-35510.0,Mildly Bearish
2026-06-23,Tuesday,1,weekly,24071.3,24135.5,23784.95,23795.25,1.46,-1.15,0.27,-1.19,Top to Down,Red,12.84,13.94,3639.0,4838.0,17052.0,FII Neutral,-8575.0,Neutral,9566.0,-67399.0,-95604.0,PRO Confident (sold puts >20K),37771.0,Mildly Bullish
2026-06-24,Wednesday,0,,23795.8,24090.05,23789.25,24013.15,1.26,0.91,1.24,-0.03,Down to Up,Green,13.94,13.39,-5777.0,20489.0,25514.0,FII Hedging (bought puts >20K),-10802.0,Neutral,-3324.0,-145484.0,15383.0,PRO Mildly Bearish,-164191.0,Strong Bearish
2026-06-25,Thursday,0,monthly,24125.85,24261.6,24039.0,24052.95,0.92,-0.3,0.56,-0.36,Top to Down,Red,13.39,13.05,-492.0,-15772.0,-68846.0,FII Confident (sold puts >20K),52582.0,Bullish,10572.0,221354.0,-83906.0,PRO Bullish (bought fut + sold puts),315832.0,Strong Bullish
2026-06-29,Monday,0,,24061.75,24120.0,23924.55,23978.5,0.81,-0.35,0.24,-0.57,Top to Down,Red,13.05,13.61,-492.0,-15772.0,-68846.0,FII Confident (sold puts >20K),52582.0,Bullish,10572.0,221354.0,-83906.0,PRO Bullish (bought fut + sold puts),315832.0,Strong Bullish
2026-06-30,Tuesday,1,monthly,24032.05,24035.55,23829.2,23917.75,0.86,-0.48,0.01,-0.84,Top to Down,Red,13.61,13.6,-492.0,-15772.0,-68846.0,FII Confident (sold puts >20K),52582.0,Bullish,10572.0,221354.0,-83906.0,PRO Bullish (bought fut + sold puts),315832.0,Strong Bullish
2026-07-01,Wednesday,0,,23897.65,24049.9,23895.1,23987.95,0.65,0.38,0.64,-0.01,Down to Up,Green,13.6,13.24,-21959.0,12274.0,-83684.0,FII Bearish (sold fut >10K),73999.0,Bullish,12550.0,14057.0,56285.0,PRO Hedging (bought puts >20K),-29678.0,Neutral
2026-07-02,Thursday,0,weekly,24062.2,24194.55,24058.8,24167.2,0.56,0.44,0.55,-0.01,Down to Up,Green,13.24,12.29,-3649.0,-16022.0,-26752.0,FII Confident (sold puts >20K),7081.0,Neutral,2225.0,73172.0,5181.0,PRO Neutral,70216.0,Bullish
2026-07-03,Friday,0,,24375.65,24378.15,24252.35,24271.2,0.52,-0.43,0.01,-0.51,Top to Down,Red,12.29,11.8,3159.0,24220.0,-63742.0,FII Confident (sold puts >20K),91121.0,Bullish,2671.0,51767.0,-55954.0,PRO Confident (sold puts >20K),110392.0,Strong Bullish
2026-07-06,Monday,0,,24306.85,24458.65,24287.1,24423.95,0.71,0.48,0.62,-0.08,Down to Up,Green,11.8,11.82,6133.0,-8573.0,35133.0,FII Hedging (bought puts >20K),-37573.0,Mildly Bearish,-822.0,-21195.0,70.0,PRO Mildly Bearish,-22087.0,Neutral
2026-07-07,Tuesday,1,weekly,24464.45,24530.9,24348.95,24355.1,0.74,-0.45,0.27,-0.47,Top to Down,Red,11.82,11.65,9488.0,44820.0,-20148.0,FII Confident (sold puts >20K),74456.0,Bullish,-2945.0,-3367.0,-78727.0,PRO Confident (sold puts >20K),72415.0,Bullish
2026-07-08,Wednesday,0,,24259.55,24300.0,23805.2,23895.7,2.04,-1.5,0.17,-1.87,Top to Down,Red,11.65,14.68,2441.0,132.0,-13244.0,FII Neutral,15817.0,Neutral,-5116.0,-125833.0,13437.0,PRO Mildly Bearish,-144386.0,Strong Bearish
2026-07-09,Thursday,0,weekly,23928.95,24134.7,23925.7,23981.9,0.87,0.22,0.86,-0.01,Down to Up,Green,14.68,13.36,-29748.0,-94630.0,102881.0,FII Very Bearish (sold fut >10K + bought puts >20K),-227259.0,Strong Bearish,4766.0,-28819.0,9143.0,PRO Mildly Bearish,-33196.0,Mildly Bearish
2026-07-10,Friday,0,,24124.7,24228.45,24120.35,24211.65,0.45,0.36,0.43,-0.02,Down to Up,Green,13.36,12.25,2335.0,26923.0,-22439.0,FII Confident (sold puts >20K),51697.0,Bullish,6753.0,94980.0,38597.0,PRO Hedging (bought puts >20K),63136.0,Bullish
2026-07-13,Monday,0,,24039.4,24259.8,24000.2,24211.15,1.08,0.71,0.92,-0.16,Down to Up,Green,12.25,13.28,11540.0,37617.0,-45667.0,FII Bullish (bought fut + sold puts),94824.0,Bullish,702.0,96763.0,29469.0,PRO Hedging (bought puts >20K),67996.0,Bullish
2026-07-14,Tuesday,1,weekly,24068.0,24157.1,24023.7,24035.15,0.55,-0.14,0.37,-0.18,Top to Down,Red,13.28,13.75,-402.0,42437.0,-24399.0,FII Confident (sold puts >20K),66434.0,Bullish,3293.0,-22883.0,-2774.0,PRO Mildly Bearish,-16816.0,Neutral
2026-07-15,Wednesday,0,,24085.85,24220.35,24010.55,24073.45,0.87,-0.05,0.56,-0.31,Top to Down,Red,13.75,13.27,-10352.0,-2960.0,44165.0,FII Very Bearish (sold fut >10K + bought puts >20K),-57477.0,Bearish,71.0,-104230.0,-21315.0,PRO Confident (sold puts >20K),-82844.0,Bearish
2026-07-16,Thursday,0,weekly,24142.1,24186.5,24050.0,24081.1,0.57,-0.25,0.18,-0.38,Top to Down,Red,13.27,12.88,2753.0,-50260.0,2604.0,FII Mildly Bearish,-50111.0,Bearish,3350.0,64108.0,19172.0,PRO Neutral,48286.0,Mildly Bullish
2026-07-17,Friday,0,,24127.6,24367.3,24099.05,24346.7,1.11,0.91,0.99,-0.12,Down to Up,Green,12.88,13.15,12826.0,10511.0,-12757.0,FII Mildly Bullish,36094.0,Mildly Bullish,-7018.0,14649.0,7190.0,PRO Neutral,441.0,Neutral
2026-07-20,Monday,0,,24190.05,24266.1,24135.85,24239.5,0.54,0.2,0.31,-0.22,Down to Up,Green,13.15,12.98,33358.0,149472.0,-90312.0,FII Bullish (bought fut + sold puts),273142.0,Strong Bullish,-5949.0,147007.0,-84134.0,PRO Confident (sold puts >20K),225192.0,Strong Bullish
2026-07-21,Tuesday,1,weekly,24216.05,24262.2,24135.65,24193.05,0.52,-0.09,0.19,-0.33,Top to Down,Red,12.98,12.6,-3295.0,-80446.0,12674.0,FII Mildly Bearish,-96415.0,Bearish,230.0,-26745.0,132232.0,PRO Hedging (bought puts >20K),-158747.0,Strong Bearish
2026-07-22,Wednesday,0,,24150.45,24166.3,23961.4,23991.05,0.85,-0.66,0.07,-0.78,Top to Down,Red,12.6,13.29,-9024.0,-20198.0,98394.0,FII Hedging (bought puts >20K),-127616.0,Strong Bearish,-6394.0,-231226.0,-106361.0,PRO Confident (sold puts >20K),-131259.0,Strong Bearish
2026-07-23,Thursday,0,weekly,23904.8,23990.75,23807.2,23871.7,0.77,-0.14,0.36,-0.41,Top to Down,Red,13.29,13.48,-22857.0,-78918.0,35481.0,FII Very Bearish (sold fut >10K + bought puts >20K),-137256.0,Strong Bearish,8060.0,53409.0,46738.0,PRO Hedging (bought puts >20K),14731.0,Neutral
2026-07-24,Friday,0,,23666.35,23823.6,23606.3,23787.0,0.92,0.51,0.66,-0.25,Down to Up,Green,13.48,14.03,-11378.0,-65514.0,2120.0,FII Bearish (sold fut >10K),-79012.0,Bearish,14990.0,70840.0,74380.0,PRO Hedging (bought puts >20K),11450.0,Neutral
2026-07-27,Monday,0,,23928.4,24011.6,23891.55,24003.65,0.5,0.31,0.35,-0.15,Down to Up,Green,14.03,12.66,-7765.0,55677.0,-11350.0,FII Neutral,59262.0,Bullish,932.0,66658.0,-60987.0,PRO Confident (sold puts >20K),128577.0,Strong Bullish
2026-07-28,Tuesday,1,monthly,23971.25,24041.15,23954.6,23987.8,0.36,0.07,0.29,-0.07,Down to Up,Green,12.66,12.56,3922.0,33272.0,-53129.0,FII Confident (sold puts >20K),90323.0,Bullish,3426.0,-55124.0,-4877.0,PRO Mildly Bearish,-46821.0,Mildly Bearish
2026-07-29,Wednesday,0,,24176.65,24283.55,24136.75,24242.0,0.61,0.27,0.44,-0.17,Down to Up,Green,12.56,12.01,61324.0,-22009.0,39851.0,FII Hedging (bought puts >20K),-536.0,Neutral,-34770.0,-96158.0,-58438.0,PRO Bearish (sold fut >10K),-72490.0,Bearish
2026-07-30,Thursday,0,monthly,24249.55,24342.95,24187.1,24296.6,0.64,0.19,0.39,-0.26,Down to Up,Green,12.01,12.16,10783.0,89334.0,-44724.0,FII Bullish (bought fut + sold puts),144841.0,Strong Bullish,7359.0,90014.0,-100247.0,PRO Confident (sold puts >20K),197620.0,Strong Bullish
2026-07-31,Friday,0,,24361.45,24429.4,24299.7,24366.7,0.53,0.02,0.28,-0.25,Down to Up,Green,12.16,11.76,8206.0,-18072.0,-36451.0,FII Confident (sold puts >20K),26585.0,Neutral,-1670.0,-13168.0,13976.0,PRO Neutral,-28814.0,Neutral
2026-08-03,Monday,0,,24572.7,24774.3,24515.15,24774.3,1.05,0.82,0.82,-0.23,Down to Up,Green,11.76,11.93,13499.0,-8240.0,13045.0,FII Mildly Bullish,-7786.0,Neutral,-3584.0,23847.0,204071.0,PRO Hedging (bought puts >20K),-183808.0,Strong Bearish
2026-08-04,Tuesday,1,weekly,24703.9,24703.9,24427.95,24614.9,1.12,-0.36,0.0,-1.12,Top to Down,Red,11.93,12.19,22297.0,55995.0,-20375.0,FII Bullish (bought fut + sold puts),98667.0,Bullish,-11103.0,26049.0,-105418.0,PRO Bearish (sold fut >10K),120364.0,Strong Bullish
2026-08-05,Wednesday,0,,24669.2,24677.6,24497.95,24624.65,0.73,-0.18,0.03,-0.69,Top to Down,Red,12.19,12.06,-2957.0,-36467.0,52333.0,FII Hedging (bought puts >20K),-91757.0,Bearish,-7242.0,-200041.0,-109984.0,PRO Confident (sold puts >20K),-97299.0,Bearish
2026-08-06,Thursday,0,weekly,24641.0,24677.05,24604.15,24636.0,0.3,-0.02,0.15,-0.15,Top to Down,Red,12.06,12.16,-5130.0,-63594.0,-24556.0,FII Confident (sold puts >20K),-44168.0,Mildly Bearish,6123.0,165292.0,80921.0,PRO Hedging (bought puts >20K),90494.0,Bullish
2026-08-07,Friday,0,,24538.9,24630.4,24522.75,24570.65,0.44,0.13,0.37,-0.07,Down to Up,Green,12.16,12.16,13785.0,65546.0,-73545.0,FII Bullish (bought fut + sold puts),152876.0,Strong Bullish,-985.0,43450.0,-86502.0,PRO Confident (sold puts >20K),128967.0,Strong Bullish
2026-08-10,Monday,0,,24581.25,24620.95,24511.1,24583.8,0.45,0.01,0.16,-0.29,Down to Up,Green,12.16,12.25,-4940.0,-49986.0,26785.0,FII Hedging (bought puts >20K),-81711.0,Bearish,-1436.0,49749.0,140007.0,PRO Hedging (bought puts >20K),-91694.0,Bearish
2026-08-11,Tuesday,1,weekly,24575.1,24576.85,24429.25,24471.7,0.6,-0.42,0.01,-0.59,Top to Down,Red,12.25,11.86,-2105.0,13095.0,15380.0,FII Neutral,-4390.0,Neutral,1879.0,-26827.0,-27757.0,PRO Confident (sold puts >20K),2809.0,Neutral
2026-08-12,Wednesday,0,,24472.45,24473.3,24265.95,24435.95,0.85,-0.15,0.0,-0.84,Top to Down,Red,11.86,11.69,-3968.0,2357.0,55352.0,FII Hedging (bought puts >20K),-56963.0,Bearish,1654.0,-211731.0,-85491.0,PRO Confident (sold puts >20K),-124586.0,Strong Bearish
2026-08-13,Thursday,0,weekly,24431.6,24431.6,24311.4,24395.85,0.49,-0.15,0.0,-0.49,Top to Down,Red,11.69,11.42,-9038.0,-33360.0,14593.0,FII Mildly Bearish,-56991.0,Bearish,1353.0,74027.0,36504.0,PRO Hedging (bought puts >20K),38876.0,Mildly Bullish
2026-08-14,Friday,0,,24361.9,24405.2,24296.8,24366.0,0.44,0.02,0.18,-0.27,Down to Up,Green,11.42,11.31,-3533.0,-57902.0,-25621.0,FII Confident (sold puts >20K),-35814.0,Mildly Bearish,-958.0,11298.0,-62735.0,PRO Confident (sold puts >20K),73075.0,Bullish
2026-08-17,Monday,0,,24343.45,24360.1,24226.95,24287.65,0.55,-0.23,0.07,-0.48,Top to Down,Red,11.31,11.33,-7996.0,12196.0,23060.0,FII Hedging (bought puts >20K),-18860.0,Neutral,959.0,49637.0,99219.0,PRO Hedging (bought puts >20K),-48623.0,Mildly Bearish
2026-08-18,Tuesday,1,weekly,24223.85,24269.65,24154.9,24154.9,0.47,-0.28,0.19,-0.28,Top to Down,Red,11.33,11.39,-4889.0,48120.0,5279.0,FII Neutral,37952.0,Mildly Bullish,-269.0,-11203.0,52088.0,PRO Hedging (bought puts >20K),-63560.0,Bearish
2026-08-19,Wednesday,0,,24152.05,24172.85,24025.65,24078.3,0.61,-0.31,0.09,-0.52,Top to Down,Red,11.39,11.32,-12571.0,-3136.0,108625.0,FII Very Bearish (sold fut >10K + bought puts >20K),-124332.0,Strong Bearish,-668.0,-196860.0,-72889.0,PRO Confident (sold puts >20K),-124639.0,Strong Bearish
2026-08-20,Thursday,0,weekly,24225.45,24265.15,24184.55,24231.85,0.33,0.03,0.16,-0.17,Down to Up,Green,11.32,10.76,-15649.0,-81925.0,-39456.0,FII Bearish (sold fut >10K),-58118.0,Bearish,7541.0,104601.0,57977.0,PRO Hedging (bought puts >20K),54165.0,Bullish
2026-08-21,Friday,0,,24284.05,24284.05,24206.8,24252.0,0.32,-0.13,0.0,-0.32,Top to Down,Red,10.76,11.2,-2306.0,79793.0,-92708.0,FII Confident (sold puts >20K),170195.0,Strong Bullish,14700.0,80960.0,70402.0,PRO Hedging (bought puts >20K),25258.0,Neutral
2026-08-24,Monday,0,,24285.05,24313.0,24144.3,24219.05,0.69,-0.27,0.12,-0.58,Top to Down,Red,11.2,11.53,2258.0,15680.0,-10969.0,FII Neutral,28907.0,Neutral,-806.0,30843.0,17843.0,PRO Neutral,12194.0,Neutral
2026-08-25,Tuesday,1,monthly,24175.75,24334.55,24115.45,24334.55,0.91,0.66,0.66,-0.25,Down to Up,Green,11.52,11.07,-9528.0,18433.0,114011.0,FII Hedging (bought puts >20K),-105106.0,Strong Bearish,2483.0,-180498.0,13145.0,PRO Mildly Bearish,-191160.0,Strong Bearish
2026-08-26,Wednesday,0,,24341.95,24378.6,24207.75,24207.75,0.7,-0.55,0.15,-0.55,Top to Down,Red,11.08,10.57,35156.0,1250.0,-32522.0,FII Bullish (bought fut + sold puts),68928.0,Bullish,-3958.0,135141.0,-174356.0,PRO Confident (sold puts >20K),305539.0,Strong Bullish
2026-08-27,Thursday,0,monthly,24277.6,24297.45,24090.85,24090.85,0.85,-0.77,0.08,-0.77,Top to Down,Red,11.07,10.56,-1833.0,-37455.0,6315.0,FII Mildly Bearish,-45603.0,Mildly Bearish,-1061.0,-58893.0,51150.0,PRO Hedging (bought puts >20K),-111104.0,Strong Bearish
2026-08-31,Monday,0,,24117.55,24128.7,23993.6,24080.4,0.56,-0.15,0.05,-0.51,Top to Down,Red,10.68,11.19,-4841.0,35836.0,-32000.0,FII Confident (sold puts >20K),62995.0,Bullish,1340.0,162095.0,-4892.0,PRO Neutral,168327.0,Strong Bullish
2026-09-01,Tuesday,1,monthly,24077.55,24143.15,23952.55,24055.8,0.79,-0.09,0.27,-0.52,Top to Down,Red,11.19,11.19,-6682.0,4558.0,-42953.0,FII Confident (sold puts >20K),40829.0,Mildly Bullish,5347.0,-109002.0,6638.0,PRO Mildly Bearish,-110293.0,Strong Bearish
2026-09-02,Wednesday,0,,23858.0,23914.45,23786.8,23914.45,0.54,0.24,0.24,-0.3,Down to Up,Green,11.49,11.59,-12717.0,-22599.0,81058.0,FII Very Bearish (sold fut >10K + bought puts >20K),-116374.0,Strong Bearish,3617.0,-44229.0,-10296.0,PRO Mildly Bearish,-30316.0,Mildly Bearish
2026-09-03,Thursday,0,weekly,23997.95,24025.4,23873.45,23873.45,0.63,-0.52,0.11,-0.52,Top to Down,Red,11.59,11.34,-7131.0,-51192.0,-39242.0,FII Confident (sold puts >20K),-19081.0,Neutral,1401.0,40683.0,-3650.0,PRO Neutral,45734.0,Mildly Bullish
