date,day_of_week,expiry_type,chart,nifty_open,nifty_high,nifty_low,nifty_close,vix_open,vix_close,vix_predicted_move_pct,actual_range_pct,actual_open_close_pct,intraday_high_pct,intraday_low_pct,range_vs_vix_ratio,diff_pct,vix_accuracy,move_direction,close_in_prev_range,prev_close_to_close_pct,close_vs_prev_range,t1_fii_fut_daily,t1_fii_call_daily,t1_fii_put_daily,t1_fii_stance,t1_pro_fut_daily,t1_pro_call_daily,t1_pro_put_daily,t1_pro_stance,expiry_risk_level,observation
2020-07-02,Thursday,weekly,▁↑▁↑█↓▅ 📈,10493.05,10598.2,10485.55,10551.7,28.12,26.51,1.47,1.07,0.56,1.0,0.07,0.73,-0.4,Overestimated,Down to Up,No,1.17,Above High,15943,-9774,-11159,FII Mildly Bullish,-3019,26399,-95011,PRO Confident (sold puts >20K),LOW (9% blowout history),Normal day | VIX prediction was accurate within 0.5%
2020-07-09,Thursday,weekly,▃↓▁↑█↓▆ 📈,10755.55,10836.85,10733.0,10813.45,26.1,24.91,1.37,0.97,0.54,0.76,0.21,0.71,-0.4,Overestimated,Down to Up,Yes,1.01,Within Range,14325,7527,7716,FII Mildly Bullish,-1046,-65041,12474,PRO Mildly Bearish,LOW (9% blowout history),Normal day | VIX prediction was accurate within 0.5%
2020-07-16,Thursday,weekly,▆↓▁↑█↓▇ 📈,10706.2,10755.3,10595.2,10739.95,26.29,25.36,1.38,1.5,0.32,0.46,1.04,1.09,0.12,Overestimated,Down to Up,Yes,1.15,Within Range,19831,6257,-10288,FII Mildly Bullish,-5776,-1956,-22764,PRO Confident (sold puts >20K),LOW (9% blowout history),Normal day | VIX prediction was accurate within 0.5%
2020-07-23,Thursday,weekly,▃↓▁↑█↓▇ 📈,11135.0,11239.8,11103.15,11215.45,24.89,24.64,1.3,1.23,0.72,0.94,0.29,0.94,-0.08,Overestimated,Down to Up,Yes,0.74,Within Range,3659,-2096,9556,FII Neutral,-3218,-29111,-1869,PRO Mildly Bearish,LOW (9% blowout history),Normal day | VIX prediction was accurate within 0.5%
2020-07-30,Thursday,monthly,▇↓▁↑█↓▂ 📉,11254.3,11299.95,11084.95,11102.15,24.11,24.73,1.26,1.91,1.35,0.41,1.5,1.51,0.65,Underestimated,Top to Down,No,-0.9,Below Low,-9807,-11783,20407,FII Hedging (bought puts >20K),19562,-76277,29842,PRO Hedging (bought puts >20K),HIGH (50% blowout history),BLOWOUT Top to Down | Actual 1.91% vs VIX predicted 1.26% (miss: +0.65%)
2020-08-06,Thursday,weekly,▄↓▁↑█↓▅ 📈,11185.7,11256.8,11127.3,11200.15,23.57,23.15,1.23,1.16,0.13,0.64,0.52,0.94,-0.08,Overestimated,Down to Up,Yes,0.89,Within Range,-6838,-6911,-1534,FII Neutral,14387,-66337,-1532,PRO Mildly Bullish,LOW (9% blowout history),Normal day | VIX prediction was accurate within 0.5%
2020-08-13,Thursday,weekly,▆↓▁↑█↓▃ 📉,11334.85,11359.3,11269.95,11300.45,20.85,20.57,1.09,0.79,0.3,0.22,0.57,0.72,-0.3,Overestimated,Top to Down,Yes,-0.07,Within Range,-15939,2916,7335,FII Bearish (sold fut >10K),5092,-29808,-18445,PRO Mildly Bearish,HIGH (50% blowout history),Normal day | VIX prediction was accurate within 0.5%
2020-08-20,Thursday,weekly,▄↓▁↑█↓▃ 📉,11317.45,11361.45,11289.8,11312.2,19.96,20.62,1.05,0.63,0.05,0.39,0.24,0.61,-0.41,Overestimated,Top to Down,No,-0.84,Below Low,-1994,-5333,2345,FII Neutral,8210,-40110,5740,PRO Mildly Bearish,LOW (9% blowout history),Normal day | VIX prediction was accurate within 0.5%
2020-08-27,Thursday,monthly,▇↓▁↑█↓▃ 📉,11609.3,11617.35,11540.6,11559.25,19.3,18.9,1.01,0.66,0.43,0.07,0.59,0.65,-0.35,Overestimated,Top to Down,Yes,0.08,Within Range,3556,6541,-7614,FII Neutral,-5861,17599,-54629,PRO Confident (sold puts >20K),LOW (9% blowout history),Normal day | VIX prediction was accurate within 0.5%
2020-09-03,Thursday,weekly,▆↓▁↑█↓▃ 📉,11566.2,11584.95,11507.65,11527.45,21.11,20.5,1.11,0.67,0.34,0.16,0.51,0.6,-0.44,Overestimated,Top to Down,Yes,-0.07,Within Range,-9711,-15308,-1133,FII Neutral,-3942,-4360,-25940,PRO Confident (sold puts >20K),LOW (9% blowout history),Normal day | VIX prediction was accurate within 0.5%
2020-09-10,Thursday,weekly,▃↓▁↑█↓▇ 📈,11363.3,11464.05,11327.4,11449.25,22.23,21.26,1.16,1.2,0.76,0.89,0.32,1.03,0.04,Overestimated,Down to Up,No,1.52,Above High,-10124,-5959,21862,FII Very Bearish (sold fut >10K + bought puts >20K),-2561,-63035,-13448,PRO Mildly Bearish,HIGH (50% blowout history),Normal day | VIX prediction was accurate within 0.5%
2020-09-17,Thursday,weekly,▄↓▁↑█↓▂ 📉,11539.4,11587.2,11498.5,11516.1,19.66,20.1,1.03,0.77,0.2,0.41,0.35,0.75,-0.26,Overestimated,Top to Down,No,-0.76,Below Low,-5947,2845,4459,FII Neutral,2679,-3088,-24409,PRO Confident (sold puts >20K),LOW (9% blowout history),Normal day | VIX prediction was accurate within 0.5%
2020-09-24,Thursday,monthly,█↓▁↑█↓▁ 📉,11011.0,11015.3,10790.2,10805.55,20.99,23.51,1.1,2.04,1.87,0.04,2.01,1.86,0.95,Underestimated,Top to Down,No,-2.93,Below Low,-8159,4153,18021,FII Neutral,199,-25359,-10212,PRO Mildly Bearish,LOW (9% blowout history),BLOWOUT Top to Down | Actual 2.04% vs VIX predicted 1.1% (miss: +0.95%)
2020-10-01,Thursday,weekly,▂↓▁↑█↓▇ 📈,11364.45,11428.6,11347.05,11416.95,19.53,18.35,1.02,0.72,0.46,0.56,0.15,0.7,-0.3,Overestimated,Down to Up,No,1.51,Above High,8978,15421,-14934,FII Neutral,-4451,-7477,-32441,PRO Confident (sold puts >20K),LOW (9% blowout history),Normal day | VIX prediction was accurate within 0.5%
2020-10-08,Thursday,weekly,▄↓▁↑█↓▄ 📉,11835.4,11905.7,11791.15,11834.6,20.06,20.38,1.05,0.97,0.01,0.59,0.37,0.92,-0.08,Overestimated,Top to Down,No,0.82,Above High,8748,-6846,366,FII Neutral,4819,-34158,-27494,PRO Confident (sold puts >20K),LOW (9% blowout history),Normal day | VIX prediction was accurate within 0.5%
2020-10-15,Thursday,weekly,█↓▁↑█↓▁ 📉,12023.45,12025.45,11661.3,11680.35,20.21,22.06,1.06,3.03,2.85,0.02,3.01,2.86,1.97,Underestimated,Top to Down,No,-2.43,Below Low,-8162,8194,19487,FII Neutral,2961,-6462,-26079,PRO Confident (sold puts >20K),LOW (9% blowout history),BLOWOUT Top to Down | Actual 3.03% vs VIX predicted 1.06% (miss: +1.97%)
2020-10-22,Thursday,weekly,▅↓▁↑█↓▅ 📈,11890.0,11939.55,11823.45,11896.45,22.92,22.64,1.2,0.98,0.05,0.42,0.56,0.81,-0.22,Overestimated,Down to Up,Yes,-0.35,Within Range,2329,16813,-8031,FII Neutral,395,-39083,-35195,PRO Confident (sold puts >20K),LOW (9% blowout history),Normal day | VIX prediction was accurate within 0.5%
2020-10-29,Thursday,monthly,▂↓▁↑█↓▄ 📈,11633.3,11744.15,11606.45,11670.8,23.28,24.02,1.22,1.18,0.32,0.95,0.23,0.97,-0.04,Overestimated,Down to Up,No,-0.5,Below Low,-22785,-21675,-3045,FII Bearish (sold fut >10K),4975,-109474,43646,PRO Hedging (bought puts >20K),HIGH (50% blowout history),Normal day | VIX prediction was accurate within 0.5%
2020-11-05,Thursday,weekly,▃↓▁↑█↓▇ 📈,12062.4,12131.1,12027.6,12120.3,23.2,20.97,1.21,0.86,0.48,0.57,0.29,0.71,-0.36,Overestimated,Down to Up,No,1.78,Above High,-4105,-6041,1625,FII Neutral,213,-27537,-15370,PRO Mildly Bearish,LOW (9% blowout history),Normal day | VIX prediction was accurate within 0.5%
2020-11-12,Thursday,weekly,▆↓▁↑█↓▅ 📉,12702.15,12741.15,12624.85,12690.8,22.03,20.62,1.15,0.92,0.09,0.31,0.61,0.79,-0.24,Overestimated,Top to Down,Yes,-0.46,Within Range,2837,4792,-2205,FII Neutral,10337,-20411,-17505,PRO Mildly Bullish,LOW (9% blowout history),Normal day | VIX prediction was accurate within 0.5%
2020-11-19,Thursday,weekly,▄↓▁↑█↓▂ 📉,12839.5,12963.0,12745.75,12771.7,19.12,19.57,1.0,1.69,0.53,0.96,0.73,1.69,0.69,Underestimated,Top to Down,No,-1.29,Below Low,5345,6012,12499,FII Neutral,-2693,3565,-23541,PRO Confident (sold puts >20K),LOW (9% blowout history),BLOWOUT Top to Down | Actual 1.69% vs VIX predicted 1.0% (miss: +0.69%)
2020-11-26,Thursday,monthly,▅↓▁↑█↓▇ 📈,12906.45,13018.0,12790.4,12987.0,23.13,20.02,1.21,1.76,0.62,0.86,0.9,1.46,0.55,Underestimated,Down to Up,Yes,1.0,Within Range,-18102,-27393,20640,FII Very Bearish (sold fut >10K + bought puts >20K),4211,-124095,73881,PRO Hedging (bought puts >20K),HIGH (50% blowout history),BLOWOUT Down to Up | Actual 1.76% vs VIX predicted 1.21% (miss: +0.55%)
2020-12-03,Thursday,weekly,█↓▁↑█↓▃ 📉,13215.3,13216.6,13107.9,13133.9,19.91,19.0,1.04,0.82,0.62,0.01,0.81,0.79,-0.22,Overestimated,Top to Down,No,0.15,Above High,-11480,-4114,23003,FII Very Bearish (sold fut >10K + bought puts >20K),4163,-66449,21520,PRO Hedging (bought puts >20K),HIGH (50% blowout history),Normal day | VIX prediction was accurate within 0.5%
2020-12-10,Thursday,weekly,▇↓▁↑█↓▆ 📉,13488.5,13503.55,13399.3,13478.3,18.92,18.71,0.99,0.77,0.08,0.11,0.66,0.78,-0.22,Overestimated,Top to Down,Yes,-0.38,Within Range,5929,9199,-7288,FII Neutral,-1308,27453,-62669,PRO Confident (sold puts >20K),LOW (9% blowout history),Normal day | VIX prediction was accurate within 0.5%
2020-12-17,Thursday,weekly,▄↓▁↑█↓▆ 📈,13713.55,13773.25,13673.55,13740.7,19.2,19.16,1.01,0.73,0.2,0.44,0.29,0.72,-0.28,Overestimated,Down to Up,No,0.42,Above High,4718,12725,-7419,FII Neutral,-6839,-7147,-53559,PRO Confident (sold puts >20K),LOW (9% blowout history),Normal day | VIX prediction was accurate within 0.5%
2020-12-24,Thursday,weekly,▃↓▁↑█↓▇ 📈,13672.15,13771.75,13626.9,13749.25,20.5,19.97,1.07,1.06,0.56,0.73,0.33,0.99,-0.01,Overestimated,Down to Up,No,1.09,Above High,-13892,3710,-5103,FII Bearish (sold fut >10K),-9835,59656,-57755,PRO Confident (sold puts >20K),HIGH (50% blowout history),Normal day | VIX prediction was accurate within 0.5%
2020-12-31,Thursday,monthly,▄↓▁↑█↓▅ 📈,13970.0,14024.85,13936.45,13981.75,21.11,21.1,1.11,0.63,0.08,0.39,0.24,0.57,-0.47,Overestimated,Down to Up,Yes,-0.0,Within Range,-4883,20861,9954,FII Neutral,8592,-28967,-23510,PRO Confident (sold puts >20K),LOW (9% blowout history),Normal day | VIX prediction was accurate within 0.5%
2021-01-07,Thursday,weekly,█↓▁↑█↓▂ 📉,14253.75,14256.25,14123.1,14137.35,21.0,20.62,1.1,0.93,0.82,0.02,0.92,0.85,-0.17,Overestimated,Top to Down,Yes,-0.06,Within Range,-2921,29448,54094,FII Hedging (bought puts >20K),7689,-94670,20727,PRO Hedging (bought puts >20K),HIGH (50% blowout history),Normal day | VIX prediction was accurate within 0.5%
2021-01-14,Thursday,weekly,▅↓▁↑█↓▇ 📈,14550.05,14617.8,14471.5,14595.6,23.29,23.03,1.22,1.01,0.31,0.47,0.54,0.82,-0.21,Overestimated,Down to Up,Yes,0.21,Within Range,-10113,22809,37009,FII Very Bearish (sold fut >10K + bought puts >20K),10031,-64793,21057,PRO Hedging (bought puts >20K),HIGH (50% blowout history),Normal day | VIX prediction was accurate within 0.5%
2021-01-21,Thursday,weekly,▇↓▁↑█↓▃ 📉,14730.95,14753.55,14517.25,14590.35,21.55,22.18,1.13,1.6,0.95,0.15,1.45,1.42,0.48,Overestimated,Top to Down,Yes,-0.37,Within Range,-10467,-15371,8760,FII Bearish (sold fut >10K),1781,4684,-13290,PRO Neutral,HIGH (50% blowout history),Normal day | VIX prediction was accurate within 0.5%
2021-01-28,Thursday,monthly,▅↓▁↑█↓▅ 📈,13810.4,13898.25,13713.25,13817.55,24.39,24.29,1.28,1.34,0.05,0.64,0.7,1.05,0.06,Overestimated,Down to Up,No,-1.07,Below Low,-12765,-10171,30967,FII Very Bearish (sold fut >10K + bought puts >20K),-7520,-79657,-27679,PRO Confident (sold puts >20K),HIGH (50% blowout history),Normal day | VIX prediction was accurate within 0.5%
2021-02-04,Thursday,weekly,▄↓▁↑█↓▇ 📈,14789.05,14913.7,14714.75,14895.65,23.75,23.12,1.24,1.35,0.72,0.84,0.5,1.08,0.1,Overestimated,Down to Up,No,0.71,Above High,-184,4508,-23006,FII Confident (sold puts >20K),-3108,13062,-39684,PRO Confident (sold puts >20K),SAFE (0% blowout history),Normal day | VIX prediction was accurate within 0.5%
2021-02-11,Thursday,weekly,▁↑▁↑█↓▇ 📈,15073.25,15188.5,15065.4,15173.3,23.95,23.05,1.25,0.82,0.66,0.76,0.05,0.65,-0.44,Overestimated,Down to Up,No,0.44,Above High,694,12001,9750,FII Neutral,574,-42311,-19197,PRO Mildly Bearish,LOW (9% blowout history),Normal day | VIX prediction was accurate within 0.5%
2021-02-18,Thursday,weekly,█↓▁↑█↓▃ 📉,15238.7,15250.75,15078.05,15118.95,21.78,21.54,1.14,1.13,0.79,0.08,1.05,0.99,-0.01,Overestimated,Top to Down,No,-0.59,Below Low,-984,-7325,8608,FII Neutral,92,-46103,-12594,PRO Mildly Bearish,LOW (9% blowout history),Normal day | VIX prediction was accurate within 0.5%
2021-02-25,Thursday,monthly,▂↓▁↑█↓▃ 📈,15079.85,15176.5,15065.35,15097.35,24.17,22.89,1.27,0.74,0.12,0.64,0.1,0.58,-0.53,Overestimated,Down to Up,No,0.77,Above High,4915,7629,-22574,FII Confident (sold puts >20K),3603,84039,-79470,PRO Confident (sold puts >20K),SAFE (0% blowout history),Normal day | VIX prediction was accurate within 0.5%
2021-03-04,Thursday,weekly,▂↓▁↑█↓▄ 📈,15026.75,15202.35,14980.2,15080.75,22.09,24.15,1.16,1.48,0.36,1.17,0.31,1.28,0.32,Overestimated,Down to Up,Yes,-1.08,Within Range,12977,16227,3276,FII Mildly Bullish,-6355,27947,-104255,PRO Confident (sold puts >20K),LOW (9% blowout history),Normal day | VIX prediction was accurate within 0.5%
2021-03-10,Wednesday,weekly,▇↓▁↑█↓▅ 📉,15202.15,15218.45,15100.85,15174.8,22.5,20.75,1.18,0.77,0.18,0.11,0.67,0.66,-0.4,Overestimated,Top to Down,No,0.51,Above High,16590,26401,9353,FII Mildly Bullish,-7501,16064,-70782,PRO Confident (sold puts >20K),LOW (9% blowout history),Normal day | VIX prediction was accurate within 0.5%
2021-03-18,Thursday,weekly,█↓▁↑█↓▂ 📉,14855.5,14875.2,14478.6,14557.85,20.16,20.08,1.06,2.67,2.0,0.13,2.54,2.53,1.61,Underestimated,Top to Down,No,-1.11,Below Low,-399,-2193,9921,FII Neutral,-4796,-37285,8848,PRO Mildly Bearish,LOW (9% blowout history),BLOWOUT Top to Down | Actual 2.67% vs VIX predicted 1.06% (miss: +1.61%)
2021-03-25,Thursday,monthly,█↓▁↑█↓▂ 📉,14570.9,14575.6,14264.4,14324.9,22.46,22.7,1.18,2.14,1.69,0.03,2.1,1.82,0.96,Underestimated,Top to Down,No,-1.54,Below Low,-16695,2759,24555,FII Very Bearish (sold fut >10K + bought puts >20K),17387,-143481,42979,PRO Hedging (bought puts >20K),HIGH (50% blowout history),BLOWOUT Top to Down | Actual 2.14% vs VIX predicted 1.18% (miss: +0.96%)
2021-04-01,Thursday,weekly,▅↓▁↑█↓▇ 📈,14798.4,14883.2,14692.45,14867.35,20.65,19.99,1.08,1.29,0.47,0.57,0.72,1.19,0.21,Overestimated,Down to Up,No,1.2,Above High,-32694,-16591,58242,FII Very Bearish (sold fut >10K + bought puts >20K),10744,-85674,19442,PRO Mildly Bullish,HIGH (50% blowout history),Normal day | VIX prediction was accurate within 0.5%
2021-04-08,Thursday,weekly,▃↓▁↑█↓▃ 📉,14875.65,14984.15,14821.1,14873.8,20.25,20.31,1.06,1.1,0.01,0.73,0.37,1.03,0.04,Overestimated,Top to Down,Yes,0.37,Within Range,6333,7259,-14942,FII Neutral,-4113,36444,-83206,PRO Confident (sold puts >20K),LOW (9% blowout history),Normal day | VIX prediction was accurate within 0.5%
2021-04-15,Thursday,weekly,▆↓▁↑█→█ 📈,14522.4,14597.55,14353.2,14581.45,20.46,20.89,1.07,1.68,0.41,0.52,1.17,1.57,0.61,Underestimated,Down to Up,No,0.53,Above High,0,0,0,FII Neutral,0,0,0,PRO Neutral,LOW (9% blowout history),BLOWOUT Down to Up | Actual 1.68% vs VIX predicted 1.07% (miss: +0.61%)
2021-04-22,Thursday,weekly,▃↓▁↑█→█ 📈,14219.15,14424.75,14151.4,14406.15,22.43,23.03,1.17,1.92,1.32,1.45,0.48,1.64,0.75,Underestimated,Down to Up,Yes,0.77,Within Range,0,0,0,FII Neutral,0,0,0,PRO Neutral,LOW (9% blowout history),BLOWOUT Down to Up | Actual 1.92% vs VIX predicted 1.17% (miss: +0.75%)
2021-04-29,Thursday,monthly,▆↓▁↑█↓▃ 📉,14979.0,15044.35,14814.45,14894.9,22.58,23.31,1.18,1.53,0.56,0.44,1.1,1.3,0.35,Overestimated,Top to Down,No,0.2,Above High,3057,-11306,-5605,FII Neutral,11971,-49945,-80598,PRO Bullish (bought fut + sold puts),LOW (9% blowout history),Normal day | VIX prediction was accurate within 0.5%
2021-05-06,Thursday,weekly,▄↓▁↑█↓▇ 📈,14668.35,14743.9,14611.5,14724.8,23.01,22.04,1.2,0.9,0.38,0.52,0.39,0.75,-0.3,Overestimated,Down to Up,No,0.73,Above High,-24,-1073,-20339,FII Confident (sold puts >20K),-5622,40792,-57908,PRO Confident (sold puts >20K),SAFE (0% blowout history),Normal day | VIX prediction was accurate within 0.5%
2021-05-12,Wednesday,weekly,█↓▁↑█↓▃ 📉,14823.55,14824.05,14649.7,14696.5,20.23,20.08,1.06,1.18,0.86,0.0,1.17,1.11,0.12,Overestimated,Top to Down,No,-1.04,Below Low,-20858,-17594,-11544,FII Bearish (sold fut >10K),10129,-42375,3888,PRO Mildly Bullish,HIGH (50% blowout history),Normal day | VIX prediction was accurate within 0.5%
2021-05-19,Wednesday,weekly,▄↓▁↑█↓▂ 📉,15058.6,15133.4,15008.85,15030.15,19.24,19.32,1.01,0.83,0.19,0.5,0.33,0.82,-0.18,Overestimated,Top to Down,No,-0.52,Below Low,29247,38962,14980,FII Mildly Bullish,15055,-85030,-39880,PRO Bullish (bought fut + sold puts),LOW (9% blowout history),Normal day | VIX prediction was accurate within 0.5%
2021-05-27,Thursday,monthly,▄↓▁↑█↓▅ 📈,15323.95,15384.55,15272.5,15337.85,20.87,19.91,1.09,0.73,0.09,0.4,0.34,0.67,-0.36,Overestimated,Down to Up,No,0.24,Above High,12432,23300,20256,FII Hedging (bought puts >20K),-5936,-8686,-67061,PRO Confident (sold puts >20K),HIGH (50% blowout history),Normal day | VIX prediction was accurate within 0.5%
2021-06-03,Thursday,weekly,▄↓▁↑█↓▇ 📈,15655.55,15705.1,15611.0,15690.35,17.21,15.75,0.9,0.6,0.22,0.32,0.28,0.67,-0.3,Overestimated,Down to Up,No,0.73,Above High,-9404,-6095,963,FII Neutral,-5240,8688,-1374,PRO Neutral,LOW (9% blowout history),Normal day | VIX prediction was accurate within 0.5%
2021-06-10,Thursday,weekly,▄↓▁↑█↓▇ 📈,15692.1,15751.25,15648.5,15737.75,14.75,15.0,0.77,0.65,0.29,0.38,0.28,0.85,-0.12,Overestimated,Down to Up,Yes,0.65,Within Range,4672,-34697,-43910,FII Confident (sold puts >20K),3079,-53466,39211,PRO Hedging (bought puts >20K),SAFE (0% blowout history),Normal day | VIX prediction was accurate within 0.5%
2021-06-17,Thursday,weekly,▂↓▁↑█↓▄ 📈,15648.3,15769.35,15616.75,15691.4,14.87,15.29,0.78,0.98,0.28,0.77,0.2,1.25,0.2,Overestimated,Down to Up,No,-0.48,Below Low,-5600,-9792,26963,FII Hedging (bought puts >20K),12408,-86107,55348,PRO Hedging (bought puts >20K),HIGH (50% blowout history),Normal day | VIX prediction was accurate within 0.5%
2021-06-24,Thursday,monthly,▃↓▁↑█↓▆ 📈,15737.3,15821.4,15702.7,15790.45,15.37,15.1,0.8,0.75,0.34,0.53,0.22,0.94,-0.05,Overestimated,Down to Up,Yes,0.66,Within Range,8760,7343,29396,FII Hedging (bought puts >20K),-1166,-64734,4095,PRO Mildly Bearish,HIGH (50% blowout history),Normal day | VIX prediction was accurate within 0.5%
2021-07-01,Thursday,weekly,█↓▁↑█↓▂ 📉,15755.05,15755.55,15667.05,15680.0,13.05,12.84,0.68,0.56,0.48,0.0,0.56,0.82,-0.12,Overestimated,Top to Down,No,-0.26,Below Low,5706,3695,-2479,FII Neutral,5122,-11396,12254,PRO Neutral,LOW (9% blowout history),Normal day | VIX prediction was accurate within 0.5%
2021-07-08,Thursday,weekly,▇↓▁↑█↓▃ 📉,15855.4,15885.75,15682.9,15727.9,12.21,13.56,0.64,1.28,0.8,0.19,1.09,2.0,0.64,Underestimated,Top to Down,No,-0.96,Below Low,-4482,3841,-1248,FII Neutral,-2946,47190,-40858,PRO Confident (sold puts >20K),LOW (9% blowout history),BLOWOUT Top to Down | Actual 1.28% vs VIX predicted 0.64% (miss: +0.64%)
2021-07-15,Thursday,weekly,▂↓▁↑█↓▆ 📈,15872.15,15952.35,15855.0,15924.2,12.59,12.27,0.66,0.61,0.33,0.51,0.11,0.93,-0.05,Overestimated,Down to Up,No,0.44,Above High,3367,-507,2342,FII Neutral,460,-8780,-1184,PRO Neutral,LOW (9% blowout history),Normal day | VIX prediction was accurate within 0.5%
2021-07-22,Thursday,weekly,▂↓▁↑█↓▇ 📈,15736.6,15834.8,15726.4,15824.05,13.21,11.89,0.69,0.69,0.56,0.62,0.06,1.0,-0.0,Overestimated,Down to Up,No,1.23,Above High,0,0,0,FII Neutral,0,0,0,PRO Neutral,LOW (9% blowout history),Normal day | VIX prediction was accurate within 0.5%
2021-07-29,Thursday,monthly,▃↓▁↑█↓▅ 📈,15762.7,15817.35,15737.8,15778.45,13.69,12.95,0.72,0.5,0.1,0.35,0.16,0.7,-0.21,Overestimated,Down to Up,No,0.44,Above High,-4425,3110,303,FII Neutral,-11932,-85,-22871,PRO Bearish (sold fut >10K),LOW (9% blowout history),Normal day | VIX prediction was accurate within 0.5%
2021-08-05,Thursday,weekly,▅↓▁↑█↓▅ 📈,16288.95,16349.45,16210.3,16294.6,13.21,12.87,0.69,0.85,0.03,0.37,0.48,1.24,0.16,Overestimated,Down to Up,No,0.22,Above High,2412,-22927,-29606,FII Confident (sold puts >20K),1939,-27279,6340,PRO Mildly Bearish,SAFE (0% blowout history),Normal day | VIX prediction was accurate within 0.5%
2021-08-12,Thursday,weekly,▂↓▁↑█↓▇ 📈,16303.65,16375.5,16286.9,16364.4,12.71,12.37,0.67,0.54,0.37,0.44,0.1,0.82,-0.12,Overestimated,Down to Up,No,0.5,Above High,-11060,1266,11647,FII Bearish (sold fut >10K),3149,-34499,22663,PRO Hedging (bought puts >20K),HIGH (50% blowout history),Normal day | VIX prediction was accurate within 0.5%
2021-08-18,Wednesday,weekly,█↓▁↑█↓▂ 📉,16691.95,16701.85,16535.85,16568.85,13.41,12.91,0.7,0.99,0.74,0.06,0.94,1.42,0.29,Overestimated,Top to Down,Yes,-0.28,Within Range,-5491,5507,50533,FII Hedging (bought puts >20K),3757,-9617,-1657,PRO Neutral,HIGH (50% blowout history),Normal day | VIX prediction was accurate within 0.5%
2021-08-26,Thursday,monthly,▃↓▁↑█↓▄ 📈,16627.95,16683.7,16603.4,16636.9,13.5,13.54,0.71,0.48,0.05,0.34,0.15,0.68,-0.22,Overestimated,Down to Up,Yes,0.01,Within Range,1429,4959,19123,FII Neutral,3344,-85442,20105,PRO Hedging (bought puts >20K),LOW (9% blowout history),Normal day | VIX prediction was accurate within 0.5%
2021-09-02,Thursday,weekly,▂↓▁↑█→█ 📈,17095.4,17245.5,17059.7,17234.15,14.19,14.24,0.74,1.09,0.81,0.88,0.21,1.46,0.34,Overestimated,Down to Up,No,0.92,Above High,-9947,-48133,-21596,FII Confident (sold puts >20K),-275,-93577,109209,PRO Hedging (bought puts >20K),SAFE (0% blowout history),Normal day | VIX prediction was accurate within 0.5%
2021-09-09,Thursday,weekly,▂↓▁↑█↓▇ 📈,17312.85,17379.65,17302.7,17369.25,14.41,13.94,0.75,0.44,0.33,0.39,0.06,0.59,-0.31,Overestimated,Down to Up,Yes,0.09,Within Range,364,-52139,-49798,FII Confident (sold puts >20K),-857,94406,-23658,PRO Confident (sold puts >20K),SAFE (0% blowout history),Normal day | VIX prediction was accurate within 0.5%
2021-09-16,Thursday,weekly,▃↓▁↑█↓▇ 📈,17539.2,17644.6,17510.45,17629.5,13.73,14.41,0.72,0.76,0.51,0.6,0.16,1.06,0.05,Overestimated,Down to Up,No,0.63,Above High,2047,40456,-24767,FII Confident (sold puts >20K),-10599,41261,-125995,PRO Bearish (sold fut >10K),SAFE (0% blowout history),Normal day | VIX prediction was accurate within 0.5%
2021-09-23,Thursday,weekly,▂↓▁↑█↓▇ 📈,17670.85,17843.9,17646.55,17822.95,16.49,16.6,0.86,1.12,0.86,0.98,0.14,1.29,0.25,Overestimated,Down to Up,No,1.57,Above High,-10769,8450,26050,FII Very Bearish (sold fut >10K + bought puts >20K),1132,-36672,15467,PRO Mildly Bearish,HIGH (50% blowout history),Normal day | VIX prediction was accurate within 0.5%
2021-09-30,Thursday,monthly,▇↓▁↑█↓▂ 📉,17718.9,17742.15,17585.35,17618.15,18.84,18.4,0.99,0.88,0.57,0.13,0.75,0.9,-0.1,Overestimated,Top to Down,Yes,-0.53,Within Range,-17299,685,35128,FII Very Bearish (sold fut >10K + bought puts >20K),4950,-71138,-41184,PRO Confident (sold puts >20K),HIGH (50% blowout history),Normal day | VIX prediction was accurate within 0.5%
2021-10-07,Thursday,weekly,▄↓▁↑█↓▃ 📉,17810.55,17857.55,17763.8,17790.35,17.33,16.16,0.91,0.53,0.11,0.26,0.26,0.58,-0.38,Overestimated,Top to Down,Yes,0.82,Within Range,-2899,-12264,24913,FII Hedging (bought puts >20K),5420,-147106,101410,PRO Hedging (bought puts >20K),HIGH (50% blowout history),Normal day | VIX prediction was accurate within 0.5%
2021-10-14,Thursday,weekly,▃↓▁↑█↓▇ 📈,18272.85,18350.75,18248.7,18338.55,16.1,15.77,0.84,0.56,0.36,0.43,0.13,0.66,-0.28,Overestimated,Down to Up,No,0.97,Above High,13374,16234,-14083,FII Mildly Bullish,-5262,-18331,-43750,PRO Confident (sold puts >20K),LOW (9% blowout history),Normal day | VIX prediction was accurate within 0.5%
2021-10-21,Thursday,weekly,█↓▁↑█↓▄ 📉,18382.7,18384.2,18048.0,18178.1,18.31,18.04,0.96,1.83,1.11,0.01,1.82,1.91,0.87,Underestimated,Top to Down,No,-0.48,Below Low,-3233,-28892,13960,FII Mildly Bearish,6341,-64947,25586,PRO Hedging (bought puts >20K),MODERATE (33% blowout history),BLOWOUT Top to Down | Actual 1.83% vs VIX predicted 0.96% (miss: +0.87%)
2021-10-28,Thursday,monthly,█↓▁↑█↓▂ 📉,18187.65,18190.7,17799.45,17857.25,16.83,17.91,0.88,2.15,1.82,0.02,2.13,2.44,1.27,Underestimated,Top to Down,No,-1.94,Below Low,-27033,-12254,25247,FII Very Bearish (sold fut >10K + bought puts >20K),8005,-164760,58420,PRO Hedging (bought puts >20K),HIGH (50% blowout history),BLOWOUT Top to Down | Actual 2.15% vs VIX predicted 0.88% (miss: +1.27%)
2021-11-04,Thursday,weekly,▆↓▁↑█↓▃ 📉,17935.05,17947.55,17900.6,17916.8,16.13,15.75,0.84,0.26,0.1,0.07,0.19,0.31,-0.58,Overestimated,Top to Down,Yes,0.49,Within Range,6076,9919,-7439,FII Neutral,-2238,101838,9166,PRO Neutral,LOW (9% blowout history),Normal day | VIX prediction was accurate within 0.5%
2021-11-11,Thursday,weekly,█↓▁↑█↓▄ 📉,17967.45,17971.35,17798.2,17873.6,16.31,16.35,0.85,0.96,0.52,0.02,0.94,1.13,0.11,Overestimated,Top to Down,No,-0.8,Below Low,-5818,-16396,14331,FII Neutral,-10107,-42461,12803,PRO Bearish (sold fut >10K),LOW (9% blowout history),Normal day | VIX prediction was accurate within 0.5%
2021-11-18,Thursday,weekly,▇↓▁↑█↓▃ 📉,17890.55,17945.6,17688.5,17764.8,14.98,14.86,0.78,1.44,0.7,0.31,1.13,1.83,0.65,Underestimated,Top to Down,No,-0.75,Below Low,1207,-5313,-14652,FII Neutral,-2354,-35649,-5304,PRO Mildly Bearish,LOW (9% blowout history),BLOWOUT Top to Down | Actual 1.44% vs VIX predicted 0.78% (miss: +0.65%)
2021-11-25,Thursday,monthly,▃↓▁↑█↓▇ 📈,17417.3,17564.35,17351.7,17536.25,17.1,16.66,0.9,1.22,0.68,0.84,0.38,1.36,0.33,Overestimated,Down to Up,Yes,0.7,Within Range,-1912,5355,-7586,FII Neutral,3299,-38486,8136,PRO Mildly Bearish,LOW (9% blowout history),Normal day | VIX prediction was accurate within 0.5%
2021-12-02,Thursday,weekly,▂↓▁↑█→█ 📈,17183.2,17420.35,17149.3,17401.65,19.45,18.09,1.02,1.58,1.27,1.38,0.2,1.55,0.56,Underestimated,Down to Up,No,1.37,Above High,10689,28759,-17983,FII Mildly Bullish,-3573,85739,-77482,PRO Confident (sold puts >20K),LOW (9% blowout history),BLOWOUT Down to Up | Actual 1.58% vs VIX predicted 1.02% (miss: +0.56%)
2021-12-09,Thursday,weekly,▇↓▁↑█↓▇ 📉,17524.4,17543.25,17379.6,17516.85,17.27,16.6,0.9,0.93,0.04,0.11,0.83,1.03,0.03,Overestimated,Top to Down,No,0.27,Above High,6680,-41967,-39838,FII Confident (sold puts >20K),-5748,86751,-94735,PRO Confident (sold puts >20K),SAFE (0% blowout history),Normal day | VIX prediction was accurate within 0.5%
2021-12-16,Thursday,weekly,█↓▁↑█↓▃ 📉,17373.0,17379.35,17184.95,17248.4,17.22,15.9,0.9,1.12,0.72,0.04,1.08,1.24,0.22,Overestimated,Top to Down,Yes,0.16,Within Range,-4707,43538,40366,FII Hedging (bought puts >20K),5471,-48613,46054,PRO Hedging (bought puts >20K),HIGH (50% blowout history),Normal day | VIX prediction was accurate within 0.5%
2021-12-23,Thursday,weekly,▄↓▁↑█↓▅ 📈,17066.8,17118.65,17015.55,17072.6,16.58,15.83,0.87,0.6,0.03,0.3,0.3,0.7,-0.26,Overestimated,Down to Up,No,0.69,Above High,-9395,-2747,-24042,FII Confident (sold puts >20K),-8912,71482,-87378,PRO Confident (sold puts >20K),SAFE (0% blowout history),Normal day | VIX prediction was accurate within 0.5%
2021-12-30,Thursday,monthly,▄↓▁↑█↓▄ 📈,17201.45,17264.05,17146.35,17203.95,16.24,16.57,0.85,0.68,0.01,0.36,0.32,0.8,-0.17,Overestimated,Down to Up,Yes,-0.06,Within Range,-1887,10871,39846,FII Hedging (bought puts >20K),906,-104219,26446,PRO Hedging (bought puts >20K),HIGH (50% blowout history),Normal day | VIX prediction was accurate within 0.5%
2022-01-06,Thursday,weekly,▇↓▁↑█↓▅ 📉,17768.5,17797.95,17655.55,17745.9,17.23,17.98,0.9,0.8,0.13,0.17,0.64,0.89,-0.1,Overestimated,Top to Down,No,-1.0,Below Low,5060,-4586,1464,FII Neutral,4652,-111111,-97686,PRO Confident (sold puts >20K),LOW (9% blowout history),Normal day | VIX prediction was accurate within 0.5%
2022-01-13,Thursday,weekly,▇↓▁↑█↓▇ 📈,18257.0,18272.25,18163.8,18257.8,17.18,16.7,0.9,0.59,0.0,0.08,0.51,0.66,-0.31,Overestimated,Down to Up,No,0.25,Above High,-1379,7581,6455,FII Neutral,7721,-28988,-60578,PRO Confident (sold puts >20K),LOW (9% blowout history),Normal day | VIX prediction was accurate within 0.5%
2022-01-20,Thursday,weekly,▇↓▁↑█↓▄ 📉,17921.0,17943.7,17648.45,17757.0,17.82,17.79,0.93,1.65,0.92,0.13,1.52,1.77,0.71,Underestimated,Top to Down,No,-1.01,Below Low,-14105,49652,71896,FII Very Bearish (sold fut >10K + bought puts >20K),-8658,-166411,-74844,PRO Confident (sold puts >20K),HIGH (50% blowout history),BLOWOUT Top to Down | Actual 1.65% vs VIX predicted 0.93% (miss: +0.71%)
2022-01-27,Thursday,monthly,▅↓▁↑█↓▆ 📈,17062.0,17182.5,16866.75,17110.15,21.36,21.07,1.12,1.85,0.28,0.71,1.14,1.65,0.73,Underestimated,Down to Up,Yes,-0.97,Within Range,0,0,0,FII Neutral,0,0,0,PRO Neutral,LOW (9% blowout history),BLOWOUT Down to Up | Actual 1.85% vs VIX predicted 1.12% (miss: +0.73%)
2022-02-03,Thursday,weekly,█↓▁↑█↓▂ 📉,17767.75,17781.15,17511.15,17560.2,18.65,19.16,0.98,1.52,1.17,0.08,1.44,1.56,0.54,Underestimated,Top to Down,No,-1.24,Below Low,18783,19896,-17185,FII Mildly Bullish,-14540,80919,-143719,PRO Bearish (sold fut >10K),LOW (9% blowout history),BLOWOUT Top to Down | Actual 1.52% vs VIX predicted 0.98% (miss: +0.54%)
2022-02-10,Thursday,weekly,▅↓▁↑█↓▇ 📈,17554.1,17639.45,17427.15,17605.85,18.56,17.71,0.97,1.21,0.29,0.49,0.72,1.24,0.24,Overestimated,Down to Up,No,0.81,Above High,15976,49492,-17214,FII Mildly Bullish,4265,135093,-90432,PRO Confident (sold puts >20K),LOW (9% blowout history),Normal day | VIX prediction was accurate within 0.5%
2022-02-17,Thursday,weekly,▆↓▁↑█↓▃ 📉,17396.55,17442.9,17235.85,17304.6,20.59,22.01,1.08,1.19,0.53,0.27,0.92,1.1,0.11,Overestimated,Top to Down,Yes,-0.1,Within Range,6326,-163,-7121,FII Neutral,6768,-156748,34912,PRO Hedging (bought puts >20K),LOW (9% blowout history),Normal day | VIX prediction was accurate within 0.5%
2022-02-24,Thursday,monthly,▆↓▁↑█↓▂ 📉,16548.9,16705.25,16203.25,16247.95,24.54,31.98,1.28,3.03,1.82,0.94,2.09,2.36,1.75,Underestimated,Top to Down,No,-4.78,Below Low,1241,-11535,30216,FII Hedging (bought puts >20K),-3163,-113695,6149,PRO Mildly Bearish,HIGH (50% blowout history),BLOWOUT Top to Down | Actual 3.03% vs VIX predicted 1.28% (miss: +1.75%)
2022-03-03,Thursday,weekly,▇↓▁↑█↓▂ 📉,16723.2,16768.95,16442.95,16498.05,29.23,28.16,1.53,1.95,1.35,0.27,1.68,1.27,0.42,Overestimated,Top to Down,Yes,-0.65,Within Range,-38888,-19823,14668,FII Bearish (sold fut >10K),-2965,-193457,-27216,PRO Confident (sold puts >20K),HIGH (50% blowout history),Normal day | VIX prediction was accurate within 0.5%
2022-03-10,Thursday,weekly,█↓▁↑█↓▄ 📉,16757.1,16757.3,16447.9,16594.9,27.47,25.58,1.44,1.85,0.97,0.0,1.85,1.28,0.41,Overestimated,Top to Down,No,1.53,Above High,8328,26305,-14189,FII Neutral,-761,18864,-79785,PRO Confident (sold puts >20K),LOW (9% blowout history),Normal day | VIX prediction was accurate within 0.5%
2022-03-17,Thursday,weekly,▂↓▁↑█↓▆ 📈,17202.9,17344.6,17175.75,17287.05,24.12,22.61,1.26,0.98,0.49,0.82,0.16,0.78,-0.28,Overestimated,Down to Up,No,1.84,Above High,21466,42682,955,FII Mildly Bullish,5926,129021,-76987,PRO Confident (sold puts >20K),LOW (9% blowout history),Normal day | VIX prediction was accurate within 0.5%
2022-03-24,Thursday,weekly,▁↑▁↑█↓▆ 📈,17094.95,17291.75,17091.15,17222.75,24.75,23.93,1.3,1.17,0.75,1.15,0.02,0.91,-0.12,Overestimated,Down to Up,Yes,-0.13,Within Range,-12627,-10105,2140,FII Bearish (sold fut >10K),5593,-191723,10828,PRO Mildly Bearish,HIGH (50% blowout history),Normal day | VIX prediction was accurate within 0.5%
2022-03-31,Thursday,monthly,▆↓▁↑█↓▃ 📉,17519.2,17559.8,17435.2,17464.75,20.61,20.56,1.08,0.71,0.31,0.23,0.48,0.66,-0.37,Overestimated,Top to Down,Yes,-0.19,Within Range,11782,27293,-9863,FII Mildly Bullish,4196,-34369,-44603,PRO Confident (sold puts >20K),LOW (9% blowout history),Normal day | VIX prediction was accurate within 0.5%
2022-04-07,Thursday,weekly,▅↓▁↑█↓▂ 📉,17723.3,17787.5,17623.7,17639.55,19.02,19.0,1.0,0.92,0.47,0.36,0.56,0.93,-0.07,Overestimated,Top to Down,No,-0.94,Below Low,-1359,-19133,-3801,FII Neutral,-6181,-94417,21347,PRO Hedging (bought puts >20K),LOW (9% blowout history),Normal day | VIX prediction was accurate within 0.5%
2022-04-13,Wednesday,weekly,▆↓▁↑█↓▂ 📉,17599.9,17663.65,17457.4,17475.65,18.16,17.79,0.95,1.17,0.71,0.36,0.81,1.23,0.22,Overestimated,Top to Down,Yes,-0.31,Within Range,-17515,-25446,27308,FII Very Bearish (sold fut >10K + bought puts >20K),-8703,-55093,-70576,PRO Confident (sold puts >20K),HIGH (50% blowout history),Normal day | VIX prediction was accurate within 0.5%
2022-04-21,Thursday,weekly,▂↓▁↑█↓▇ 📈,17234.6,17414.7,17215.5,17392.6,18.67,17.85,0.98,1.16,0.92,1.04,0.11,1.18,0.18,Overestimated,Down to Up,No,1.49,Above High,1236,9911,-8066,FII Neutral,-5231,-13110,-90863,PRO Confident (sold puts >20K),LOW (9% blowout history),Normal day | VIX prediction was accurate within 0.5%
2022-04-28,Thursday,monthly,▄↓▁↑█↓▆ 📈,17189.5,17322.5,17071.05,17245.05,20.61,19.38,1.08,1.46,0.32,0.77,0.69,1.36,0.38,Overestimated,Down to Up,No,1.21,Above High,-39529,53274,52930,FII Very Bearish (sold fut >10K + bought puts >20K),21643,-164818,22535,PRO Hedging (bought puts >20K),HIGH (50% blowout history),Normal day | VIX prediction was accurate within 0.5%
2022-05-05,Thursday,weekly,▆↓▁↑█↓▂ 📉,16854.75,16945.7,16651.85,16682.65,21.88,20.29,1.15,1.74,1.02,0.54,1.2,1.52,0.6,Underestimated,Top to Down,Yes,0.03,Within Range,-37803,-18586,31333,FII Very Bearish (sold fut >10K + bought puts >20K),-2542,-281923,-4490,PRO Mildly Bearish,HIGH (50% blowout history),BLOWOUT Top to Down | Actual 1.74% vs VIX predicted 1.15% (miss: +0.6%)
2022-05-12,Thursday,weekly,█↓▁↑█↓▃ 📉,16021.1,16041.95,15735.75,15808.0,22.8,24.27,1.19,1.91,1.33,0.13,1.78,1.6,0.72,Underestimated,Top to Down,No,-2.22,Below Low,-11876,39209,1499,FII Bearish (sold fut >10K),-524,-56992,-109044,PRO Confident (sold puts >20K),HIGH (50% blowout history),BLOWOUT Top to Down | Actual 1.91% vs VIX predicted 1.19% (miss: +0.72%)
2022-05-19,Thursday,weekly,▆↓▁↑█↓▂ 📉,15917.4,15984.75,15775.2,15809.4,22.3,24.56,1.17,1.32,0.68,0.42,0.89,1.13,0.15,Overestimated,Top to Down,No,-2.65,Below Low,957,-21936,32176,FII Hedging (bought puts >20K),-4914,-243004,4078,PRO Mildly Bearish,HIGH (50% blowout history),Normal day | VIX prediction was accurate within 0.5%
2022-05-26,Thursday,monthly,▆↓▁↑█↓▇ 📈,16105.0,16204.45,15903.7,16170.15,25.28,22.72,1.32,1.87,0.4,0.62,1.25,1.41,0.54,Underestimated,Down to Up,Yes,0.9,Within Range,14435,-44173,18617,FII Mildly Bullish,-3955,-126070,-22162,PRO Confident (sold puts >20K),LOW (9% blowout history),BLOWOUT Down to Up | Actual 1.87% vs VIX predicted 1.32% (miss: +0.54%)
2022-06-02,Thursday,weekly,▂↓▁↑█↓▇ 📈,16481.65,16646.4,16443.05,16628.0,20.85,20.32,1.09,1.23,0.89,1.0,0.23,1.13,0.14,Overestimated,Down to Up,Yes,0.64,Within Range,-15983,-25387,19247,FII Bearish (sold fut >10K),-2883,-46568,-47576,PRO Confident (sold puts >20K),HIGH (50% blowout history),Normal day | VIX prediction was accurate within 0.5%
2022-06-09,Thursday,weekly,▂↓▁↑█→█ 📈,16263.85,16492.8,16243.85,16478.1,19.84,19.14,1.04,1.53,1.32,1.41,0.12,1.47,0.49,Overestimated,Down to Up,Yes,0.74,Within Range,-8718,-31559,-27127,FII Confident (sold puts >20K),1037,-181912,-93138,PRO Confident (sold puts >20K),SAFE (0% blowout history),Normal day | VIX prediction was accurate within 0.5%
2022-06-16,Thursday,weekly,█↓▁↑█↓▁ 📉,15832.25,15863.15,15335.1,15360.6,22.15,22.87,1.16,3.34,2.98,0.2,3.14,2.88,2.18,Underestimated,Top to Down,No,-2.11,Below Low,-95,21045,8785,FII Neutral,-7984,16437,-39680,PRO Confident (sold puts >20K),LOW (9% blowout history),BLOWOUT Top to Down | Actual 3.34% vs VIX predicted 1.16% (miss: +2.18%)
2022-06-23,Thursday,weekly,▃↓▁↑█↓▆ 📈,15451.55,15628.45,15367.5,15556.65,21.3,20.88,1.12,1.69,0.68,1.14,0.54,1.51,0.57,Underestimated,Down to Up,Yes,0.93,Within Range,-9987,33037,28508,FII Hedging (bought puts >20K),-4228,-134009,47255,PRO Hedging (bought puts >20K),HIGH (50% blowout history),BLOWOUT Down to Up | Actual 1.69% vs VIX predicted 1.12% (miss: +0.57%)
2022-06-30,Thursday,monthly,▃↓▁↑█↓▃ 📈,15774.5,15890.0,15728.85,15780.25,21.9,21.84,1.15,1.02,0.04,0.73,0.29,0.89,-0.13,Overestimated,Down to Up,Yes,-0.12,Within Range,-30353,27068,-6882,FII Bearish (sold fut >10K),25001,-86754,10142,PRO Mildly Bullish,HIGH (50% blowout history),Normal day | VIX prediction was accurate within 0.5%
2022-07-07,Thursday,weekly,▆↓▁↑█↓▇ 📈,16113.75,16150.5,16045.95,16132.9,20.27,19.2,1.06,0.65,0.12,0.23,0.42,0.61,-0.41,Overestimated,Down to Up,No,0.89,Above High,20983,22656,-38503,FII Bullish (bought fut + sold puts),-22014,185330,-284375,PRO Bearish (sold fut >10K),SAFE (0% blowout history),Normal day | VIX prediction was accurate within 0.5%
2022-07-14,Thursday,weekly,▆↓▁↑█↓▄ 📉,16018.85,16070.85,15858.2,15938.65,18.52,18.34,0.97,1.33,0.5,0.32,1.0,1.37,0.36,Overestimated,Top to Down,No,-0.18,Below Low,6893,-58278,9120,FII Mildly Bearish,-3517,-128447,-33186,PRO Confident (sold puts >20K),MODERATE (33% blowout history),Normal day | VIX prediction was accurate within 0.5%
2022-07-21,Thursday,weekly,▃↓▁↑█↓▇ 📈,16523.55,16626.95,16483.9,16605.25,16.82,16.86,0.88,0.87,0.49,0.63,0.24,0.98,-0.01,Overestimated,Down to Up,No,0.51,Above High,33200,-39481,-12277,FII Mildly Bullish,10420,-161053,-71539,PRO Bullish (bought fut + sold puts),LOW (9% blowout history),Normal day | VIX prediction was accurate within 0.5%
2022-07-28,Thursday,monthly,▂↓▁↑█↓▇ 📈,16774.85,16947.65,16746.25,16929.6,18.13,17.01,0.95,1.2,0.92,1.03,0.17,1.26,0.25,Overestimated,Down to Up,No,1.73,Above High,19344,55649,-30497,FII Bullish (bought fut + sold puts),-6660,147656,-184374,PRO Confident (sold puts >20K),SAFE (0% blowout history),Normal day | VIX prediction was accurate within 0.5%
2022-08-04,Thursday,weekly,▇↓▁↑█↓▆ 📉,17463.1,17490.7,17161.25,17382.0,18.45,19.26,0.97,1.89,0.46,0.16,1.73,1.95,0.92,Underestimated,Top to Down,Yes,-0.04,Within Range,-6002,-31942,-12290,FII Mildly Bearish,14774,-4590,-59422,PRO Bullish (bought fut + sold puts),MODERATE (33% blowout history),BLOWOUT Top to Down | Actual 1.89% vs VIX predicted 0.97% (miss: +0.92%)
2022-08-11,Thursday,weekly,▇↓▁↑█↓▃ 📉,17711.65,17719.3,17631.95,17659.0,19.59,18.36,1.03,0.49,0.3,0.04,0.45,0.48,-0.53,Overestimated,Top to Down,No,0.71,Above High,-9822,-34761,45529,FII Hedging (bought puts >20K),696,-79500,-19495,PRO Mildly Bearish,HIGH (50% blowout history),Normal day | VIX prediction was accurate within 0.5%
2022-08-18,Thursday,weekly,▄↓▁↑█↓▇ 📈,17898.65,17968.45,17852.05,17956.5,17.68,17.35,0.93,0.65,0.32,0.39,0.26,0.7,-0.28,Overestimated,Down to Up,Yes,0.07,Within Range,-88,19345,42826,FII Hedging (bought puts >20K),2341,21383,-124884,PRO Confident (sold puts >20K),HIGH (50% blowout history),Normal day | VIX prediction was accurate within 0.5%
2022-08-25,Thursday,monthly,▇↓▁↑█↓▂ 📉,17679.0,17726.5,17487.45,17522.45,18.43,19.57,0.96,1.35,0.89,0.27,1.08,1.4,0.39,Overestimated,Top to Down,Yes,-0.47,Within Range,-14540,31979,-5598,FII Bearish (sold fut >10K),22895,-37356,-40677,PRO Bullish (bought fut + sold puts),HIGH (50% blowout history),Normal day | VIX prediction was accurate within 0.5%
2022-09-01,Thursday,weekly,▂↓▁↑█↓▃ 📈,17485.7,17695.6,17468.45,17542.8,18.7,19.87,0.98,1.3,0.33,1.2,0.1,1.33,0.32,Overestimated,Down to Up,Yes,-1.22,Within Range,0,0,0,FII Neutral,0,0,0,PRO Neutral,LOW (9% blowout history),Normal day | VIX prediction was accurate within 0.5%
2022-09-08,Thursday,weekly,▄↓▁↑█↓▇ 📈,17748.15,17807.65,17691.95,17798.75,19.37,18.31,1.01,0.65,0.29,0.34,0.32,0.64,-0.36,Overestimated,Down to Up,No,0.99,Above High,-1046,-5649,25378,FII Hedging (bought puts >20K),-3979,-101529,-64404,PRO Confident (sold puts >20K),HIGH (50% blowout history),Normal day | VIX prediction was accurate within 0.5%
2022-09-15,Thursday,weekly,▇↓▁↑█↓▁ 📉,18046.35,18096.15,17861.5,17877.4,18.28,18.39,0.96,1.3,0.94,0.28,1.02,1.36,0.34,Overestimated,Top to Down,Yes,-0.7,Within Range,-22348,-43144,56633,FII Very Bearish (sold fut >10K + bought puts >20K),24471,-114589,-45212,PRO Bullish (bought fut + sold puts),HIGH (50% blowout history),Normal day | VIX prediction was accurate within 0.5%
2022-09-22,Thursday,weekly,▄↓▁↑█↓▅ 📈,17609.65,17722.75,17532.45,17629.8,19.33,18.82,1.01,1.08,0.11,0.64,0.44,1.07,0.07,Overestimated,Down to Up,No,-0.5,Below Low,-12046,-22840,51454,FII Very Bearish (sold fut >10K + bought puts >20K),-84,-56856,74631,PRO Hedging (bought puts >20K),HIGH (50% blowout history),Normal day | VIX prediction was accurate within 0.5%
2022-09-29,Thursday,monthly,▇↓▁↑█↓▂ 📉,16993.6,17026.05,16788.6,16818.1,22.1,21.3,1.16,1.4,1.03,0.19,1.21,1.21,0.24,Overestimated,Top to Down,No,-0.24,Below Low,1127,61035,47070,FII Hedging (bought puts >20K),2844,-46429,-30685,PRO Confident (sold puts >20K),HIGH (50% blowout history),Normal day | VIX prediction was accurate within 0.5%
2022-10-06,Thursday,weekly,▅↓▁↑█↓▂ 📉,17379.25,17428.8,17315.65,17331.8,19.57,19.32,1.02,0.65,0.27,0.29,0.37,0.64,-0.37,Overestimated,Top to Down,No,0.33,Above High,0,0,0,FII Neutral,0,0,0,PRO Neutral,LOW (9% blowout history),Normal day | VIX prediction was accurate within 0.5%
2022-10-13,Thursday,weekly,▇↓▁↑█↓▄ 📉,17087.35,17112.35,16956.95,17014.35,20.18,20.29,1.06,0.91,0.43,0.15,0.76,0.86,-0.15,Overestimated,Top to Down,Yes,-0.64,Within Range,12626,32527,-17720,FII Mildly Bullish,-7162,168147,-175005,PRO Confident (sold puts >20K),LOW (9% blowout history),Normal day | VIX prediction was accurate within 0.5%
2022-10-20,Thursday,weekly,▁↑▁↑█↓▇ 📈,17423.1,17584.15,17421.0,17563.95,17.49,17.23,0.92,0.94,0.81,0.92,0.01,1.02,0.02,Overestimated,Down to Up,Yes,0.3,Within Range,-2353,-14951,68773,FII Hedging (bought puts >20K),7478,-53677,-21011,PRO Confident (sold puts >20K),HIGH (50% blowout history),Normal day | VIX prediction was accurate within 0.5%
2022-10-27,Thursday,monthly,▇↓▁↑█↓▅ 📉,17771.4,17783.9,17654.5,17736.95,16.88,16.6,0.88,0.73,0.19,0.07,0.66,0.82,-0.16,Overestimated,Top to Down,Yes,0.46,Within Range,0,0,0,FII Neutral,0,0,0,PRO Neutral,LOW (9% blowout history),Normal day | VIX prediction was accurate within 0.5%
2022-11-03,Thursday,weekly,▁↑▁↑█↓▅ 📈,17968.35,18106.3,17959.2,18052.7,16.66,15.94,0.87,0.82,0.47,0.77,0.05,0.94,-0.05,Overestimated,Down to Up,Yes,-0.17,Within Range,-7049,-12370,37728,FII Hedging (bought puts >20K),7635,-47175,74290,PRO Hedging (bought puts >20K),HIGH (50% blowout history),Normal day | VIX prediction was accurate within 0.5%
2022-11-10,Thursday,weekly,▅↓▁↑█↓▄ 📉,18044.35,18103.1,17969.4,18028.2,15.92,15.57,0.83,0.74,0.09,0.33,0.42,0.89,-0.09,Overestimated,Top to Down,No,-0.71,Below Low,4212,-19070,62892,FII Hedging (bought puts >20K),-1161,-101063,-15723,PRO Mildly Bearish,HIGH (50% blowout history),Normal day | VIX prediction was accurate within 0.5%
2022-11-17,Thursday,weekly,▄↓▁↑█↓▃ 📉,18358.7,18417.6,18312.95,18343.9,15.1,14.88,0.79,0.57,0.08,0.32,0.25,0.72,-0.22,Overestimated,Top to Down,No,-0.36,Below Low,18459,42163,6990,FII Mildly Bullish,7746,-56931,-17448,PRO Mildly Bearish,LOW (9% blowout history),Normal day | VIX prediction was accurate within 0.5%
2022-11-24,Thursday,monthly,▂↓▁↑█↓▇ 📈,18326.1,18529.7,18294.25,18484.1,14.04,13.48,0.74,1.28,0.86,1.11,0.17,1.75,0.55,Underestimated,Down to Up,No,1.19,Above High,2835,56733,81638,FII Hedging (bought puts >20K),2245,-90702,-15432,PRO Mildly Bearish,HIGH (50% blowout history),BLOWOUT Down to Up | Actual 1.28% vs VIX predicted 0.74% (miss: +0.55%)
2022-12-01,Thursday,weekly,▇↓▁↑█↓▃ 📉,18871.95,18887.6,18778.2,18812.5,13.81,13.36,0.72,0.58,0.32,0.08,0.5,0.8,-0.14,Overestimated,Top to Down,Yes,0.29,Within Range,11746,68399,-26214,FII Bullish (bought fut + sold puts),-6699,111160,-164429,PRO Confident (sold puts >20K),SAFE (0% blowout history),Normal day | VIX prediction was accurate within 0.5%
2022-12-08,Thursday,weekly,▄↓▁↑█↓▇ 📈,18570.85,18625.0,18536.95,18609.35,14.08,13.4,0.74,0.47,0.21,0.29,0.18,0.64,-0.26,Overestimated,Down to Up,Yes,0.26,Within Range,-12533,-22659,9165,FII Bearish (sold fut >10K),2701,-143025,-3142,PRO Mildly Bearish,HIGH (50% blowout history),Normal day | VIX prediction was accurate within 0.5%
2022-12-15,Thursday,weekly,▇↓▁↑█↓▂ 📉,18614.4,18652.9,18387.7,18414.9,12.89,13.73,0.67,1.42,1.07,0.21,1.22,2.11,0.75,Underestimated,Top to Down,No,-1.32,Below Low,-5611,-66390,24898,FII Hedging (bought puts >20K),12976,-123436,17025,PRO Mildly Bullish,HIGH (50% blowout history),BLOWOUT Top to Down | Actual 1.42% vs VIX predicted 0.67% (miss: +0.75%)
2022-12-22,Thursday,weekly,▇↓▁↑█↓▃ 📉,18288.8,18318.75,18068.6,18127.35,15.56,15.19,0.81,1.37,0.88,0.16,1.2,1.68,0.55,Underestimated,Top to Down,No,-0.39,Below Low,-5529,-22199,47656,FII Hedging (bought puts >20K),3537,-298214,111388,PRO Hedging (bought puts >20K),HIGH (50% blowout history),BLOWOUT Top to Down | Actual 1.37% vs VIX predicted 0.81% (miss: +0.55%)
2022-12-29,Thursday,monthly,▃↓▁↑█↓▇ 📈,18045.7,18229.7,17992.8,18191.0,15.4,14.81,0.81,1.31,0.81,1.02,0.29,1.63,0.51,Underestimated,Down to Up,No,0.38,Above High,3425,1231,-6419,FII Neutral,6419,-112123,-261,PRO Mildly Bearish,LOW (9% blowout history),BLOWOUT Down to Up | Actual 1.31% vs VIX predicted 0.81% (miss: +0.51%)
2023-01-05,Thursday,weekly,▇↓▁↑█↓▄ 📉,18101.95,18120.3,17892.6,17992.15,15.2,14.98,0.8,1.26,0.61,0.1,1.16,1.58,0.46,Overestimated,Top to Down,No,-0.28,Below Low,-27503,-88167,83736,FII Very Bearish (sold fut >10K + bought puts >20K),18443,-376195,79074,PRO Hedging (bought puts >20K),HIGH (50% blowout history),Normal day | VIX prediction was accurate within 0.5%
2023-01-12,Thursday,weekly,▇↓▁↑█↓▅ 📉,17920.85,17945.8,17761.65,17858.2,15.44,15.28,0.81,1.03,0.35,0.14,0.89,1.27,0.22,Overestimated,Top to Down,Yes,-0.21,Within Range,-1883,11183,-18674,FII Neutral,-3388,33831,-135276,PRO Confident (sold puts >20K),LOW (9% blowout history),Normal day | VIX prediction was accurate within 0.5%
2023-01-19,Thursday,weekly,▅↓▁↑█↓▄ 📉,18119.8,18155.2,18063.75,18107.85,14.37,13.96,0.75,0.5,0.07,0.2,0.31,0.67,-0.25,Overestimated,Top to Down,Yes,-0.32,Within Range,19958,46925,-110239,FII Bullish (bought fut + sold puts),-2470,42234,-197755,PRO Confident (sold puts >20K),SAFE (0% blowout history),Normal day | VIX prediction was accurate within 0.5%
2023-01-25,Wednesday,monthly,█↓▁↑█↓▂ 📉,18093.35,18100.6,17846.15,17891.95,13.66,14.66,0.72,1.41,1.11,0.04,1.37,1.97,0.69,Underestimated,Top to Down,No,-1.25,Below Low,5748,26428,67837,FII Hedging (bought puts >20K),3140,-31368,86739,PRO Hedging (bought puts >20K),HIGH (50% blowout history),BLOWOUT Top to Down | Actual 1.41% vs VIX predicted 0.72% (miss: +0.69%)
2023-02-02,Thursday,weekly,▃↓▁↑█↓▇ 📈,17517.1,17653.9,17445.95,17610.4,16.78,15.73,0.88,1.19,0.53,0.78,0.41,1.35,0.31,Overestimated,Down to Up,Yes,-0.03,Within Range,7826,-96805,-48121,FII Confident (sold puts >20K),13009,-92155,66112,PRO Hedging (bought puts >20K),SAFE (0% blowout history),Normal day | VIX prediction was accurate within 0.5%
2023-02-09,Thursday,weekly,▆↓▁↑█↓▇ 📈,17885.5,17916.9,17779.8,17893.45,13.6,13.04,0.71,0.77,0.04,0.18,0.59,1.08,0.05,Overestimated,Down to Up,Yes,0.12,Within Range,13996,-44739,-33377,FII Bullish (bought fut + sold puts),-601,13277,-220609,PRO Confident (sold puts >20K),SAFE (0% blowout history),Normal day | VIX prediction was accurate within 0.5%
2023-02-16,Thursday,weekly,▆↓▁↑█↓▃ 📉,18094.75,18134.75,18000.65,18035.85,12.86,12.89,0.67,0.74,0.33,0.22,0.52,1.1,0.07,Overestimated,Top to Down,No,0.11,Above High,-2582,-3119,18095,FII Neutral,-617,-23978,-183766,PRO Confident (sold puts >20K),LOW (9% blowout history),Normal day | VIX prediction was accurate within 0.5%
2023-02-23,Thursday,monthly,▆↓▁↑█↓▃ 📉,17574.65,17620.05,17455.4,17511.25,15.59,15.08,0.82,0.94,0.36,0.26,0.68,1.15,0.12,Overestimated,Top to Down,No,-0.25,Below Low,-30254,7385,79286,FII Very Bearish (sold fut >10K + bought puts >20K),-109,-253144,-30977,PRO Confident (sold puts >20K),HIGH (50% blowout history),Normal day | VIX prediction was accurate within 0.5%
2023-03-02,Thursday,weekly,▇↓▁↑█↓▂ 📉,17421.5,17445.8,17306.0,17321.9,13.0,12.97,0.68,0.8,0.57,0.14,0.66,1.18,0.12,Overestimated,Top to Down,No,-0.74,Below Low,6163,28691,-6411,FII Neutral,-12897,224107,-152398,PRO Bearish (sold fut >10K),LOW (9% blowout history),Normal day | VIX prediction was accurate within 0.5%
2023-03-09,Thursday,weekly,█↓▁↑█↓▂ 📉,17772.05,17772.35,17573.6,17589.6,12.45,12.73,0.65,1.12,1.03,0.0,1.12,1.72,0.47,Overestimated,Top to Down,No,-0.93,Below Low,-6202,37288,18794,FII Neutral,7580,38986,-234028,PRO Confident (sold puts >20K),LOW (9% blowout history),Normal day | VIX prediction was accurate within 0.5%
2023-03-16,Thursday,weekly,▆↓▁↑█↓▅ 📉,16994.65,17062.45,16850.15,16985.6,16.3,16.22,0.85,1.25,0.05,0.4,0.85,1.46,0.4,Overestimated,Top to Down,Yes,0.08,Within Range,854,-59400,-67184,FII Confident (sold puts >20K),4207,-59858,23575,PRO Hedging (bought puts >20K),SAFE (0% blowout history),Normal day | VIX prediction was accurate within 0.5%
2023-03-23,Thursday,weekly,▃↓▁↑█↓▂ 📉,17097.4,17205.4,17045.3,17076.9,14.81,14.49,0.78,0.94,0.12,0.63,0.3,1.21,0.16,Overestimated,Top to Down,No,-0.44,Below Low,-878,-91246,-46631,FII Confident (sold puts >20K),2776,12436,3286,PRO Neutral,SAFE (0% blowout history),Normal day | VIX prediction was accurate within 0.5%
2023-03-29,Wednesday,monthly,▂↓▁↑█↓▆ 📈,16977.3,17126.15,16940.6,17080.7,15.1,13.63,0.79,1.09,0.61,0.88,0.22,1.38,0.3,Overestimated,Down to Up,No,0.76,Above High,-10122,-12606,-38840,FII Bearish (sold fut >10K),5934,89441,10344,PRO Neutral,HIGH (50% blowout history),Normal day | VIX prediction was accurate within 0.5%
2023-04-06,Thursday,weekly,▃↓▁↑█↓▆ 📈,17533.85,17638.7,17502.85,17599.15,12.41,11.8,0.65,0.77,0.37,0.6,0.18,1.19,0.13,Overestimated,Down to Up,No,0.24,Above High,31346,102894,7512,FII Mildly Bullish,-463,-9529,-238135,PRO Confident (sold puts >20K),LOW (9% blowout history),Normal day | VIX prediction was accurate within 0.5%
2023-04-13,Thursday,weekly,▆↓▁↑█↓▇ 📈,17807.3,17842.15,17729.65,17828.0,12.27,11.91,0.64,0.63,0.12,0.2,0.44,0.98,-0.01,Overestimated,Down to Up,No,0.09,Above High,18721,-20366,10212,FII Mildly Bullish,5365,24046,-124813,PRO Confident (sold puts >20K),LOW (9% blowout history),Normal day | VIX prediction was accurate within 0.5%
2023-04-20,Thursday,weekly,▅↓▁↑█↓▄ 📉,17638.6,17684.45,17584.35,17624.45,12.15,11.94,0.64,0.57,0.08,0.26,0.31,0.89,-0.07,Overestimated,Top to Down,Yes,0.03,Within Range,-3052,9826,-23826,FII Confident (sold puts >20K),-2739,-61437,-54536,PRO Confident (sold puts >20K),SAFE (0% blowout history),Normal day | VIX prediction was accurate within 0.5%
2023-04-27,Thursday,monthly,▂↓▁↑█↓▇ 📈,17813.1,17931.6,17797.9,17915.05,11.65,11.43,0.61,0.75,0.57,0.67,0.09,1.23,0.14,Overestimated,Down to Up,No,0.57,Above High,632,48906,-2442,FII Neutral,19815,19307,-151222,PRO Bullish (bought fut + sold puts),LOW (9% blowout history),Normal day | VIX prediction was accurate within 0.5%
2023-05-04,Thursday,weekly,▁↑▁↑█→█ 📈,18081.0,18267.45,18066.7,18255.8,11.84,11.73,0.62,1.11,0.97,1.03,0.08,1.79,0.49,Overestimated,Down to Up,No,0.92,Above High,-15957,48450,39129,FII Very Bearish (sold fut >10K + bought puts >20K),3624,-9594,6773,PRO Neutral,HIGH (50% blowout history),Normal day | VIX prediction was accurate within 0.5%
2023-05-11,Thursday,weekly,▆↓▁↑█↓▃ 📉,18357.8,18389.7,18270.4,18297.0,13.08,13.22,0.68,0.65,0.33,0.17,0.48,0.95,-0.03,Overestimated,Top to Down,Yes,-0.1,Within Range,3511,55519,-6883,FII Neutral,-7054,151348,-122351,PRO Confident (sold puts >20K),LOW (9% blowout history),Normal day | VIX prediction was accurate within 0.5%
2023-05-18,Thursday,weekly,█↓▁↑█↓▂ 📉,18287.5,18297.2,18104.85,18129.95,13.11,12.8,0.69,1.05,0.86,0.05,1.0,1.53,0.37,Overestimated,Top to Down,Yes,-0.28,Within Range,-6156,-65446,43385,FII Hedging (bought puts >20K),-9416,-53510,23233,PRO Hedging (bought puts >20K),HIGH (50% blowout history),Normal day | VIX prediction was accurate within 0.5%
2023-05-25,Thursday,monthly,▄↓▁↑█↓▇ 📈,18268.9,18338.1,18202.4,18321.15,13.11,12.52,0.69,0.74,0.29,0.38,0.36,1.08,0.06,Overestimated,Down to Up,Yes,0.2,Within Range,-4364,-34871,31495,FII Hedging (bought puts >20K),8395,-218582,94637,PRO Hedging (bought puts >20K),HIGH (50% blowout history),Normal day | VIX prediction was accurate within 0.5%
2023-06-01,Thursday,weekly,█↓▁↑█↓▂ 📉,18579.4,18580.3,18464.55,18487.75,11.97,11.6,0.63,0.62,0.49,0.0,0.62,0.99,-0.0,Overestimated,Top to Down,Yes,-0.25,Within Range,-21752,3856,153727,FII Very Bearish (sold fut >10K + bought puts >20K),4856,-157046,195186,PRO Hedging (bought puts >20K),HIGH (50% blowout history),Normal day | VIX prediction was accurate within 0.5%
2023-06-08,Thursday,weekly,▆↓▁↑█↓▂ 📉,18725.35,18777.9,18615.6,18634.55,11.44,11.26,0.6,0.87,0.48,0.28,0.59,1.45,0.27,Overestimated,Top to Down,No,-0.49,Below Low,8579,38297,-51282,FII Confident (sold puts >20K),-1930,-1585,-208181,PRO Confident (sold puts >20K),SAFE (0% blowout history),Normal day | VIX prediction was accurate within 0.5%
2023-06-15,Thursday,weekly,▇↓▁↑█↓▂ 📉,18774.45,18794.1,18669.05,18688.1,11.16,11.08,0.58,0.67,0.46,0.1,0.56,1.14,0.08,Overestimated,Top to Down,No,-0.36,Below Low,8227,-3465,-4786,FII Neutral,-1274,-160181,-25348,PRO Confident (sold puts >20K),LOW (9% blowout history),Normal day | VIX prediction was accurate within 0.5%
2023-06-22,Thursday,weekly,▆↓▁↑█↓▂ 📉,18853.6,18886.6,18759.5,18771.25,11.29,11.55,0.59,0.67,0.44,0.18,0.5,1.14,0.08,Overestimated,Top to Down,No,-0.45,Below Low,2012,-15171,-47535,FII Confident (sold puts >20K),5127,-69433,-124613,PRO Confident (sold puts >20K),SAFE (0% blowout history),Normal day | VIX prediction was accurate within 0.5%
2023-06-28,Wednesday,monthly,▃↓▁↑█↓▆ 📈,18908.15,19011.25,18861.35,18972.1,10.78,10.89,0.56,0.79,0.34,0.55,0.25,1.4,0.23,Overestimated,Down to Up,No,0.82,Above High,35463,105144,43534,FII Hedging (bought puts >20K),-26572,306024,-238978,PRO Bearish (sold fut >10K),HIGH (50% blowout history),Normal day | VIX prediction was accurate within 0.5%
2023-07-06,Thursday,weekly,▂↓▁↑█↓▇ 📈,19385.7,19512.2,19373.0,19497.3,11.88,11.84,0.62,0.72,0.58,0.65,0.07,1.15,0.1,Overestimated,Down to Up,No,0.51,Above High,4605,-81882,-50269,FII Confident (sold puts >20K),32,-151473,-8003,PRO Mildly Bearish,SAFE (0% blowout history),Normal day | VIX prediction was accurate within 0.5%
2023-07-13,Thursday,weekly,▅↓▁↑█↓▂ 📉,19495.2,19567.0,19385.8,19413.75,10.94,10.94,0.57,0.93,0.42,0.37,0.56,1.62,0.36,Overestimated,Top to Down,Yes,0.15,Within Range,1441,-31714,27702,FII Hedging (bought puts >20K),4191,-198964,2275,PRO Mildly Bearish,HIGH (50% blowout history),Normal day | VIX prediction was accurate within 0.5%
2023-07-20,Thursday,weekly,▃↓▁↑█→█ 📈,19831.7,19991.85,19758.4,19979.15,11.6,11.79,0.61,1.18,0.74,0.81,0.37,1.94,0.57,Underestimated,Down to Up,No,0.74,Above High,-3464,37142,-28975,FII Confident (sold puts >20K),-2485,48730,-219608,PRO Confident (sold puts >20K),SAFE (0% blowout history),BLOWOUT Down to Up | Actual 1.18% vs VIX predicted 0.61% (miss: +0.57%)
2023-07-27,Thursday,monthly,█↓▁↑█↓▂ 📉,19850.9,19867.55,19603.55,19659.9,10.46,10.51,0.55,1.33,0.96,0.08,1.25,2.43,0.78,Underestimated,Top to Down,No,-0.6,Below Low,4725,-44464,-96820,FII Confident (sold puts >20K),-3905,150720,-77283,PRO Confident (sold puts >20K),SAFE (0% blowout history),BLOWOUT Top to Down | Actual 1.33% vs VIX predicted 0.55% (miss: +0.78%)
2023-08-03,Thursday,weekly,▆↓▁↑█↓▃ 📉,19463.75,19537.65,19296.45,19381.65,11.28,11.19,0.59,1.24,0.42,0.38,0.86,2.1,0.65,Underestimated,Top to Down,No,-0.74,Below Low,-9763,32013,93709,FII Hedging (bought puts >20K),-8813,-393317,-136481,PRO Confident (sold puts >20K),HIGH (50% blowout history),BLOWOUT Top to Down | Actual 1.24% vs VIX predicted 0.59% (miss: +0.65%)
2023-08-10,Thursday,weekly,▇↓▁↑█↓▄ 📉,19605.55,19623.6,19495.4,19543.1,11.14,11.4,0.58,0.65,0.32,0.09,0.56,1.12,0.07,Overestimated,Top to Down,Yes,-0.46,Within Range,-6057,-37074,-60798,FII Confident (sold puts >20K),5404,77305,-13177,PRO Neutral,SAFE (0% blowout history),Normal day | VIX prediction was accurate within 0.5%
2023-08-17,Thursday,weekly,▇↓▁↑█↓▃ 📉,19450.55,19461.55,19326.25,19365.25,12.13,12.24,0.64,0.7,0.44,0.06,0.64,1.1,0.06,Overestimated,Top to Down,Yes,-0.51,Within Range,879,-28102,46964,FII Hedging (bought puts >20K),-3476,-73809,-204704,PRO Confident (sold puts >20K),HIGH (50% blowout history),Normal day | VIX prediction was accurate within 0.5%
2023-08-24,Thursday,weekly,▆↓▁↑█↓▂ 📉,19535.15,19584.45,19369.0,19386.7,11.73,11.7,0.61,1.1,0.76,0.25,0.85,1.8,0.49,Overestimated,Top to Down,Yes,-0.29,Within Range,9613,-35887,-94939,FII Confident (sold puts >20K),-13059,162639,-306237,PRO Bearish (sold fut >10K),SAFE (0% blowout history),Normal day | VIX prediction was accurate within 0.5%
2023-08-31,Thursday,monthly,▇↓▁↑█↓▂ 📉,19375.55,19388.2,19223.65,19253.8,11.8,12.06,0.62,0.85,0.63,0.07,0.78,1.37,0.23,Overestimated,Top to Down,No,-0.48,Below Low,-1261,-84620,-113863,FII Confident (sold puts >20K),10371,-286625,110275,PRO Hedging (bought puts >20K),SAFE (0% blowout history),Normal day | VIX prediction was accurate within 0.5%
2023-09-07,Thursday,weekly,▃↓▁↑█→█ 📈,19598.65,19737.0,19550.05,19727.05,10.68,10.87,0.56,0.95,0.66,0.71,0.25,1.71,0.39,Overestimated,Down to Up,No,0.59,Above High,-2924,-140946,-606,FII Mildly Bearish,8646,146250,147870,PRO Hedging (bought puts >20K),MODERATE (33% blowout history),Normal day | VIX prediction was accurate within 0.5%
2023-09-14,Thursday,weekly,▆↓▁↑█↓▄ 📉,20127.95,20167.65,20043.45,20103.1,11.83,11.32,0.62,0.62,0.12,0.2,0.42,1.0,-0.0,Overestimated,Top to Down,No,0.16,Above High,14424,-113060,-196621,FII Bullish (bought fut + sold puts),-18948,229742,61529,PRO Very Bearish (sold fut >10K + bought puts >20K),SAFE (0% blowout history),Normal day | VIX prediction was accurate within 0.5%
2023-09-21,Thursday,weekly,█↓▁↑█↓▃ 📉,19840.55,19848.75,19709.95,19742.35,11.13,10.82,0.58,0.7,0.49,0.04,0.66,1.2,0.12,Overestimated,Top to Down,No,-0.8,Below Low,-25082,-146277,-96374,FII Bearish (sold fut >10K),3934,-21964,82214,PRO Hedging (bought puts >20K),HIGH (50% blowout history),Normal day | VIX prediction was accurate within 0.5%
2023-09-28,Thursday,monthly,█↓▁↑█↓▂ 📉,19761.8,19766.65,19492.1,19523.55,11.59,12.82,0.61,1.39,1.21,0.02,1.36,2.29,0.78,Underestimated,Top to Down,No,-0.98,Below Low,-13829,31255,-22273,FII Bearish (sold fut >10K),-1383,-26761,-227709,PRO Confident (sold puts >20K),HIGH (50% blowout history),BLOWOUT Top to Down | Actual 1.39% vs VIX predicted 0.61% (miss: +0.78%)
2023-10-05,Thursday,weekly,▄↓▁↑█↓▆ 📈,19521.85,19576.95,19487.3,19545.75,11.66,10.94,0.61,0.46,0.12,0.28,0.18,0.75,-0.15,Overestimated,Down to Up,No,0.56,Above High,-6335,-12128,-33217,FII Confident (sold puts >20K),9554,73677,-13615,PRO Neutral,SAFE (0% blowout history),Normal day | VIX prediction was accurate within 0.5%
2023-10-12,Thursday,weekly,▆↓▁↑█↓▃ 📉,19822.7,19843.3,19772.65,19794.0,10.99,10.62,0.58,0.36,0.14,0.1,0.25,0.62,-0.22,Overestimated,Top to Down,Yes,-0.09,Within Range,11881,142493,167187,FII Hedging (bought puts >20K),3960,-219533,98004,PRO Hedging (bought puts >20K),HIGH (50% blowout history),Normal day | VIX prediction was accurate within 0.5%
2023-10-19,Thursday,weekly,▂↓▁↑█↓▆ 📈,19545.2,19681.8,19512.35,19624.7,10.97,10.9,0.57,0.87,0.41,0.7,0.17,1.51,0.29,Overestimated,Down to Up,No,-0.24,Below Low,-7934,-145708,-139141,FII Confident (sold puts >20K),22205,55647,227104,PRO Hedging (bought puts >20K),SAFE (0% blowout history),Normal day | VIX prediction was accurate within 0.5%
2023-10-26,Thursday,monthly,█↓▁↑█↓▂ 📉,19027.25,19041.7,18837.85,18857.25,11.31,11.73,0.59,1.07,0.89,0.08,1.0,1.81,0.48,Overestimated,Top to Down,No,-1.39,Below Low,-1808,176553,202841,FII Hedging (bought puts >20K),-14950,-325517,-225906,PRO Bearish (sold fut >10K),HIGH (50% blowout history),Normal day | VIX prediction was accurate within 0.5%
2023-11-02,Thursday,weekly,▅↓▁↑█↓▅ 📈,19120.0,19175.25,19064.15,19133.25,12.05,11.08,0.63,0.58,0.07,0.29,0.29,0.92,-0.05,Overestimated,Down to Up,No,0.76,Above High,-4843,194903,162591,FII Hedging (bought puts >20K),-827,115848,101374,PRO Hedging (bought puts >20K),HIGH (50% blowout history),Normal day | VIX prediction was accurate within 0.5%
2023-11-09,Thursday,weekly,▇↓▁↑█↓▂ 📉,19457.4,19463.9,19378.35,19395.3,11.04,10.98,0.58,0.44,0.32,0.03,0.41,0.76,-0.14,Overestimated,Top to Down,No,-0.25,Below Low,-5061,75240,149930,FII Hedging (bought puts >20K),9920,-187786,254071,PRO Hedging (bought puts >20K),HIGH (50% blowout history),Normal day | VIX prediction was accurate within 0.5%
2023-11-16,Thursday,weekly,▂↓▁↑█↓▅ 📈,19674.7,19875.25,19627.0,19765.2,11.14,11.65,0.58,1.26,0.46,1.02,0.24,2.16,0.68,Underestimated,Down to Up,No,0.46,Above High,4216,-67772,-39171,FII Confident (sold puts >20K),-667,51436,-57555,PRO Confident (sold puts >20K),SAFE (0% blowout history),BLOWOUT Down to Up | Actual 1.26% vs VIX predicted 0.58% (miss: +0.68%)
2023-11-23,Thursday,weekly,▄↓▁↑█↓▂ 📉,19828.45,19875.15,19786.75,19802.0,11.87,11.32,0.62,0.45,0.13,0.24,0.21,0.72,-0.18,Overestimated,Top to Down,Yes,-0.05,Within Range,3365,10495,10844,FII Neutral,300,232341,11251,PRO Neutral,LOW (9% blowout history),Normal day | VIX prediction was accurate within 0.5%
2023-11-30,Thursday,monthly,▆↓▁↑█↓▇ 📈,20108.5,20158.7,20015.85,20133.15,12.71,12.69,0.67,0.71,0.12,0.25,0.46,1.07,0.04,Overestimated,Down to Up,No,0.18,Above High,13053,44376,-73504,FII Bullish (bought fut + sold puts),28196,41785,-406548,PRO Bullish (bought fut + sold puts),SAFE (0% blowout history),Normal day | VIX prediction was accurate within 0.5%
2023-12-07,Thursday,weekly,▇↓▁↑█↓▅ 📉,20932.4,20941.25,20850.8,20901.15,13.74,12.67,0.72,0.43,0.15,0.04,0.39,0.6,-0.29,Overestimated,Top to Down,Yes,-0.17,Within Range,26672,201950,168407,FII Hedging (bought puts >20K),-11765,69254,239044,PRO Very Bearish (sold fut >10K + bought puts >20K),HIGH (50% blowout history),Normal day | VIX prediction was accurate within 0.5%
2023-12-14,Thursday,weekly,▃↓▁↑█↓▇ 📈,21110.4,21210.9,21074.45,21182.7,12.07,12.32,0.63,0.65,0.34,0.48,0.17,1.02,0.01,Overestimated,Down to Up,No,1.23,Above High,-11533,139129,106860,FII Very Bearish (sold fut >10K + bought puts >20K),-65,147878,-87235,PRO Confident (sold puts >20K),HIGH (50% blowout history),Normal day | VIX prediction was accurate within 0.5%
2023-12-21,Thursday,weekly,▂↓▁↑█↓▇ 📈,21033.95,21288.35,20976.8,21255.05,14.45,13.76,0.76,1.48,1.05,1.21,0.27,1.96,0.72,Underestimated,Down to Up,Yes,0.5,Within Range,20041,-133614,-136401,FII Bullish (bought fut + sold puts),-4503,-141152,220243,PRO Hedging (bought puts >20K),SAFE (0% blowout history),BLOWOUT Down to Up | Actual 1.48% vs VIX predicted 0.76% (miss: +0.72%)
2023-12-28,Thursday,monthly,▃↓▁↑█↓▇ 📈,21715.0,21801.45,21678.0,21778.7,15.56,15.14,0.81,0.57,0.29,0.4,0.17,0.7,-0.25,Overestimated,Down to Up,No,0.57,Above High,-3324,58973,143833,FII Hedging (bought puts >20K),-1577,90704,-298350,PRO Confident (sold puts >20K),HIGH (50% blowout history),Normal day | VIX prediction was accurate within 0.5%
2024-01-04,Thursday,weekly,▃↓▁↑█↓▆ 📈,21605.8,21685.65,21564.55,21658.6,14.1,13.33,0.74,0.56,0.24,0.37,0.19,0.76,-0.18,Overestimated,Down to Up,Yes,0.66,Within Range,-8867,-172373,-234421,FII Confident (sold puts >20K),4088,314033,86767,PRO Hedging (bought puts >20K),SAFE (0% blowout history),Normal day | VIX prediction was accurate within 0.5%
2024-01-11,Thursday,weekly,▆↓▁↑█↓▄ 📉,21688.0,21726.5,21593.75,21647.2,12.97,12.77,0.68,0.61,0.19,0.18,0.43,0.9,-0.07,Overestimated,Top to Down,No,0.13,Above High,-7901,-15582,46954,FII Hedging (bought puts >20K),1388,446664,-68762,PRO Confident (sold puts >20K),HIGH (50% blowout history),Normal day | VIX prediction was accurate within 0.5%
2024-01-18,Thursday,weekly,▅↓▁↑█↓▆ 📈,21414.2,21539.4,21285.55,21462.25,15.08,14.07,0.79,1.19,0.22,0.58,0.6,1.5,0.4,Overestimated,Down to Up,No,-0.51,Below Low,-58945,-452583,-417203,FII Bearish (sold fut >10K),-12740,-194972,354358,PRO Very Bearish (sold fut >10K + bought puts >20K),HIGH (50% blowout history),Normal day | VIX prediction was accurate within 0.5%
2024-01-25,Thursday,monthly,█↓▁↑█↓▄ 📉,21454.6,21459.0,21247.05,21352.6,14.38,13.87,0.75,0.99,0.48,0.02,0.97,1.31,0.24,Overestimated,Top to Down,Yes,-0.47,Within Range,10273,-27553,-62764,FII Bullish (bought fut + sold puts),5776,107280,-155248,PRO Confident (sold puts >20K),SAFE (0% blowout history),Normal day | VIX prediction was accurate within 0.5%
2024-02-01,Thursday,weekly,▆↓▁↑█↓▃ 📉,21780.65,21832.95,21658.75,21697.45,16.05,14.46,0.84,0.8,0.38,0.24,0.56,0.95,-0.04,Overestimated,Top to Down,Yes,-0.13,Within Range,12605,-62459,-112361,FII Bullish (bought fut + sold puts),5781,-4781,-240751,PRO Confident (sold puts >20K),SAFE (0% blowout history),Normal day | VIX prediction was accurate within 0.5%
2024-02-08,Thursday,weekly,█↓▁↑█↓▂ 📉,22009.65,22011.05,21665.3,21717.95,15.51,15.83,0.81,1.57,1.33,0.01,1.56,1.93,0.76,Underestimated,Top to Down,No,-0.97,Below Low,-20076,84444,101924,FII Very Bearish (sold fut >10K + bought puts >20K),11654,169171,97061,PRO Hedging (bought puts >20K),HIGH (50% blowout history),BLOWOUT Top to Down | Actual 1.57% vs VIX predicted 0.81% (miss: +0.76%)
2024-02-15,Thursday,weekly,▆↓▁↑█↓▆ 📈,21906.55,21953.85,21794.8,21910.75,15.44,15.23,0.81,0.73,0.02,0.22,0.51,0.9,-0.08,Overestimated,Down to Up,No,0.32,Above High,1745,107664,142370,FII Hedging (bought puts >20K),-433,-115766,-76704,PRO Confident (sold puts >20K),HIGH (50% blowout history),Normal day | VIX prediction was accurate within 0.5%
2024-02-22,Thursday,weekly,▅↓▁↑█↓▇ 📈,22081.55,22252.5,21875.25,22217.45,15.93,15.2,0.83,1.71,0.62,0.77,0.93,2.05,0.87,Underestimated,Down to Up,Yes,0.74,Within Range,7384,157060,110117,FII Hedging (bought puts >20K),-11309,-334140,424509,PRO Very Bearish (sold fut >10K + bought puts >20K),HIGH (50% blowout history),BLOWOUT Down to Up | Actual 1.71% vs VIX predicted 0.83% (miss: +0.87%)
2024-02-29,Thursday,monthly,▄↓▁↑█↓▅ 📈,21935.2,22060.55,21860.65,21982.8,16.33,15.57,0.85,0.91,0.22,0.57,0.34,1.07,0.06,Overestimated,Down to Up,Yes,0.14,Within Range,-2925,-238966,-154886,FII Confident (sold puts >20K),8711,-533143,61689,PRO Hedging (bought puts >20K),SAFE (0% blowout history),Normal day | VIX prediction was accurate within 0.5%
2024-03-07,Thursday,weekly,▇↓▁↑█↓▆ 📉,22505.3,22525.65,22430.0,22493.55,14.3,13.61,0.75,0.43,0.05,0.09,0.33,0.57,-0.32,Overestimated,Top to Down,Yes,0.09,Within Range,18600,161278,163373,FII Hedging (bought puts >20K),12837,-6875,52949,PRO Hedging (bought puts >20K),HIGH (50% blowout history),Normal day | VIX prediction was accurate within 0.5%
2024-03-14,Thursday,weekly,▃↓▁↑█↓▇ 📈,21982.55,22204.6,21917.5,22146.65,14.43,13.62,0.76,1.31,0.75,1.01,0.3,1.73,0.55,Underestimated,Down to Up,Yes,0.68,Within Range,-13499,3715,78424,FII Very Bearish (sold fut >10K + bought puts >20K),-6208,-228438,-6138,PRO Mildly Bearish,HIGH (50% blowout history),BLOWOUT Down to Up | Actual 1.31% vs VIX predicted 0.76% (miss: +0.55%)
2024-03-21,Thursday,weekly,▃↓▁↑█↓▅ 📈,21989.9,22080.95,21941.3,22011.95,13.47,12.51,0.71,0.64,0.1,0.41,0.22,0.9,-0.07,Overestimated,Down to Up,No,0.79,Above High,-9865,107034,112953,FII Hedging (bought puts >20K),2527,265826,-100238,PRO Confident (sold puts >20K),HIGH (50% blowout history),Normal day | VIX prediction was accurate within 0.5%
2024-03-28,Thursday,monthly,▁↑▁↑█↓▄ 📈,22163.6,22516.0,22163.6,22326.9,12.7,12.83,0.66,1.59,0.74,1.59,0.0,2.39,0.93,Underestimated,Down to Up,No,0.92,Above High,-15392,76857,130112,FII Very Bearish (sold fut >10K + bought puts >20K),23864,124765,-22238,PRO Bullish (bought fut + sold puts),HIGH (50% blowout history),BLOWOUT Down to Up | Actual 1.59% vs VIX predicted 0.66% (miss: +0.93%)
2024-04-04,Thursday,weekly,▇↓▁↑█↓▆ 📉,22592.1,22619.0,22303.8,22514.65,11.37,11.22,0.6,1.4,0.34,0.12,1.28,2.34,0.8,Underestimated,Top to Down,Yes,0.36,Within Range,-16330,116299,142955,FII Very Bearish (sold fut >10K + bought puts >20K),14199,44801,62505,PRO Hedging (bought puts >20K),HIGH (50% blowout history),BLOWOUT Top to Down | Actual 1.4% vs VIX predicted 0.6% (miss: +0.8%)
2024-04-10,Wednesday,weekly,▄↓▁↑█↓▆ 📈,22720.25,22775.7,22673.7,22753.8,11.36,11.11,0.59,0.45,0.15,0.24,0.2,0.75,-0.15,Overestimated,Down to Up,Yes,0.49,Within Range,27659,167901,162395,FII Hedging (bought puts >20K),-6672,-193062,5548,PRO Mildly Bearish,HIGH (50% blowout history),Normal day | VIX prediction was accurate within 0.5%
2024-04-18,Thursday,weekly,▆↓▁↑█↓▂ 📉,22212.35,22326.5,21961.7,21995.85,12.62,13.04,0.66,1.64,0.97,0.51,1.13,2.49,0.98,Underestimated,Top to Down,No,-0.69,Below Low,0,0,0,FII Neutral,0,0,0,PRO Neutral,LOW (9% blowout history),BLOWOUT Top to Down | Actual 1.64% vs VIX predicted 0.66% (miss: +0.98%)
2024-04-25,Thursday,monthly,▁↑▁↑█↓▇ 📈,22316.9,22625.95,22305.25,22570.35,10.28,10.73,0.54,1.44,1.14,1.38,0.05,2.67,0.9,Underestimated,Down to Up,No,0.75,Above High,-15438,98567,11016,FII Bearish (sold fut >10K),8553,113264,81750,PRO Hedging (bought puts >20K),HIGH (50% blowout history),BLOWOUT Down to Up | Actual 1.44% vs VIX predicted 0.54% (miss: +0.9%)
2024-05-02,Thursday,weekly,▁↑▁↑█↓▅ 📈,22567.85,22710.5,22567.85,22648.2,12.87,13.45,0.67,0.63,0.36,0.63,0.0,0.94,-0.04,Overestimated,Down to Up,Yes,0.19,Within Range,0,0,0,FII Neutral,0,0,0,PRO Neutral,LOW (9% blowout history),Normal day | VIX prediction was accurate within 0.5%
2024-05-09,Thursday,weekly,▆↓▁↑█↓▁ 📉,22224.8,22307.75,21932.4,21957.5,17.08,18.2,0.89,1.69,1.2,0.37,1.32,1.89,0.79,Underestimated,Top to Down,No,-1.55,Below Low,-26530,-16454,-113542,FII Bearish (sold fut >10K),-14996,314256,-24430,PRO Bearish (sold fut >10K),HIGH (50% blowout history),BLOWOUT Top to Down | Actual 1.69% vs VIX predicted 0.89% (miss: +0.79%)
2024-05-16,Thursday,weekly,▆↓▁↑█↓▇ 📈,22319.2,22432.25,22054.55,22403.85,20.27,20.0,1.06,1.69,0.38,0.51,1.19,1.59,0.63,Underestimated,Down to Up,No,0.92,Above High,-32108,-35906,-30232,FII Bearish (sold fut >10K),18854,73343,184951,PRO Hedging (bought puts >20K),HIGH (50% blowout history),BLOWOUT Down to Up | Actual 1.69% vs VIX predicted 1.06% (miss: +0.63%)
2024-05-23,Thursday,weekly,▂↓▁↑█→█ 📈,22614.1,22993.6,22577.45,22967.65,21.47,21.38,1.12,1.84,1.56,1.68,0.16,1.64,0.72,Underestimated,Down to Up,No,1.64,Above High,-7781,87400,10363,FII Neutral,12776,125601,-62216,PRO Bullish (bought fut + sold puts),LOW (9% blowout history),BLOWOUT Down to Up | Actual 1.84% vs VIX predicted 1.12% (miss: +0.72%)
2024-05-30,Thursday,monthly,▆↓▁↑█↓▃ 📉,22617.45,22705.75,22417.0,22488.65,24.18,24.18,1.27,1.28,0.57,0.39,0.89,1.01,0.01,Overestimated,Top to Down,No,-0.95,Below Low,-52665,167128,235131,FII Very Bearish (sold fut >10K + bought puts >20K),-5252,62213,134483,PRO Hedging (bought puts >20K),HIGH (50% blowout history),Normal day | VIX prediction was accurate within 0.5%
2024-06-06,Thursday,weekly,▅↓▁↑█↓▆ 📈,22798.6,22910.15,22642.6,22821.4,18.89,16.8,0.99,1.17,0.1,0.49,0.68,1.19,0.18,Overestimated,Down to Up,No,0.89,Above High,43772,470365,297079,FII Hedging (bought puts >20K),43946,377165,17641,PRO Mildly Bullish,HIGH (50% blowout history),Normal day | VIX prediction was accurate within 0.5%
2024-06-13,Thursday,weekly,█↓▁↑█↓▃ 📉,23480.95,23481.05,23353.9,23398.9,14.39,13.49,0.75,0.54,0.35,0.0,0.54,0.72,-0.21,Overestimated,Top to Down,Yes,0.33,Within Range,45726,162669,158557,FII Hedging (bought puts >20K),-4691,158953,20962,PRO Hedging (bought puts >20K),HIGH (50% blowout history),Normal day | VIX prediction was accurate within 0.5%
2024-06-20,Thursday,weekly,▇↓▁↑█↓▆ 📉,23586.15,23624.0,23442.6,23567.0,13.71,13.35,0.72,0.77,0.08,0.16,0.61,1.07,0.05,Overestimated,Top to Down,Yes,0.22,Within Range,56911,-32540,-35870,FII Bullish (bought fut + sold puts),6960,-34636,184088,PRO Hedging (bought puts >20K),SAFE (0% blowout history),Normal day | VIX prediction was accurate within 0.5%
2024-06-27,Thursday,monthly,▃↓▁↑█↓▇ 📈,23881.55,24087.45,23805.4,24044.5,14.05,14.15,0.74,1.18,0.68,0.86,0.32,1.61,0.45,Overestimated,Down to Up,No,0.74,Above High,61955,-56746,-82910,FII Bullish (bought fut + sold puts),-39015,-12247,282235,PRO Very Bearish (sold fut >10K + bought puts >20K),SAFE (0% blowout history),Normal day | VIX prediction was accurate within 0.5%
2024-07-04,Thursday,weekly,▆↓▁↑█↓▂ 📉,24369.95,24401.0,24281.0,24302.15,13.21,12.86,0.69,0.49,0.28,0.13,0.36,0.71,-0.2,Overestimated,Top to Down,Yes,0.06,Within Range,31842,163596,117068,FII Hedging (bought puts >20K),4754,203603,-82317,PRO Confident (sold puts >20K),HIGH (50% blowout history),Normal day | VIX prediction was accurate within 0.5%
2024-07-11,Thursday,weekly,█↓▁↑█↓▅ 📉,24396.55,24402.65,24193.75,24315.95,14.43,14.0,0.76,0.86,0.33,0.03,0.83,1.13,0.1,Overestimated,Top to Down,Yes,-0.03,Within Range,-47737,16751,36111,FII Very Bearish (sold fut >10K + bought puts >20K),1869,77706,213021,PRO Hedging (bought puts >20K),HIGH (50% blowout history),Normal day | VIX prediction was accurate within 0.5%
2024-07-18,Thursday,weekly,▂↓▁↑█↓▇ 📈,24543.8,24837.75,24504.45,24800.85,14.22,14.51,0.74,1.36,1.05,1.2,0.16,1.82,0.61,Underestimated,Down to Up,No,0.76,Above High,0,0,0,FII Neutral,0,0,0,PRO Neutral,LOW (9% blowout history),BLOWOUT Down to Up | Actual 1.36% vs VIX predicted 0.74% (miss: +0.61%)
2024-07-25,Thursday,monthly,▂↓▁↑█↓▇ 📈,24230.95,24426.15,24210.8,24406.1,11.76,12.62,0.62,0.89,0.72,0.81,0.08,1.44,0.27,Overestimated,Down to Up,Yes,-0.03,Within Range,-43058,177321,196266,FII Very Bearish (sold fut >10K + bought puts >20K),-23851,131048,17062,PRO Bearish (sold fut >10K),HIGH (50% blowout history),Normal day | VIX prediction was accurate within 0.5%
2024-08-01,Thursday,weekly,▅↓▁↑█↓▄ 📉,25030.95,25078.3,24956.4,25010.9,13.25,12.93,0.69,0.49,0.08,0.19,0.3,0.7,-0.21,Overestimated,Top to Down,No,0.24,Above High,-13297,45458,199464,FII Very Bearish (sold fut >10K + bought puts >20K),30178,100137,-99284,PRO Bullish (bought fut + sold puts),HIGH (50% blowout history),Normal day | VIX prediction was accurate within 0.5%
2024-08-08,Thursday,weekly,▆↓▁↑█↓▂ 📉,24248.55,24340.5,24079.7,24117.0,16.17,16.6,0.85,1.08,0.54,0.38,0.7,1.27,0.23,Overestimated,Top to Down,No,-0.74,Below Low,-14738,120498,207704,FII Very Bearish (sold fut >10K + bought puts >20K),11109,375563,-71144,PRO Bullish (bought fut + sold puts),HIGH (50% blowout history),Normal day | VIX prediction was accurate within 0.5%
2024-08-14,Wednesday,weekly,▇↓▁↑█↓▄ 📉,24184.4,24196.5,24099.7,24143.75,16.17,15.44,0.85,0.4,0.17,0.05,0.35,0.47,-0.45,Overestimated,Top to Down,Yes,0.02,Within Range,-36291,89268,162668,FII Very Bearish (sold fut >10K + bought puts >20K),7181,-512183,47304,PRO Hedging (bought puts >20K),HIGH (50% blowout history),Normal day | VIX prediction was accurate within 0.5%
2024-08-22,Thursday,weekly,█↓▁↑█↓▃ 📉,24863.4,24867.35,24784.45,24811.5,13.33,13.0,0.7,0.33,0.21,0.02,0.32,0.48,-0.36,Overestimated,Top to Down,No,0.17,Above High,-8466,121082,85400,FII Hedging (bought puts >20K),3776,-58478,37392,PRO Hedging (bought puts >20K),HIGH (50% blowout history),Normal day | VIX prediction was accurate within 0.5%
2024-08-29,Thursday,monthly,▂↓▁↑█↓▇ 📈,25035.3,25192.9,24998.5,25151.95,13.95,13.79,0.73,0.78,0.47,0.63,0.15,1.06,0.05,Overestimated,Down to Up,No,0.4,Above High,47880,60402,58601,FII Hedging (bought puts >20K),-3716,-23339,110540,PRO Hedging (bought puts >20K),HIGH (50% blowout history),Normal day | VIX prediction was accurate within 0.5%
2024-09-05,Thursday,weekly,▇↓▁↑█↓▂ 📉,25250.5,25275.45,25127.75,25145.1,14.38,14.21,0.75,0.58,0.42,0.1,0.49,0.78,-0.17,Overestimated,Top to Down,Yes,-0.21,Within Range,-18740,176634,149181,FII Very Bearish (sold fut >10K + bought puts >20K),-13541,-232939,81786,PRO Very Bearish (sold fut >10K + bought puts >20K),HIGH (50% blowout history),Normal day | VIX prediction was accurate within 0.5%
2024-09-12,Thursday,weekly,▃↓▁↑█↓▇ 📈,25059.65,25433.35,24941.45,25388.9,13.63,13.18,0.71,1.96,1.31,1.49,0.47,2.75,1.25,Underestimated,Down to Up,No,1.89,Above High,-6286,-88725,-61002,FII Confident (sold puts >20K),7605,-150444,303675,PRO Hedging (bought puts >20K),SAFE (0% blowout history),BLOWOUT Down to Up | Actual 1.96% vs VIX predicted 0.71% (miss: +1.25%)
2024-09-19,Thursday,weekly,▄↓▁↑█↓▂ 📉,25487.05,25611.95,25376.05,25415.8,13.37,12.47,0.7,0.93,0.28,0.49,0.44,1.32,0.23,Overestimated,Top to Down,Yes,0.15,Within Range,17235,101354,123157,FII Hedging (bought puts >20K),-4633,-66209,185058,PRO Hedging (bought puts >20K),HIGH (50% blowout history),Normal day | VIX prediction was accurate within 0.5%
2024-09-26,Thursday,monthly,▁↑▁↑█↓▇ 📈,26005.4,26250.9,25998.4,26216.05,12.74,12.0,0.67,0.97,0.81,0.94,0.03,1.46,0.3,Overestimated,Down to Up,No,0.81,Above High,13493,-22962,-4981,FII Mildly Bullish,-21714,327894,260811,PRO Very Bearish (sold fut >10K + bought puts >20K),LOW (9% blowout history),Normal day | VIX prediction was accurate within 0.5%
2024-10-03,Thursday,weekly,▅↓▁↑█↓▁ 📉,25452.85,25639.45,25230.3,25250.1,11.99,13.17,0.63,1.61,0.8,0.73,0.87,2.56,0.98,Underestimated,Top to Down,No,-2.12,Below Low,0,0,0,FII Neutral,0,0,0,PRO Neutral,LOW (9% blowout history),BLOWOUT Top to Down | Actual 1.61% vs VIX predicted 0.63% (miss: +0.98%)
2024-10-10,Thursday,weekly,▅↓▁↑█↓▂ 📉,25067.05,25134.05,24979.4,24998.45,14.12,13.5,0.74,0.62,0.27,0.27,0.35,0.83,-0.12,Overestimated,Top to Down,Yes,0.07,Within Range,-53714,-160161,-147604,FII Bearish (sold fut >10K),16514,132101,171769,PRO Hedging (bought puts >20K),HIGH (50% blowout history),Normal day | VIX prediction was accurate within 0.5%
2024-10-17,Thursday,weekly,█↓▁↑█↓▁ 📉,25027.4,25029.5,24728.9,24749.85,13.05,13.39,0.68,1.2,1.11,0.01,1.19,1.76,0.52,Underestimated,Top to Down,No,-0.89,Below Low,-10435,172540,319400,FII Very Bearish (sold fut >10K + bought puts >20K),5606,-70924,55394,PRO Hedging (bought puts >20K),HIGH (50% blowout history),BLOWOUT Top to Down | Actual 1.2% vs VIX predicted 0.68% (miss: +0.52%)
2024-10-24,Thursday,weekly,▅↓▁↑█↓▄ 📉,24412.7,24480.65,24341.2,24399.4,14.62,13.97,0.77,0.57,0.05,0.28,0.29,0.75,-0.19,Overestimated,Top to Down,Yes,-0.15,Within Range,881,154764,99016,FII Hedging (bought puts >20K),-7983,201154,-149091,PRO Confident (sold puts >20K),HIGH (50% blowout history),Normal day | VIX prediction was accurate within 0.5%
2024-10-31,Thursday,monthly,▇↓▁↑█↓▂ 📉,24349.85,24372.45,24172.6,24205.35,15.51,15.55,0.81,0.82,0.59,0.09,0.73,1.01,0.01,Overestimated,Top to Down,No,-0.56,Below Low,-30623,-128012,-45183,FII Bearish (sold fut >10K),13609,-163828,409081,PRO Hedging (bought puts >20K),HIGH (50% blowout history),Normal day | VIX prediction was accurate within 0.5%
2024-11-07,Thursday,weekly,█↓▁↑█↓▁ 📉,24489.6,24503.35,24179.05,24199.35,14.87,14.94,0.78,1.32,1.19,0.06,1.27,1.7,0.55,Underestimated,Top to Down,No,-1.16,Below Low,-4540,14860,135175,FII Hedging (bought puts >20K),2032,-250707,-63421,PRO Confident (sold puts >20K),HIGH (50% blowout history),BLOWOUT Top to Down | Actual 1.32% vs VIX predicted 0.78% (miss: +0.55%)
2024-11-14,Thursday,weekly,▃↓▁↑█↓▃ 📉,23542.15,23675.9,23484.15,23532.7,15.44,14.78,0.81,0.81,0.04,0.57,0.25,1.01,0.01,Overestimated,Top to Down,Yes,-0.11,Within Range,-27202,92048,95516,FII Very Bearish (sold fut >10K + bought puts >20K),-14272,108322,-58245,PRO Bearish (sold fut >10K),HIGH (50% blowout history),Normal day | VIX prediction was accurate within 0.5%
2024-11-21,Thursday,weekly,▇↓▁↑█↓▃ 📉,23488.45,23507.3,23263.15,23349.9,15.66,15.99,0.82,1.04,0.59,0.08,0.96,1.27,0.22,Overestimated,Top to Down,No,-0.72,Below Low,0,0,0,FII Neutral,0,0,0,PRO Neutral,LOW (9% blowout history),Normal day | VIX prediction was accurate within 0.5%
2024-11-28,Thursday,monthly,▇↓▁↑█↓▂ 📉,24274.15,24345.75,23873.35,23914.15,14.63,15.21,0.77,1.95,1.48,0.29,1.65,2.54,1.18,Underestimated,Top to Down,No,-1.49,Below Low,-12859,52825,8020,FII Bearish (sold fut >10K),10386,78078,174883,PRO Hedging (bought puts >20K),HIGH (50% blowout history),BLOWOUT Top to Down | Actual 1.95% vs VIX predicted 0.77% (miss: +1.18%)
2024-12-05,Thursday,weekly,▄↓▁↑█↓▆ 📈,24539.15,24857.75,24295.55,24708.4,14.45,14.53,0.76,2.29,0.69,1.3,0.99,3.03,1.53,Underestimated,Down to Up,No,0.98,Above High,14824,75910,42983,FII Hedging (bought puts >20K),5582,-53797,879,PRO Mildly Bearish,HIGH (50% blowout history),BLOWOUT Down to Up | Actual 2.29% vs VIX predicted 0.76% (miss: +1.53%)
2024-12-12,Thursday,weekly,▅↓▁↑█↓▂ 📉,24604.45,24675.25,24527.95,24548.7,13.27,13.19,0.69,0.6,0.23,0.29,0.31,0.86,-0.1,Overestimated,Top to Down,No,-0.38,Below Low,-1016,25588,-32148,FII Confident (sold puts >20K),819,-346536,-356726,PRO Confident (sold puts >20K),SAFE (0% blowout history),Normal day | VIX prediction was accurate within 0.5%
2024-12-19,Thursday,weekly,▁↑▁↑█↓▅ 📈,23877.15,24004.9,23870.3,23951.7,14.37,14.51,0.75,0.56,0.31,0.54,0.03,0.75,-0.19,Overestimated,Down to Up,No,-1.02,Below Low,-10244,-179197,-99140,FII Bearish (sold fut >10K),-23909,-197724,-113401,PRO Bearish (sold fut >10K),HIGH (50% blowout history),Normal day | VIX prediction was accurate within 0.5%
2024-12-26,Thursday,monthly,▅↓▁↑█↓▄ 📉,23775.8,23854.5,23653.6,23750.2,13.18,14.04,0.69,0.84,0.11,0.33,0.51,1.22,0.15,Overestimated,Top to Down,Yes,0.1,Within Range,0,0,0,FII Neutral,0,0,0,PRO Neutral,LOW (9% blowout history),Normal day | VIX prediction was accurate within 0.5%
2025-01-02,Thursday,weekly,▁↑▁↑█↓▇ 📈,23783.0,24226.7,23751.55,24188.65,14.45,13.74,0.76,2.0,1.71,1.87,0.13,2.64,1.24,Underestimated,Down to Up,No,1.88,Above High,-12134,64816,-27869,FII Bearish (sold fut >10K),-4359,56091,1968,PRO Neutral,HIGH (50% blowout history),BLOWOUT Down to Up | Actual 2.0% vs VIX predicted 0.76% (miss: +1.24%)
2025-01-09,Thursday,weekly,▇↓▁↑█↓▂ 📉,23674.75,23689.5,23503.05,23526.5,14.47,14.66,0.76,0.79,0.63,0.06,0.73,1.04,0.03,Overestimated,Top to Down,Yes,-0.69,Within Range,-17304,-68664,-29546,FII Bearish (sold fut >10K),-10666,-108592,-28512,PRO Bearish (sold fut >10K),HIGH (50% blowout history),Normal day | VIX prediction was accurate within 0.5%
2025-01-16,Thursday,weekly,▇↓▁↑█↓▃ 📉,23377.25,23391.65,23272.05,23311.8,15.26,15.47,0.8,0.51,0.28,0.06,0.45,0.64,-0.29,Overestimated,Top to Down,No,0.42,Above High,4633,-178755,-183915,FII Confident (sold puts >20K),1955,31675,-14620,PRO Neutral,SAFE (0% blowout history),Normal day | VIX prediction was accurate within 0.5%
2025-01-23,Thursday,weekly,▂↓▁↑█↓▅ 📈,23128.3,23270.8,23090.65,23205.35,16.77,16.7,0.88,0.78,0.33,0.62,0.16,0.89,-0.1,Overestimated,Down to Up,No,0.22,Above High,-351,-46645,-271219,FII Confident (sold puts >20K),-3937,90412,38316,PRO Hedging (bought puts >20K),SAFE (0% blowout history),Normal day | VIX prediction was accurate within 0.5%
2025-01-30,Thursday,monthly,▂↓▁↑█↓▅ 📈,23169.5,23322.05,23139.2,23249.5,18.64,17.39,0.98,0.79,0.35,0.66,0.13,0.81,-0.19,Overestimated,Down to Up,No,0.37,Above High,12496,217315,190796,FII Hedging (bought puts >20K),-3301,52188,-46139,PRO Confident (sold puts >20K),HIGH (50% blowout history),Normal day | VIX prediction was accurate within 0.5%
2025-02-06,Thursday,weekly,█↓▁↑█↓▃ 📉,23761.95,23773.55,23556.25,23603.35,14.08,14.18,0.74,0.91,0.67,0.05,0.87,1.24,0.18,Overestimated,Top to Down,No,-0.39,Below Low,4056,-51658,-54992,FII Confident (sold puts >20K),-2406,-69869,56919,PRO Hedging (bought puts >20K),SAFE (0% blowout history),Normal day | VIX prediction was accurate within 0.5%
2025-02-13,Thursday,weekly,▃↓▁↑█↓▂ 📉,23055.75,23235.5,22992.2,23031.4,14.9,14.96,0.78,1.06,0.11,0.78,0.28,1.35,0.28,Overestimated,Top to Down,Yes,-0.06,Within Range,-2373,-13078,-15000,FII Neutral,-5532,-51501,-75578,PRO Confident (sold puts >20K),LOW (9% blowout history),Normal day | VIX prediction was accurate within 0.5%
2025-02-20,Thursday,weekly,▂↓▁↑█↓▇ 📈,22821.1,22923.85,22812.75,22913.15,15.42,14.68,0.81,0.49,0.4,0.45,0.04,0.6,-0.32,Overestimated,Down to Up,Yes,-0.09,Within Range,1799,12426,-4886,FII Neutral,-7805,-68736,-73134,PRO Confident (sold puts >20K),LOW (9% blowout history),Normal day | VIX prediction was accurate within 0.5%
2025-02-27,Thursday,monthly,▅↓▁↑█↓▃ 📉,22568.95,22613.3,22508.4,22545.05,13.72,13.31,0.72,0.46,0.11,0.2,0.27,0.65,-0.25,Overestimated,Top to Down,Yes,-0.01,Within Range,0,0,0,FII Neutral,0,0,0,PRO Neutral,LOW (9% blowout history),Normal day | VIX prediction was accurate within 0.5%
2025-03-06,Thursday,weekly,▆↓▁↑█→█ 📈,22476.35,22556.45,22245.85,22544.7,13.67,13.73,0.72,1.38,0.3,0.36,1.03,1.93,0.67,Underestimated,Down to Up,No,0.93,Above High,2845,20202,-19806,FII Neutral,-5309,31621,-61364,PRO Confident (sold puts >20K),LOW (9% blowout history),BLOWOUT Down to Up | Actual 1.38% vs VIX predicted 0.72% (miss: +0.67%)
2025-03-13,Thursday,weekly,▇↓▁↑█↓▂ 📉,22541.5,22558.05,22377.35,22397.2,13.69,13.28,0.72,0.8,0.64,0.07,0.73,1.12,0.08,Overestimated,Top to Down,Yes,-0.33,Within Range,-4510,-31804,-19813,FII Mildly Bearish,-1691,-80360,-43774,PRO Confident (sold puts >20K),MODERATE (33% blowout history),Normal day | VIX prediction was accurate within 0.5%
2025-03-20,Thursday,weekly,▃↓▁↑█↓▇ 📈,23036.6,23216.7,22973.95,23190.65,13.3,12.6,0.7,1.05,0.67,0.78,0.27,1.51,0.36,Overestimated,Down to Up,No,1.24,Above High,12721,82333,47630,FII Hedging (bought puts >20K),-3081,-103785,-49056,PRO Confident (sold puts >20K),HIGH (50% blowout history),Normal day | VIX prediction was accurate within 0.5%
2025-03-27,Thursday,monthly,▂↓▁↑█↓▆ 📈,23433.95,23646.45,23412.2,23591.95,13.47,13.3,0.71,1.0,0.67,0.91,0.09,1.42,0.29,Overestimated,Down to Up,Yes,0.45,Within Range,6871,76179,83100,FII Hedging (bought puts >20K),-11571,-28844,12343,PRO Bearish (sold fut >10K),HIGH (50% blowout history),Normal day | VIX prediction was accurate within 0.5%
2025-04-03,Thursday,weekly,▁↑▁↑█↓▆ 📈,23150.3,23306.5,23145.8,23250.1,13.72,13.6,0.72,0.69,0.43,0.67,0.02,0.97,-0.02,Overestimated,Down to Up,Yes,-0.35,Within Range,4249,-51066,-106019,FII Confident (sold puts >20K),-228,64362,-59436,PRO Confident (sold puts >20K),SAFE (0% blowout history),Normal day | VIX prediction was accurate within 0.5%
2025-04-09,Wednesday,weekly,▇↓▁↑█↓▄ 📉,22460.3,22468.7,22353.25,22399.15,20.44,21.43,1.07,0.51,0.27,0.04,0.48,0.48,-0.56,Overestimated,Top to Down,Yes,-0.61,Within Range,-1514,192267,205347,FII Hedging (bought puts >20K),1873,-72605,-22127,PRO Confident (sold puts >20K),HIGH (50% blowout history),Normal day | VIX prediction was accurate within 0.5%
2025-04-17,Thursday,weekly,▂↓▁↑█→█ 📈,23401.85,23872.35,23298.55,23851.65,15.87,15.47,0.83,2.45,1.92,2.01,0.44,2.95,1.62,Underestimated,Down to Up,No,1.77,Above High,1278,105894,85679,FII Hedging (bought puts >20K),-69,50294,-24648,PRO Confident (sold puts >20K),HIGH (50% blowout history),BLOWOUT Down to Up | Actual 2.45% vs VIX predicted 0.83% (miss: +1.62%)
2025-04-24,Thursday,monthly,▄↓▁↑█↓▃ 📉,24277.9,24347.85,24216.15,24246.7,15.96,16.25,0.84,0.54,0.13,0.29,0.25,0.65,-0.29,Overestimated,Top to Down,Yes,-0.34,Within Range,7564,-11588,-61659,FII Confident (sold puts >20K),-4979,-3256,26537,PRO Hedging (bought puts >20K),SAFE (0% blowout history),Normal day | VIX prediction was accurate within 0.5%
2025-04-30,Wednesday,weekly,▆↓▁↑█↓▆ 📉,24342.05,24396.15,24198.75,24334.2,17.37,18.22,0.91,0.81,0.03,0.22,0.59,0.89,-0.1,Overestimated,Top to Down,Yes,-0.01,Within Range,4879,-62518,-9113,FII Mildly Bearish,988,-53626,15998,PRO Mildly Bearish,MODERATE (33% blowout history),Normal day | VIX prediction was accurate within 0.5%
2025-05-08,Thursday,weekly,█↓▁↑█↓▄ 📉,24431.5,24447.25,24150.2,24273.8,19.06,21.01,1.0,1.22,0.65,0.06,1.15,1.22,0.22,Overestimated,Top to Down,Yes,-0.58,Within Range,3105,-7304,-18548,FII Neutral,-7556,31877,-28288,PRO Confident (sold puts >20K),LOW (9% blowout history),Normal day | VIX prediction was accurate within 0.5%
2025-05-15,Thursday,weekly,▃↓▁↑█↓▇ 📈,24694.45,25116.25,24494.45,25062.1,17.23,16.89,0.9,2.52,1.49,1.71,0.81,2.79,1.62,Underestimated,Down to Up,No,1.6,Above High,1697,13277,-22373,FII Confident (sold puts >20K),4803,84430,-25567,PRO Confident (sold puts >20K),SAFE (0% blowout history),BLOWOUT Down to Up | Actual 2.52% vs VIX predicted 0.9% (miss: +1.62%)
2025-05-22,Thursday,weekly,█↓▁↑█↓▅ 📉,24733.95,24737.5,24462.4,24609.7,17.55,17.26,0.92,1.11,0.5,0.01,1.1,1.21,0.19,Overestimated,Top to Down,No,-0.82,Below Low,1159,107200,83317,FII Hedging (bought puts >20K),7251,82312,7270,PRO Neutral,HIGH (50% blowout history),Normal day | VIX prediction was accurate within 0.5%
2025-05-29,Thursday,monthly,▆↓▁↑█↓▆ 📈,24825.1,24892.6,24677.3,24833.6,18.02,16.42,0.94,0.87,0.03,0.27,0.6,0.92,-0.08,Overestimated,Down to Up,Yes,0.33,Within Range,-11568,-262883,-284840,FII Bearish (sold fut >10K),2250,-179724,-108978,PRO Confident (sold puts >20K),HIGH (50% blowout history),Normal day | VIX prediction was accurate within 0.5%
2025-06-05,Thursday,weekly,▃↓▁↑█↓▄ 📈,24691.2,24899.85,24613.1,24750.9,15.75,15.08,0.82,1.16,0.24,0.85,0.32,1.41,0.34,Overestimated,Down to Up,No,0.53,Above High,219,-30068,-65848,FII Confident (sold puts >20K),1180,65885,-2530,PRO Neutral,SAFE (0% blowout history),Normal day | VIX prediction was accurate within 0.5%
2025-06-12,Thursday,weekly,▇↓▁↑█↓▂ 📉,25164.45,25196.2,24825.9,24888.2,13.67,14.02,0.72,1.47,1.1,0.13,1.35,2.06,0.76,Underestimated,Top to Down,No,-1.01,Below Low,6475,159302,143417,FII Hedging (bought puts >20K),4733,59218,44993,PRO Hedging (bought puts >20K),HIGH (50% blowout history),BLOWOUT Top to Down | Actual 1.47% vs VIX predicted 0.72% (miss: +0.76%)
2025-06-19,Thursday,weekly,▅↓▁↑█↓▄ 📉,24803.25,24863.1,24733.4,24793.25,14.28,14.26,0.75,0.52,0.04,0.24,0.28,0.7,-0.22,Overestimated,Top to Down,Yes,-0.08,Within Range,350,-46177,-29505,FII Confident (sold puts >20K),4800,18426,23031,PRO Hedging (bought puts >20K),SAFE (0% blowout history),Normal day | VIX prediction was accurate within 0.5%
2025-06-26,Thursday,monthly,▁↑▁↑█→█ 📈,25268.95,25565.3,25259.9,25549.0,12.96,12.59,0.68,1.21,1.11,1.17,0.04,1.78,0.53,Underestimated,Down to Up,No,1.21,Above High,2601,79125,48634,FII Hedging (bought puts >20K),17342,16467,-14836,PRO Mildly Bullish,HIGH (50% blowout history),BLOWOUT Down to Up | Actual 1.21% vs VIX predicted 0.68% (miss: +0.53%)
2025-07-03,Thursday,weekly,▅↓▁↑█↓▂ 📉,25505.1,25587.5,25384.35,25405.3,12.45,12.39,0.65,0.8,0.39,0.32,0.47,1.22,0.14,Overestimated,Top to Down,Yes,-0.19,Within Range,-10515,-91522,8846,FII Bearish (sold fut >10K),-3160,-100739,-50631,PRO Confident (sold puts >20K),HIGH (50% blowout history),Normal day | VIX prediction was accurate within 0.5%
2025-07-10,Thursday,weekly,█↓▁↑█↓▂ 📉,25511.65,25524.05,25340.45,25355.25,11.94,11.67,0.63,0.72,0.61,0.05,0.67,1.15,0.09,Overestimated,Top to Down,No,-0.47,Below Low,-5192,-20132,1085,FII Mildly Bearish,3294,-81218,38038,PRO Hedging (bought puts >20K),MODERATE (33% blowout history),Normal day | VIX prediction was accurate within 0.5%
2025-07-17,Thursday,weekly,█↓▁↑█↓▂ 📉,25230.75,25238.35,25101.0,25111.45,11.24,11.24,0.59,0.54,0.47,0.03,0.51,0.93,-0.04,Overestimated,Top to Down,No,-0.4,Below Low,-3692,-725,1927,FII Neutral,779,-28524,-17182,PRO Mildly Bearish,LOW (9% blowout history),Normal day | VIX prediction was accurate within 0.5%
2025-07-24,Thursday,weekly,█↓▁↑█↓▂ 📉,25243.3,25246.25,25018.7,25062.1,10.52,10.72,0.55,0.9,0.72,0.01,0.89,1.64,0.35,Overestimated,Top to Down,No,-0.63,Below Low,3897,36192,-42321,FII Confident (sold puts >20K),-4989,160222,-81439,PRO Confident (sold puts >20K),SAFE (0% blowout history),Normal day | VIX prediction was accurate within 0.5%
2025-07-31,Thursday,monthly,▁↑▁↑█↓▄ 📈,24642.25,24956.5,24635.0,24768.35,11.21,11.54,0.59,1.3,0.51,1.28,0.03,2.22,0.72,Underestimated,Down to Up,No,-0.35,Below Low,-2329,-24671,-53178,FII Confident (sold puts >20K),4261,-93108,-13693,PRO Mildly Bearish,SAFE (0% blowout history),BLOWOUT Down to Up | Actual 1.3% vs VIX predicted 0.59% (miss: +0.72%)
2025-08-07,Thursday,weekly,▄↓▁↑█↓▇ 📈,24464.2,24634.2,24344.15,24596.15,11.96,11.69,0.63,1.19,0.54,0.69,0.49,1.89,0.56,Underestimated,Down to Up,Yes,0.09,Within Range,1683,-13050,65116,FII Hedging (bought puts >20K),1514,-88340,-37698,PRO Confident (sold puts >20K),HIGH (50% blowout history),BLOWOUT Down to Up | Actual 1.19% vs VIX predicted 0.63% (miss: +0.56%)
2025-08-14,Thursday,weekly,▂↓▁↑█↓▄ 📈,24607.25,24673.65,24596.9,24631.3,12.14,12.36,0.64,0.31,0.1,0.27,0.04,0.49,-0.32,Overestimated,Down to Up,Yes,0.05,Within Range,2501,35416,-61523,FII Confident (sold puts >20K),-325,7981,-50996,PRO Confident (sold puts >20K),SAFE (0% blowout history),Normal day | VIX prediction was accurate within 0.5%
2025-08-21,Thursday,weekly,▇↓▁↑█↓▃ 📉,25142.0,25153.65,25054.9,25083.75,11.79,11.37,0.62,0.39,0.23,0.05,0.35,0.64,-0.22,Overestimated,Top to Down,Yes,0.13,Within Range,-1661,-25264,-51167,FII Confident (sold puts >20K),4954,3209,-5749,PRO Neutral,SAFE (0% blowout history),Normal day | VIX prediction was accurate within 0.5%
2025-08-28,Thursday,monthly,█↓▁↑█↓▂ 📉,24695.8,24702.65,24481.6,24500.9,12.19,12.18,0.64,0.9,0.79,0.03,0.87,1.4,0.26,Overestimated,Top to Down,No,-0.85,Below Low,-6691,-5533,29832,FII Hedging (bought puts >20K),-799,-180902,31575,PRO Hedging (bought puts >20K),HIGH (50% blowout history),Normal day | VIX prediction was accurate within 0.5%
2025-09-02,Tuesday,weekly,▅↓▁↑█↓▃ 📉,24653.0,24756.1,24522.35,24579.6,11.29,11.4,0.59,0.95,0.3,0.42,0.53,1.6,0.36,Overestimated,Top to Down,Yes,-0.18,Within Range,2648,23450,-78707,FII Confident (sold puts >20K),738,85440,-7027,PRO Neutral,SAFE (0% blowout history),Normal day | VIX prediction was accurate within 0.5%
2025-09-09,Tuesday,weekly,▆↓▁↑█↓▆ 📈,24864.1,24891.8,24814.0,24868.6,10.84,10.69,0.57,0.31,0.02,0.11,0.2,0.55,-0.25,Overestimated,Down to Up,Yes,0.39,Within Range,55,49869,1158,FII Neutral,-3695,-25536,22632,PRO Hedging (bought puts >20K),LOW (9% blowout history),Normal day | VIX prediction was accurate within 0.5%
2025-09-16,Tuesday,weekly,▁↑▁↑█↓▇ 📈,25073.6,25261.4,25070.45,25239.1,10.4,10.27,0.54,0.76,0.66,0.75,0.01,1.4,0.22,Overestimated,Down to Up,No,0.68,Above High,1193,-35667,11150,FII Mildly Bearish,-1545,-117638,108996,PRO Hedging (bought puts >20K),MODERATE (33% blowout history),Normal day | VIX prediction was accurate within 0.5%
2025-09-23,Tuesday,weekly,▆↓▁↑█↓▄ 📉,25209.0,25261.9,25084.65,25169.5,10.56,10.63,0.55,0.7,0.16,0.21,0.49,1.27,0.15,Overestimated,Top to Down,Yes,-0.13,Within Range,2519,-68154,17804,FII Mildly Bearish,0,0,0,PRO Neutral,MODERATE (33% blowout history),Normal day | VIX prediction was accurate within 0.5%
2025-09-30,Tuesday,monthly,▆↓▁↑█↓▂ 📉,24691.95,24731.8,24587.7,24611.1,11.37,11.07,0.6,0.58,0.33,0.16,0.42,0.98,-0.01,Overestimated,Top to Down,Yes,-0.1,Within Range,-2622,31346,-13873,FII Neutral,6411,26196,58167,PRO Hedging (bought puts >20K),LOW (9% blowout history),Normal day | VIX prediction was accurate within 0.5%
2025-10-07,Tuesday,weekly,▁↑▁↑█↓▃ 📈,25085.3,25220.9,25076.3,25108.3,10.19,10.05,0.53,0.58,0.09,0.54,0.04,1.08,0.04,Overestimated,Down to Up,No,0.12,Above High,-8082,31183,-9366,FII Neutral,19808,-143808,-102583,PRO Bullish (bought fut + sold puts),LOW (9% blowout history),Normal day | VIX prediction was accurate within 0.5%
2025-10-14,Tuesday,weekly,▇↓▁↑█↓▃ 📉,25277.55,25310.35,25060.55,25145.5,11.01,11.16,0.58,0.99,0.52,0.13,0.86,1.71,0.41,Overestimated,Top to Down,No,-0.32,Below Low,-4370,-47964,38398,FII Hedging (bought puts >20K),-7728,-49610,91208,PRO Hedging (bought puts >20K),HIGH (50% blowout history),Normal day | VIX prediction was accurate within 0.5%
2025-10-21,Tuesday,weekly,▆↓▁↑█↓▄ 📉,25901.2,25934.35,25825.8,25868.6,11.36,11.3,0.59,0.42,0.13,0.13,0.29,0.7,-0.18,Overestimated,Top to Down,Yes,0.1,Within Range,5192,-36561,-20126,FII Confident (sold puts >20K),-885,-8978,-126460,PRO Confident (sold puts >20K),SAFE (0% blowout history),Normal day | VIX prediction was accurate within 0.5%
2025-10-28,Tuesday,monthly,▅↓▁↑█↓▅ 📉,25939.95,26041.7,25810.05,25936.2,11.86,11.95,0.62,0.89,0.01,0.39,0.5,1.44,0.27,Overestimated,Top to Down,Yes,-0.11,Within Range,-1085,-3742,-30376,FII Confident (sold puts >20K),6438,90868,-12878,PRO Neutral,SAFE (0% blowout history),Normal day | VIX prediction was accurate within 0.5%
2025-11-04,Tuesday,weekly,▇↓▁↑█↓▂ 📉,25744.75,25787.4,25578.4,25597.65,12.67,12.65,0.66,0.81,0.57,0.17,0.65,1.22,0.15,Overestimated,Top to Down,No,-0.64,Below Low,-6154,-1180,-21140,FII Confident (sold puts >20K),-3586,-20110,-100045,PRO Confident (sold puts >20K),SAFE (0% blowout history),Normal day | VIX prediction was accurate within 0.5%
2025-11-11,Tuesday,weekly,▅↓▁↑█↓▇ 📈,25617.0,25715.8,25449.25,25694.95,12.3,12.49,0.64,1.04,0.3,0.39,0.65,1.62,0.4,Overestimated,Down to Up,No,0.47,Above High,-4616,-22652,-24089,FII Confident (sold puts >20K),5633,-43929,-22190,PRO Confident (sold puts >20K),SAFE (0% blowout history),Normal day | VIX prediction was accurate within 0.5%
2025-11-18,Tuesday,weekly,█↓▁↑█↓▃ 📉,26021.8,26029.85,25876.5,25910.05,11.79,12.1,0.62,0.59,0.43,0.03,0.56,0.95,-0.03,Overestimated,Top to Down,Yes,-0.4,Within Range,334,11233,-35728,FII Confident (sold puts >20K),112,-14186,-104309,PRO Confident (sold puts >20K),SAFE (0% blowout history),Normal day | VIX prediction was accurate within 0.5%
2025-11-25,Tuesday,monthly,▇↓▁↑█↓▂ 📉,25998.5,26032.6,25857.5,25884.8,13.24,12.24,0.69,0.67,0.44,0.13,0.54,0.97,-0.02,Overestimated,Top to Down,No,-0.29,Below Low,8150,-38568,6732,FII Mildly Bearish,8521,-84983,59130,PRO Hedging (bought puts >20K),MODERATE (33% blowout history),Normal day | VIX prediction was accurate within 0.5%
2025-12-02,Tuesday,weekly,▅↓▁↑█↓▃ 📉,26087.95,26154.6,25997.85,26032.2,11.63,11.23,0.61,0.6,0.21,0.26,0.35,0.99,-0.01,Overestimated,Top to Down,No,-0.55,Below Low,426,-8336,14157,FII Neutral,-1655,-101847,85154,PRO Hedging (bought puts >20K),LOW (9% blowout history),Normal day | VIX prediction was accurate within 0.5%
2025-12-09,Tuesday,weekly,▆↓▁↑█↓▅ 📉,25867.1,25923.65,25728.0,25839.65,11.13,10.95,0.58,0.76,0.11,0.22,0.54,1.3,0.17,Overestimated,Top to Down,No,-0.47,Below Low,-17227,-128539,73289,FII Very Bearish (sold fut >10K + bought puts >20K),14518,-288041,70313,PRO Hedging (bought puts >20K),HIGH (50% blowout history),Normal day | VIX prediction was accurate within 0.5%
2025-12-16,Tuesday,weekly,▇↓▁↑█↓▂ 📉,25951.5,25980.75,25834.35,25860.1,10.25,10.06,0.54,0.56,0.35,0.11,0.45,1.05,0.03,Overestimated,Top to Down,No,-0.64,Below Low,2491,-21743,-12751,FII Mildly Bearish,-4044,-10081,-96723,PRO Confident (sold puts >20K),MODERATE (33% blowout history),Normal day | VIX prediction was accurate within 0.5%
2025-12-23,Tuesday,weekly,▆↓▁↑█↓▅ 📉,26205.2,26233.55,26119.05,26177.15,9.68,9.38,0.51,0.44,0.11,0.11,0.33,0.86,-0.07,Overestimated,Top to Down,Yes,0.02,Within Range,14084,41472,-22413,FII Bullish (bought fut + sold puts),-5015,-22422,-154291,PRO Confident (sold puts >20K),SAFE (0% blowout history),Normal day | VIX prediction was accurate within 0.5%
2025-12-30,Tuesday,monthly,▅↓▁↑█↓▅ 📉,25940.9,25976.75,25878.0,25938.85,9.72,9.68,0.51,0.38,0.01,0.14,0.24,0.75,-0.13,Overestimated,Top to Down,Yes,-0.01,Within Range,-15787,-5008,-882,FII Bearish (sold fut >10K),2834,-17474,-36862,PRO Confident (sold puts >20K),HIGH (50% blowout history),Normal day | VIX prediction was accurate within 0.5%
2026-01-06,Tuesday,weekly,▄↓▁↑█↓▄ 📉,26189.7,26273.95,26124.75,26178.7,10.02,10.02,0.52,0.57,0.04,0.32,0.25,1.09,0.05,Overestimated,Top to Down,No,-0.27,Below Low,2223,-70363,54956,FII Hedging (bought puts >20K),-851,-267448,94763,PRO Hedging (bought puts >20K),HIGH (50% blowout history),Normal day | VIX prediction was accurate within 0.5%
2026-01-13,Tuesday,weekly,█↓▁↑█↓▄ 📉,25897.35,25899.8,25603.3,25732.3,11.37,11.2,0.6,1.14,0.64,0.01,1.14,1.92,0.55,Underestimated,Top to Down,Yes,-0.22,Within Range,-7346,23513,-19383,FII Neutral,2498,78441,-11742,PRO Neutral,LOW (9% blowout history),BLOWOUT Top to Down | Actual 1.14% vs VIX predicted 0.6% (miss: +0.55%)
2026-01-20,Tuesday,weekly,█↓▁↑█↓▂ 📉,25580.3,25585.0,25171.35,25232.5,11.83,12.73,0.62,1.62,1.36,0.02,1.6,2.61,1.0,Underestimated,Top to Down,No,-1.38,Below Low,-2722,-29105,-16847,FII Mildly Bearish,-1315,-53109,-35474,PRO Confident (sold puts >20K),MODERATE (33% blowout history),BLOWOUT Top to Down | Actual 1.62% vs VIX predicted 0.62% (miss: +1.0%)
2026-01-27,Tuesday,monthly,▄↓▁↑█↓▆ 📈,25063.35,25246.65,24932.55,25175.4,14.19,14.45,0.74,1.25,0.45,0.73,0.52,1.69,0.51,Underestimated,Down to Up,Yes,0.51,Within Range,-11333,77125,50062,FII Very Bearish (sold fut >10K + bought puts >20K),1742,-192663,70663,PRO Hedging (bought puts >20K),HIGH (50% blowout history),BLOWOUT Down to Up | Actual 1.25% vs VIX predicted 0.74% (miss: +0.51%)
2026-02-03,Tuesday,weekly,█↓▁↑█↓▂ 📉,26308.05,26341.2,25641.3,25727.55,13.87,12.9,0.73,2.66,2.21,0.13,2.53,3.66,1.93,Underestimated,Top to Down,No,2.55,Above High,-3317,-63973,30311,FII Hedging (bought puts >20K),10659,-8032,-744,PRO Mildly Bullish,HIGH (50% blowout history),BLOWOUT Top to Down | Actual 2.66% vs VIX predicted 0.73% (miss: +1.93%)
2026-02-10,Tuesday,weekly,▄↓▁↑█↓▅ 📈,25922.65,25989.45,25870.45,25935.15,12.19,11.67,0.64,0.46,0.05,0.26,0.2,0.72,-0.18,Overestimated,Down to Up,No,0.26,Above High,4331,51256,-23756,FII Confident (sold puts >20K),2268,-91825,27670,PRO Hedging (bought puts >20K),SAFE (0% blowout history),Normal day | VIX prediction was accurate within 0.5%
2026-02-17,Tuesday,weekly,▃↓▁↑█↓▇ 📈,25637.95,25764.4,25570.3,25725.4,13.33,12.67,0.7,0.76,0.34,0.49,0.26,1.08,0.06,Overestimated,Down to Up,No,0.17,Above High,2435,8195,-42672,FII Confident (sold puts >20K),-316,134067,-104551,PRO Confident (sold puts >20K),SAFE (0% blowout history),Normal day | VIX prediction was accurate within 0.5%
2026-02-24,Tuesday,monthly,█↓▁↑█↓▃ 📉,25641.8,25641.8,25327.6,25424.65,14.17,14.15,0.74,1.23,0.85,0.0,1.23,1.65,0.48,Overestimated,Top to Down,No,-1.12,Below Low,4579,-10672,28911,FII Hedging (bought puts >20K),6449,-164965,-41839,PRO Confident (sold puts >20K),HIGH (50% blowout history),Normal day | VIX prediction was accurate within 0.5%
2026-03-02,Monday,weekly,▂↓▁↑█↓▆ 📈,24659.25,24989.35,24603.5,24865.7,13.7,17.13,0.72,1.56,0.84,1.34,0.23,2.18,0.85,Underestimated,Down to Up,No,-1.24,Below Low,-21388,1599,85335,FII Very Bearish (sold fut >10K + bought puts >20K),3615,-68305,103631,PRO Hedging (bought puts >20K),HIGH (50% blowout history),BLOWOUT Down to Up | Actual 1.56% vs VIX predicted 0.72% (miss: +0.85%)
2026-03-10,Tuesday,weekly,▇↓▁↑█↓▇ 📉,24280.8,24303.8,24079.95,24261.6,23.36,18.91,1.22,0.92,0.08,0.09,0.83,0.75,-0.3,Overestimated,Top to Down,No,0.97,Above High,-19611,16619,-57566,FII Bearish (sold fut >10K),16058,-20451,-94335,PRO Bullish (bought fut + sold puts),HIGH (50% blowout history),Normal day | VIX prediction was accurate within 0.5%
2026-03-17,Tuesday,weekly,▄↓▁↑█↓▆ 📈,23493.2,23656.8,23346.6,23581.15,21.6,19.79,1.13,1.32,0.37,0.7,0.62,1.17,0.19,Overestimated,Down to Up,No,0.74,Above High,11771,15876,-29424,FII Bullish (bought fut + sold puts),-1222,-1132,20400,PRO Hedging (bought puts >20K),SAFE (0% blowout history),Normal day | VIX prediction was accurate within 0.5%
2026-03-24,Tuesday,weekly,▅↓▁↑█↓▆ 📈,22878.45,23057.3,22624.2,22912.4,26.73,24.74,1.4,1.89,0.15,0.78,1.11,1.35,0.49,Overestimated,Down to Up,No,1.78,Above High,-9453,-6655,-426,FII Neutral,-4562,-42952,-31447,PRO Confident (sold puts >20K),LOW (9% blowout history),Normal day | VIX prediction was accurate within 0.5%
2026-03-30,Monday,monthly,▅↓▁↑█↓▂ 📉,22549.65,22714.1,22283.85,22331.4,26.8,27.89,1.4,1.91,0.97,0.73,1.18,1.36,0.5,Underestimated,Top to Down,No,-2.14,Below Low,-41341,10936,6400,FII Bearish (sold fut >10K),6650,-26716,63872,PRO Hedging (bought puts >20K),HIGH (50% blowout history),BLOWOUT Top to Down | Actual 1.91% vs VIX predicted 1.4% (miss: +0.5%)
2026-04-07,Tuesday,weekly,▃↓▁↑█→█ 📈,22838.7,23153.85,22719.3,23123.65,25.47,24.7,1.33,1.9,1.25,1.38,0.52,1.43,0.57,Underestimated,Down to Up,No,0.68,Above High,-442,16904,-6458,FII Neutral,940,11147,-9297,PRO Neutral,LOW (9% blowout history),BLOWOUT Down to Up | Actual 1.9% vs VIX predicted 1.33% (miss: +0.57%)
2026-04-13,Monday,weekly,▂↓▁↑█↓▇ 📈,23589.6,23907.4,23555.6,23842.65,18.85,20.5,0.99,1.49,1.07,1.35,0.14,1.51,0.5,Underestimated,Down to Up,No,-0.86,Below Low,21491,46554,1548,FII Mildly Bullish,818,25342,-29132,PRO Confident (sold puts >20K),LOW (9% blowout history),BLOWOUT Down to Up | Actual 1.49% vs VIX predicted 0.99% (miss: +0.5%)
2026-04-21,Tuesday,weekly,▂↓▁↑█↓▇ 📈,24374.55,24601.7,24354.9,24576.6,18.79,17.53,0.98,1.01,0.83,0.93,0.08,1.03,0.03,Overestimated,Down to Up,No,0.87,Above High,1192,-39313,-25100,FII Confident (sold puts >20K),5199,15092,74019,PRO Hedging (bought puts >20K),SAFE (0% blowout history),Normal day | VIX prediction was accurate within 0.5%
2026-04-28,Tuesday,monthly,▄↓▁↑█↓▂ 📉,24049.9,24181.8,23957.05,23995.7,18.38,18.05,0.96,0.93,0.23,0.55,0.39,0.97,-0.03,Overestimated,Top to Down,Yes,-0.4,Within Range,-1902,22171,-56058,FII Confident (sold puts >20K),10617,22753,-95374,PRO Bullish (bought fut + sold puts),SAFE (0% blowout history),Normal day | VIX prediction was accurate within 0.5%
2026-05-05,Tuesday,weekly,▇↓▁↑█↓▆ 📉,24052.6,24081.7,23882.05,24032.8,18.3,17.91,0.96,0.83,0.08,0.12,0.71,0.87,-0.13,Overestimated,Top to Down,Yes,-0.36,Within Range,-8096,33772,-8133,FII Neutral,-469,-120032,-63444,PRO Confident (sold puts >20K),LOW (9% blowout history),Normal day | VIX prediction was accurate within 0.5%
2026-05-12,Tuesday,weekly,▇↓▁↑█↓▂ 📉,23722.6,23757.55,23348.4,23379.55,18.55,19.28,0.97,1.72,1.45,0.15,1.58,1.78,0.75,Underestimated,Top to Down,No,-1.83,Below Low,-10857,-48623,26642,FII Very Bearish (sold fut >10K + bought puts >20K),4933,-89165,-51026,PRO Confident (sold puts >20K),HIGH (50% blowout history),BLOWOUT Top to Down | Actual 1.72% vs VIX predicted 0.97% (miss: +0.75%)
2026-05-19,Tuesday,weekly,▄↓▁↑█↓▂ 📉,23675.3,23782.3,23587.2,23618.0,19.63,18.68,1.03,0.82,0.24,0.45,0.37,0.8,-0.2,Overestimated,Top to Down,Yes,-0.14,Within Range,6641,42153,11923,FII Neutral,5780,32748,-90903,PRO Confident (sold puts >20K),LOW (9% blowout history),Normal day | VIX prediction was accurate within 0.5%
2026-05-26,Tuesday,monthly,▅↓▁↑█↓▂ 📉,24004.1,24089.8,23885.45,23913.7,16.7,16.13,0.87,0.85,0.38,0.36,0.49,0.97,-0.02,Overestimated,Top to Down,No,-0.49,Below Low,10015,118115,-38503,FII Bullish (bought fut + sold puts),7171,-68084,-65727,PRO Confident (sold puts >20K),SAFE (0% blowout history),Normal day | VIX prediction was accurate within 0.5%
2026-06-02,Tuesday,weekly,▁↑▁↑█↓▆ 📈,23229.15,23556.95,23229.15,23483.55,16.54,15.36,0.87,1.41,1.1,1.41,0.0,1.63,0.55,Underestimated,Down to Up,Yes,0.43,Within Range,-21871,16937,32360,FII Very Bearish (sold fut >10K + bought puts >20K),5008,-138708,-13829,PRO Mildly Bearish,HIGH (50% blowout history),BLOWOUT Down to Up | Actual 1.41% vs VIX predicted 0.87% (miss: +0.55%)
2026-06-09,Tuesday,weekly,▇↓▁↑█↓▇ 📉,23259.05,23279.4,23104.45,23242.1,17.03,15.58,0.89,0.75,0.07,0.09,0.66,0.84,-0.14,Overestimated,Top to Down,Yes,0.52,Within Range,-9908,-17877,19207,FII Neutral,777,-88271,-10559,PRO Mildly Bearish,LOW (9% blowout history),Normal day | VIX prediction was accurate within 0.5%
2026-06-16,Tuesday,weekly,▃↓▁↑█↓▇ 📈,23923.9,24002.6,23888.2,23989.15,14.35,13.36,0.75,0.48,0.27,0.33,0.15,0.64,-0.27,Overestimated,Down to Up,Yes,0.57,Within Range,2382,-43307,2574,FII Mildly Bearish,-5326,-123291,-45343,PRO Confident (sold puts >20K),MODERATE (33% blowout history),Normal day | VIX prediction was accurate within 0.5%
2026-06-23,Tuesday,weekly,▇↓▁↑█↓▂ 📉,24071.3,24135.5,23784.95,23824.1,12.84,13.94,0.67,1.46,1.03,0.27,1.19,2.17,0.78,Underestimated,Top to Down,No,-1.16,Below Low,3639,4838,17052,FII Neutral,9566,-67399,-95604,PRO Confident (sold puts >20K),LOW (9% blowout history),BLOWOUT Top to Down | Actual 1.46% vs VIX predicted 0.67% (miss: +0.78%)
2026-06-30,Tuesday,monthly,█↓▁↑█↓▂ 📉,24032.05,24035.55,23829.2,23865.75,13.61,13.6,0.71,0.86,0.69,0.01,0.84,1.21,0.15,Overestimated,Top to Down,No,-0.34,Below Low,-10642,14540,19574,FII Bearish (sold fut >10K),-6508,-91008,-9117,PRO Mildly Bearish,HIGH (50% blowout history),Normal day | VIX prediction was accurate within 0.5%
2026-07-07,Tuesday,weekly,▅↓▁↑█↓▃ 📉,24464.45,24530.9,24348.95,24398.7,11.82,11.65,0.62,0.74,0.27,0.27,0.47,1.2,0.12,Overestimated,Top to Down,Yes,-0.13,Within Range,9488,44820,-20148,FII Confident (sold puts >20K),-2945,-3367,-78727,PRO Confident (sold puts >20K),SAFE (0% blowout history),Normal day | VIX prediction was accurate within 0.5%
2026-07-14,Tuesday,weekly,▃↓▁↑█↓▂ 📉,24068.0,24157.1,24023.7,24052.05,13.28,13.75,0.7,0.55,0.07,0.37,0.18,0.8,-0.14,Overestimated,Top to Down,Yes,-0.66,Within Range,-402,42437,-24399,FII Confident (sold puts >20K),3293,-22883,-2774,PRO Mildly Bearish,SAFE (0% blowout history),Normal day | VIX prediction was accurate within 0.5%
2026-07-21,Tuesday,weekly,▅↓▁↑█↓▄ 📉,24216.05,24262.2,24135.65,24187.7,12.98,12.6,0.68,0.52,0.12,0.19,0.33,0.77,-0.16,Overestimated,Top to Down,Yes,-0.21,Within Range,-3295,-80446,12674,FII Mildly Bearish,230,-26745,132232,PRO Hedging (bought puts >20K),MODERATE (33% blowout history),Normal day | VIX prediction was accurate within 0.5%
2026-07-28,Tuesday,monthly,▂↓▁↑█↓▃ 📈,23971.25,24041.150390625,23954.599609375,23985.349609375,12.65999984741211,12.5600004196167,0.8,0.36,0.06,0.29,0.07,0.45,-0.44,Overestimated,Down to Up,Yes,-0.04,Within Range,3922,33272,-53129,FII Confident (sold puts >20K),3426,-55124,-4877,PRO Mildly Bearish,SAFE (0% blowout history),Normal day | VIX prediction was accurate within 0.5%
2026-08-04,Tuesday,weekly,█↓▁↑█↓▆ 📉,24703.900390625,24703.900390625,24427.94921875,24614.900390625,11.930000305175781,12.1899995803833,0.75,1.12,0.36,0.0,1.12,1.49,0.37,Overestimated,Top to Down,Yes,-0.64,Within Range,22297,55995,-20375,FII Bullish (bought fut + sold puts),-11103,26049,-105418,PRO Bearish (sold fut >10K),SAFE (0% blowout history),Normal day | VIX prediction was accurate within 0.5%
2026-08-11,Tuesday,weekly,█↓▁↑█↓▃ 📉,24575.099609375,24576.849609375,24429.25,24471.69921875,12.25,11.859999656677246,0.77,0.6,0.42,0.01,0.59,0.78,-0.17,Overestimated,Top to Down,No,-0.46,Below Low,-2105,13095,15380,FII Neutral,1879,-26827,-27757,PRO Confident (sold puts >20K),LOW (9% blowout history),Normal day | VIX prediction was accurate within 0.5%
2026-08-18,Tuesday,weekly,▅↓▁↑█↓▁ 📉,24223.849609375,24269.650390625,24154.900390625,24154.900390625,11.329999923706055,11.390000343322754,0.71,0.47,0.28,0.19,0.28,0.66,-0.24,Overestimated,Top to Down,No,-0.55,Below Low,-4889,48120,5279,FII Neutral,-269,-11203,52088,PRO Hedging (bought puts >20K),LOW (9% blowout history),Normal day | VIX prediction was accurate within 0.5%
2026-08-25,Tuesday,monthly,▃↓▁↑█↓█ 📈,24175.75,24334.55078125,24115.44921875,24334.55078125,11.524999618530273,11.074999809265137,0.73,0.91,0.66,0.66,0.25,1.25,0.18,Overestimated,Down to Up,No,0.48,Above High,-9528,18433,114011,FII Hedging (bought puts >20K),2483,-180498,13145,PRO Mildly Bearish,HIGH (50% blowout history),Normal day | VIX prediction was accurate within 0.5%
