date,day_of_week,is_sensex_expiry,is_nifty_expiry,is_dual_expiry,day_type,expiry_type,daily_direction,afternoon_direction,concordance,day_open,day_close,daily_move_pct,price_at_2pm,session_close,move_from_2pm_pct,inflection_time,inflection_price,move_from_inflection_pct,vix_open,t1_fii_stance
2020-08-06,Thursday,0,1,0,Nifty-Only Expiry,non-expiry,Down to Up,Top to Down,Mismatch,11185.7,11206.8,0.189,11225.55,11206.8,0.167,14:00,11225.75,0.169,,
2020-08-07,Friday,1,0,0,Sensex Expiry,weekly,Down to Up,Down to Up,Match,11186.65,11216.9,0.27,11190.85,11216.9,0.233,14:20,11186.05,0.276,23.15,FII Neutral
2020-08-10,Monday,0,0,0,No Expiry,non-expiry,Down to Up,Top to Down,Mismatch,11270.25,11274.65,0.039,11294.1,11274.65,0.172,14:55,11296.65,0.195,,
2020-08-11,Tuesday,0,0,0,No Expiry,non-expiry,Down to Up,Top to Down,Mismatch,11322.25,11332.0,0.086,11340.2,11332.0,0.072,14:10,11360.95,0.255,,
2020-08-12,Wednesday,0,0,0,No Expiry,non-expiry,Down to Up,Down to Up,Match,11289.0,11310.75,0.193,11294.1,11310.75,0.147,14:00,11292.85,0.159,,
2020-08-13,Thursday,0,1,0,Nifty-Only Expiry,non-expiry,Top to Down,Flat,Flat,11334.85,11312.2,-0.2,11313.15,11312.2,0.008,,,0.0,,
2020-08-14,Friday,1,0,0,Sensex Expiry,weekly,Top to Down,Top to Down,Match,11353.3,11183.05,-1.5,11213.4,11183.05,0.271,14:00,11213.4,0.271,20.57,FII Neutral
2020-08-17,Monday,0,0,0,No Expiry,non-expiry,Down to Up,Down to Up,Match,11248.9,11259.65,0.096,11226.2,11259.65,0.298,14:15,11183.1,0.685,,
2020-08-18,Tuesday,0,0,0,No Expiry,non-expiry,Down to Up,Down to Up,Match,11259.8,11391.2,1.167,11338.1,11391.2,0.468,14:00,11336.9,0.479,,
2020-08-19,Wednesday,0,0,0,No Expiry,non-expiry,Top to Down,Top to Down,Match,11452.15,11421.35,-0.269,11447.0,11421.35,0.224,14:00,11454.7,0.291,,
2020-08-20,Thursday,0,1,0,Nifty-Only Expiry,non-expiry,Top to Down,Top to Down,Match,11317.45,11308.3,-0.081,11312.45,11308.3,0.037,14:45,11333.95,0.226,,
2020-08-21,Friday,1,0,0,Sensex Expiry,weekly,Top to Down,Top to Down,Match,11409.65,11378.4,-0.274,11397.6,11378.4,0.168,14:05,11406.15,0.243,20.62,FII Bearish (sold fut >10K)
2020-08-24,Monday,0,0,0,No Expiry,non-expiry,Down to Up,Flat,Flat,11412.0,11472.9,0.534,11473.4,11472.9,0.004,,,0.0,,
2020-08-25,Tuesday,0,0,0,No Expiry,non-expiry,Top to Down,Down to Up,Mismatch,11513.1,11479.35,-0.293,11464.65,11479.35,0.128,14:15,11423.6,0.488,,
2020-08-26,Wednesday,0,0,0,No Expiry,non-expiry,Down to Up,Down to Up,Match,11512.85,11551.7,0.337,11503.1,11551.7,0.422,14:00,11503.1,0.422,,
2020-08-27,Thursday,0,1,0,Nifty-Only Expiry,non-expiry,Top to Down,Flat,Flat,11609.3,11571.5,-0.326,11571.7,11571.5,0.002,,,0.0,,
2020-08-28,Friday,1,0,0,Sensex Expiry,monthly,Down to Up,Down to Up,Match,11602.95,11657.1,0.467,11648.05,11657.1,0.078,15:15,11633.5,0.203,18.9,FII Mildly Bullish
2020-08-31,Monday,0,0,0,No Expiry,non-expiry,Top to Down,Top to Down,Match,11777.55,11341.05,-3.706,11445.95,11341.05,0.916,14:10,11459.0,1.029,,
2020-09-01,Tuesday,0,0,0,No Expiry,non-expiry,Down to Up,Down to Up,Match,11464.3,11494.1,0.26,11489.4,11494.1,0.041,14:35,11400.1,0.825,,
2020-09-02,Wednesday,0,0,0,No Expiry,non-expiry,Down to Up,Down to Up,Match,11478.55,11543.1,0.562,11468.75,11543.1,0.648,14:00,11467.2,0.662,,
2020-09-03,Thursday,0,1,0,Nifty-Only Expiry,non-expiry,Top to Down,Top to Down,Match,11566.2,11535.7,-0.264,11553.55,11535.7,0.154,14:25,11566.15,0.263,,
2020-09-04,Friday,1,0,0,Sensex Expiry,weekly,Down to Up,Top to Down,Mismatch,11354.4,11358.35,0.035,11416.2,11358.35,0.507,14:05,11418.15,0.524,20.5,FII Neutral
2020-09-07,Monday,0,0,0,No Expiry,non-expiry,Down to Up,Down to Up,Match,11359.6,11377.0,0.153,11338.35,11377.0,0.341,14:35,11279.2,0.867,,
2020-09-08,Tuesday,0,0,0,No Expiry,non-expiry,Top to Down,Top to Down,Match,11378.55,11294.3,-0.74,11403.7,11294.3,0.959,14:10,11418.5,1.088,,
2020-09-09,Wednesday,0,0,0,No Expiry,non-expiry,Down to Up,Down to Up,Match,11218.6,11285.75,0.599,11252.35,11285.75,0.297,14:15,11219.25,0.593,,
2020-09-10,Thursday,0,1,0,Nifty-Only Expiry,non-expiry,Down to Up,Down to Up,Match,11363.3,11454.35,0.801,11376.2,11454.35,0.687,14:00,11376.2,0.687,,
2020-09-11,Friday,1,0,0,Sensex Expiry,weekly,Down to Up,Down to Up,Match,11447.8,11454.85,0.062,11437.05,11454.85,0.156,14:00,11435.75,0.167,21.26,FII Neutral
2020-09-14,Monday,0,0,0,No Expiry,non-expiry,Top to Down,Top to Down,Match,11540.15,11422.1,-1.023,11508.65,11422.1,0.752,14:00,11515.55,0.812,,
2020-09-15,Tuesday,0,0,0,No Expiry,non-expiry,Down to Up,Down to Up,Match,11487.2,11532.15,0.391,11492.85,11532.15,0.342,14:00,11492.5,0.345,,
2020-09-16,Wednesday,0,0,0,No Expiry,non-expiry,Down to Up,Down to Up,Match,11538.45,11600.05,0.534,11574.3,11600.05,0.222,14:05,11571.5,0.247,,
2020-09-17,Thursday,0,1,0,Nifty-Only Expiry,non-expiry,Top to Down,Top to Down,Match,11539.4,11519.25,-0.175,11537.05,11519.25,0.154,14:35,11561.45,0.365,,
2020-09-18,Friday,1,0,0,Sensex Expiry,weekly,Top to Down,Top to Down,Match,11584.1,11515.95,-0.588,11564.45,11515.95,0.419,14:00,11575.7,0.516,20.1,FII Neutral
2020-09-21,Monday,0,0,0,No Expiry,non-expiry,Top to Down,Top to Down,Match,11503.8,11221.65,-2.453,11392.8,11221.65,1.502,14:00,11394.7,1.519,,
2020-09-22,Tuesday,0,0,0,No Expiry,non-expiry,Top to Down,Top to Down,Match,11301.75,11175.5,-1.117,11184.45,11175.5,0.08,14:00,11189.3,0.123,,
2020-09-23,Wednesday,0,0,0,No Expiry,non-expiry,Top to Down,Down to Up,Mismatch,11258.75,11135.9,-1.091,11049.7,11135.9,0.78,14:05,11030.2,0.958,,
2020-09-24,Thursday,0,1,0,Nifty-Only Expiry,non-expiry,Top to Down,Top to Down,Match,11011.0,10821.35,-1.722,10900.7,10821.35,0.728,14:15,10913.55,0.845,,
2020-09-25,Friday,1,0,0,Sensex Expiry,monthly,Down to Up,Down to Up,Match,10910.4,11035.8,1.149,10981.75,11035.8,0.492,14:00,10979.3,0.515,23.51,FII Bearish (sold fut >10K)
2020-09-28,Monday,0,0,0,No Expiry,non-expiry,Down to Up,Down to Up,Match,11140.85,11238.35,0.875,11225.65,11238.35,0.113,14:55,11198.1,0.359,,
2020-09-29,Tuesday,0,0,0,No Expiry,non-expiry,Top to Down,Top to Down,Match,11288.6,11222.65,-0.584,11246.1,11222.65,0.209,14:35,11283.75,0.541,,
2020-09-30,Wednesday,0,0,0,No Expiry,non-expiry,Top to Down,Top to Down,Match,11244.45,11226.3,-0.161,11269.45,11226.3,0.383,14:15,11295.2,0.61,,
2020-10-01,Thursday,0,1,0,Nifty-Only Expiry,non-expiry,Down to Up,Down to Up,Match,11364.45,11422.4,0.51,11407.5,11422.4,0.131,14:35,11384.4,0.334,,
2020-10-05,Monday,0,0,0,No Expiry,non-expiry,Down to Up,Flat,Flat,11487.8,11508.45,0.18,11509.6,11508.45,0.01,,,0.0,,
2020-10-06,Tuesday,0,0,0,No Expiry,non-expiry,Down to Up,Down to Up,Match,11603.45,11660.4,0.491,11590.55,11660.4,0.603,14:00,11587.7,0.627,,
2020-10-07,Wednesday,0,0,0,No Expiry,non-expiry,Down to Up,Down to Up,Match,11679.25,11748.7,0.595,11730.6,11748.7,0.154,14:00,11707.25,0.354,,
2020-10-08,Thursday,0,1,0,Nifty-Only Expiry,non-expiry,Top to Down,Top to Down,Match,11835.4,11833.15,-0.019,11860.85,11833.15,0.234,14:10,11870.8,0.317,,
2020-10-09,Friday,1,0,0,Sensex Expiry,weekly,Down to Up,Down to Up,Match,11852.05,11938.0,0.725,11888.8,11938.0,0.414,14:10,11876.15,0.521,20.38,FII Mildly Bullish
2020-10-12,Monday,0,0,0,No Expiry,non-expiry,Top to Down,Down to Up,Mismatch,11973.55,11936.2,-0.312,11914.45,11936.2,0.183,14:25,11894.7,0.349,,
2020-10-13,Tuesday,0,0,0,No Expiry,non-expiry,Top to Down,Down to Up,Mismatch,11934.65,11925.25,-0.079,11921.85,11925.25,0.029,14:00,11921.55,0.031,,
2020-10-14,Wednesday,0,0,0,No Expiry,non-expiry,Down to Up,Down to Up,Match,11917.4,11966.45,0.412,11861.7,11966.45,0.883,14:05,11849.9,0.984,,
2020-10-15,Thursday,0,1,0,Nifty-Only Expiry,non-expiry,Top to Down,Top to Down,Match,12023.45,11672.55,-2.918,11795.15,11672.55,1.039,14:00,11796.7,1.052,,
2020-10-16,Friday,1,0,0,Sensex Expiry,weekly,Down to Up,Down to Up,Match,11727.4,11770.25,0.365,11765.4,11770.25,0.041,14:20,11736.65,0.286,22.06,FII Neutral
2020-10-19,Monday,0,0,0,No Expiry,non-expiry,Flat,Down to Up,Mismatch,11879.2,11878.6,-0.005,11857.85,11878.6,0.175,14:15,11855.4,0.196,,
2020-10-20,Tuesday,0,0,0,No Expiry,non-expiry,Down to Up,Top to Down,Mismatch,11861.0,11898.7,0.318,11900.45,11898.7,0.015,14:15,11913.8,0.127,,
2020-10-21,Wednesday,0,0,0,No Expiry,non-expiry,Top to Down,Down to Up,Mismatch,11958.55,11933.85,-0.207,11864.5,11933.85,0.585,14:15,11776.25,1.338,,
2020-10-22,Thursday,0,1,0,Nifty-Only Expiry,non-expiry,Down to Up,Down to Up,Match,11890.0,11902.25,0.103,11896.9,11902.25,0.045,14:40,11824.0,0.662,,
2020-10-23,Friday,1,0,0,Sensex Expiry,weekly,Top to Down,Top to Down,Match,11957.9,11929.8,-0.235,11947.95,11929.8,0.152,14:45,11960.85,0.26,22.64,FII Neutral
2020-10-26,Monday,0,0,0,No Expiry,non-expiry,Top to Down,Down to Up,Mismatch,11937.4,11776.9,-1.345,11737.1,11776.9,0.339,14:00,11711.95,0.555,,
2020-10-27,Tuesday,0,0,0,No Expiry,non-expiry,Down to Up,Down to Up,Match,11807.1,11887.8,0.683,11844.4,11887.8,0.366,14:05,11841.7,0.389,,
2020-10-28,Wednesday,0,0,0,No Expiry,non-expiry,Top to Down,Down to Up,Mismatch,11922.6,11727.35,-1.638,11707.75,11727.35,0.167,14:00,11685.45,0.359,,
2020-10-29,Thursday,0,1,0,Nifty-Only Expiry,non-expiry,Down to Up,Down to Up,Match,11633.3,11670.7,0.321,11650.9,11670.7,0.17,14:35,11606.75,0.551,,
2020-10-30,Friday,1,0,0,Sensex Expiry,monthly,Top to Down,Down to Up,Mismatch,11678.45,11646.45,-0.274,11602.35,11646.45,0.38,14:25,11593.95,0.453,24.02,FII Neutral
2020-11-02,Monday,0,0,0,No Expiry,non-expiry,Top to Down,Down to Up,Mismatch,11697.35,11652.75,-0.381,11622.7,11652.75,0.259,14:00,11619.2,0.289,,
2020-11-03,Tuesday,0,0,0,No Expiry,non-expiry,Down to Up,Top to Down,Mismatch,11734.45,11807.65,0.624,11811.3,11807.65,0.031,15:20,11833.45,0.218,,
2020-11-04,Wednesday,0,0,0,No Expiry,non-expiry,Down to Up,Down to Up,Match,11783.35,11893.65,0.936,11868.55,11893.65,0.211,14:05,11845.55,0.406,,
2020-11-05,Thursday,0,1,0,Nifty-Only Expiry,non-expiry,Down to Up,Down to Up,Match,12062.4,12127.6,0.541,12085.55,12127.6,0.348,14:05,12072.05,0.46,,
2020-11-06,Friday,1,0,0,Sensex Expiry,weekly,Down to Up,Flat,Flat,12156.65,12261.35,0.861,12260.65,12261.35,0.006,,,0.0,20.97,FII Mildly Bullish
2020-11-09,Monday,0,0,0,No Expiry,non-expiry,Down to Up,Down to Up,Match,12399.4,12468.15,0.554,12415.9,12468.15,0.421,14:00,12415.9,0.421,,
2020-11-10,Tuesday,0,0,0,No Expiry,non-expiry,Down to Up,Down to Up,Match,12556.4,12640.25,0.668,12614.2,12640.25,0.207,14:15,12520.4,0.957,,
2020-11-11,Wednesday,0,0,0,No Expiry,non-expiry,Down to Up,Down to Up,Match,12680.6,12757.2,0.604,12689.65,12757.2,0.532,14:00,12684.9,0.57,,
2020-11-12,Thursday,0,1,0,Nifty-Only Expiry,non-expiry,Top to Down,Down to Up,Mismatch,12702.15,12693.0,-0.072,12686.0,12693.0,0.055,14:35,12640.6,0.415,,
2020-11-13,Friday,1,0,0,Sensex Expiry,weekly,Down to Up,Down to Up,Match,12659.7,12723.1,0.501,12694.55,12723.1,0.225,14:20,12685.7,0.295,20.62,FII Bearish (sold fut >10K)
2020-11-17,Tuesday,0,0,0,No Expiry,non-expiry,Top to Down,Down to Up,Mismatch,12932.5,12878.9,-0.414,12851.8,12878.9,0.211,14:40,12832.7,0.36,,
2020-11-18,Wednesday,0,0,0,No Expiry,non-expiry,Down to Up,Down to Up,Match,12860.1,12936.1,0.591,12901.75,12936.1,0.266,14:15,12893.2,0.333,,
2020-11-19,Thursday,0,1,0,Nifty-Only Expiry,non-expiry,Top to Down,Top to Down,Match,12839.5,12760.6,-0.615,12879.5,12760.6,0.923,14:00,12890.45,1.007,,
2020-11-20,Friday,1,0,0,Sensex Expiry,weekly,Down to Up,Top to Down,Mismatch,12813.4,12846.0,0.254,12862.15,12846.0,0.126,14:25,12890.95,0.349,19.57,FII Neutral
2020-11-23,Monday,0,0,0,No Expiry,non-expiry,Top to Down,Top to Down,Match,12960.3,12928.15,-0.248,12945.85,12928.15,0.137,14:05,12967.5,0.303,,
2020-11-24,Tuesday,0,0,0,No Expiry,non-expiry,Down to Up,Down to Up,Match,13002.6,13075.55,0.561,13049.8,13075.55,0.197,14:10,13034.95,0.311,,
2020-11-25,Wednesday,0,0,0,No Expiry,non-expiry,Top to Down,Top to Down,Match,13130.0,12858.7,-2.066,12929.05,12858.7,0.544,14:00,12929.05,0.544,,
2020-11-26,Thursday,0,1,0,Nifty-Only Expiry,non-expiry,Down to Up,Down to Up,Match,12906.45,13015.05,0.841,12884.75,13015.05,1.011,14:00,12883.45,1.021,,
2020-11-27,Friday,1,0,0,Sensex Expiry,monthly,Top to Down,Top to Down,Match,13012.05,12942.85,-0.532,12975.1,12942.85,0.249,14:25,12990.85,0.369,20.02,FII Bullish (bought fut + sold puts)
2020-12-01,Tuesday,0,0,0,No Expiry,non-expiry,Down to Up,Down to Up,Match,13062.2,13097.85,0.273,13093.95,13097.85,0.03,15:15,13092.05,0.044,,
2020-12-02,Wednesday,0,0,0,No Expiry,non-expiry,Top to Down,Down to Up,Mismatch,13121.4,13104.15,-0.131,13015.35,13104.15,0.682,14:05,12983.9,0.926,,
2020-12-04,Friday,1,0,0,Sensex Expiry,weekly,Down to Up,Down to Up,Match,13177.4,13270.7,0.708,13205.8,13270.7,0.491,14:10,13195.7,0.568,19.0,FII Confident (sold puts >20K)
2020-12-07,Monday,0,0,0,No Expiry,non-expiry,Down to Up,Down to Up,Match,13264.85,13355.2,0.681,13313.65,13355.2,0.312,14:00,13292.0,0.475,,
2020-12-08,Tuesday,0,0,0,No Expiry,non-expiry,Top to Down,Top to Down,Match,13393.85,13389.3,-0.034,13408.75,13389.3,0.145,14:30,13430.75,0.309,,
2020-12-09,Wednesday,0,0,0,No Expiry,non-expiry,Down to Up,Down to Up,Match,13458.1,13532.55,0.553,13520.3,13532.55,0.091,15:00,13509.65,0.17,,
2020-12-10,Thursday,0,1,0,Nifty-Only Expiry,non-expiry,Top to Down,Down to Up,Mismatch,13488.5,13481.55,-0.052,13423.45,13481.55,0.433,14:15,13409.05,0.541,,
2020-12-11,Friday,1,0,0,Sensex Expiry,weekly,Top to Down,Down to Up,Mismatch,13512.3,13505.55,-0.05,13496.55,13505.55,0.067,14:20,13403.25,0.763,18.71,FII Bearish (sold fut >10K)
2020-12-14,Monday,0,0,0,No Expiry,non-expiry,Top to Down,Down to Up,Mismatch,13571.45,13554.85,-0.122,13537.65,13554.85,0.127,14:15,13533.1,0.161,,
2020-12-15,Tuesday,0,0,0,No Expiry,non-expiry,Down to Up,Down to Up,Match,13547.2,13564.5,0.128,13547.4,13564.5,0.126,14:00,13547.3,0.127,,
2020-12-16,Wednesday,0,0,0,No Expiry,non-expiry,Down to Up,Top to Down,Mismatch,13663.1,13672.75,0.071,13676.4,13672.75,0.027,15:10,13692.0,0.141,,
2020-12-17,Thursday,0,1,0,Nifty-Only Expiry,non-expiry,Down to Up,Top to Down,Mismatch,13713.55,13734.85,0.155,13757.35,13734.85,0.164,14:05,13772.8,0.276,,
2020-12-18,Friday,1,0,0,Sensex Expiry,weekly,Top to Down,Down to Up,Mismatch,13764.4,13744.1,-0.147,13735.7,13744.1,0.061,14:30,13727.2,0.123,19.16,FII Confident (sold puts >20K)
2020-12-21,Monday,0,0,0,No Expiry,non-expiry,Top to Down,Top to Down,Match,13741.9,13283.35,-3.337,13569.95,13283.35,2.112,14:10,13607.15,2.38,,
2020-12-22,Tuesday,0,0,0,No Expiry,non-expiry,Down to Up,Down to Up,Match,13373.65,13460.8,0.652,13377.75,13460.8,0.621,14:00,13375.7,0.636,,
2020-12-23,Wednesday,0,0,0,No Expiry,non-expiry,Down to Up,Down to Up,Match,13473.5,13609.15,1.007,13548.25,13609.15,0.45,14:10,13538.3,0.523,,
2020-12-24,Thursday,0,1,0,Nifty-Only Expiry,non-expiry,Down to Up,Down to Up,Match,13672.15,13740.4,0.499,13733.3,13740.4,0.052,14:00,13714.85,0.186,,
2020-12-28,Monday,0,0,0,No Expiry,non-expiry,Down to Up,Down to Up,Match,13815.15,13881.0,0.477,13868.65,13881.0,0.089,14:15,13842.05,0.281,,
2020-12-29,Tuesday,0,0,0,No Expiry,non-expiry,Down to Up,Down to Up,Match,13910.35,13926.9,0.119,13919.8,13926.9,0.051,14:20,13899.45,0.197,,
2020-12-30,Wednesday,0,0,0,No Expiry,non-expiry,Top to Down,Down to Up,Mismatch,13980.9,13975.25,-0.04,13939.15,13975.25,0.259,14:00,13939.15,0.259,,
2020-12-31,Thursday,0,1,0,Nifty-Only Expiry,non-expiry,Top to Down,Top to Down,Match,13970.0,13967.0,-0.021,14006.7,13967.0,0.283,14:00,14024.4,0.409,,
2021-01-01,Friday,1,0,0,Sensex Expiry,weekly,Down to Up,Top to Down,Mismatch,13996.1,14014.8,0.134,14033.8,14014.8,0.135,14:30,14049.8,0.249,21.11,FII Bullish (bought fut + sold puts)
2021-01-04,Monday,0,0,0,No Expiry,non-expiry,Down to Up,Down to Up,Match,14104.35,14143.65,0.279,14114.1,14143.65,0.209,14:20,14068.95,0.531,,
2021-01-05,Tuesday,0,0,0,No Expiry,non-expiry,Down to Up,Down to Up,Match,14075.15,14199.3,0.882,14156.2,14199.3,0.304,14:20,14146.65,0.372,,
2021-01-06,Wednesday,0,0,0,No Expiry,non-expiry,Top to Down,Down to Up,Mismatch,14240.95,14134.05,-0.751,14121.85,14134.05,0.086,14:10,14040.1,0.669,,
2021-01-07,Thursday,0,1,0,Nifty-Only Expiry,non-expiry,Top to Down,Top to Down,Match,14253.75,14148.45,-0.739,14198.25,14148.45,0.351,14:00,14198.7,0.354,,
2021-01-08,Friday,1,0,0,Sensex Expiry,weekly,Down to Up,Down to Up,Match,14258.4,14343.9,0.6,14295.5,14343.9,0.339,14:15,14260.8,0.583,20.62,FII Confident (sold puts >20K)
2021-01-11,Monday,0,0,0,No Expiry,non-expiry,Down to Up,Down to Up,Match,14474.05,14483.05,0.062,14455.75,14483.05,0.189,14:05,14435.75,0.328,,
2021-01-12,Tuesday,0,0,0,No Expiry,non-expiry,Down to Up,Down to Up,Match,14473.8,14574.75,0.697,14565.4,14574.75,0.064,15:20,14554.45,0.139,,
2021-01-13,Wednesday,0,0,0,No Expiry,non-expiry,Top to Down,Down to Up,Mismatch,14639.8,14558.3,-0.557,14478.3,14558.3,0.553,14:00,14436.65,0.843,,
2021-01-14,Thursday,0,1,0,Nifty-Only Expiry,non-expiry,Down to Up,Top to Down,Mismatch,14550.05,14597.5,0.326,14602.2,14597.5,0.032,14:30,14611.0,0.092,,
2021-01-15,Friday,1,0,0,Sensex Expiry,weekly,Top to Down,Top to Down,Match,14594.35,14434.4,-1.096,14469.2,14434.4,0.241,14:00,14469.2,0.241,23.03,FII Confident (sold puts >20K)
2021-01-18,Monday,0,0,0,No Expiry,non-expiry,Top to Down,Top to Down,Match,14453.3,14230.2,-1.544,14365.35,14230.2,0.941,14:15,14403.7,1.205,,
2021-01-19,Tuesday,0,0,0,No Expiry,non-expiry,Down to Up,Down to Up,Match,14371.65,14526.6,1.078,14497.4,14526.6,0.201,14:10,14483.6,0.297,,
2021-01-20,Wednesday,0,0,0,No Expiry,non-expiry,Down to Up,Down to Up,Match,14538.3,14622.45,0.579,14620.25,14622.45,0.015,15:25,14619.15,0.023,,
2021-01-21,Thursday,0,1,0,Nifty-Only Expiry,non-expiry,Top to Down,Top to Down,Match,14730.95,14630.4,-0.683,14734.9,14630.4,0.709,14:00,14737.85,0.729,,
2021-01-22,Friday,1,0,0,Sensex Expiry,weekly,Top to Down,Top to Down,Match,14583.4,14366.8,-1.485,14372.0,14366.8,0.036,14:30,14486.35,0.825,21.55,FII Bullish (bought fut + sold puts)
2021-01-25,Monday,0,0,0,No Expiry,non-expiry,Top to Down,Top to Down,Match,14477.8,14247.95,-1.588,14359.5,14247.95,0.777,14:00,14377.3,0.9,,
2021-01-27,Wednesday,0,0,0,No Expiry,non-expiry,Top to Down,Top to Down,Match,14237.95,13964.25,-1.922,14023.6,13964.25,0.423,14:00,14025.25,0.435,,
2021-01-28,Thursday,0,1,0,Nifty-Only Expiry,non-expiry,Down to Up,Down to Up,Match,13810.4,13819.75,0.068,13799.45,13819.75,0.147,14:50,13753.8,0.48,,
2021-01-29,Friday,1,0,0,Sensex Expiry,monthly,Top to Down,Top to Down,Match,13946.6,13660.8,-2.049,13755.6,13660.8,0.689,14:35,13873.0,1.53,24.29,FII Confident (sold puts >20K)
2021-02-02,Tuesday,0,0,0,No Expiry,non-expiry,Down to Up,Down to Up,Match,14481.1,14671.2,1.313,14615.05,14671.2,0.384,14:50,14597.25,0.507,,
2021-02-03,Wednesday,0,0,0,No Expiry,non-expiry,Down to Up,Top to Down,Mismatch,14754.9,14783.6,0.195,14850.45,14783.6,0.45,14:30,14865.45,0.551,,
2021-02-04,Thursday,0,1,0,Nifty-Only Expiry,non-expiry,Down to Up,Down to Up,Match,14789.05,14889.5,0.679,14844.25,14889.5,0.305,14:00,14842.05,0.32,,
2021-02-05,Friday,1,0,0,Sensex Expiry,weekly,Top to Down,Down to Up,Mismatch,14952.6,14940.85,-0.079,14925.7,14940.85,0.102,15:10,14899.45,0.278,23.12,FII Bearish (sold fut >10K)
2021-02-08,Monday,0,0,0,No Expiry,non-expiry,Down to Up,Top to Down,Mismatch,15064.3,15129.45,0.432,15144.55,15129.45,0.1,14:15,15159.35,0.197,,
2021-02-09,Tuesday,0,0,0,No Expiry,non-expiry,Top to Down,Top to Down,Match,15164.15,15109.5,-0.36,15242.25,15109.5,0.871,14:15,15256.1,0.961,,
2021-02-10,Wednesday,0,0,0,No Expiry,non-expiry,Down to Up,Down to Up,Match,15119.05,15137.8,0.124,15030.25,15137.8,0.716,14:45,14993.7,0.961,,
2021-02-11,Thursday,0,1,0,Nifty-Only Expiry,non-expiry,Down to Up,Down to Up,Match,15073.25,15176.65,0.686,15145.5,15176.65,0.206,14:00,15127.5,0.325,,
2021-02-12,Friday,1,0,0,Sensex Expiry,weekly,Top to Down,Down to Up,Mismatch,15186.2,15164.7,-0.142,15138.55,15164.7,0.173,14:00,15081.4,0.552,23.05,FII Neutral
2021-02-15,Monday,0,0,0,No Expiry,non-expiry,Down to Up,Down to Up,Match,15270.3,15335.8,0.429,15309.25,15335.8,0.173,14:20,15275.15,0.397,,
2021-02-16,Tuesday,0,0,0,No Expiry,non-expiry,Top to Down,Down to Up,Mismatch,15371.45,15317.95,-0.348,15247.25,15317.95,0.464,14:00,15244.9,0.479,,
2021-02-17,Wednesday,0,0,0,No Expiry,non-expiry,Top to Down,Top to Down,Match,15279.9,15196.25,-0.547,15226.1,15196.25,0.196,14:15,15243.8,0.312,,
2021-02-18,Thursday,0,1,0,Nifty-Only Expiry,non-expiry,Top to Down,Down to Up,Mismatch,15238.7,15120.2,-0.778,15084.8,15120.2,0.235,14:00,15080.55,0.263,,
2021-02-19,Friday,1,0,0,Sensex Expiry,weekly,Top to Down,Top to Down,Match,15074.8,15003.45,-0.473,15026.75,15003.45,0.155,14:00,15030.15,0.178,21.54,FII Neutral
2021-02-22,Monday,0,0,0,No Expiry,non-expiry,Top to Down,Top to Down,Match,14999.05,14640.9,-2.388,14705.85,14640.9,0.442,14:50,14768.7,0.865,,
2021-02-23,Tuesday,0,0,0,No Expiry,non-expiry,Top to Down,Top to Down,Match,14782.25,14717.8,-0.436,14739.8,14717.8,0.149,14:30,14769.45,0.35,,
2021-02-25,Thursday,0,1,0,Nifty-Only Expiry,non-expiry,Down to Up,Top to Down,Mismatch,15079.85,15103.8,0.159,15126.35,15103.8,0.149,14:25,15173.75,0.461,,
2021-02-26,Friday,1,0,0,Sensex Expiry,monthly,Top to Down,Top to Down,Match,14888.6,14523.15,-2.455,14656.2,14523.15,0.908,14:15,14697.65,1.187,22.89,FII Mildly Bullish
2021-03-01,Monday,0,0,0,No Expiry,non-expiry,Down to Up,Down to Up,Match,14702.5,14784.15,0.555,14722.6,14784.15,0.418,14:50,14704.1,0.544,,
2021-03-02,Tuesday,0,0,0,No Expiry,non-expiry,Down to Up,Down to Up,Match,14865.3,14941.8,0.515,14828.3,14941.8,0.765,14:50,14810.1,0.889,,
2021-03-03,Wednesday,0,0,0,No Expiry,non-expiry,Down to Up,Down to Up,Match,15064.4,15240.5,1.169,15147.35,15240.5,0.615,14:10,15125.55,0.76,,
2021-03-04,Thursday,0,1,0,Nifty-Only Expiry,non-expiry,Down to Up,Top to Down,Mismatch,15026.75,15087.15,0.402,15118.8,15087.15,0.209,14:15,15179.3,0.607,,
2021-03-05,Friday,1,0,0,Sensex Expiry,weekly,Top to Down,Down to Up,Mismatch,14977.95,14963.15,-0.099,14932.5,14963.15,0.205,14:10,14862.6,0.677,24.15,FII Bearish (sold fut >10K)
2021-03-08,Monday,0,0,0,No Expiry,non-expiry,Top to Down,Top to Down,Match,15002.45,14962.85,-0.264,14966.55,14962.85,0.025,14:25,15045.25,0.548,,
2021-03-09,Tuesday,0,0,0,No Expiry,non-expiry,Down to Up,Down to Up,Match,15049.9,15098.7,0.324,14996.25,15098.7,0.683,14:05,14970.05,0.859,,
2021-03-10,Wednesday,0,1,0,Nifty-Only Expiry,non-expiry,Top to Down,Down to Up,Mismatch,15202.15,15168.15,-0.224,15152.3,15168.15,0.105,14:00,15148.85,0.127,,
2021-03-12,Friday,1,0,0,Sensex Expiry,weekly,Top to Down,Top to Down,Match,15321.15,15023.95,-1.94,15105.35,15023.95,0.539,14:00,15105.35,0.539,20.75,FII Neutral
2021-03-15,Monday,0,0,0,No Expiry,non-expiry,Top to Down,Down to Up,Mismatch,15048.4,14920.9,-0.847,14813.7,14920.9,0.724,14:05,14782.7,0.935,,
2021-03-16,Tuesday,0,0,0,No Expiry,non-expiry,Top to Down,Top to Down,Match,14996.1,14922.0,-0.494,14934.8,14922.0,0.086,14:00,14964.45,0.284,,
2021-03-17,Wednesday,0,0,0,No Expiry,non-expiry,Top to Down,Top to Down,Match,14946.55,14709.25,-1.588,14810.75,14709.25,0.685,14:00,14823.4,0.77,,
2021-03-18,Thursday,0,1,0,Nifty-Only Expiry,non-expiry,Top to Down,Down to Up,Mismatch,14855.5,14583.7,-1.83,14572.1,14583.7,0.08,14:15,14479.35,0.721,,
2021-03-19,Friday,1,0,0,Sensex Expiry,weekly,Down to Up,Down to Up,Match,14471.15,14733.55,1.813,14665.15,14733.55,0.466,14:15,14638.95,0.646,20.08,FII Confident (sold puts >20K)
2021-03-22,Monday,0,0,0,No Expiry,non-expiry,Down to Up,Down to Up,Match,14736.3,14747.15,0.074,14662.0,14747.15,0.581,14:50,14645.3,0.695,,
2021-03-23,Tuesday,0,0,0,No Expiry,non-expiry,Down to Up,Flat,Flat,14768.55,14807.3,0.262,14806.15,14807.3,0.008,,,0.0,,
2021-03-24,Wednesday,0,0,0,No Expiry,non-expiry,Top to Down,Top to Down,Match,14712.45,14564.95,-1.003,14637.6,14564.95,0.496,14:35,14675.6,0.754,,
2021-03-25,Thursday,0,1,0,Nifty-Only Expiry,non-expiry,Top to Down,Top to Down,Match,14570.9,14346.4,-1.541,14396.25,14346.4,0.346,14:45,14493.05,1.012,,
2021-03-26,Friday,1,0,0,Sensex Expiry,monthly,Down to Up,Top to Down,Mismatch,14506.3,14518.9,0.087,14545.8,14518.9,0.185,14:00,14565.5,0.32,22.7,FII Confident (sold puts >20K)
2021-03-30,Tuesday,0,0,0,No Expiry,non-expiry,Down to Up,Down to Up,Match,14628.5,14855.0,1.548,14816.3,14855.0,0.261,14:00,14815.4,0.267,,
2021-03-31,Wednesday,0,0,0,No Expiry,non-expiry,Top to Down,Top to Down,Match,14811.85,14693.05,-0.802,14733.75,14693.05,0.276,14:15,14749.8,0.385,,
2021-04-01,Thursday,0,1,0,Nifty-Only Expiry,non-expiry,Down to Up,Down to Up,Match,14798.4,14865.95,0.456,14808.75,14865.95,0.386,14:00,14808.35,0.389,,
2021-04-05,Monday,0,0,0,No Expiry,non-expiry,Top to Down,Down to Up,Mismatch,14837.7,14649.05,-1.271,14617.8,14649.05,0.214,14:00,14601.75,0.324,,
2021-04-06,Tuesday,0,0,0,No Expiry,non-expiry,Top to Down,Down to Up,Mismatch,14737.0,14700.8,-0.246,14638.0,14700.8,0.429,14:00,14637.55,0.432,,
2021-04-07,Wednesday,0,0,0,No Expiry,non-expiry,Down to Up,Top to Down,Mismatch,14716.45,14808.85,0.628,14836.6,14808.85,0.187,14:30,14856.4,0.32,,
2021-04-08,Thursday,0,1,0,Nifty-Only Expiry,non-expiry,Down to Up,Top to Down,Mismatch,14875.65,14877.5,0.012,14948.45,14877.5,0.475,14:00,14961.8,0.563,,
2021-04-09,Friday,1,0,0,Sensex Expiry,weekly,Top to Down,Down to Up,Mismatch,14882.65,14838.05,-0.3,14807.7,14838.05,0.205,14:00,14791.7,0.313,20.31,FII Neutral
2021-04-12,Monday,0,0,0,No Expiry,non-expiry,Top to Down,Down to Up,Mismatch,14644.65,14349.6,-2.015,14316.15,14349.6,0.234,14:55,14249.25,0.704,,
2021-04-13,Tuesday,0,0,0,No Expiry,non-expiry,Down to Up,Down to Up,Match,14364.9,14525.0,1.115,14426.6,14525.0,0.682,14:00,14411.05,0.791,,
2021-04-15,Thursday,0,1,0,Nifty-Only Expiry,non-expiry,Down to Up,Down to Up,Match,14522.4,14589.4,0.461,14472.1,14589.4,0.811,14:35,14471.85,0.812,,
2021-04-16,Friday,1,0,0,Sensex Expiry,weekly,Top to Down,Top to Down,Match,14599.6,14590.45,-0.063,14656.05,14590.45,0.448,14:25,14696.25,0.72,20.89,FII Mildly Bullish
2021-04-19,Monday,0,0,0,No Expiry,non-expiry,Down to Up,Down to Up,Match,14306.6,14362.95,0.394,14354.95,14362.95,0.056,14:45,14298.95,0.448,,
2021-04-20,Tuesday,0,0,0,No Expiry,non-expiry,Top to Down,Top to Down,Match,14526.7,14279.55,-1.701,14370.9,14279.55,0.636,14:05,14384.5,0.73,,
2021-04-22,Thursday,0,1,0,Nifty-Only Expiry,non-expiry,Down to Up,Down to Up,Match,14219.15,14398.7,1.263,14369.35,14398.7,0.204,14:25,14353.6,0.314,,
2021-04-23,Friday,1,0,0,Sensex Expiry,weekly,Down to Up,Top to Down,Mismatch,14326.35,14331.25,0.034,14379.25,14331.25,0.334,14:00,14390.75,0.413,23.03,FII Neutral
2021-04-26,Monday,0,0,0,No Expiry,non-expiry,Down to Up,Top to Down,Mismatch,14449.45,14489.05,0.274,14496.2,14489.05,0.049,14:00,14511.75,0.156,,
2021-04-27,Tuesday,0,0,0,No Expiry,non-expiry,Down to Up,Down to Up,Match,14493.8,14657.35,1.128,14622.9,14657.35,0.236,14:00,14620.3,0.253,,
2021-04-28,Wednesday,0,0,0,No Expiry,non-expiry,Down to Up,Top to Down,Mismatch,14710.5,14850.3,0.95,14875.65,14850.3,0.17,14:20,14889.45,0.263,,
2021-04-29,Thursday,0,1,0,Nifty-Only Expiry,non-expiry,Top to Down,Flat,Flat,14979.0,14888.6,-0.604,14887.9,14888.6,0.005,,,0.0,,
2021-04-30,Friday,1,0,0,Sensex Expiry,monthly,Top to Down,Top to Down,Match,14747.35,14617.55,-0.88,14742.8,14617.55,0.85,14:00,14744.15,0.859,23.31,FII Confident (sold puts >20K)
2021-05-03,Monday,0,0,0,No Expiry,non-expiry,Down to Up,Down to Up,Match,14481.05,14644.35,1.128,14566.95,14644.35,0.531,14:10,14549.85,0.649,,
2021-05-04,Tuesday,0,0,0,No Expiry,non-expiry,Top to Down,Top to Down,Match,14687.25,14506.85,-1.228,14616.45,14506.85,0.75,14:00,14637.1,0.89,,
2021-05-05,Wednesday,0,0,0,No Expiry,non-expiry,Down to Up,Down to Up,Match,14604.15,14635.0,0.211,14593.6,14635.0,0.284,14:10,14544.9,0.619,,
2021-05-06,Thursday,0,1,0,Nifty-Only Expiry,non-expiry,Down to Up,Down to Up,Match,14668.35,14733.2,0.442,14697.25,14733.2,0.245,14:25,14674.7,0.399,,
2021-05-07,Friday,1,0,0,Sensex Expiry,weekly,Top to Down,Top to Down,Match,14816.85,14810.8,-0.041,14823.9,14810.8,0.088,14:50,14852.0,0.277,21.96,FII Neutral
2021-05-10,Monday,0,0,0,No Expiry,non-expiry,Down to Up,Top to Down,Mismatch,14928.25,14949.4,0.142,14954.85,14949.4,0.036,14:15,14966.8,0.116,,
2021-05-11,Tuesday,0,0,0,No Expiry,non-expiry,Down to Up,Down to Up,Match,14789.7,14845.5,0.377,14838.0,14845.5,0.051,14:30,14823.9,0.146,,
2021-05-12,Wednesday,0,1,0,Nifty-Only Expiry,non-expiry,Top to Down,Top to Down,Match,14823.55,14698.75,-0.842,14749.9,14698.75,0.347,14:00,14763.15,0.436,,
2021-05-14,Friday,1,0,0,Sensex Expiry,weekly,Top to Down,Down to Up,Mismatch,14749.4,14683.85,-0.444,14638.6,14683.85,0.309,14:00,14629.75,0.37,20.08,FII Neutral
2021-05-17,Monday,0,0,0,No Expiry,non-expiry,Down to Up,Down to Up,Match,14756.25,14924.1,1.137,14870.15,14924.1,0.363,14:15,14866.2,0.389,,
2021-05-18,Tuesday,0,0,0,No Expiry,non-expiry,Down to Up,Top to Down,Mismatch,15067.2,15109.4,0.28,15116.6,15109.4,0.048,14:05,15122.45,0.086,,
2021-05-19,Wednesday,0,1,0,Nifty-Only Expiry,non-expiry,Top to Down,Top to Down,Match,15058.6,15019.2,-0.262,15040.55,15019.2,0.142,14:50,15072.4,0.353,,
2021-05-20,Thursday,0,0,0,No Expiry,non-expiry,Top to Down,Top to Down,Match,15042.6,14920.05,-0.815,14982.4,14920.05,0.416,14:00,15001.35,0.542,,
2021-05-21,Friday,1,0,0,Sensex Expiry,weekly,Down to Up,Down to Up,Match,14987.8,15183.55,1.306,15101.05,15183.55,0.546,14:10,15093.35,0.598,19.65,FII Hedging (bought puts >20K)
2021-05-24,Monday,0,0,0,No Expiry,non-expiry,Top to Down,Top to Down,Match,15211.35,15184.0,-0.18,15211.0,15184.0,0.178,14:50,15256.0,0.472,,
2021-05-25,Tuesday,0,0,0,No Expiry,non-expiry,Top to Down,Down to Up,Mismatch,15291.75,15218.15,-0.481,15207.9,15218.15,0.067,14:25,15163.6,0.36,,
2021-05-26,Wednesday,0,0,0,No Expiry,non-expiry,Down to Up,Down to Up,Match,15257.05,15299.7,0.28,15298.05,15299.7,0.011,15:00,15280.7,0.124,,
2021-05-27,Thursday,0,1,0,Nifty-Only Expiry,non-expiry,Down to Up,Down to Up,Match,15323.95,15370.15,0.301,15348.8,15370.15,0.139,14:35,15273.35,0.634,,
2021-05-28,Friday,1,0,0,Sensex Expiry,monthly,Down to Up,Top to Down,Mismatch,15421.2,15455.3,0.221,15463.8,15455.3,0.055,14:00,15466.25,0.071,19.91,FII Bullish (bought fut + sold puts)
2021-05-31,Monday,0,0,0,No Expiry,non-expiry,Down to Up,Down to Up,Match,15437.75,15576.0,0.896,15541.05,15576.0,0.225,14:00,15541.05,0.225,,
2021-06-02,Wednesday,0,0,0,No Expiry,non-expiry,Down to Up,Down to Up,Match,15520.35,15590.0,0.449,15500.9,15590.0,0.575,14:05,15485.2,0.677,,
2021-06-03,Thursday,0,1,0,Nifty-Only Expiry,non-expiry,Down to Up,Down to Up,Match,15655.55,15688.9,0.213,15654.9,15688.9,0.217,14:50,15645.3,0.279,,
2021-06-04,Friday,1,0,0,Sensex Expiry,weekly,Top to Down,Down to Up,Mismatch,15712.5,15670.65,-0.266,15650.0,15670.65,0.132,14:05,15641.35,0.187,15.75,FII Neutral
2021-06-07,Monday,0,0,0,No Expiry,non-expiry,Down to Up,Top to Down,Mismatch,15725.1,15747.0,0.139,15751.05,15747.0,0.026,14:20,15773.0,0.165,,
2021-06-08,Tuesday,0,0,0,No Expiry,non-expiry,Top to Down,Down to Up,Mismatch,15773.9,15741.85,-0.203,15734.5,15741.85,0.047,14:00,15715.85,0.165,,
2021-06-09,Wednesday,0,0,0,No Expiry,non-expiry,Top to Down,Top to Down,Match,15766.3,15640.25,-0.799,15680.35,15640.25,0.256,14:15,15697.8,0.367,,
2021-06-10,Thursday,0,1,0,Nifty-Only Expiry,non-expiry,Down to Up,Down to Up,Match,15692.1,15745.15,0.338,15727.15,15745.15,0.114,14:00,15719.05,0.166,,
2021-06-11,Friday,1,0,0,Sensex Expiry,weekly,Down to Up,Down to Up,Match,15796.45,15805.1,0.055,15789.35,15805.1,0.1,14:50,15783.25,0.138,15.0,FII Neutral
2021-06-14,Monday,0,0,0,No Expiry,non-expiry,Down to Up,Down to Up,Match,15791.4,15809.7,0.116,15786.95,15809.7,0.144,14:35,15785.95,0.15,,
2021-06-15,Tuesday,0,0,0,No Expiry,non-expiry,Top to Down,Top to Down,Match,15866.95,15859.2,-0.049,15883.7,15859.2,0.154,14:00,15898.95,0.25,,
2021-06-16,Wednesday,0,0,0,No Expiry,non-expiry,Top to Down,Top to Down,Match,15847.5,15755.7,-0.579,15805.4,15755.7,0.314,14:30,15825.4,0.44,,
2021-06-17,Thursday,0,1,0,Nifty-Only Expiry,non-expiry,Down to Up,Top to Down,Mismatch,15648.3,15681.7,0.213,15708.7,15681.7,0.172,14:00,15709.85,0.179,,
2021-06-18,Friday,1,0,0,Sensex Expiry,weekly,Top to Down,Down to Up,Mismatch,15756.5,15719.85,-0.233,15627.3,15719.85,0.592,15:00,15617.55,0.655,15.29,FII Neutral
2021-06-21,Monday,0,0,0,No Expiry,non-expiry,Down to Up,Down to Up,Match,15525.85,15748.6,1.435,15683.75,15748.6,0.413,14:05,15678.1,0.45,,
2021-06-22,Tuesday,0,0,0,No Expiry,non-expiry,Top to Down,Top to Down,Match,15840.5,15765.15,-0.476,15814.15,15765.15,0.31,14:30,15843.45,0.494,,
2021-06-23,Wednesday,0,0,0,No Expiry,non-expiry,Top to Down,Top to Down,Match,15862.8,15693.4,-1.068,15775.95,15693.4,0.523,14:05,15785.45,0.583,,
2021-06-24,Thursday,0,1,0,Nifty-Only Expiry,non-expiry,Down to Up,Flat,Flat,15737.3,15793.7,0.358,15792.45,15793.7,0.008,,,0.0,,
2021-06-25,Friday,1,0,0,Sensex Expiry,monthly,Down to Up,Top to Down,Mismatch,15839.35,15847.6,0.052,15855.25,15847.6,0.048,15:10,15870.2,0.142,15.1,FII Bullish (bought fut + sold puts)
2021-06-28,Monday,0,0,0,No Expiry,non-expiry,Top to Down,Down to Up,Mismatch,15915.35,15825.0,-0.568,15819.3,15825.0,0.036,15:05,15792.65,0.205,,
2021-06-29,Tuesday,0,0,0,No Expiry,non-expiry,Top to Down,Top to Down,Match,15807.5,15751.4,-0.355,15776.15,15751.4,0.157,14:00,15776.95,0.162,,
2021-06-30,Wednesday,0,0,0,No Expiry,non-expiry,Top to Down,Top to Down,Match,15776.9,15730.65,-0.293,15791.7,15730.65,0.387,14:15,15798.6,0.43,,
2021-07-01,Thursday,0,1,0,Nifty-Only Expiry,non-expiry,Top to Down,Top to Down,Match,15755.05,15693.25,-0.392,15706.8,15693.25,0.086,14:10,15718.65,0.162,,
2021-07-02,Friday,1,0,0,Sensex Expiry,weekly,Down to Up,Down to Up,Match,15705.85,15729.0,0.147,15677.35,15729.0,0.329,14:05,15663.6,0.418,12.84,FII Neutral
2021-07-05,Monday,0,0,0,No Expiry,non-expiry,Down to Up,Down to Up,Match,15793.4,15838.4,0.285,15826.45,15838.4,0.076,14:30,15811.2,0.172,,
2021-07-06,Tuesday,0,0,0,No Expiry,non-expiry,Down to Up,Top to Down,Mismatch,15813.75,15816.4,0.017,15905.35,15816.4,0.559,14:00,15909.3,0.584,,
2021-07-07,Wednesday,0,0,0,No Expiry,non-expiry,Down to Up,Down to Up,Match,15819.6,15878.65,0.373,15845.5,15878.65,0.209,14:45,15834.15,0.281,,
2021-07-08,Thursday,0,1,0,Nifty-Only Expiry,non-expiry,Top to Down,Down to Up,Mismatch,15855.4,15728.0,-0.804,15716.55,15728.0,0.073,14:35,15683.4,0.284,,
2021-07-09,Friday,1,0,0,Sensex Expiry,weekly,Down to Up,Down to Up,Match,15688.25,15697.05,0.056,15675.4,15697.05,0.138,14:30,15653.3,0.279,13.56,FII Very Bearish (sold fut >10K + bought puts >20K)
2021-07-12,Monday,0,0,0,No Expiry,non-expiry,Top to Down,Top to Down,Match,15766.8,15689.5,-0.49,15701.65,15689.5,0.077,14:05,15709.75,0.129,,
2021-07-13,Tuesday,0,0,0,No Expiry,non-expiry,Down to Up,Top to Down,Mismatch,15794.0,15807.9,0.088,15810.5,15807.9,0.016,15:20,15820.0,0.076,,
2021-07-14,Wednesday,0,0,0,No Expiry,non-expiry,Down to Up,Top to Down,Mismatch,15808.7,15845.35,0.232,15856.05,15845.35,0.067,15:00,15868.6,0.147,,
2021-07-15,Thursday,0,1,0,Nifty-Only Expiry,non-expiry,Down to Up,Top to Down,Mismatch,15872.15,15920.7,0.306,15944.15,15920.7,0.147,14:20,15952.15,0.197,,
2021-07-16,Friday,1,0,0,Sensex Expiry,weekly,Top to Down,Down to Up,Mismatch,15958.35,15923.6,-0.218,15889.55,15923.6,0.214,14:05,15883.25,0.254,12.27,FII Neutral
2021-07-19,Monday,0,0,0,No Expiry,non-expiry,Down to Up,Flat,Flat,15754.5,15757.9,0.022,15757.2,15757.9,0.004,,,0.0,,
2021-07-20,Tuesday,0,0,0,No Expiry,non-expiry,Top to Down,Top to Down,Match,15703.95,15624.5,-0.506,15667.8,15624.5,0.276,14:15,15679.15,0.349,,
2021-07-22,Thursday,0,1,0,Nifty-Only Expiry,non-expiry,Down to Up,Down to Up,Match,15736.6,15827.7,0.579,15802.0,15827.7,0.163,14:50,15768.85,0.373,,
2021-07-23,Friday,1,0,0,Sensex Expiry,weekly,Top to Down,Top to Down,Match,15856.8,15850.8,-0.038,15884.75,15850.8,0.214,14:00,15899.5,0.306,11.89,FII Bullish (bought fut + sold puts)
2021-07-26,Monday,0,0,0,No Expiry,non-expiry,Top to Down,Top to Down,Match,15849.3,15821.45,-0.176,15844.75,15821.45,0.147,14:25,15867.95,0.293,,
2021-07-27,Tuesday,0,0,0,No Expiry,non-expiry,Top to Down,Down to Up,Mismatch,15860.5,15747.2,-0.714,15729.65,15747.2,0.112,14:30,15708.75,0.245,,
2021-07-28,Wednesday,0,0,0,No Expiry,non-expiry,Top to Down,Down to Up,Mismatch,15761.55,15714.65,-0.298,15698.35,15714.65,0.104,14:20,15646.05,0.438,,
2021-07-29,Thursday,0,1,0,Nifty-Only Expiry,non-expiry,Down to Up,Top to Down,Mismatch,15762.7,15784.85,0.141,15814.9,15784.85,0.19,14:00,15815.65,0.195,,
2021-07-30,Friday,1,0,0,Sensex Expiry,monthly,Top to Down,Top to Down,Match,15800.6,15773.65,-0.171,15856.3,15773.65,0.521,14:20,15862.35,0.559,12.95,FII Bullish (bought fut + sold puts)
2021-08-02,Monday,0,0,0,No Expiry,non-expiry,Down to Up,Down to Up,Match,15874.9,15887.5,0.079,15877.8,15887.5,0.061,14:45,15840.55,0.296,,
2021-08-03,Tuesday,0,0,0,No Expiry,non-expiry,Down to Up,Down to Up,Match,15951.55,16123.4,1.077,16040.3,16123.4,0.518,14:15,16028.65,0.591,,
2021-08-04,Wednesday,0,0,0,No Expiry,non-expiry,Down to Up,Top to Down,Mismatch,16195.25,16253.0,0.357,16270.6,16253.0,0.108,14:25,16285.05,0.197,,
2021-08-05,Thursday,0,1,0,Nifty-Only Expiry,non-expiry,Top to Down,Top to Down,Match,16288.95,16281.8,-0.044,16321.25,16281.8,0.242,14:15,16348.45,0.408,,
2021-08-06,Friday,1,0,0,Sensex Expiry,weekly,Top to Down,Down to Up,Mismatch,16304.4,16254.7,-0.305,16249.7,16254.7,0.031,15:10,16224.0,0.189,12.87,FII Neutral
2021-08-09,Monday,0,0,0,No Expiry,non-expiry,Top to Down,Down to Up,Mismatch,16281.35,16254.1,-0.167,16206.25,16254.1,0.295,14:00,16206.25,0.295,,
2021-08-10,Tuesday,0,0,0,No Expiry,non-expiry,Top to Down,Top to Down,Match,16274.8,16268.3,-0.04,16279.3,16268.3,0.068,15:00,16294.3,0.16,,
2021-08-11,Wednesday,0,0,0,No Expiry,non-expiry,Top to Down,Down to Up,Mismatch,16327.3,16275.1,-0.32,16261.55,16275.1,0.083,14:50,16233.75,0.255,,
2021-08-12,Thursday,0,1,0,Nifty-Only Expiry,non-expiry,Down to Up,Flat,Flat,16303.65,16361.35,0.354,16361.0,16361.35,0.002,,,0.0,,
2021-08-13,Friday,1,0,0,Sensex Expiry,weekly,Down to Up,Down to Up,Match,16385.7,16519.5,0.817,16499.3,16519.5,0.122,14:00,16495.6,0.145,12.37,FII Mildly Bullish
2021-08-16,Monday,0,0,0,No Expiry,non-expiry,Down to Up,Top to Down,Mismatch,16518.4,16547.05,0.173,16573.35,16547.05,0.159,14:50,16588.15,0.248,,
2021-08-17,Tuesday,0,0,0,No Expiry,non-expiry,Down to Up,Down to Up,Match,16545.25,16605.45,0.364,16559.65,16605.45,0.277,14:45,16542.45,0.381,,
2021-08-18,Wednesday,0,1,0,Nifty-Only Expiry,non-expiry,Top to Down,Top to Down,Match,16691.95,16550.4,-0.848,16581.8,16550.4,0.189,15:05,16590.3,0.241,,
2021-08-20,Friday,1,0,0,Sensex Expiry,weekly,Down to Up,Top to Down,Mismatch,16382.5,16415.65,0.202,16436.8,16415.65,0.129,14:15,16506.5,0.55,12.91,FII Neutral
2021-08-23,Monday,0,0,0,No Expiry,non-expiry,Top to Down,Top to Down,Match,16592.25,16488.3,-0.626,16520.1,16488.3,0.192,14:10,16537.05,0.295,,
2021-08-24,Tuesday,0,0,0,No Expiry,non-expiry,Down to Up,Down to Up,Match,16561.4,16615.75,0.328,16613.1,16615.75,0.016,15:25,16608.15,0.046,,
2021-08-25,Wednesday,0,0,0,No Expiry,non-expiry,Top to Down,Top to Down,Match,16654.0,16635.4,-0.112,16674.9,16635.4,0.237,14:00,16680.1,0.268,,
2021-08-26,Thursday,0,1,0,Nifty-Only Expiry,non-expiry,Down to Up,Top to Down,Mismatch,16627.95,16631.95,0.024,16639.7,16631.95,0.047,14:05,16653.05,0.127,,
2021-08-27,Friday,1,0,0,Sensex Expiry,monthly,Down to Up,Top to Down,Mismatch,16642.55,16691.55,0.294,16700.9,16691.55,0.056,14:35,16720.75,0.175,13.54,FII Bearish (sold fut >10K)
2021-08-30,Monday,0,0,0,No Expiry,non-expiry,Down to Up,Down to Up,Match,16775.85,16938.7,0.971,16883.8,16938.7,0.325,14:05,16879.5,0.351,,
2021-08-31,Tuesday,0,0,0,No Expiry,non-expiry,Down to Up,Down to Up,Match,16947.5,17131.35,1.085,17052.95,17131.35,0.46,14:10,17017.7,0.668,,
2021-09-01,Wednesday,0,0,0,No Expiry,non-expiry,Top to Down,Top to Down,Match,17185.6,17058.75,-0.738,17143.4,17058.75,0.494,14:00,17144.25,0.499,,
2021-09-02,Thursday,0,1,0,Nifty-Only Expiry,non-expiry,Down to Up,Down to Up,Match,17095.4,17233.85,0.81,17194.25,17233.85,0.23,14:00,17194.2,0.231,,
2021-09-03,Friday,1,0,0,Sensex Expiry,weekly,Down to Up,Down to Up,Match,17262.45,17320.55,0.337,17283.3,17320.55,0.216,14:05,17228.55,0.534,14.24,FII Mildly Bullish
2021-09-06,Monday,0,0,0,No Expiry,non-expiry,Top to Down,Down to Up,Mismatch,17399.35,17379.65,-0.113,17360.55,17379.65,0.11,14:00,17357.0,0.13,,
2021-09-07,Tuesday,0,0,0,No Expiry,non-expiry,Top to Down,Top to Down,Match,17401.55,17357.45,-0.253,17395.35,17357.45,0.218,14:05,17420.4,0.361,,
2021-09-08,Wednesday,0,0,0,No Expiry,non-expiry,Top to Down,Down to Up,Mismatch,17375.75,17370.7,-0.029,17295.0,17370.7,0.438,14:00,17294.85,0.439,,
2021-09-09,Thursday,0,1,0,Nifty-Only Expiry,non-expiry,Down to Up,Down to Up,Match,17312.85,17358.1,0.261,17341.0,17358.1,0.099,14:40,17320.8,0.215,,
2021-09-13,Monday,0,0,0,No Expiry,non-expiry,Top to Down,Top to Down,Match,17363.55,17350.7,-0.074,17362.35,17350.7,0.067,14:30,17377.5,0.154,,
2021-09-14,Tuesday,0,0,0,No Expiry,non-expiry,Top to Down,Flat,Flat,17420.35,17382.0,-0.22,17382.0,17382.0,0.0,,,0.0,,
2021-09-15,Wednesday,0,0,0,No Expiry,non-expiry,Down to Up,Down to Up,Match,17387.65,17518.3,0.751,17500.85,17518.3,0.1,14:00,17500.85,0.1,,
2021-09-16,Thursday,0,1,0,Nifty-Only Expiry,non-expiry,Down to Up,Down to Up,Match,17539.2,17627.55,0.504,17600.55,17627.55,0.153,14:00,17594.5,0.188,,
2021-09-17,Friday,1,0,0,Sensex Expiry,weekly,Top to Down,Top to Down,Match,17709.65,17602.2,-0.607,17658.3,17602.2,0.318,14:00,17658.85,0.321,14.41,FII Neutral
2021-09-20,Monday,0,0,0,No Expiry,non-expiry,Top to Down,Top to Down,Match,17443.85,17373.75,-0.402,17491.35,17373.75,0.672,14:05,17505.4,0.752,,
2021-09-21,Tuesday,0,0,0,No Expiry,non-expiry,Down to Up,Down to Up,Match,17450.5,17564.1,0.651,17456.15,17564.1,0.618,14:00,17456.15,0.618,,
2021-09-22,Wednesday,0,0,0,No Expiry,non-expiry,Top to Down,Top to Down,Match,17580.9,17548.35,-0.185,17571.3,17548.35,0.131,14:30,17601.35,0.301,,
2021-09-23,Thursday,0,1,0,Nifty-Only Expiry,non-expiry,Down to Up,Down to Up,Match,17670.85,17826.3,0.88,17769.55,17826.3,0.319,14:00,17767.7,0.33,,
2021-09-24,Friday,1,0,0,Sensex Expiry,monthly,Top to Down,Top to Down,Match,17897.45,17841.55,-0.312,17852.25,17841.55,0.06,14:50,17881.4,0.223,16.6,FII Confident (sold puts >20K)
2021-09-27,Monday,0,0,0,No Expiry,non-expiry,Top to Down,Top to Down,Match,17932.2,17855.1,-0.43,17886.8,17855.1,0.177,14:00,17890.05,0.195,,
2021-09-28,Tuesday,0,0,0,No Expiry,non-expiry,Top to Down,Down to Up,Mismatch,17906.45,17733.45,-0.966,17636.5,17733.45,0.55,14:25,17576.45,0.893,,
2021-09-30,Thursday,0,1,0,Nifty-Only Expiry,non-expiry,Top to Down,Top to Down,Match,17718.9,17608.65,-0.622,17671.9,17608.65,0.358,14:00,17672.8,0.363,,
2021-10-01,Friday,1,0,0,Sensex Expiry,weekly,Top to Down,Down to Up,Mismatch,17531.9,17526.35,-0.032,17498.65,17526.35,0.158,14:00,17492.2,0.195,18.4,FII Bullish (bought fut + sold puts)
2021-10-04,Monday,0,0,0,No Expiry,non-expiry,Down to Up,Top to Down,Mismatch,17615.55,17700.5,0.482,17712.25,17700.5,0.066,14:00,17716.35,0.089,,
2021-10-05,Tuesday,0,0,0,No Expiry,non-expiry,Down to Up,Down to Up,Match,17661.35,17829.3,0.951,17757.7,17829.3,0.403,14:00,17757.7,0.403,,
2021-10-06,Wednesday,0,0,0,No Expiry,non-expiry,Top to Down,Top to Down,Match,17861.5,17626.45,-1.316,17758.15,17626.45,0.742,14:05,17785.65,0.895,,
2021-10-07,Thursday,0,1,0,Nifty-Only Expiry,non-expiry,Top to Down,Top to Down,Match,17810.55,17797.15,-0.075,17847.35,17797.15,0.281,14:05,17854.6,0.322,,
2021-10-08,Friday,1,0,0,Sensex Expiry,weekly,Down to Up,Down to Up,Match,17886.85,17907.5,0.115,17891.3,17907.5,0.091,15:25,17886.45,0.118,16.16,FII Bullish (bought fut + sold puts)
2021-10-11,Monday,0,0,0,No Expiry,non-expiry,Down to Up,Top to Down,Mismatch,17867.55,17953.7,0.482,17991.7,17953.7,0.211,14:15,18015.85,0.345,,
2021-10-12,Tuesday,0,0,0,No Expiry,non-expiry,Down to Up,Down to Up,Match,17915.8,18005.35,0.5,17931.4,18005.35,0.412,14:00,17930.6,0.417,,
2021-10-13,Wednesday,0,0,0,No Expiry,non-expiry,Down to Up,Top to Down,Mismatch,18097.85,18165.75,0.375,18191.45,18165.75,0.141,14:00,18194.9,0.16,,
2021-10-14,Thursday,0,1,0,Nifty-Only Expiry,non-expiry,Down to Up,Down to Up,Match,18272.85,18339.05,0.362,18294.0,18339.05,0.246,14:00,18293.1,0.251,,
2021-10-18,Monday,0,0,0,No Expiry,non-expiry,Top to Down,Top to Down,Match,18500.1,18476.25,-0.129,18512.6,18476.25,0.196,14:10,18534.35,0.313,,
2021-10-19,Tuesday,0,0,0,No Expiry,non-expiry,Top to Down,Top to Down,Match,18602.35,18427.25,-0.941,18559.25,18427.25,0.711,14:00,18559.55,0.713,,
2021-10-20,Wednesday,0,0,0,No Expiry,non-expiry,Top to Down,Down to Up,Mismatch,18439.9,18282.75,-0.852,18279.5,18282.75,0.018,14:40,18209.8,0.401,,
2021-10-21,Thursday,0,1,0,Nifty-Only Expiry,non-expiry,Top to Down,Down to Up,Mismatch,18382.7,18219.6,-0.887,18095.8,18219.6,0.684,14:25,18048.75,0.947,,
2021-10-22,Friday,1,0,0,Sensex Expiry,weekly,Top to Down,Down to Up,Mismatch,18230.7,18111.5,-0.654,18090.75,18111.5,0.115,14:25,18035.05,0.424,18.04,FII Very Bearish (sold fut >10K + bought puts >20K)
2021-10-25,Monday,0,0,0,No Expiry,non-expiry,Top to Down,Top to Down,Match,18229.5,18136.5,-0.51,18154.25,18136.5,0.098,14:00,18167.1,0.168,,
2021-10-26,Tuesday,0,0,0,No Expiry,non-expiry,Down to Up,Down to Up,Match,18154.5,18308.95,0.851,18225.25,18308.95,0.459,14:05,18204.6,0.573,,
2021-10-27,Wednesday,0,0,0,No Expiry,non-expiry,Top to Down,Top to Down,Match,18295.85,18181.5,-0.625,18313.45,18181.5,0.721,14:15,18321.2,0.763,,
2021-10-28,Thursday,0,1,0,Nifty-Only Expiry,non-expiry,Top to Down,Top to Down,Match,18187.65,17862.9,-1.786,17947.45,17862.9,0.471,14:15,17966.55,0.577,,
2021-10-29,Friday,1,0,0,Sensex Expiry,monthly,Top to Down,Top to Down,Match,17833.05,17708.8,-0.697,17719.8,17708.8,0.062,14:35,17765.2,0.317,17.91,FII Bullish (bought fut + sold puts)
2021-11-01,Monday,0,0,0,No Expiry,non-expiry,Down to Up,Down to Up,Match,17783.15,17945.25,0.912,17908.0,17945.25,0.208,14:10,17882.9,0.349,,
2021-11-02,Tuesday,0,0,0,No Expiry,non-expiry,Top to Down,Down to Up,Mismatch,17970.9,17889.15,-0.455,17870.35,17889.15,0.105,14:00,17848.3,0.229,,
2021-11-03,Wednesday,0,0,0,No Expiry,non-expiry,Top to Down,Top to Down,Match,17947.95,17833.0,-0.64,17878.1,17833.0,0.252,14:00,17906.3,0.409,,
2021-11-08,Monday,0,0,0,No Expiry,non-expiry,Down to Up,Down to Up,Match,18040.2,18080.7,0.224,18053.8,18080.7,0.149,14:55,18038.6,0.233,,
2021-11-09,Tuesday,0,0,0,No Expiry,non-expiry,Top to Down,Down to Up,Mismatch,18084.35,18050.85,-0.185,18022.6,18050.85,0.157,14:55,17991.35,0.331,,
2021-11-10,Wednesday,0,0,0,No Expiry,non-expiry,Down to Up,Top to Down,Mismatch,17973.45,18010.1,0.204,18035.35,18010.1,0.14,14:10,18060.95,0.282,,
2021-11-11,Thursday,0,1,0,Nifty-Only Expiry,non-expiry,Top to Down,Down to Up,Mismatch,17967.45,17885.65,-0.455,17851.7,17885.65,0.19,14:15,17799.5,0.484,,
2021-11-12,Friday,1,0,0,Sensex Expiry,weekly,Down to Up,Down to Up,Match,17977.6,18098.65,0.673,18058.4,18098.65,0.223,14:00,18045.95,0.292,16.35,FII Neutral
2021-11-15,Monday,0,0,0,No Expiry,non-expiry,Top to Down,Top to Down,Match,18140.95,18092.0,-0.27,18113.75,18092.0,0.12,14:25,18143.95,0.286,,
2021-11-16,Tuesday,0,0,0,No Expiry,non-expiry,Top to Down,Top to Down,Match,18127.05,17964.35,-0.898,18093.55,17964.35,0.714,14:00,18106.15,0.783,,
2021-11-17,Wednesday,0,0,0,No Expiry,non-expiry,Top to Down,Top to Down,Match,17939.35,17887.2,-0.291,17989.1,17887.2,0.566,14:00,17994.4,0.596,,
2021-11-18,Thursday,0,1,0,Nifty-Only Expiry,non-expiry,Top to Down,Top to Down,Match,17890.55,17745.25,-0.812,17806.95,17745.25,0.346,14:55,17832.4,0.489,,
2021-11-22,Monday,0,0,0,No Expiry,non-expiry,Top to Down,Down to Up,Mismatch,17796.25,17440.0,-2.002,17389.65,17440.0,0.29,14:30,17281.95,0.915,,
2021-11-23,Tuesday,0,0,0,No Expiry,non-expiry,Down to Up,Top to Down,Mismatch,17281.75,17495.1,1.235,17508.6,17495.1,0.077,14:20,17553.2,0.331,,
2021-11-24,Wednesday,0,0,0,No Expiry,non-expiry,Top to Down,Top to Down,Match,17550.05,17357.1,-1.099,17551.95,17357.1,1.11,14:05,17562.0,1.167,,
2021-11-25,Thursday,0,1,0,Nifty-Only Expiry,non-expiry,Down to Up,Down to Up,Match,17417.3,17547.0,0.745,17496.6,17547.0,0.288,14:00,17489.15,0.331,,
2021-11-26,Friday,1,0,0,Sensex Expiry,monthly,Top to Down,Top to Down,Match,17338.75,17006.55,-1.916,17076.4,17006.55,0.409,14:20,17158.95,0.888,16.66,FII Bullish (bought fut + sold puts)
2021-11-29,Monday,0,0,0,No Expiry,non-expiry,Top to Down,Top to Down,Match,17055.8,17039.7,-0.094,17137.75,17039.7,0.572,14:00,17156.9,0.683,,
2021-11-30,Tuesday,0,0,0,No Expiry,non-expiry,Top to Down,Top to Down,Match,17051.15,16975.15,-0.446,17160.2,16975.15,1.078,14:00,17173.25,1.154,,
2021-12-01,Wednesday,0,0,0,No Expiry,non-expiry,Down to Up,Down to Up,Match,17104.4,17185.95,0.477,17140.45,17185.95,0.265,14:15,17064.75,0.71,,
2021-12-02,Thursday,0,1,0,Nifty-Only Expiry,non-expiry,Down to Up,Down to Up,Match,17183.2,17401.5,1.27,17315.45,17401.5,0.497,14:05,17280.65,0.699,,
2021-12-03,Friday,1,0,0,Sensex Expiry,weekly,Top to Down,Top to Down,Match,17424.9,17210.3,-1.232,17280.85,17210.3,0.408,14:00,17281.85,0.414,18.09,FII Neutral
2021-12-06,Monday,0,0,0,No Expiry,non-expiry,Top to Down,Top to Down,Match,17209.05,16909.3,-1.742,17037.95,16909.3,0.755,14:00,17045.7,0.8,,
2021-12-07,Tuesday,0,0,0,No Expiry,non-expiry,Down to Up,Top to Down,Mismatch,17044.1,17180.5,0.8,17241.0,17180.5,0.351,14:20,17251.25,0.41,,
2021-12-08,Wednesday,0,0,0,No Expiry,non-expiry,Down to Up,Flat,Flat,17315.25,17467.85,0.881,17466.25,17467.85,0.009,,,0.0,,
2021-12-09,Thursday,0,1,0,Nifty-Only Expiry,non-expiry,Top to Down,Flat,Flat,17524.4,17502.65,-0.124,17503.95,17502.65,0.007,,,0.0,,
2021-12-10,Friday,1,0,0,Sensex Expiry,weekly,Down to Up,Down to Up,Match,17476.05,17499.2,0.132,17449.1,17499.2,0.287,14:00,17441.85,0.329,16.6,FII Hedging (bought puts >20K)
2021-12-13,Monday,0,0,0,No Expiry,non-expiry,Top to Down,Down to Up,Mismatch,17619.1,17384.5,-1.332,17368.6,17384.5,0.092,15:00,17356.1,0.164,,
2021-12-14,Tuesday,0,0,0,No Expiry,non-expiry,Down to Up,Down to Up,Match,17283.2,17319.5,0.21,17297.5,17319.5,0.127,14:30,17259.95,0.345,,
2021-12-15,Wednesday,0,0,0,No Expiry,non-expiry,Top to Down,Top to Down,Match,17323.65,17208.3,-0.666,17261.75,17208.3,0.31,14:35,17314.3,0.612,,
2021-12-16,Thursday,0,1,0,Nifty-Only Expiry,non-expiry,Top to Down,Down to Up,Mismatch,17373.0,17285.6,-0.503,17265.1,17285.6,0.119,14:45,17185.35,0.583,,
2021-12-17,Friday,1,0,0,Sensex Expiry,weekly,Top to Down,Top to Down,Match,17276.0,16994.05,-1.632,17093.95,16994.05,0.584,14:00,17107.65,0.664,15.9,FII Confident (sold puts >20K)
2021-12-20,Monday,0,0,0,No Expiry,non-expiry,Top to Down,Down to Up,Mismatch,16824.25,16613.0,-1.256,16536.2,16613.0,0.464,14:05,16489.95,0.746,,
2021-12-21,Tuesday,0,0,0,No Expiry,non-expiry,Down to Up,Top to Down,Mismatch,16773.15,16786.9,0.082,16856.9,16786.9,0.415,14:00,16856.9,0.415,,
2021-12-22,Wednesday,0,0,0,No Expiry,non-expiry,Down to Up,Down to Up,Match,16865.55,16968.1,0.608,16877.6,16968.1,0.536,14:05,16850.6,0.697,,
2021-12-23,Thursday,0,1,0,Nifty-Only Expiry,non-expiry,Top to Down,Top to Down,Match,17066.8,17051.35,-0.091,17069.4,17051.35,0.106,15:10,17095.25,0.257,,
2021-12-24,Friday,1,0,0,Sensex Expiry,weekly,Top to Down,Top to Down,Match,17149.5,16999.9,-0.872,17010.55,16999.9,0.063,14:45,17068.15,0.4,15.83,FII Hedging (bought puts >20K)
2021-12-27,Monday,0,0,0,No Expiry,non-expiry,Down to Up,Down to Up,Match,16937.75,17101.95,0.969,17070.25,17101.95,0.186,14:15,17046.95,0.323,,
2021-12-28,Tuesday,0,0,0,No Expiry,non-expiry,Down to Up,Flat,Flat,17177.6,17233.35,0.325,17233.55,17233.35,0.001,,,0.0,,
2021-12-29,Wednesday,0,0,0,No Expiry,non-expiry,Top to Down,Top to Down,Match,17220.1,17189.55,-0.177,17240.3,17189.55,0.294,15:00,17255.8,0.384,,
2021-12-30,Thursday,0,1,0,Nifty-Only Expiry,non-expiry,Down to Up,Top to Down,Mismatch,17201.45,17228.95,0.16,17243.15,17228.95,0.082,14:00,17244.9,0.092,,
2021-12-31,Friday,1,0,0,Sensex Expiry,monthly,Down to Up,Top to Down,Mismatch,17244.5,17364.25,0.694,17376.9,17364.25,0.073,14:05,17384.65,0.117,16.57,FII Confident (sold puts >20K)
2022-01-03,Monday,0,0,0,No Expiry,non-expiry,Down to Up,Down to Up,Match,17387.15,17635.35,1.427,17591.85,17635.35,0.247,14:05,17590.3,0.256,,
2022-01-04,Tuesday,0,0,0,No Expiry,non-expiry,Down to Up,Down to Up,Match,17681.4,17807.35,0.712,17709.2,17807.35,0.554,14:00,17708.5,0.558,,
2022-01-05,Wednesday,0,0,0,No Expiry,non-expiry,Down to Up,Top to Down,Mismatch,17820.1,17907.7,0.492,17929.95,17907.7,0.124,15:00,17944.2,0.203,,
2022-01-06,Thursday,0,1,0,Nifty-Only Expiry,non-expiry,Top to Down,Down to Up,Mismatch,17768.5,17746.0,-0.127,17710.75,17746.0,0.199,14:05,17709.4,0.207,,
2022-01-07,Friday,1,0,0,Sensex Expiry,weekly,Down to Up,Down to Up,Match,17797.6,17818.2,0.116,17793.6,17818.2,0.138,14:15,17740.1,0.44,17.98,FII Very Bearish (sold fut >10K + bought puts >20K)
2022-01-10,Monday,0,0,0,No Expiry,non-expiry,Down to Up,Down to Up,Match,17913.3,18005.45,0.514,17969.95,18005.45,0.198,14:05,17957.85,0.265,,
2022-01-11,Tuesday,0,0,0,No Expiry,non-expiry,Down to Up,Down to Up,Match,17997.75,18059.0,0.34,18044.55,18059.0,0.08,14:40,18002.4,0.314,,
2022-01-12,Wednesday,0,0,0,No Expiry,non-expiry,Down to Up,Down to Up,Match,18170.4,18197.6,0.15,18176.85,18197.6,0.114,14:05,18158.75,0.214,,
2022-01-13,Thursday,0,1,0,Nifty-Only Expiry,non-expiry,Flat,Down to Up,Mismatch,18257.0,18258.55,0.008,18234.5,18258.55,0.132,14:35,18203.9,0.3,,
2022-01-14,Friday,1,0,0,Sensex Expiry,weekly,Down to Up,Top to Down,Mismatch,18185.0,18235.5,0.278,18243.4,18235.5,0.043,15:05,18286.6,0.279,16.7,FII Mildly Bullish
2022-01-17,Monday,0,0,0,No Expiry,non-expiry,Down to Up,Down to Up,Match,18235.65,18309.7,0.406,18301.85,18309.7,0.043,14:05,18287.75,0.12,,
2022-01-18,Tuesday,0,0,0,No Expiry,non-expiry,Top to Down,Top to Down,Match,18337.2,18113.8,-1.218,18261.15,18113.8,0.807,14:10,18285.9,0.941,,
2022-01-19,Wednesday,0,0,0,No Expiry,non-expiry,Top to Down,Down to Up,Mismatch,18129.2,17941.45,-1.036,17895.9,17941.45,0.255,14:00,17894.0,0.265,,
2022-01-20,Thursday,0,1,0,Nifty-Only Expiry,non-expiry,Top to Down,Down to Up,Mismatch,17921.0,17782.95,-0.77,17686.0,17782.95,0.548,14:40,17648.85,0.76,,
2022-01-21,Friday,1,0,0,Sensex Expiry,weekly,Down to Up,Down to Up,Match,17613.7,17650.45,0.209,17627.4,17650.45,0.131,14:55,17487.2,0.934,17.79,FII Bearish (sold fut >10K)
2022-01-24,Monday,0,0,0,No Expiry,non-expiry,Top to Down,Flat,Flat,17575.15,17112.45,-2.633,17113.0,17112.45,0.003,,,0.0,,
2022-01-25,Tuesday,0,0,0,No Expiry,non-expiry,Down to Up,Down to Up,Match,17001.55,17267.3,1.563,17216.0,17267.3,0.298,14:15,17180.15,0.507,,
2022-01-28,Friday,1,0,0,Sensex Expiry,monthly,Top to Down,Top to Down,Match,17208.3,17106.35,-0.592,17246.15,17106.35,0.811,14:00,17246.35,0.812,21.07,FII Bearish (sold fut >10K)
2022-01-31,Monday,0,0,0,No Expiry,non-expiry,Down to Up,Flat,Flat,17301.05,17338.3,0.215,17339.15,17338.3,0.005,,,0.0,,
2022-02-01,Tuesday,0,0,0,No Expiry,non-expiry,Down to Up,Down to Up,Match,17529.45,17604.65,0.429,17500.35,17604.65,0.596,14:00,17496.2,0.62,,
2022-02-02,Wednesday,0,0,0,No Expiry,non-expiry,Down to Up,Down to Up,Match,17706.2,17791.6,0.482,17752.25,17791.6,0.222,14:10,17725.6,0.372,,
2022-02-03,Thursday,0,1,0,Nifty-Only Expiry,non-expiry,Top to Down,Top to Down,Match,17767.75,17520.25,-1.393,17606.8,17520.25,0.492,14:30,17641.35,0.686,,
2022-02-04,Friday,1,0,0,Sensex Expiry,weekly,Top to Down,Top to Down,Match,17590.2,17503.0,-0.496,17552.45,17503.0,0.282,14:00,17565.1,0.354,19.16,FII Very Bearish (sold fut >10K + bought puts >20K)
2022-02-07,Monday,0,0,0,No Expiry,non-expiry,Top to Down,Down to Up,Mismatch,17456.3,17210.0,-1.411,17127.35,17210.0,0.483,14:00,17127.35,0.483,,
2022-02-08,Tuesday,0,0,0,No Expiry,non-expiry,Top to Down,Down to Up,Mismatch,17279.85,17240.35,-0.229,17189.95,17240.35,0.293,14:15,17134.8,0.616,,
2022-02-09,Wednesday,0,0,0,No Expiry,non-expiry,Down to Up,Down to Up,Match,17370.1,17471.6,0.584,17428.3,17471.6,0.248,14:10,17421.8,0.286,,
2022-02-10,Thursday,0,1,0,Nifty-Only Expiry,non-expiry,Down to Up,Top to Down,Mismatch,17554.1,17586.95,0.187,17613.45,17586.95,0.15,14:15,17639.25,0.296,,
2022-02-11,Friday,1,0,0,Sensex Expiry,weekly,Top to Down,Top to Down,Match,17451.0,17345.55,-0.604,17415.05,17345.55,0.399,14:00,17415.05,0.399,17.71,FII Bullish (bought fut + sold puts)
2022-02-14,Monday,0,0,0,No Expiry,non-expiry,Top to Down,Top to Down,Match,17076.15,16819.7,-1.502,16980.15,16819.7,0.945,14:00,16983.05,0.962,,
2022-02-15,Tuesday,0,0,0,No Expiry,non-expiry,Down to Up,Down to Up,Match,16933.25,17351.85,2.472,17223.9,17351.85,0.743,14:00,17223.9,0.743,,
2022-02-16,Wednesday,0,0,0,No Expiry,non-expiry,Top to Down,Top to Down,Match,17408.45,17293.05,-0.663,17471.15,17293.05,1.019,14:05,17480.35,1.071,,
2022-02-17,Thursday,0,1,0,Nifty-Only Expiry,non-expiry,Top to Down,Top to Down,Match,17396.55,17280.15,-0.669,17371.15,17280.15,0.524,14:00,17391.9,0.643,,
2022-02-18,Friday,1,0,0,Sensex Expiry,weekly,Down to Up,Top to Down,Mismatch,17236.05,17268.75,0.19,17352.15,17268.75,0.481,14:00,17358.5,0.517,22.01,FII Mildly Bullish
2022-02-21,Monday,0,0,0,No Expiry,non-expiry,Down to Up,Top to Down,Mismatch,17192.25,17205.75,0.079,17293.55,17205.75,0.508,14:00,17304.0,0.568,,
2022-02-22,Tuesday,0,0,0,No Expiry,non-expiry,Down to Up,Down to Up,Match,16847.95,17080.6,1.381,16989.1,17080.6,0.539,14:00,16989.1,0.539,,
2022-02-23,Wednesday,0,0,0,No Expiry,non-expiry,Top to Down,Top to Down,Match,17194.5,17054.7,-0.813,17132.85,17054.7,0.456,14:50,17165.3,0.644,,
2022-02-24,Thursday,0,1,0,Nifty-Only Expiry,non-expiry,Top to Down,Top to Down,Match,16548.9,16217.75,-2.001,16482.35,16217.75,1.605,14:00,16499.55,1.708,,
2022-02-25,Friday,1,0,0,Sensex Expiry,monthly,Down to Up,Down to Up,Match,16515.65,16668.8,0.927,16645.7,16668.8,0.139,14:35,16627.75,0.247,31.98,FII Bearish (sold fut >10K)
2022-02-28,Monday,0,0,0,No Expiry,non-expiry,Down to Up,Down to Up,Match,16481.6,16789.45,1.868,16703.2,16789.45,0.516,14:05,16640.7,0.894,,
2022-03-02,Wednesday,0,0,0,No Expiry,non-expiry,Down to Up,Down to Up,Match,16593.1,16625.85,0.197,16544.8,16625.85,0.49,14:25,16484.55,0.857,,
2022-03-03,Thursday,0,1,0,Nifty-Only Expiry,non-expiry,Top to Down,Top to Down,Match,16723.2,16508.75,-1.282,16562.15,16508.75,0.322,14:35,16563.65,0.331,,
2022-03-04,Friday,1,0,0,Sensex Expiry,weekly,Top to Down,Top to Down,Match,16339.45,16243.55,-0.587,16427.95,16243.55,1.122,14:00,16427.95,1.122,28.16,FII Hedging (bought puts >20K)
2022-03-07,Monday,0,0,0,No Expiry,non-expiry,Down to Up,Down to Up,Match,15867.95,15881.05,0.083,15816.15,15881.05,0.41,14:15,15713.7,1.065,,
2022-03-08,Tuesday,0,0,0,No Expiry,non-expiry,Down to Up,Down to Up,Match,15747.75,16014.65,1.695,15835.35,16014.65,1.132,14:20,15814.35,1.267,,
2022-03-09,Wednesday,0,0,0,No Expiry,non-expiry,Down to Up,Down to Up,Match,16078.0,16366.9,1.797,16339.85,16366.9,0.166,15:05,16329.5,0.229,,
2022-03-10,Thursday,0,1,0,Nifty-Only Expiry,non-expiry,Top to Down,Down to Up,Mismatch,16757.1,16566.3,-1.139,16535.35,16566.3,0.187,14:05,16448.1,0.719,,
2022-03-11,Friday,1,0,0,Sensex Expiry,weekly,Down to Up,Down to Up,Match,16528.8,16620.5,0.555,16606.45,16620.5,0.085,14:05,16582.3,0.23,25.58,FII Bullish (bought fut + sold puts)
2022-03-14,Monday,0,0,0,No Expiry,non-expiry,Down to Up,Down to Up,Match,16633.7,16886.4,1.519,16792.25,16886.4,0.561,14:00,16784.3,0.608,,
2022-03-15,Tuesday,0,0,0,No Expiry,non-expiry,Top to Down,Top to Down,Match,16900.65,16645.0,-1.513,16661.25,16645.0,0.098,15:00,16708.2,0.378,,
2022-03-16,Wednesday,0,0,0,No Expiry,non-expiry,Down to Up,Down to Up,Match,16876.65,16966.35,0.532,16892.85,16966.35,0.435,14:15,16871.65,0.561,,
2022-03-17,Thursday,0,1,0,Nifty-Only Expiry,non-expiry,Down to Up,Top to Down,Mismatch,17202.9,17299.4,0.561,17311.75,17299.4,0.071,14:05,17344.6,0.261,,
2022-03-21,Monday,0,0,0,No Expiry,non-expiry,Top to Down,Top to Down,Match,17329.5,17113.85,-1.244,17149.8,17113.85,0.21,14:10,17190.1,0.444,,
2022-03-22,Tuesday,0,0,0,No Expiry,non-expiry,Down to Up,Down to Up,Match,17120.4,17329.8,1.223,17310.1,17329.8,0.114,14:35,17231.05,0.573,,
2022-03-23,Wednesday,0,0,0,No Expiry,non-expiry,Top to Down,Top to Down,Match,17405.05,17223.55,-1.043,17233.4,17223.55,0.057,14:30,17307.2,0.483,,
2022-03-24,Thursday,0,1,0,Nifty-Only Expiry,non-expiry,Down to Up,Down to Up,Match,17094.95,17197.3,0.599,17180.5,17197.3,0.098,14:00,17180.5,0.098,,
2022-03-25,Friday,1,0,0,Sensex Expiry,monthly,Top to Down,Down to Up,Mismatch,17289.0,17177.95,-0.642,17102.6,17177.95,0.441,14:05,17077.05,0.591,23.93,FII Neutral
2022-03-29,Tuesday,0,0,0,No Expiry,non-expiry,Down to Up,Down to Up,Match,17297.2,17335.75,0.223,17257.55,17335.75,0.453,14:00,17257.55,0.453,,
2022-03-30,Wednesday,0,0,0,No Expiry,non-expiry,Down to Up,Down to Up,Match,17468.15,17471.6,0.02,17466.5,17471.6,0.029,14:00,17445.1,0.152,,
2022-03-31,Thursday,0,1,0,Nifty-Only Expiry,non-expiry,Top to Down,Top to Down,Match,17519.2,17468.75,-0.288,17481.8,17468.75,0.075,14:30,17490.9,0.127,,
2022-04-01,Friday,1,0,0,Sensex Expiry,weekly,Down to Up,Down to Up,Match,17436.9,17688.35,1.442,17579.85,17688.35,0.617,14:30,17570.1,0.673,20.56,FII Bullish (bought fut + sold puts)
2022-04-04,Monday,0,0,0,No Expiry,non-expiry,Down to Up,Down to Up,Match,17809.1,18036.05,1.274,18000.9,18036.05,0.195,14:05,17986.45,0.276,,
2022-04-05,Tuesday,0,0,0,No Expiry,non-expiry,Top to Down,Top to Down,Match,18080.6,17930.75,-0.829,18027.75,17930.75,0.538,14:00,18030.75,0.555,,
2022-04-06,Wednesday,0,0,0,No Expiry,non-expiry,Top to Down,Top to Down,Match,17842.75,17799.3,-0.244,17818.8,17799.3,0.109,14:30,17844.6,0.254,,
2022-04-07,Thursday,0,1,0,Nifty-Only Expiry,non-expiry,Top to Down,Top to Down,Match,17723.3,17655.15,-0.385,17671.95,17655.15,0.095,14:00,17694.35,0.222,,
2022-04-08,Friday,1,0,0,Sensex Expiry,weekly,Down to Up,Down to Up,Match,17698.15,17800.3,0.577,17793.35,17800.3,0.039,15:10,17764.15,0.203,19.0,FII Very Bearish (sold fut >10K + bought puts >20K)
2022-04-11,Monday,0,0,0,No Expiry,non-expiry,Top to Down,Top to Down,Match,17740.9,17679.65,-0.345,17721.8,17679.65,0.238,14:10,17750.05,0.397,,
2022-04-12,Tuesday,0,0,0,No Expiry,non-expiry,Top to Down,Down to Up,Mismatch,17584.85,17519.95,-0.369,17494.55,17519.95,0.145,14:00,17494.55,0.145,,
2022-04-13,Wednesday,0,1,0,Nifty-Only Expiry,non-expiry,Top to Down,Top to Down,Match,17599.9,17467.45,-0.753,17491.7,17467.45,0.139,14:15,17528.55,0.349,,
2022-04-18,Monday,0,0,0,No Expiry,non-expiry,Down to Up,Down to Up,Match,17183.45,17185.8,0.014,17149.0,17185.8,0.215,14:15,17123.75,0.362,,
2022-04-19,Tuesday,0,0,0,No Expiry,non-expiry,Top to Down,Top to Down,Match,17258.95,16869.15,-2.259,17238.85,16869.15,2.145,14:10,17269.25,2.317,,
2022-04-20,Wednesday,0,0,0,No Expiry,non-expiry,Down to Up,Down to Up,Match,17045.25,17149.6,0.612,17086.65,17149.6,0.368,14:20,17064.4,0.499,,
2022-04-21,Thursday,0,1,0,Nifty-Only Expiry,non-expiry,Down to Up,Down to Up,Match,17234.6,17400.1,0.96,17360.75,17400.1,0.227,14:00,17357.0,0.248,,
2022-04-22,Friday,1,0,0,Sensex Expiry,weekly,Top to Down,Top to Down,Match,17242.75,17172.1,-0.41,17268.6,17172.1,0.559,14:00,17274.2,0.591,17.85,FII Neutral
2022-04-25,Monday,0,0,0,No Expiry,non-expiry,Top to Down,Down to Up,Mismatch,17009.05,16983.2,-0.152,16956.15,16983.2,0.16,14:45,16888.85,0.559,,
2022-04-26,Tuesday,0,0,0,No Expiry,non-expiry,Down to Up,Down to Up,Match,17121.3,17201.45,0.468,17138.6,17201.45,0.367,14:40,17105.8,0.559,,
2022-04-27,Wednesday,0,0,0,No Expiry,non-expiry,Top to Down,Top to Down,Match,17073.35,17037.65,-0.209,17049.05,17037.65,0.067,14:40,17091.55,0.315,,
2022-04-28,Thursday,0,1,0,Nifty-Only Expiry,non-expiry,Down to Up,Top to Down,Mismatch,17189.5,17231.35,0.243,17285.6,17231.35,0.314,14:50,17322.5,0.526,,
2022-04-29,Friday,1,0,0,Sensex Expiry,monthly,Top to Down,Top to Down,Match,17329.25,17111.6,-1.256,17340.95,17111.6,1.323,14:00,17342.5,1.331,19.38,FII Bullish (bought fut + sold puts)
2022-05-02,Monday,0,0,0,No Expiry,non-expiry,Down to Up,Down to Up,Match,16924.45,17064.7,0.829,17011.7,17064.7,0.312,14:25,16971.9,0.547,,
2022-05-04,Wednesday,0,0,0,No Expiry,non-expiry,Top to Down,Top to Down,Match,17096.6,16694.7,-2.351,16885.3,16694.7,1.129,14:00,16964.15,1.588,,
2022-05-05,Thursday,0,1,0,Nifty-Only Expiry,non-expiry,Top to Down,Top to Down,Match,16854.75,16669.2,-1.101,16750.5,16669.2,0.485,14:00,16752.4,0.497,,
2022-05-06,Friday,1,0,0,Sensex Expiry,weekly,Down to Up,Down to Up,Match,16415.55,16438.25,0.138,16414.25,16438.25,0.146,15:05,16376.8,0.375,20.29,FII Bullish (bought fut + sold puts)
2022-05-09,Monday,0,0,0,No Expiry,non-expiry,Down to Up,Flat,Flat,16227.7,16308.4,0.497,16307.3,16308.4,0.007,,,0.0,,
2022-05-10,Tuesday,0,0,0,No Expiry,non-expiry,Top to Down,Top to Down,Match,16248.9,16207.75,-0.253,16326.2,16207.75,0.726,14:10,16385.05,1.082,,
2022-05-11,Wednesday,0,0,0,No Expiry,non-expiry,Top to Down,Down to Up,Mismatch,16270.05,16202.25,-0.417,16116.4,16202.25,0.533,14:00,16116.4,0.533,,
2022-05-12,Thursday,0,1,0,Nifty-Only Expiry,non-expiry,Top to Down,Down to Up,Mismatch,16021.1,15826.45,-1.215,15817.5,15826.45,0.057,14:35,15737.35,0.566,,
2022-05-13,Friday,1,0,0,Sensex Expiry,weekly,Top to Down,Top to Down,Match,15977.0,15767.15,-1.313,16022.7,15767.15,1.595,14:00,16034.5,1.667,24.27,FII Bearish (sold fut >10K)
2022-05-16,Monday,0,0,0,No Expiry,non-expiry,Down to Up,Top to Down,Mismatch,15845.1,15864.5,0.122,15872.15,15864.5,0.048,14:05,15904.5,0.252,,
2022-05-17,Tuesday,0,0,0,No Expiry,non-expiry,Down to Up,Down to Up,Match,15912.6,16282.6,2.325,16180.5,16282.6,0.631,14:00,16178.55,0.643,,
2022-05-18,Wednesday,0,0,0,No Expiry,non-expiry,Top to Down,Top to Down,Match,16318.15,16256.45,-0.378,16330.15,16256.45,0.451,14:00,16330.65,0.454,,
2022-05-19,Thursday,0,1,0,Nifty-Only Expiry,non-expiry,Top to Down,Top to Down,Match,15917.4,15828.45,-0.559,15850.6,15828.45,0.14,14:00,15856.2,0.175,,
2022-05-20,Friday,1,0,0,Sensex Expiry,weekly,Down to Up,Down to Up,Match,16043.8,16278.7,1.464,16200.8,16278.7,0.481,14:25,16183.7,0.587,24.56,FII Bearish (sold fut >10K)
2022-05-23,Monday,0,0,0,No Expiry,non-expiry,Top to Down,Top to Down,Match,16290.95,16191.65,-0.61,16335.15,16191.65,0.878,14:00,16335.7,0.882,,
2022-05-24,Tuesday,0,0,0,No Expiry,non-expiry,Top to Down,Top to Down,Match,16225.55,16139.5,-0.53,16168.1,16139.5,0.177,14:00,16184.6,0.279,,
2022-05-25,Wednesday,0,0,0,No Expiry,non-expiry,Top to Down,Down to Up,Mismatch,16196.35,16037.8,-0.979,16031.9,16037.8,0.037,15:00,16007.25,0.191,,
2022-05-26,Thursday,0,1,0,Nifty-Only Expiry,non-expiry,Down to Up,Down to Up,Match,16105.0,16201.55,0.6,16094.2,16201.55,0.667,14:05,16063.8,0.858,,
2022-05-30,Monday,0,0,0,No Expiry,non-expiry,Down to Up,Down to Up,Match,16527.9,16668.2,0.849,16661.8,16668.2,0.038,14:15,16612.2,0.337,,
2022-05-31,Tuesday,0,0,0,No Expiry,non-expiry,Flat,Top to Down,Mismatch,16578.45,16578.25,-0.001,16680.9,16578.25,0.615,14:05,16690.65,0.673,,
2022-06-01,Wednesday,0,0,0,No Expiry,non-expiry,Top to Down,Down to Up,Mismatch,16594.4,16540.8,-0.323,16501.65,16540.8,0.237,14:45,16439.05,0.619,,
2022-06-02,Thursday,0,1,0,Nifty-Only Expiry,non-expiry,Down to Up,Down to Up,Match,16481.65,16637.4,0.945,16610.7,16637.4,0.161,15:00,16596.05,0.249,,
2022-06-03,Friday,1,0,0,Sensex Expiry,weekly,Top to Down,Top to Down,Match,16761.65,16583.6,-1.062,16688.8,16583.6,0.63,14:05,16720.0,0.816,20.32,FII Bearish (sold fut >10K)
2022-06-06,Monday,0,0,0,No Expiry,non-expiry,Down to Up,Top to Down,Mismatch,16530.7,16563.65,0.199,16601.3,16563.65,0.227,14:10,16610.85,0.284,,
2022-06-07,Tuesday,0,0,0,No Expiry,non-expiry,Top to Down,Down to Up,Mismatch,16469.6,16404.45,-0.396,16378.3,16404.45,0.16,14:45,16375.5,0.177,,
2022-06-08,Wednesday,0,0,0,No Expiry,non-expiry,Top to Down,Top to Down,Match,16474.95,16335.4,-0.847,16368.2,16335.4,0.2,15:05,16376.65,0.252,,
2022-06-09,Thursday,0,1,0,Nifty-Only Expiry,non-expiry,Down to Up,Down to Up,Match,16263.85,16481.8,1.34,16373.0,16481.8,0.665,14:00,16368.4,0.693,,
2022-06-10,Friday,1,0,0,Sensex Expiry,weekly,Top to Down,Top to Down,Match,16283.95,16191.45,-0.568,16213.25,16191.45,0.134,15:05,16229.25,0.233,19.14,FII Bearish (sold fut >10K)
2022-06-13,Monday,0,0,0,No Expiry,non-expiry,Top to Down,Down to Up,Mismatch,15877.55,15800.95,-0.482,15699.3,15800.95,0.647,14:15,15685.45,0.736,,
2022-06-14,Tuesday,0,0,0,No Expiry,non-expiry,Down to Up,Top to Down,Mismatch,15674.25,15741.95,0.432,15756.7,15741.95,0.094,14:00,15758.55,0.105,,
2022-06-15,Wednesday,0,0,0,No Expiry,non-expiry,Top to Down,Top to Down,Match,15729.25,15682.9,-0.295,15767.15,15682.9,0.534,14:00,15768.05,0.54,,
2022-06-16,Thursday,0,1,0,Nifty-Only Expiry,non-expiry,Top to Down,Top to Down,Match,15832.25,15348.2,-3.057,15454.8,15348.2,0.69,14:00,15456.35,0.7,,
2022-06-17,Friday,1,0,0,Sensex Expiry,weekly,Down to Up,Down to Up,Match,15272.65,15330.75,0.38,15316.35,15330.75,0.094,14:20,15250.05,0.529,22.87,FII Bearish (sold fut >10K)
2022-06-20,Monday,0,0,0,No Expiry,non-expiry,Down to Up,Down to Up,Match,15334.5,15368.9,0.224,15293.15,15368.9,0.495,14:45,15250.2,0.778,,
2022-06-21,Tuesday,0,0,0,No Expiry,non-expiry,Down to Up,Top to Down,Mismatch,15455.95,15634.15,1.153,15700.35,15634.15,0.422,14:15,15705.8,0.456,,
2022-06-22,Wednesday,0,0,0,No Expiry,non-expiry,Top to Down,Top to Down,Match,15545.65,15401.1,-0.93,15403.05,15401.1,0.013,14:50,15470.55,0.449,,
2022-06-23,Thursday,0,1,0,Nifty-Only Expiry,non-expiry,Down to Up,Down to Up,Match,15451.55,15577.55,0.815,15571.3,15577.55,0.04,14:25,15494.5,0.536,,
2022-06-24,Friday,1,0,0,Sensex Expiry,monthly,Down to Up,Down to Up,Match,15657.4,15698.95,0.265,15683.45,15698.95,0.099,14:05,15672.0,0.172,20.88,FII Mildly Bullish
2022-06-27,Monday,0,0,0,No Expiry,non-expiry,Top to Down,Top to Down,Match,15926.2,15836.1,-0.566,15888.65,15836.1,0.331,14:05,15907.2,0.447,,
2022-06-28,Tuesday,0,0,0,No Expiry,non-expiry,Down to Up,Down to Up,Match,15757.45,15883.0,0.797,15798.3,15883.0,0.536,14:05,15780.55,0.649,,
2022-06-29,Wednesday,0,0,0,No Expiry,non-expiry,Down to Up,Top to Down,Mismatch,15701.7,15783.35,0.52,15832.45,15783.35,0.31,14:25,15861.3,0.491,,
2022-06-30,Thursday,0,1,0,Nifty-Only Expiry,non-expiry,Top to Down,Top to Down,Match,15774.5,15735.9,-0.245,15812.55,15735.9,0.485,14:20,15852.4,0.735,,
2022-07-01,Friday,1,0,0,Sensex Expiry,weekly,Down to Up,Down to Up,Match,15703.7,15764.0,0.384,15666.25,15764.0,0.624,14:30,15634.0,0.832,21.84,FII Bullish (bought fut + sold puts)
2022-07-04,Monday,0,0,0,No Expiry,non-expiry,Down to Up,Down to Up,Match,15710.5,15829.15,0.755,15750.75,15829.15,0.498,14:00,15746.0,0.528,,
2022-07-05,Tuesday,0,0,0,No Expiry,non-expiry,Top to Down,Top to Down,Match,15909.15,15799.95,-0.686,15878.85,15799.95,0.497,14:00,15893.7,0.59,,
2022-07-06,Wednesday,0,0,0,No Expiry,non-expiry,Down to Up,Down to Up,Match,15818.2,16007.85,1.199,15962.2,16007.85,0.286,14:45,15907.95,0.628,,
2022-07-07,Thursday,0,1,0,Nifty-Only Expiry,non-expiry,Down to Up,Down to Up,Match,16113.75,16136.85,0.143,16106.15,16136.85,0.191,14:15,16047.05,0.56,,
2022-07-08,Friday,1,0,0,Sensex Expiry,weekly,Top to Down,Down to Up,Mismatch,16273.65,16217.5,-0.345,16188.75,16217.5,0.178,14:30,16157.9,0.369,19.2,FII Mildly Bullish
2022-07-11,Monday,0,0,0,No Expiry,non-expiry,Down to Up,Down to Up,Match,16136.15,16199.05,0.39,16189.15,16199.05,0.061,14:00,16188.45,0.065,,
2022-07-12,Tuesday,0,0,0,No Expiry,non-expiry,Top to Down,Top to Down,Match,16126.2,16037.75,-0.548,16096.85,16037.75,0.367,14:30,16144.55,0.662,,
2022-07-13,Wednesday,0,0,0,No Expiry,non-expiry,Top to Down,Flat,Flat,16128.2,15975.75,-0.945,15977.1,15975.75,0.008,,,0.0,,
2022-07-14,Thursday,0,1,0,Nifty-Only Expiry,non-expiry,Top to Down,Down to Up,Mismatch,16018.85,15947.95,-0.443,15906.3,15947.95,0.262,14:25,15859.2,0.56,,
2022-07-15,Friday,1,0,0,Sensex Expiry,weekly,Down to Up,Down to Up,Match,16010.8,16052.85,0.263,15973.4,16052.85,0.497,14:00,15959.15,0.587,18.34,FII Neutral
2022-07-18,Monday,0,0,0,No Expiry,non-expiry,Down to Up,Down to Up,Match,16151.4,16281.4,0.805,16235.1,16281.4,0.285,14:05,16223.05,0.36,,
2022-07-19,Tuesday,0,0,0,No Expiry,non-expiry,Down to Up,Down to Up,Match,16187.05,16329.3,0.879,16301.6,16329.3,0.17,14:15,16279.25,0.307,,
2022-07-20,Wednesday,0,0,0,No Expiry,non-expiry,Top to Down,Top to Down,Match,16562.8,16495.8,-0.405,16559.45,16495.8,0.384,14:00,16565.0,0.418,,
2022-07-21,Thursday,0,1,0,Nifty-Only Expiry,non-expiry,Down to Up,Down to Up,Match,16523.55,16609.8,0.522,16529.85,16609.8,0.484,14:00,16528.5,0.492,,
2022-07-22,Friday,1,0,0,Sensex Expiry,weekly,Down to Up,Down to Up,Match,16661.25,16714.3,0.318,16706.1,16714.3,0.049,14:00,16699.2,0.09,16.86,FII Bullish (bought fut + sold puts)
2022-07-25,Monday,0,0,0,No Expiry,non-expiry,Top to Down,Top to Down,Match,16662.55,16610.05,-0.315,16614.45,16610.05,0.026,14:30,16684.05,0.444,,
2022-07-27,Wednesday,0,0,0,No Expiry,non-expiry,Down to Up,Down to Up,Match,16475.35,16642.75,1.016,16585.85,16642.75,0.343,14:15,16578.15,0.39,,
2022-07-28,Thursday,0,1,0,Nifty-Only Expiry,non-expiry,Down to Up,Top to Down,Mismatch,16774.85,16922.05,0.878,16928.1,16922.05,0.036,15:10,16943.6,0.127,,
2022-07-29,Friday,1,0,0,Sensex Expiry,monthly,Down to Up,Down to Up,Match,17079.5,17157.95,0.459,17103.3,17157.95,0.32,14:15,17061.5,0.565,17.01,FII Bullish (bought fut + sold puts)
2022-08-01,Monday,0,0,0,No Expiry,non-expiry,Down to Up,Down to Up,Match,17243.2,17332.3,0.517,17308.9,17332.3,0.135,14:20,17295.25,0.214,,
2022-08-02,Tuesday,0,0,0,No Expiry,non-expiry,Top to Down,Top to Down,Match,17310.15,17294.85,-0.088,17314.95,17294.85,0.116,14:45,17389.7,0.545,,
2022-08-03,Wednesday,0,0,0,No Expiry,non-expiry,Down to Up,Down to Up,Match,17349.25,17392.9,0.252,17288.8,17392.9,0.602,14:00,17282.25,0.64,,
2022-08-04,Thursday,0,1,0,Nifty-Only Expiry,non-expiry,Top to Down,Down to Up,Mismatch,17463.1,17364.0,-0.567,17309.8,17364.0,0.313,14:05,17265.2,0.572,,
2022-08-05,Friday,1,0,0,Sensex Expiry,weekly,Top to Down,Top to Down,Match,17423.65,17389.05,-0.199,17416.65,17389.05,0.158,14:00,17420.35,0.18,19.26,FII Mildly Bearish
2022-08-08,Monday,0,0,0,No Expiry,non-expiry,Down to Up,Top to Down,Mismatch,17401.5,17527.85,0.726,17537.2,17527.85,0.053,14:00,17540.9,0.074,,
2022-08-10,Wednesday,0,0,0,No Expiry,non-expiry,Top to Down,Down to Up,Mismatch,17566.1,17523.75,-0.241,17500.7,17523.75,0.132,14:00,17498.9,0.142,,
2022-08-11,Thursday,0,1,0,Nifty-Only Expiry,non-expiry,Top to Down,Top to Down,Match,17711.65,17638.65,-0.412,17661.95,17638.65,0.132,14:30,17678.45,0.225,,
2022-08-12,Friday,1,0,0,Sensex Expiry,weekly,Down to Up,Top to Down,Mismatch,17659.65,17698.65,0.221,17706.85,17698.65,0.046,15:15,17713.5,0.084,18.36,FII Confident (sold puts >20K)
2022-08-16,Tuesday,0,0,0,No Expiry,non-expiry,Down to Up,Down to Up,Match,17797.2,17828.3,0.175,17787.4,17828.3,0.23,14:50,17782.25,0.259,,
2022-08-17,Wednesday,0,0,0,No Expiry,non-expiry,Down to Up,Flat,Flat,17868.15,17930.95,0.351,17929.7,17930.95,0.007,,,0.0,,
2022-08-18,Thursday,0,1,0,Nifty-Only Expiry,non-expiry,Down to Up,Down to Up,Match,17898.65,17964.45,0.368,17893.45,17964.45,0.397,14:00,17884.15,0.449,,
2022-08-19,Friday,1,0,0,Sensex Expiry,weekly,Top to Down,Top to Down,Match,17966.55,17726.95,-1.334,17750.85,17726.95,0.135,14:45,17804.2,0.434,17.35,FII Bearish (sold fut >10K)
2022-08-22,Monday,0,0,0,No Expiry,non-expiry,Top to Down,Top to Down,Match,17682.9,17494.35,-1.066,17531.1,17494.35,0.21,14:15,17560.45,0.376,,
2022-08-23,Tuesday,0,0,0,No Expiry,non-expiry,Down to Up,Down to Up,Match,17357.35,17623.35,1.532,17564.85,17623.35,0.333,15:00,17525.15,0.56,,
2022-08-24,Wednesday,0,0,0,No Expiry,non-expiry,Down to Up,Down to Up,Match,17525.45,17607.55,0.468,17551.35,17607.55,0.32,14:00,17550.65,0.324,,
2022-08-25,Thursday,0,1,0,Nifty-Only Expiry,non-expiry,Top to Down,Top to Down,Match,17679.0,17508.2,-0.966,17695.1,17508.2,1.056,14:00,17699.9,1.083,,
2022-08-26,Friday,1,0,0,Sensex Expiry,monthly,Top to Down,Top to Down,Match,17619.3,17582.9,-0.207,17587.7,17582.9,0.027,14:00,17611.2,0.161,19.57,FII Bearish (sold fut >10K)
2022-08-29,Monday,0,0,0,No Expiry,non-expiry,Down to Up,Top to Down,Mismatch,17188.65,17339.1,0.875,17361.65,17339.1,0.13,14:00,17373.5,0.198,,
2022-08-30,Tuesday,0,0,0,No Expiry,non-expiry,Down to Up,Down to Up,Match,17414.95,17744.2,1.891,17659.5,17744.2,0.48,14:05,17648.0,0.545,,
2022-09-01,Thursday,0,1,0,Nifty-Only Expiry,non-expiry,Down to Up,Down to Up,Match,17485.7,17563.25,0.444,17472.65,17563.25,0.519,14:05,17469.0,0.54,,
2022-09-02,Friday,1,0,0,Sensex Expiry,weekly,Top to Down,Top to Down,Match,17598.4,17527.85,-0.401,17591.95,17527.85,0.364,14:15,17623.45,0.542,19.87,FII Bearish (sold fut >10K)
2022-09-05,Monday,0,0,0,No Expiry,non-expiry,Down to Up,Flat,Flat,17546.45,17653.9,0.612,17655.65,17653.9,0.01,,,0.0,,
2022-09-06,Tuesday,0,0,0,No Expiry,non-expiry,Top to Down,Top to Down,Match,17695.7,17651.6,-0.249,17696.1,17651.6,0.251,14:15,17705.45,0.304,,
2022-09-07,Wednesday,0,0,0,No Expiry,non-expiry,Down to Up,Top to Down,Mismatch,17519.4,17629.5,0.628,17636.85,17629.5,0.042,14:20,17646.7,0.097,,
2022-09-08,Thursday,0,1,0,Nifty-Only Expiry,non-expiry,Down to Up,Down to Up,Match,17748.15,17800.1,0.293,17728.65,17800.1,0.403,14:00,17727.8,0.408,,
2022-09-09,Friday,1,0,0,Sensex Expiry,weekly,Top to Down,Top to Down,Match,17923.35,17829.3,-0.525,17847.9,17829.3,0.104,14:50,17868.3,0.218,18.31,FII Confident (sold puts >20K)
2022-09-12,Monday,0,0,0,No Expiry,non-expiry,Down to Up,Top to Down,Mismatch,17890.85,17931.6,0.228,17942.8,17931.6,0.062,14:10,17980.2,0.27,,
2022-09-13,Tuesday,0,0,0,No Expiry,non-expiry,Down to Up,Top to Down,Mismatch,18044.45,18066.5,0.122,18076.45,18066.5,0.055,14:10,18087.95,0.119,,
2022-09-14,Wednesday,0,0,0,No Expiry,non-expiry,Down to Up,Top to Down,Mismatch,17771.15,18000.65,1.291,18019.6,18000.65,0.105,14:25,18090.65,0.497,,
2022-09-15,Thursday,0,1,0,Nifty-Only Expiry,non-expiry,Top to Down,Top to Down,Match,18046.35,17872.3,-0.964,17906.3,17872.3,0.19,14:40,17962.4,0.502,,
2022-09-16,Friday,1,0,0,Sensex Expiry,weekly,Top to Down,Top to Down,Match,17796.8,17550.1,-1.386,17560.9,17550.1,0.062,15:00,17618.9,0.39,18.39,FII Bearish (sold fut >10K)
2022-09-19,Monday,0,0,0,No Expiry,non-expiry,Down to Up,Top to Down,Mismatch,17540.65,17631.85,0.52,17658.35,17631.85,0.15,14:00,17664.25,0.183,,
2022-09-20,Tuesday,0,0,0,No Expiry,non-expiry,Down to Up,Top to Down,Mismatch,17770.4,17791.25,0.117,17894.5,17791.25,0.577,14:05,17903.1,0.625,,
2022-09-21,Wednesday,0,0,0,No Expiry,non-expiry,Top to Down,Top to Down,Match,17766.35,17715.9,-0.284,17757.0,17715.9,0.231,14:10,17793.9,0.438,,
2022-09-22,Thursday,0,1,0,Nifty-Only Expiry,non-expiry,Down to Up,Top to Down,Mismatch,17609.65,17635.95,0.149,17682.25,17635.95,0.262,14:10,17722.65,0.489,,
2022-09-23,Friday,1,0,0,Sensex Expiry,weekly,Top to Down,Top to Down,Match,17593.85,17332.25,-1.487,17372.9,17332.25,0.234,14:10,17374.75,0.245,18.82,FII Bearish (sold fut >10K)
2022-09-26,Monday,0,0,0,No Expiry,non-expiry,Top to Down,Top to Down,Match,17156.3,17027.85,-0.749,17094.25,17027.85,0.388,14:20,17142.4,0.668,,
2022-09-27,Tuesday,0,0,0,No Expiry,non-expiry,Top to Down,Top to Down,Match,17110.9,17043.45,-0.394,17087.05,17043.45,0.255,14:00,17095.8,0.306,,
2022-09-28,Wednesday,0,0,0,No Expiry,non-expiry,Top to Down,Top to Down,Match,16870.55,16826.15,-0.263,16940.15,16826.15,0.673,14:05,16976.5,0.886,,
2022-09-29,Thursday,0,1,0,Nifty-Only Expiry,non-expiry,Top to Down,Down to Up,Mismatch,16993.6,16842.9,-0.887,16814.25,16842.9,0.17,15:05,16791.9,0.304,,
2022-09-30,Friday,1,0,0,Sensex Expiry,monthly,Down to Up,Top to Down,Mismatch,16798.05,17107.2,1.84,17137.6,17107.2,0.177,14:25,17186.8,0.463,21.3,FII Bearish (sold fut >10K)
2022-10-03,Monday,0,0,0,No Expiry,non-expiry,Top to Down,Top to Down,Match,17102.1,16876.0,-1.322,16954.05,16876.0,0.46,14:05,16978.35,0.603,,
2022-10-04,Tuesday,0,0,0,No Expiry,non-expiry,Down to Up,Down to Up,Match,17147.45,17277.45,0.758,17240.8,17277.45,0.213,14:45,17232.2,0.263,,
2022-10-06,Thursday,0,1,0,Nifty-Only Expiry,non-expiry,Top to Down,Top to Down,Match,17379.25,17317.0,-0.358,17372.5,17317.0,0.319,14:00,17387.5,0.405,,
2022-10-07,Friday,1,0,0,Sensex Expiry,weekly,Down to Up,Down to Up,Match,17287.2,17316.15,0.167,17280.8,17316.15,0.205,14:00,17274.4,0.242,19.32,FII Confident (sold puts >20K)
2022-10-10,Monday,0,0,0,No Expiry,non-expiry,Down to Up,Down to Up,Match,17094.35,17252.45,0.925,17172.2,17252.45,0.467,14:05,17140.1,0.655,,
2022-10-11,Tuesday,0,0,0,No Expiry,non-expiry,Top to Down,Top to Down,Match,17256.05,16964.15,-1.692,17121.75,16964.15,0.92,14:15,17140.75,1.03,,
2022-10-12,Wednesday,0,0,0,No Expiry,non-expiry,Down to Up,Down to Up,Match,17025.55,17129.05,0.608,17085.7,17129.05,0.254,14:05,17077.05,0.305,,
2022-10-13,Thursday,0,1,0,Nifty-Only Expiry,non-expiry,Top to Down,Down to Up,Mismatch,17087.35,17017.8,-0.407,17007.45,17017.8,0.061,15:05,16992.15,0.151,,
2022-10-14,Friday,1,0,0,Sensex Expiry,weekly,Top to Down,Top to Down,Match,17322.3,17200.35,-0.704,17243.0,17200.35,0.247,14:10,17271.7,0.413,20.29,FII Neutral
2022-10-17,Monday,0,0,0,No Expiry,non-expiry,Down to Up,Down to Up,Match,17144.8,17320.55,1.025,17283.2,17320.55,0.216,14:05,17269.35,0.296,,
2022-10-18,Tuesday,0,0,0,No Expiry,non-expiry,Down to Up,Down to Up,Match,17438.75,17490.6,0.297,17479.05,17490.6,0.066,14:30,17443.7,0.269,,
2022-10-19,Wednesday,0,0,0,No Expiry,non-expiry,Top to Down,Down to Up,Mismatch,17568.15,17518.85,-0.281,17509.85,17518.85,0.051,14:55,17472.9,0.263,,
2022-10-20,Thursday,0,1,0,Nifty-Only Expiry,non-expiry,Down to Up,Down to Up,Match,17423.1,17565.25,0.816,17484.95,17565.25,0.459,14:00,17468.75,0.552,,
2022-10-21,Friday,1,0,0,Sensex Expiry,weekly,Top to Down,Top to Down,Match,17622.85,17583.75,-0.222,17602.0,17583.75,0.104,14:00,17603.9,0.114,17.23,FII Bearish (sold fut >10K)
2022-10-25,Tuesday,0,0,0,No Expiry,non-expiry,Top to Down,Top to Down,Match,17808.3,17642.65,-0.93,17701.1,17642.65,0.33,14:40,17718.8,0.43,,
2022-10-27,Thursday,0,1,0,Nifty-Only Expiry,non-expiry,Top to Down,Down to Up,Mismatch,17771.4,17758.9,-0.07,17696.1,17758.9,0.355,14:40,17654.7,0.59,,
2022-10-28,Friday,1,0,0,Sensex Expiry,monthly,Down to Up,Down to Up,Match,17756.4,17795.95,0.223,17728.45,17795.95,0.381,14:00,17726.9,0.39,16.6,FII Bullish (bought fut + sold puts)
2022-10-31,Monday,0,0,0,No Expiry,non-expiry,Down to Up,Down to Up,Match,17910.2,18015.7,0.589,17956.7,18015.7,0.329,14:00,17951.05,0.36,,
2022-11-01,Tuesday,0,0,0,No Expiry,non-expiry,Down to Up,Down to Up,Match,18130.7,18142.75,0.066,18101.0,18142.75,0.231,14:05,18094.9,0.264,,
2022-11-02,Wednesday,0,0,0,No Expiry,non-expiry,Top to Down,Down to Up,Mismatch,18177.9,18072.1,-0.582,18063.9,18072.1,0.045,14:10,18049.95,0.123,,
2022-11-03,Thursday,0,1,0,Nifty-Only Expiry,non-expiry,Down to Up,Down to Up,Match,17968.35,18048.05,0.444,18015.75,18048.05,0.179,14:25,18008.65,0.219,,
2022-11-04,Friday,1,0,0,Sensex Expiry,weekly,Down to Up,Down to Up,Match,18053.4,18127.9,0.413,18052.05,18127.9,0.42,14:05,18042.05,0.476,15.94,FII Bearish (sold fut >10K)
2022-11-07,Monday,0,0,0,No Expiry,non-expiry,Top to Down,Down to Up,Mismatch,18211.75,18203.35,-0.046,18107.85,18203.35,0.527,14:00,18107.85,0.527,,
2022-11-09,Wednesday,0,0,0,No Expiry,non-expiry,Top to Down,Top to Down,Match,18288.25,18121.05,-0.914,18196.0,18121.05,0.412,14:15,18212.0,0.499,,
2022-11-10,Thursday,0,1,0,Nifty-Only Expiry,non-expiry,Top to Down,Down to Up,Mismatch,18044.35,18036.8,-0.042,17999.35,18036.8,0.208,14:20,17969.6,0.374,,
2022-11-11,Friday,1,0,0,Sensex Expiry,weekly,Down to Up,Down to Up,Match,18272.35,18355.3,0.454,18341.55,18355.3,0.075,14:00,18322.2,0.181,15.57,FII Bearish (sold fut >10K)
2022-11-14,Monday,0,0,0,No Expiry,non-expiry,Top to Down,Top to Down,Match,18376.4,18320.25,-0.306,18342.55,18320.25,0.122,14:10,18375.05,0.298,,
2022-11-15,Tuesday,0,0,0,No Expiry,non-expiry,Down to Up,Down to Up,Match,18362.75,18421.55,0.32,18320.45,18421.55,0.552,14:15,18309.0,0.615,,
2022-11-16,Wednesday,0,0,0,No Expiry,non-expiry,Down to Up,Top to Down,Mismatch,18398.25,18401.35,0.017,18425.3,18401.35,0.13,14:00,18425.4,0.131,,
2022-11-17,Thursday,0,1,0,Nifty-Only Expiry,non-expiry,Top to Down,Top to Down,Match,18358.7,18333.95,-0.135,18400.25,18333.95,0.36,14:15,18406.1,0.392,,
2022-11-18,Friday,1,0,0,Sensex Expiry,weekly,Top to Down,Down to Up,Mismatch,18382.95,18304.35,-0.428,18216.8,18304.35,0.481,14:15,18210.6,0.515,14.88,FII Hedging (bought puts >20K)
2022-11-21,Monday,0,0,0,No Expiry,non-expiry,Top to Down,Flat,Flat,18246.4,18157.95,-0.485,18159.25,18157.95,0.007,,,0.0,,
2022-11-22,Tuesday,0,0,0,No Expiry,non-expiry,Down to Up,Down to Up,Match,18179.15,18251.5,0.398,18220.55,18251.5,0.17,14:40,18197.6,0.296,,
2022-11-24,Thursday,0,1,0,Nifty-Only Expiry,non-expiry,Down to Up,Down to Up,Match,18326.1,18510.85,1.008,18381.95,18510.85,0.701,14:00,18379.85,0.713,,
2022-11-25,Friday,1,0,0,Sensex Expiry,monthly,Top to Down,Top to Down,Match,18528.45,18498.4,-0.162,18501.3,18498.4,0.016,15:10,18534.7,0.196,13.48,FII Bullish (bought fut + sold puts)
2022-11-28,Monday,0,0,0,No Expiry,non-expiry,Down to Up,Top to Down,Mismatch,18430.55,18553.4,0.667,18606.35,18553.4,0.285,14:00,18610.15,0.305,,
2022-11-29,Tuesday,0,0,0,No Expiry,non-expiry,Down to Up,Top to Down,Mismatch,18552.45,18603.6,0.276,18663.6,18603.6,0.321,14:00,18664.1,0.324,,
2022-11-30,Wednesday,0,0,0,No Expiry,non-expiry,Down to Up,Down to Up,Match,18625.7,18776.95,0.812,18663.9,18776.95,0.606,14:10,18652.95,0.665,,
2022-12-01,Thursday,0,1,0,Nifty-Only Expiry,non-expiry,Top to Down,Down to Up,Mismatch,18871.95,18800.95,-0.376,18792.45,18800.95,0.045,14:00,18790.1,0.058,,
2022-12-02,Friday,1,0,0,Sensex Expiry,weekly,Top to Down,Down to Up,Mismatch,18752.4,18705.2,-0.252,18689.5,18705.2,0.084,14:40,18675.95,0.157,13.36,FII Hedging (bought puts >20K)
2022-12-05,Monday,0,0,0,No Expiry,non-expiry,Top to Down,Down to Up,Mismatch,18719.55,18694.05,-0.136,18643.4,18694.05,0.272,14:00,18629.95,0.344,,
2022-12-06,Tuesday,0,0,0,No Expiry,non-expiry,Down to Up,Down to Up,Match,18600.65,18647.8,0.253,18607.85,18647.8,0.215,14:00,18596.5,0.276,,
2022-12-07,Wednesday,0,0,0,No Expiry,non-expiry,Top to Down,Top to Down,Match,18638.85,18550.75,-0.473,18589.9,18550.75,0.211,14:45,18618.95,0.366,,
2022-12-08,Thursday,0,1,0,Nifty-Only Expiry,non-expiry,Down to Up,Down to Up,Match,18570.85,18614.4,0.235,18586.05,18614.4,0.153,14:00,18578.6,0.193,,
2022-12-09,Friday,1,0,0,Sensex Expiry,weekly,Top to Down,Down to Up,Mismatch,18662.4,18493.25,-0.906,18471.55,18493.25,0.117,14:20,18411.15,0.446,13.4,FII Confident (sold puts >20K)
2022-12-12,Monday,0,0,0,No Expiry,non-expiry,Down to Up,Down to Up,Match,18402.15,18494.7,0.503,18457.95,18494.7,0.199,14:25,18426.45,0.37,,
2022-12-13,Tuesday,0,0,0,No Expiry,non-expiry,Down to Up,Down to Up,Match,18524.4,18596.75,0.391,18594.05,18596.75,0.015,14:25,18563.1,0.181,,
2022-12-14,Wednesday,0,0,0,No Expiry,non-expiry,Top to Down,Top to Down,Match,18671.25,18643.0,-0.151,18646.05,18643.0,0.016,15:00,18676.35,0.179,,
2022-12-15,Thursday,0,1,0,Nifty-Only Expiry,non-expiry,Top to Down,Top to Down,Match,18614.4,18399.75,-1.153,18505.25,18399.75,0.57,14:15,18527.5,0.69,,
2022-12-16,Friday,1,0,0,Sensex Expiry,weekly,Top to Down,Top to Down,Match,18319.1,18270.1,-0.267,18320.15,18270.1,0.273,14:10,18356.05,0.468,13.73,FII Bearish (sold fut >10K)
2022-12-19,Monday,0,0,0,No Expiry,non-expiry,Down to Up,Down to Up,Match,18288.1,18426.2,0.755,18369.2,18426.2,0.31,14:25,18352.25,0.403,,
2022-12-20,Tuesday,0,0,0,No Expiry,non-expiry,Down to Up,Down to Up,Match,18340.3,18385.85,0.248,18279.65,18385.85,0.581,14:00,18278.3,0.588,,
2022-12-21,Wednesday,0,0,0,No Expiry,non-expiry,Top to Down,Down to Up,Mismatch,18435.15,18207.55,-1.235,18192.9,18207.55,0.081,14:00,18172.15,0.195,,
2022-12-22,Thursday,0,1,0,Nifty-Only Expiry,non-expiry,Top to Down,Top to Down,Match,18288.8,18114.7,-0.952,18141.15,18114.7,0.146,14:15,18182.75,0.374,,
2022-12-23,Friday,1,0,0,Sensex Expiry,weekly,Top to Down,Top to Down,Match,17977.65,17824.1,-0.854,17863.6,17824.1,0.221,14:35,17883.6,0.333,15.19,FII Confident (sold puts >20K)
2022-12-26,Monday,0,0,0,No Expiry,non-expiry,Down to Up,Down to Up,Match,17830.4,18009.6,1.005,17987.05,18009.6,0.125,15:10,17984.55,0.139,,
2022-12-27,Tuesday,0,0,0,No Expiry,non-expiry,Down to Up,Down to Up,Match,18089.8,18136.0,0.255,18102.55,18136.0,0.185,14:25,18073.45,0.346,,
2022-12-28,Wednesday,0,0,0,No Expiry,non-expiry,Down to Up,Top to Down,Mismatch,18084.75,18106.9,0.122,18157.3,18106.9,0.278,14:10,18173.05,0.364,,
2022-12-29,Thursday,0,1,0,Nifty-Only Expiry,non-expiry,Down to Up,Down to Up,Match,18045.7,18210.4,0.913,18091.7,18210.4,0.656,14:30,18073.6,0.757,,
2022-12-30,Friday,1,0,0,Sensex Expiry,monthly,Top to Down,Top to Down,Match,18259.1,18117.05,-0.778,18169.35,18117.05,0.288,14:55,18206.7,0.492,14.81,FII Bullish (bought fut + sold puts)
2023-01-02,Monday,0,0,0,No Expiry,non-expiry,Down to Up,Down to Up,Match,18131.7,18207.1,0.416,18162.6,18207.1,0.245,14:20,18123.2,0.463,,
2023-01-03,Tuesday,0,0,0,No Expiry,non-expiry,Down to Up,Down to Up,Match,18163.2,18234.3,0.391,18221.15,18234.3,0.072,14:10,18205.45,0.158,,
2023-01-04,Wednesday,0,0,0,No Expiry,non-expiry,Top to Down,Top to Down,Match,18230.65,18036.85,-1.063,18114.75,18036.85,0.43,14:05,18131.4,0.521,,
2023-01-05,Thursday,0,1,0,Nifty-Only Expiry,non-expiry,Top to Down,Down to Up,Mismatch,18101.95,17999.8,-0.564,17938.45,17999.8,0.342,14:10,17911.15,0.495,,
2023-01-06,Friday,1,0,0,Sensex Expiry,weekly,Top to Down,Down to Up,Mismatch,18008.05,17865.85,-0.79,17839.45,17865.85,0.148,14:20,17797.55,0.384,14.98,FII Bullish (bought fut + sold puts)
2023-01-09,Monday,0,0,0,No Expiry,non-expiry,Down to Up,Down to Up,Match,17952.55,18088.75,0.759,18037.65,18088.75,0.283,14:05,18021.4,0.374,,
2023-01-10,Tuesday,0,0,0,No Expiry,non-expiry,Top to Down,Down to Up,Mismatch,18121.3,17925.35,-1.081,17904.65,17925.35,0.116,14:45,17857.25,0.381,,
2023-01-11,Wednesday,0,0,0,No Expiry,non-expiry,Top to Down,Top to Down,Match,17924.25,17888.4,-0.2,17892.85,17888.4,0.025,14:55,17939.7,0.286,,
2023-01-12,Thursday,0,1,0,Nifty-Only Expiry,non-expiry,Top to Down,Down to Up,Mismatch,17920.85,17866.0,-0.306,17809.35,17866.0,0.318,14:00,17809.1,0.319,,
2023-01-13,Friday,1,0,0,Sensex Expiry,weekly,Down to Up,Top to Down,Mismatch,17867.5,17950.5,0.465,17980.5,17950.5,0.167,14:10,17998.95,0.269,15.28,FII Confident (sold puts >20K)
2023-01-16,Monday,0,0,0,No Expiry,non-expiry,Top to Down,Down to Up,Mismatch,18033.15,17891.7,-0.784,17868.25,17891.7,0.131,14:00,17854.15,0.21,,
2023-01-17,Tuesday,0,0,0,No Expiry,non-expiry,Down to Up,Down to Up,Match,17922.8,18056.8,0.748,17979.3,18056.8,0.431,14:00,17963.8,0.518,,
2023-01-18,Wednesday,0,0,0,No Expiry,non-expiry,Down to Up,Down to Up,Match,18074.3,18163.8,0.495,18160.85,18163.8,0.016,14:10,18136.8,0.149,,
2023-01-19,Thursday,0,1,0,Nifty-Only Expiry,non-expiry,Top to Down,Top to Down,Match,18119.8,18089.05,-0.17,18118.45,18089.05,0.162,14:15,18138.2,0.271,,
2023-01-20,Friday,1,0,0,Sensex Expiry,weekly,Top to Down,Top to Down,Match,18115.6,18027.3,-0.487,18056.15,18027.3,0.16,14:15,18065.1,0.209,13.96,FII Hedging (bought puts >20K)
2023-01-23,Monday,0,0,0,No Expiry,non-expiry,Top to Down,Top to Down,Match,18118.45,18104.95,-0.075,18114.45,18104.95,0.052,14:20,18136.35,0.173,,
2023-01-24,Tuesday,0,0,0,No Expiry,non-expiry,Top to Down,Down to Up,Mismatch,18183.95,18101.15,-0.455,18094.9,18101.15,0.035,14:00,18090.75,0.057,,
2023-01-25,Wednesday,0,1,0,Nifty-Only Expiry,non-expiry,Top to Down,Top to Down,Match,18093.35,17910.05,-1.013,17916.75,17910.05,0.037,14:10,17946.85,0.205,,
2023-01-27,Friday,1,0,0,Sensex Expiry,monthly,Top to Down,Down to Up,Mismatch,17877.2,17607.9,-1.506,17542.0,17607.9,0.376,14:25,17494.2,0.65,14.66,FII Neutral
2023-01-30,Monday,0,0,0,No Expiry,non-expiry,Down to Up,Down to Up,Match,17541.95,17667.25,0.714,17440.85,17667.25,1.298,14:00,17439.4,1.307,,
2023-01-31,Tuesday,0,0,0,No Expiry,non-expiry,Top to Down,Down to Up,Mismatch,17731.45,17682.55,-0.276,17657.4,17682.55,0.142,14:20,17603.2,0.451,,
2023-02-01,Wednesday,0,0,0,No Expiry,non-expiry,Top to Down,Top to Down,Match,17811.6,17605.4,-1.158,17664.7,17605.4,0.336,14:10,17729.4,0.699,,
2023-02-02,Thursday,0,1,0,Nifty-Only Expiry,non-expiry,Down to Up,Down to Up,Match,17517.1,17611.75,0.54,17528.0,17611.75,0.478,14:00,17506.75,0.6,,
2023-02-03,Friday,1,0,0,Sensex Expiry,weekly,Down to Up,Down to Up,Match,17721.75,17830.8,0.615,17744.9,17830.8,0.484,14:10,17733.7,0.548,15.73,FII Very Bearish (sold fut >10K + bought puts >20K)
2023-02-06,Monday,0,0,0,No Expiry,non-expiry,Top to Down,Top to Down,Match,17818.55,17761.2,-0.322,17768.8,17761.2,0.043,14:00,17784.85,0.133,,
2023-02-07,Tuesday,0,0,0,No Expiry,non-expiry,Top to Down,Down to Up,Mismatch,17790.1,17720.4,-0.392,17704.1,17720.4,0.092,14:00,17702.85,0.099,,
2023-02-08,Wednesday,0,0,0,No Expiry,non-expiry,Down to Up,Top to Down,Mismatch,17750.3,17862.5,0.632,17876.6,17862.5,0.079,15:00,17898.55,0.201,,
2023-02-09,Thursday,0,1,0,Nifty-Only Expiry,non-expiry,Down to Up,Down to Up,Match,17885.5,17897.1,0.065,17893.05,17897.1,0.023,15:00,17876.3,0.116,,
2023-02-10,Friday,1,0,0,Sensex Expiry,weekly,Top to Down,Flat,Flat,17847.55,17843.35,-0.024,17842.75,17843.35,0.003,,,0.0,13.04,FII Neutral
2023-02-13,Monday,0,0,0,No Expiry,non-expiry,Top to Down,Top to Down,Match,17859.1,17764.55,-0.529,17768.05,17764.55,0.02,14:55,17802.8,0.215,,
2023-02-14,Tuesday,0,0,0,No Expiry,non-expiry,Down to Up,Top to Down,Mismatch,17840.35,17921.85,0.457,17936.3,17921.85,0.081,14:00,17954.45,0.182,,
2023-02-15,Wednesday,0,0,0,No Expiry,non-expiry,Down to Up,Down to Up,Match,17896.6,18023.2,0.707,17925.0,18023.2,0.548,14:10,17923.85,0.554,,
2023-02-16,Thursday,0,1,0,Nifty-Only Expiry,non-expiry,Top to Down,Top to Down,Match,18094.75,18015.25,-0.439,18077.5,18015.25,0.344,14:15,18090.2,0.414,,
2023-02-17,Friday,1,0,0,Sensex Expiry,weekly,Top to Down,Down to Up,Mismatch,17974.85,17942.6,-0.179,17900.85,17942.6,0.233,14:10,17892.15,0.282,12.89,FII Hedging (bought puts >20K)
2023-02-20,Monday,0,0,0,No Expiry,non-expiry,Top to Down,Top to Down,Match,17965.55,17847.7,-0.656,17855.95,17847.7,0.046,14:00,17866.2,0.104,,
2023-02-21,Tuesday,0,0,0,No Expiry,non-expiry,Top to Down,Top to Down,Match,17905.8,17842.1,-0.356,17881.05,17842.1,0.218,14:00,17891.15,0.274,,
2023-02-22,Wednesday,0,0,0,No Expiry,non-expiry,Top to Down,Top to Down,Match,17755.35,17552.5,-1.142,17558.4,17552.5,0.034,14:50,17593.55,0.233,,
2023-02-23,Thursday,0,1,0,Nifty-Only Expiry,non-expiry,Top to Down,Top to Down,Match,17574.65,17523.8,-0.289,17574.0,17523.8,0.286,14:00,17584.75,0.347,,
2023-02-24,Friday,1,0,0,Sensex Expiry,monthly,Top to Down,Top to Down,Match,17591.35,17465.45,-0.716,17478.15,17465.45,0.073,14:00,17484.5,0.109,15.08,FII Confident (sold puts >20K)
2023-02-27,Monday,0,0,0,No Expiry,non-expiry,Top to Down,Down to Up,Mismatch,17428.6,17406.35,-0.128,17351.9,17406.35,0.314,14:45,17336.1,0.405,,
2023-02-28,Tuesday,0,0,0,No Expiry,non-expiry,Top to Down,Down to Up,Mismatch,17383.25,17317.2,-0.38,17309.3,17317.2,0.046,14:05,17255.9,0.355,,
2023-03-01,Wednesday,0,0,0,No Expiry,non-expiry,Down to Up,Down to Up,Match,17360.1,17457.85,0.563,17423.4,17457.85,0.198,14:00,17423.0,0.2,,
2023-03-02,Thursday,0,1,0,Nifty-Only Expiry,non-expiry,Top to Down,Top to Down,Match,17421.5,17318.65,-0.59,17321.05,17318.65,0.014,14:20,17345.4,0.154,,
2023-03-03,Friday,1,0,0,Sensex Expiry,weekly,Down to Up,Top to Down,Mismatch,17451.25,17592.3,0.808,17597.75,17592.3,0.031,14:55,17644.7,0.297,12.97,FII Mildly Bearish
2023-03-06,Monday,0,0,0,No Expiry,non-expiry,Down to Up,Top to Down,Mismatch,17680.35,17719.85,0.223,17733.3,17719.85,0.076,14:20,17747.1,0.154,,
2023-03-08,Wednesday,0,0,0,No Expiry,non-expiry,Down to Up,Down to Up,Match,17665.75,17751.5,0.485,17698.15,17751.5,0.301,14:35,17693.7,0.327,,
2023-03-09,Thursday,0,1,0,Nifty-Only Expiry,non-expiry,Top to Down,Top to Down,Match,17772.05,17582.8,-1.065,17617.3,17582.8,0.196,14:05,17634.3,0.292,,
2023-03-10,Friday,1,0,0,Sensex Expiry,weekly,Top to Down,Down to Up,Mismatch,17443.8,17418.6,-0.144,17391.65,17418.6,0.155,14:50,17367.15,0.296,12.73,FII Very Bearish (sold fut >10K + bought puts >20K)
2023-03-13,Monday,0,0,0,No Expiry,non-expiry,Top to Down,Top to Down,Match,17421.9,17184.6,-1.362,17211.75,17184.6,0.158,14:05,17229.85,0.263,,
2023-03-14,Tuesday,0,0,0,No Expiry,non-expiry,Top to Down,Down to Up,Mismatch,17160.55,17068.65,-0.536,17020.65,17068.65,0.282,14:15,16987.5,0.478,,
2023-03-15,Wednesday,0,0,0,No Expiry,non-expiry,Top to Down,Top to Down,Match,17166.45,16973.85,-1.122,17030.8,16973.85,0.334,14:10,17064.55,0.532,,
2023-03-16,Thursday,0,1,0,Nifty-Only Expiry,non-expiry,Down to Up,Down to Up,Match,16994.65,17010.15,0.091,16954.95,17010.15,0.326,15:00,16950.2,0.354,,
2023-03-17,Friday,1,0,0,Sensex Expiry,weekly,Down to Up,Down to Up,Match,17111.8,17123.7,0.07,17068.15,17123.7,0.325,14:25,17008.7,0.676,16.22,FII Very Bearish (sold fut >10K + bought puts >20K)
2023-03-20,Monday,0,0,0,No Expiry,non-expiry,Top to Down,Down to Up,Mismatch,17066.6,17003.45,-0.37,16857.65,17003.45,0.865,14:00,16854.3,0.885,,
2023-03-21,Tuesday,0,0,0,No Expiry,non-expiry,Down to Up,Down to Up,Match,17060.4,17106.95,0.273,17102.75,17106.95,0.025,14:10,17083.2,0.139,,
2023-03-22,Wednesday,0,0,0,No Expiry,non-expiry,Top to Down,Down to Up,Mismatch,17177.45,17142.75,-0.202,17137.6,17142.75,0.03,14:40,17110.95,0.186,,
2023-03-24,Friday,1,0,0,Sensex Expiry,weekly,Top to Down,Top to Down,Match,17076.2,16932.6,-0.841,17042.0,16932.6,0.642,14:00,17043.1,0.648,14.49,FII Hedging (bought puts >20K)
2023-03-27,Monday,0,0,0,No Expiry,non-expiry,Top to Down,Top to Down,Match,16984.3,16963.45,-0.123,17042.9,16963.45,0.466,14:35,17090.75,0.745,,
2023-03-28,Tuesday,0,0,0,No Expiry,non-expiry,Top to Down,Down to Up,Mismatch,17031.75,16956.85,-0.44,16945.6,16956.85,0.066,14:10,16914.2,0.252,,
2023-03-29,Wednesday,0,1,0,Nifty-Only Expiry,non-expiry,Down to Up,Down to Up,Match,16977.3,17116.35,0.819,17025.45,17116.35,0.534,14:30,16990.4,0.741,,
2023-03-31,Friday,1,0,0,Sensex Expiry,monthly,Down to Up,Down to Up,Match,17210.35,17358.3,0.86,17355.9,17358.3,0.014,15:20,17337.7,0.119,13.63,FII Neutral
2023-04-03,Monday,0,0,0,No Expiry,non-expiry,Top to Down,Down to Up,Mismatch,17427.95,17399.7,-0.162,17347.7,17399.7,0.3,14:00,17343.6,0.323,,
2023-04-05,Wednesday,0,0,0,No Expiry,non-expiry,Down to Up,Down to Up,Match,17422.3,17561.0,0.796,17523.9,17561.0,0.212,14:05,17521.5,0.225,,
2023-04-06,Thursday,0,1,0,Nifty-Only Expiry,non-expiry,Down to Up,Down to Up,Match,17533.85,17602.0,0.389,17568.05,17602.0,0.193,14:00,17564.9,0.211,,
2023-04-10,Monday,0,0,0,No Expiry,non-expiry,Top to Down,Top to Down,Match,17634.9,17613.05,-0.124,17640.7,17613.05,0.157,14:00,17649.2,0.205,,
2023-04-11,Tuesday,0,0,0,No Expiry,non-expiry,Down to Up,Down to Up,Match,17704.8,17722.25,0.099,17711.1,17722.25,0.063,14:20,17700.45,0.123,,
2023-04-12,Wednesday,0,0,0,No Expiry,non-expiry,Down to Up,Down to Up,Match,17759.55,17817.9,0.329,17808.35,17817.9,0.054,14:55,17767.25,0.285,,
2023-04-13,Thursday,0,1,0,Nifty-Only Expiry,non-expiry,Down to Up,Down to Up,Match,17807.3,17828.15,0.117,17782.95,17828.15,0.254,14:10,17778.5,0.279,,
2023-04-17,Monday,0,0,0,No Expiry,non-expiry,Top to Down,Down to Up,Mismatch,17863.0,17704.1,-0.89,17687.15,17704.1,0.096,14:40,17670.3,0.191,,
2023-04-18,Tuesday,0,0,0,No Expiry,non-expiry,Top to Down,Down to Up,Mismatch,17766.6,17661.55,-0.591,17635.15,17661.55,0.15,14:05,17618.05,0.247,,
2023-04-19,Wednesday,0,0,0,No Expiry,non-expiry,Top to Down,Down to Up,Mismatch,17653.35,17610.2,-0.244,17598.0,17610.2,0.069,14:05,17580.0,0.172,,
2023-04-20,Thursday,0,1,0,Nifty-Only Expiry,non-expiry,Top to Down,Down to Up,Mismatch,17638.6,17623.9,-0.083,17592.7,17623.9,0.177,14:05,17584.5,0.224,,
2023-04-21,Friday,1,0,0,Sensex Expiry,weekly,Top to Down,Down to Up,Mismatch,17639.75,17618.9,-0.118,17604.75,17618.9,0.08,14:05,17596.3,0.128,11.94,FII Hedging (bought puts >20K)
2023-04-24,Monday,0,0,0,No Expiry,non-expiry,Down to Up,Down to Up,Match,17707.55,17748.0,0.228,17698.9,17748.0,0.277,14:00,17696.55,0.291,,
2023-04-25,Tuesday,0,0,0,No Expiry,non-expiry,Flat,Flat,Flat,17761.55,17761.95,0.002,17761.65,17761.95,0.002,,,0.0,,
2023-04-26,Wednesday,0,0,0,No Expiry,non-expiry,Down to Up,Down to Up,Match,17767.3,17817.95,0.285,17782.4,17817.95,0.2,14:35,17770.35,0.268,,
2023-04-27,Thursday,0,1,0,Nifty-Only Expiry,non-expiry,Down to Up,Down to Up,Match,17813.1,17923.2,0.618,17887.95,17923.2,0.197,14:20,17859.5,0.357,,
2023-04-28,Friday,1,0,0,Sensex Expiry,monthly,Down to Up,Down to Up,Match,17950.4,18048.9,0.549,17977.5,18048.9,0.397,14:25,17962.95,0.478,11.43,FII Confident (sold puts >20K)
2023-05-02,Tuesday,0,0,0,No Expiry,non-expiry,Down to Up,Top to Down,Mismatch,18124.8,18136.05,0.062,18169.35,18136.05,0.183,14:35,18176.25,0.221,,
2023-05-03,Wednesday,0,0,0,No Expiry,non-expiry,Top to Down,Down to Up,Mismatch,18113.8,18082.7,-0.172,18055.45,18082.7,0.151,14:00,18053.95,0.159,,
2023-05-04,Thursday,0,1,0,Nifty-Only Expiry,non-expiry,Down to Up,Down to Up,Match,18081.0,18238.6,0.872,18181.3,18238.6,0.315,14:10,18172.55,0.363,,
2023-05-05,Friday,1,0,0,Sensex Expiry,weekly,Top to Down,Top to Down,Match,18117.3,18069.95,-0.261,18118.45,18069.95,0.268,14:15,18146.6,0.422,11.73,FII Confident (sold puts >20K)
2023-05-08,Monday,0,0,0,No Expiry,non-expiry,Down to Up,Top to Down,Mismatch,18120.6,18269.75,0.823,18282.55,18269.75,0.07,14:10,18286.7,0.093,,
2023-05-09,Tuesday,0,0,0,No Expiry,non-expiry,Top to Down,Down to Up,Mismatch,18303.4,18258.3,-0.246,18254.8,18258.3,0.019,14:00,18230.45,0.153,,
2023-05-10,Wednesday,0,0,0,No Expiry,non-expiry,Top to Down,Down to Up,Mismatch,18313.6,18311.1,-0.014,18278.6,18311.1,0.178,14:50,18268.55,0.233,,
2023-05-11,Thursday,0,1,0,Nifty-Only Expiry,non-expiry,Top to Down,Top to Down,Match,18357.8,18304.5,-0.29,18319.3,18304.5,0.081,14:15,18343.25,0.211,,
2023-05-12,Friday,1,0,0,Sensex Expiry,weekly,Down to Up,Top to Down,Mismatch,18273.75,18312.2,0.21,18332.2,18312.2,0.109,14:05,18342.0,0.162,13.22,FII Hedging (bought puts >20K)
2023-05-15,Monday,0,0,0,No Expiry,non-expiry,Down to Up,Top to Down,Mismatch,18339.3,18384.6,0.247,18442.75,18384.6,0.315,14:20,18458.25,0.399,,
2023-05-16,Tuesday,0,0,0,No Expiry,non-expiry,Top to Down,Top to Down,Match,18432.35,18276.75,-0.844,18364.65,18276.75,0.479,14:00,18372.8,0.523,,
2023-05-17,Wednesday,0,0,0,No Expiry,non-expiry,Top to Down,Down to Up,Mismatch,18300.45,18197.95,-0.56,18143.15,18197.95,0.302,14:05,18129.0,0.38,,
2023-05-18,Thursday,0,1,0,Nifty-Only Expiry,non-expiry,Top to Down,Top to Down,Match,18287.5,18134.65,-0.836,18195.7,18134.65,0.336,14:00,18201.4,0.367,,
2023-05-19,Friday,1,0,0,Sensex Expiry,weekly,Down to Up,Down to Up,Match,18186.15,18205.45,0.106,18142.05,18205.45,0.349,14:00,18142.05,0.349,12.8,FII Hedging (bought puts >20K)
2023-05-23,Tuesday,0,0,0,No Expiry,non-expiry,Top to Down,Top to Down,Match,18362.9,18333.75,-0.159,18399.2,18333.75,0.356,14:20,18410.2,0.415,,
2023-05-24,Wednesday,0,0,0,No Expiry,non-expiry,Top to Down,Top to Down,Match,18294.8,18287.0,-0.043,18307.3,18287.0,0.111,14:30,18325.8,0.212,,
2023-05-25,Thursday,0,1,0,Nifty-Only Expiry,non-expiry,Down to Up,Down to Up,Match,18268.9,18335.9,0.367,18214.15,18335.9,0.668,14:00,18213.95,0.67,,
2023-05-26,Friday,1,0,0,Sensex Expiry,monthly,Down to Up,Down to Up,Match,18368.35,18491.9,0.673,18466.35,18491.9,0.138,14:00,18466.35,0.138,12.52,FII Bullish (bought fut + sold puts)
2023-05-29,Monday,0,0,0,No Expiry,non-expiry,Top to Down,Top to Down,Match,18619.15,18601.1,-0.097,18615.0,18601.1,0.075,14:10,18625.65,0.132,,
2023-05-30,Tuesday,0,0,0,No Expiry,non-expiry,Down to Up,Down to Up,Match,18606.65,18639.95,0.179,18612.35,18639.95,0.148,14:00,18608.3,0.17,,
2023-05-31,Wednesday,0,0,0,No Expiry,non-expiry,Top to Down,Flat,Flat,18594.2,18521.3,-0.392,18520.75,18521.3,0.003,,,0.0,,
2023-06-01,Thursday,0,1,0,Nifty-Only Expiry,non-expiry,Top to Down,Top to Down,Match,18579.4,18486.1,-0.502,18527.9,18486.1,0.226,14:10,18543.0,0.307,,
2023-06-02,Friday,1,0,0,Sensex Expiry,weekly,Top to Down,Top to Down,Match,18550.85,18525.85,-0.135,18555.3,18525.85,0.159,14:00,18563.6,0.203,11.6,FII Bearish (sold fut >10K)
2023-06-05,Monday,0,0,0,No Expiry,non-expiry,Top to Down,Top to Down,Match,18612.0,18599.9,-0.065,18624.15,18599.9,0.13,14:00,18629.65,0.16,,
2023-06-06,Tuesday,0,0,0,No Expiry,non-expiry,Down to Up,Down to Up,Match,18600.8,18617.1,0.088,18559.2,18617.1,0.312,14:05,18542.95,0.4,,
2023-06-07,Wednesday,0,0,0,No Expiry,non-expiry,Down to Up,Down to Up,Match,18665.6,18730.35,0.347,18680.8,18730.35,0.265,14:00,18679.75,0.271,,
2023-06-08,Thursday,0,1,0,Nifty-Only Expiry,non-expiry,Top to Down,Top to Down,Match,18725.35,18646.9,-0.419,18718.25,18646.9,0.381,14:00,18723.75,0.41,,
2023-06-09,Friday,1,0,0,Sensex Expiry,weekly,Top to Down,Top to Down,Match,18655.9,18567.3,-0.475,18582.9,18567.3,0.084,14:35,18592.65,0.136,11.26,FII Hedging (bought puts >20K)
2023-06-12,Monday,0,0,0,No Expiry,non-expiry,Down to Up,Down to Up,Match,18595.05,18614.9,0.107,18612.85,18614.9,0.011,14:20,18591.4,0.126,,
2023-06-13,Tuesday,0,0,0,No Expiry,non-expiry,Down to Up,Down to Up,Match,18631.8,18718.65,0.466,18685.7,18718.65,0.176,14:00,18683.4,0.189,,
2023-06-14,Wednesday,0,0,0,No Expiry,non-expiry,Down to Up,Top to Down,Mismatch,18744.6,18749.65,0.027,18762.6,18749.65,0.069,15:00,18769.5,0.106,,
2023-06-15,Thursday,0,1,0,Nifty-Only Expiry,non-expiry,Top to Down,Top to Down,Match,18774.45,18682.15,-0.492,18737.15,18682.15,0.294,14:00,18744.35,0.332,,
2023-06-16,Friday,1,0,0,Sensex Expiry,weekly,Down to Up,Down to Up,Match,18723.3,18823.6,0.536,18765.75,18823.6,0.308,14:00,18764.3,0.316,11.08,FII Mildly Bearish
2023-06-19,Monday,0,0,0,No Expiry,non-expiry,Top to Down,Down to Up,Mismatch,18873.3,18754.2,-0.631,18736.2,18754.2,0.096,14:10,18725.1,0.155,,
2023-06-20,Tuesday,0,0,0,No Expiry,non-expiry,Down to Up,Down to Up,Match,18752.35,18833.7,0.434,18739.45,18833.7,0.503,14:00,18733.25,0.536,,
2023-06-21,Wednesday,0,0,0,No Expiry,non-expiry,Down to Up,Down to Up,Match,18849.4,18862.1,0.067,18856.2,18862.1,0.031,14:35,18826.95,0.187,,
2023-06-22,Thursday,0,1,0,Nifty-Only Expiry,non-expiry,Top to Down,Top to Down,Match,18853.6,18779.35,-0.394,18853.2,18779.35,0.392,14:00,18854.9,0.401,,
2023-06-23,Friday,1,0,0,Sensex Expiry,weekly,Top to Down,Top to Down,Match,18741.85,18668.55,-0.391,18705.35,18668.55,0.197,14:00,18708.4,0.213,11.55,FII Hedging (bought puts >20K)
2023-06-26,Monday,0,0,0,No Expiry,non-expiry,Down to Up,Down to Up,Match,18682.35,18694.7,0.066,18658.15,18694.7,0.196,14:05,18649.15,0.244,,
2023-06-27,Tuesday,0,0,0,No Expiry,non-expiry,Down to Up,Down to Up,Match,18748.55,18818.6,0.374,18757.75,18818.6,0.324,14:00,18754.7,0.341,,
2023-06-28,Wednesday,0,1,0,Nifty-Only Expiry,non-expiry,Down to Up,Flat,Flat,18908.15,18991.9,0.443,18991.5,18991.9,0.002,,,0.0,,
2023-06-30,Friday,1,0,0,Sensex Expiry,monthly,Down to Up,Down to Up,Match,19076.85,19183.2,0.557,19153.6,19183.2,0.155,14:05,19137.7,0.238,10.89,FII Neutral
2023-07-03,Monday,0,0,0,No Expiry,non-expiry,Down to Up,Down to Up,Match,19246.5,19330.65,0.437,19324.45,19330.65,0.032,14:50,19288.6,0.218,,
2023-07-04,Tuesday,0,0,0,No Expiry,non-expiry,Top to Down,Top to Down,Match,19406.6,19385.55,-0.108,19415.3,19385.55,0.153,14:00,19418.1,0.168,,
2023-07-05,Wednesday,0,0,0,No Expiry,non-expiry,Down to Up,Down to Up,Match,19405.95,19415.3,0.048,19386.8,19415.3,0.147,14:40,19339.6,0.391,,
2023-07-06,Thursday,0,1,0,Nifty-Only Expiry,non-expiry,Down to Up,Down to Up,Match,19385.7,19486.25,0.519,19453.1,19486.25,0.17,14:05,19447.45,0.2,,
2023-07-07,Friday,1,0,0,Sensex Expiry,weekly,Top to Down,Top to Down,Match,19422.8,19324.65,-0.505,19369.2,19324.65,0.23,14:45,19418.9,0.485,11.84,FII Neutral
2023-07-10,Monday,0,0,0,No Expiry,non-expiry,Top to Down,Top to Down,Match,19400.35,19367.85,-0.168,19398.6,19367.85,0.159,14:00,19400.95,0.171,,
2023-07-11,Tuesday,0,0,0,No Expiry,non-expiry,Down to Up,Top to Down,Mismatch,19427.1,19448.15,0.108,19465.75,19448.15,0.09,14:00,19475.85,0.142,,
2023-07-12,Wednesday,0,0,0,No Expiry,non-expiry,Top to Down,Top to Down,Match,19497.45,19384.75,-0.578,19449.15,19384.75,0.331,14:35,19462.0,0.397,,
2023-07-13,Thursday,0,1,0,Nifty-Only Expiry,non-expiry,Top to Down,Top to Down,Match,19495.2,19443.2,-0.267,19490.9,19443.2,0.245,14:00,19496.25,0.272,,
2023-07-14,Friday,1,0,0,Sensex Expiry,weekly,Down to Up,Down to Up,Match,19493.45,19587.35,0.482,19496.4,19587.35,0.466,14:55,19482.95,0.536,10.94,FII Confident (sold puts >20K)
2023-07-17,Monday,0,0,0,No Expiry,non-expiry,Down to Up,Down to Up,Match,19612.15,19719.1,0.545,19663.15,19719.1,0.285,14:10,19647.75,0.363,,
2023-07-18,Tuesday,0,0,0,No Expiry,non-expiry,Top to Down,Top to Down,Match,19787.5,19751.55,-0.182,19769.25,19751.55,0.09,14:05,19778.6,0.137,,
2023-07-19,Wednesday,0,0,0,No Expiry,non-expiry,Down to Up,Down to Up,Match,19802.95,19847.15,0.223,19785.55,19847.15,0.311,14:20,19758.75,0.447,,
2023-07-20,Thursday,0,1,0,Nifty-Only Expiry,non-expiry,Down to Up,Down to Up,Match,19831.7,19969.95,0.697,19929.35,19969.95,0.204,14:00,19925.9,0.221,,
2023-07-24,Monday,0,0,0,No Expiry,non-expiry,Top to Down,Top to Down,Match,19748.45,19665.4,-0.421,19760.5,19665.4,0.481,14:10,19776.0,0.559,,
2023-07-25,Tuesday,0,0,0,No Expiry,non-expiry,Top to Down,Down to Up,Mismatch,19729.35,19678.85,-0.256,19655.05,19678.85,0.121,14:00,19649.95,0.147,,
2023-07-26,Wednesday,0,0,0,No Expiry,non-expiry,Down to Up,Top to Down,Mismatch,19733.35,19773.1,0.201,19799.25,19773.1,0.132,14:30,19824.9,0.261,,
2023-07-27,Thursday,0,1,0,Nifty-Only Expiry,non-expiry,Top to Down,Top to Down,Match,19850.9,19700.2,-0.759,19705.7,19700.2,0.028,15:25,19708.65,0.043,,
2023-07-28,Friday,1,0,0,Sensex Expiry,monthly,Top to Down,Down to Up,Mismatch,19659.75,19638.0,-0.111,19588.9,19638.0,0.251,14:00,19578.7,0.303,10.51,FII Bearish (sold fut >10K)
2023-07-31,Monday,0,0,0,No Expiry,non-expiry,Down to Up,Down to Up,Match,19666.35,19742.5,0.387,19703.3,19742.5,0.199,14:10,19699.9,0.216,,
2023-08-01,Tuesday,0,0,0,No Expiry,non-expiry,Top to Down,Flat,Flat,19784.0,19736.1,-0.242,19734.25,19736.1,0.009,,,0.0,,
2023-08-02,Wednesday,0,0,0,No Expiry,non-expiry,Top to Down,Down to Up,Mismatch,19655.4,19514.8,-0.715,19448.4,19514.8,0.341,14:10,19425.7,0.459,,
2023-08-03,Thursday,0,1,0,Nifty-Only Expiry,non-expiry,Top to Down,Down to Up,Mismatch,19463.75,19394.45,-0.356,19314.5,19394.45,0.414,14:10,19297.85,0.501,,
2023-08-04,Friday,1,0,0,Sensex Expiry,weekly,Down to Up,Down to Up,Match,19462.8,19510.05,0.243,19461.45,19510.05,0.25,14:00,19450.7,0.305,11.19,FII Bearish (sold fut >10K)
2023-08-07,Monday,0,0,0,No Expiry,non-expiry,Down to Up,Down to Up,Match,19576.85,19597.95,0.108,19590.7,19597.95,0.037,14:15,19572.75,0.129,,
2023-08-08,Tuesday,0,0,0,No Expiry,non-expiry,Top to Down,Top to Down,Match,19627.2,19570.8,-0.287,19575.5,19570.8,0.024,14:30,19597.25,0.135,,
2023-08-09,Wednesday,0,0,0,No Expiry,non-expiry,Down to Up,Down to Up,Match,19578.8,19630.95,0.266,19519.8,19630.95,0.569,14:15,19518.0,0.579,,
2023-08-10,Thursday,0,1,0,Nifty-Only Expiry,non-expiry,Top to Down,Down to Up,Mismatch,19605.55,19549.2,-0.287,19513.95,19549.2,0.181,14:00,19503.1,0.236,,
2023-08-11,Friday,1,0,0,Sensex Expiry,weekly,Top to Down,Top to Down,Match,19554.25,19424.25,-0.665,19482.8,19424.25,0.301,14:30,19486.0,0.317,11.4,FII Bearish (sold fut >10K)
2023-08-14,Monday,0,0,0,No Expiry,non-expiry,Down to Up,Down to Up,Match,19383.95,19413.65,0.153,19403.7,19413.65,0.051,14:00,19403.25,0.054,,
2023-08-16,Wednesday,0,0,0,No Expiry,non-expiry,Down to Up,Down to Up,Match,19369.0,19447.0,0.403,19430.6,19447.0,0.084,14:10,19413.75,0.171,,
2023-08-17,Thursday,0,1,0,Nifty-Only Expiry,non-expiry,Top to Down,Top to Down,Match,19450.55,19346.2,-0.536,19361.75,19346.2,0.08,14:50,19387.35,0.212,,
2023-08-18,Friday,1,0,0,Sensex Expiry,weekly,Top to Down,Top to Down,Match,19301.75,19281.5,-0.105,19305.6,19281.5,0.125,14:15,19373.8,0.476,12.24,FII Confident (sold puts >20K)
2023-08-21,Monday,0,0,0,No Expiry,non-expiry,Down to Up,Top to Down,Mismatch,19320.65,19380.6,0.31,19408.25,19380.6,0.142,15:00,19425.95,0.233,,
2023-08-22,Tuesday,0,0,0,No Expiry,non-expiry,Top to Down,Top to Down,Match,19417.1,19390.05,-0.139,19410.3,19390.05,0.104,14:10,19418.9,0.149,,
2023-08-23,Wednesday,0,0,0,No Expiry,non-expiry,Down to Up,Top to Down,Mismatch,19439.2,19441.55,0.012,19464.7,19441.55,0.119,14:00,19472.05,0.157,,
2023-08-24,Thursday,0,1,0,Nifty-Only Expiry,non-expiry,Top to Down,Top to Down,Match,19535.15,19380.4,-0.792,19414.55,19380.4,0.176,14:10,19441.85,0.316,,
2023-08-25,Friday,1,0,0,Sensex Expiry,monthly,Top to Down,Top to Down,Match,19297.4,19244.3,-0.275,19299.8,19244.3,0.288,14:05,19309.0,0.335,11.7,FII Hedging (bought puts >20K)
2023-08-28,Monday,0,0,0,No Expiry,non-expiry,Down to Up,Top to Down,Mismatch,19298.35,19302.65,0.022,19340.95,19302.65,0.198,14:05,19366.85,0.331,,
2023-08-29,Tuesday,0,0,0,No Expiry,non-expiry,Top to Down,Down to Up,Mismatch,19374.85,19352.95,-0.113,19344.0,19352.95,0.046,14:25,19309.95,0.223,,
2023-08-30,Wednesday,0,0,0,No Expiry,non-expiry,Top to Down,Top to Down,Match,19433.45,19340.05,-0.481,19434.35,19340.05,0.485,14:00,19435.2,0.49,,
2023-08-31,Thursday,0,1,0,Nifty-Only Expiry,non-expiry,Top to Down,Top to Down,Match,19375.55,19279.55,-0.495,19294.4,19279.55,0.077,14:05,19297.65,0.094,,
2023-09-01,Friday,1,0,0,Sensex Expiry,weekly,Down to Up,Down to Up,Match,19258.15,19423.35,0.858,19416.65,19423.35,0.035,14:00,19416.55,0.035,12.06,FII Bullish (bought fut + sold puts)
2023-09-04,Monday,0,0,0,No Expiry,non-expiry,Down to Up,Down to Up,Match,19525.05,19535.4,0.053,19501.0,19535.4,0.176,14:05,19494.7,0.209,,
2023-09-05,Tuesday,0,0,0,No Expiry,non-expiry,Down to Up,Down to Up,Match,19564.65,19577.65,0.066,19547.45,19577.65,0.154,14:30,19545.45,0.165,,
2023-09-06,Wednesday,0,0,0,No Expiry,non-expiry,Down to Up,Down to Up,Match,19581.2,19618.9,0.193,19501.2,19618.9,0.604,14:00,19501.2,0.604,,
2023-09-07,Thursday,0,1,0,Nifty-Only Expiry,non-expiry,Down to Up,Down to Up,Match,19598.65,19723.25,0.636,19645.9,19723.25,0.394,14:00,19645.65,0.395,,
2023-09-08,Friday,1,0,0,Sensex Expiry,weekly,Down to Up,Top to Down,Mismatch,19774.8,19820.5,0.231,19827.6,19820.5,0.036,14:30,19867.15,0.235,10.87,FII Bullish (bought fut + sold puts)
2023-09-11,Monday,0,0,0,No Expiry,non-expiry,Down to Up,Down to Up,Match,19890.0,20000.0,0.553,19947.55,20000.0,0.263,14:05,19941.05,0.296,,
2023-09-12,Tuesday,0,0,0,No Expiry,non-expiry,Top to Down,Flat,Flat,20110.15,19985.65,-0.619,19984.0,19985.65,0.008,,,0.0,,
2023-09-13,Wednesday,0,0,0,No Expiry,non-expiry,Down to Up,Top to Down,Mismatch,19989.5,20063.35,0.369,20073.75,20063.35,0.052,14:30,20096.9,0.167,,
2023-09-14,Thursday,0,1,0,Nifty-Only Expiry,non-expiry,Top to Down,Down to Up,Mismatch,20127.95,20101.85,-0.13,20064.3,20101.85,0.187,14:05,20044.7,0.285,,
2023-09-15,Friday,1,0,0,Sensex Expiry,weekly,Down to Up,Flat,Flat,20156.45,20169.0,0.062,20169.45,20169.0,0.002,,,0.0,11.32,FII Hedging (bought puts >20K)
2023-09-18,Monday,0,0,0,No Expiry,non-expiry,Top to Down,Top to Down,Match,20155.95,20123.65,-0.16,20146.95,20123.65,0.116,14:40,20162.55,0.193,,
2023-09-20,Wednesday,0,0,0,No Expiry,non-expiry,Top to Down,Down to Up,Mismatch,19980.75,19909.55,-0.356,19902.3,19909.55,0.036,15:00,19885.75,0.12,,
2023-09-21,Thursday,0,1,0,Nifty-Only Expiry,non-expiry,Top to Down,Down to Up,Mismatch,19840.55,19748.85,-0.462,19743.05,19748.85,0.029,14:50,19711.0,0.192,,
2023-09-22,Friday,1,0,0,Sensex Expiry,weekly,Top to Down,Top to Down,Match,19744.85,19684.6,-0.305,19704.5,19684.6,0.101,14:30,19722.6,0.193,10.82,FII Very Bearish (sold fut >10K + bought puts >20K)
2023-09-25,Monday,0,0,0,No Expiry,non-expiry,Top to Down,Top to Down,Match,19678.2,19674.85,-0.017,19678.6,19674.85,0.019,15:00,19704.65,0.151,,
2023-09-26,Tuesday,0,0,0,No Expiry,non-expiry,Top to Down,Flat,Flat,19682.8,19673.6,-0.047,19674.55,19673.6,0.005,,,0.0,,
2023-09-27,Wednesday,0,0,0,No Expiry,non-expiry,Down to Up,Down to Up,Match,19637.05,19728.2,0.464,19700.75,19728.2,0.139,14:20,19675.35,0.269,,
2023-09-28,Thursday,0,1,0,Nifty-Only Expiry,non-expiry,Top to Down,Top to Down,Match,19761.8,19553.3,-1.055,19560.05,19553.3,0.035,14:20,19578.35,0.128,,
2023-09-29,Friday,1,0,0,Sensex Expiry,monthly,Down to Up,Top to Down,Mismatch,19581.2,19638.2,0.291,19699.95,19638.2,0.313,14:30,19726.25,0.446,12.82,FII Very Bearish (sold fut >10K + bought puts >20K)
2023-10-03,Tuesday,0,0,0,No Expiry,non-expiry,Top to Down,Top to Down,Match,19622.4,19522.95,-0.507,19557.6,19522.95,0.177,14:00,19558.65,0.183,,
2023-10-04,Wednesday,0,0,0,No Expiry,non-expiry,Flat,Down to Up,Mismatch,19446.3,19446.15,-0.001,19354.4,19446.15,0.474,14:00,19346.45,0.515,,
2023-10-05,Thursday,0,1,0,Nifty-Only Expiry,non-expiry,Down to Up,Top to Down,Mismatch,19521.85,19546.6,0.127,19556.8,19546.6,0.052,14:45,19564.75,0.093,,
2023-10-06,Friday,1,0,0,Sensex Expiry,weekly,Down to Up,Top to Down,Mismatch,19621.2,19649.9,0.146,19657.15,19649.9,0.037,15:00,19675.75,0.131,10.94,FII Confident (sold puts >20K)
2023-10-09,Monday,0,0,0,No Expiry,non-expiry,Top to Down,Top to Down,Match,19539.45,19497.5,-0.215,19517.0,19497.5,0.1,15:00,19540.9,0.222,,
2023-10-10,Tuesday,0,0,0,No Expiry,non-expiry,Down to Up,Top to Down,Mismatch,19565.6,19691.5,0.643,19699.2,19691.5,0.039,14:25,19717.8,0.133,,
2023-10-11,Wednesday,0,0,0,No Expiry,non-expiry,Down to Up,Down to Up,Match,19767.0,19808.5,0.21,19793.25,19808.5,0.077,14:00,19789.5,0.096,,
2023-10-12,Thursday,0,1,0,Nifty-Only Expiry,non-expiry,Top to Down,Top to Down,Match,19822.7,19782.9,-0.201,19804.3,19782.9,0.108,15:05,19807.3,0.123,,
2023-10-13,Friday,1,0,0,Sensex Expiry,weekly,Down to Up,Top to Down,Mismatch,19654.55,19730.95,0.389,19752.45,19730.95,0.109,14:20,19805.4,0.376,10.62,FII Confident (sold puts >20K)
2023-10-16,Monday,0,0,0,No Expiry,non-expiry,Top to Down,Top to Down,Match,19737.25,19730.95,-0.032,19767.0,19730.95,0.182,14:00,19771.75,0.206,,
2023-10-17,Tuesday,0,0,0,No Expiry,non-expiry,Top to Down,Flat,Flat,19843.2,19818.35,-0.125,19817.55,19818.35,0.004,,,0.0,,
2023-10-18,Wednesday,0,0,0,No Expiry,non-expiry,Top to Down,Top to Down,Match,19820.45,19668.25,-0.768,19716.55,19668.25,0.245,14:10,19725.4,0.29,,
2023-10-19,Thursday,0,1,0,Nifty-Only Expiry,non-expiry,Down to Up,Top to Down,Mismatch,19545.2,19611.9,0.341,19656.2,19611.9,0.225,14:05,19681.8,0.355,,
2023-10-20,Friday,1,0,0,Sensex Expiry,weekly,Flat,Flat,Flat,19542.15,19541.75,-0.002,19543.4,19541.75,0.008,,,0.0,10.9,FII Hedging (bought puts >20K)
2023-10-23,Monday,0,0,0,No Expiry,non-expiry,Top to Down,Top to Down,Match,19521.6,19278.45,-1.246,19432.35,19278.45,0.792,14:10,19440.5,0.834,,
2023-10-25,Wednesday,0,0,0,No Expiry,non-expiry,Top to Down,Top to Down,Match,19286.45,19125.65,-0.834,19154.7,19125.65,0.152,14:15,19177.2,0.269,,
2023-10-26,Thursday,0,1,0,Nifty-Only Expiry,non-expiry,Top to Down,Top to Down,Match,19027.25,18848.5,-0.939,18853.9,18848.5,0.029,14:50,18897.1,0.257,,
2023-10-27,Friday,1,0,0,Sensex Expiry,monthly,Down to Up,Top to Down,Mismatch,18928.75,19060.5,0.696,19073.15,19060.5,0.066,14:35,19076.15,0.082,11.73,FII Bearish (sold fut >10K)
2023-10-30,Monday,0,0,0,No Expiry,non-expiry,Down to Up,Down to Up,Match,19053.4,19148.85,0.501,19119.0,19148.85,0.156,14:25,19100.8,0.252,,
2023-10-31,Tuesday,0,0,0,No Expiry,non-expiry,Top to Down,Top to Down,Match,19232.95,19086.55,-0.761,19099.95,19086.55,0.07,14:30,19145.9,0.31,,
2023-11-01,Wednesday,0,0,0,No Expiry,non-expiry,Top to Down,Top to Down,Match,19064.05,18990.4,-0.386,19016.8,18990.4,0.139,14:00,19027.8,0.197,,
2023-11-02,Thursday,0,1,0,Nifty-Only Expiry,non-expiry,Down to Up,Down to Up,Match,19120.0,19144.85,0.13,19131.0,19144.85,0.072,14:45,19106.95,0.198,,
2023-11-03,Friday,1,0,0,Sensex Expiry,weekly,Top to Down,Top to Down,Match,19241.0,19226.05,-0.078,19251.45,19226.05,0.132,14:25,19269.0,0.223,11.08,FII Bearish (sold fut >10K)
2023-11-06,Monday,0,0,0,No Expiry,non-expiry,Down to Up,Down to Up,Match,19345.85,19411.85,0.341,19358.2,19411.85,0.277,14:00,19352.85,0.305,,
2023-11-07,Tuesday,0,0,0,No Expiry,non-expiry,Down to Up,Down to Up,Match,19404.05,19417.2,0.068,19393.85,19417.2,0.12,14:40,19379.15,0.196,,
2023-11-08,Wednesday,0,0,0,No Expiry,non-expiry,Top to Down,Top to Down,Match,19449.6,19436.45,-0.068,19461.35,19436.45,0.128,14:00,19464.4,0.144,,
2023-11-09,Thursday,0,1,0,Nifty-Only Expiry,non-expiry,Top to Down,Top to Down,Match,19457.4,19404.0,-0.274,19417.05,19404.0,0.067,14:00,19429.8,0.133,,
2023-11-10,Friday,1,0,0,Sensex Expiry,weekly,Down to Up,Down to Up,Match,19351.85,19443.45,0.473,19393.45,19443.45,0.258,14:30,19363.3,0.414,10.98,FII Hedging (bought puts >20K)
2023-11-13,Monday,0,0,0,No Expiry,non-expiry,Top to Down,Top to Down,Match,19486.75,19440.15,-0.239,19446.7,19440.15,0.034,14:35,19460.05,0.102,,
2023-11-15,Wednesday,0,0,0,No Expiry,non-expiry,Down to Up,Down to Up,Match,19651.4,19676.8,0.129,19657.4,19676.8,0.099,15:00,19643.7,0.169,,
2023-11-16,Thursday,0,1,0,Nifty-Only Expiry,non-expiry,Down to Up,Top to Down,Mismatch,19674.7,19761.15,0.439,19812.4,19761.15,0.259,14:45,19875.25,0.574,,
2023-11-17,Friday,1,0,0,Sensex Expiry,weekly,Down to Up,Top to Down,Mismatch,19674.75,19719.7,0.228,19737.4,19719.7,0.09,14:10,19771.1,0.26,11.65,FII Mildly Bullish
2023-11-20,Monday,0,0,0,No Expiry,non-expiry,Top to Down,Flat,Flat,19731.15,19693.65,-0.19,19692.55,19693.65,0.006,,,0.0,,
2023-11-21,Tuesday,0,0,0,No Expiry,non-expiry,Down to Up,Top to Down,Mismatch,19770.9,19780.8,0.05,19798.6,19780.8,0.09,14:00,19803.0,0.112,,
2023-11-22,Wednesday,0,0,0,No Expiry,non-expiry,Down to Up,Down to Up,Match,19784.0,19810.6,0.134,19739.6,19810.6,0.36,14:10,19733.0,0.393,,
2023-11-23,Thursday,0,1,0,Nifty-Only Expiry,non-expiry,Top to Down,Top to Down,Match,19828.45,19811.0,-0.088,19824.55,19811.0,0.068,14:00,19824.65,0.069,,
2023-11-24,Friday,1,0,0,Sensex Expiry,monthly,Top to Down,Top to Down,Match,19809.6,19788.7,-0.106,19792.15,19788.7,0.017,14:15,19806.2,0.088,11.32,FII Hedging (bought puts >20K)
2023-11-28,Tuesday,0,0,0,No Expiry,non-expiry,Down to Up,Down to Up,Match,19844.65,19908.45,0.321,19818.45,19908.45,0.454,14:00,19816.85,0.462,,
2023-11-29,Wednesday,0,0,0,No Expiry,non-expiry,Down to Up,Down to Up,Match,19976.55,20096.2,0.599,20061.8,20096.2,0.171,14:00,20056.15,0.2,,
2023-11-30,Thursday,0,1,0,Nifty-Only Expiry,non-expiry,Down to Up,Down to Up,Match,20108.5,20127.2,0.093,20099.05,20127.2,0.14,14:10,20056.75,0.351,,
2023-12-01,Friday,1,0,0,Sensex Expiry,weekly,Down to Up,Top to Down,Mismatch,20194.1,20255.75,0.305,20277.4,20255.75,0.107,14:05,20291.55,0.176,12.69,FII Mildly Bullish
2023-12-04,Monday,0,0,0,No Expiry,non-expiry,Down to Up,Down to Up,Match,20601.95,20686.8,0.412,20612.25,20686.8,0.362,14:00,20612.2,0.362,,
2023-12-05,Tuesday,0,0,0,No Expiry,non-expiry,Down to Up,Down to Up,Match,20808.9,20856.7,0.23,20805.0,20856.7,0.248,14:00,20789.2,0.325,,
2023-12-06,Wednesday,0,0,0,No Expiry,non-expiry,Top to Down,Down to Up,Mismatch,20950.75,20935.9,-0.071,20918.45,20935.9,0.083,14:00,20914.35,0.103,,
2023-12-07,Thursday,0,1,0,Nifty-Only Expiry,non-expiry,Top to Down,Down to Up,Mismatch,20932.4,20916.1,-0.078,20913.8,20916.1,0.011,15:00,20879.1,0.177,,
2023-12-08,Friday,1,0,0,Sensex Expiry,weekly,Down to Up,Down to Up,Match,20934.1,20972.1,0.182,20891.6,20972.1,0.385,14:00,20883.45,0.424,12.67,FII Confident (sold puts >20K)
2023-12-11,Monday,0,0,0,No Expiry,non-expiry,Down to Up,Down to Up,Match,20965.3,20992.8,0.131,20979.2,20992.8,0.065,14:00,20978.25,0.069,,
2023-12-12,Tuesday,0,0,0,No Expiry,non-expiry,Top to Down,Top to Down,Match,21018.55,20900.4,-0.562,20951.1,20900.4,0.242,14:10,20958.75,0.278,,
2023-12-13,Wednesday,0,0,0,No Expiry,non-expiry,Down to Up,Down to Up,Match,20929.75,20937.45,0.037,20873.4,20937.45,0.307,14:40,20851.65,0.411,,
2023-12-14,Thursday,0,1,0,Nifty-Only Expiry,non-expiry,Down to Up,Top to Down,Mismatch,21110.4,21195.25,0.402,21198.9,21195.25,0.017,15:25,21209.45,0.067,,
2023-12-15,Friday,1,0,0,Sensex Expiry,weekly,Down to Up,Down to Up,Match,21287.45,21448.7,0.757,21362.0,21448.7,0.406,14:15,21328.15,0.565,12.32,FII Confident (sold puts >20K)
2023-12-18,Monday,0,0,0,No Expiry,non-expiry,Top to Down,Top to Down,Match,21434.8,21410.8,-0.112,21423.5,21410.8,0.059,14:35,21454.65,0.204,,
2023-12-19,Tuesday,0,0,0,No Expiry,non-expiry,Top to Down,Top to Down,Match,21477.65,21446.0,-0.147,21475.1,21446.0,0.136,14:35,21505.05,0.275,,
2023-12-20,Wednesday,0,0,0,No Expiry,non-expiry,Top to Down,Top to Down,Match,21543.5,21101.5,-2.052,21348.15,21101.5,1.155,14:00,21355.6,1.19,,
2023-12-21,Thursday,0,1,0,Nifty-Only Expiry,non-expiry,Down to Up,Down to Up,Match,21033.95,21283.0,1.184,21223.7,21283.0,0.279,14:05,21185.1,0.462,,
2023-12-22,Friday,1,0,0,Sensex Expiry,weekly,Down to Up,Down to Up,Match,21295.85,21332.35,0.171,21254.65,21332.35,0.366,14:00,21251.55,0.38,13.76,FII Confident (sold puts >20K)
2023-12-26,Tuesday,0,0,0,No Expiry,non-expiry,Down to Up,Down to Up,Match,21365.2,21454.15,0.416,21441.15,21454.15,0.061,15:00,21419.4,0.162,,
2023-12-27,Wednesday,0,0,0,No Expiry,non-expiry,Down to Up,Down to Up,Match,21497.65,21648.95,0.704,21543.65,21648.95,0.489,14:00,21539.95,0.506,,
2023-12-28,Thursday,0,1,0,Nifty-Only Expiry,non-expiry,Down to Up,Down to Up,Match,21715.0,21773.7,0.27,21751.4,21773.7,0.103,14:45,21730.25,0.2,,
2023-12-29,Friday,1,0,0,Sensex Expiry,monthly,Top to Down,Down to Up,Mismatch,21737.65,21728.3,-0.043,21716.25,21728.3,0.055,14:20,21676.9,0.237,15.14,FII Confident (sold puts >20K)
2024-01-01,Monday,0,0,0,No Expiry,non-expiry,Top to Down,Top to Down,Match,21727.75,21689.45,-0.176,21763.9,21689.45,0.342,14:50,21834.35,0.664,,
2024-01-02,Tuesday,0,0,0,No Expiry,non-expiry,Top to Down,Down to Up,Mismatch,21751.35,21661.5,-0.413,21627.8,21661.5,0.156,14:00,21624.55,0.171,,
2024-01-03,Wednesday,0,0,0,No Expiry,non-expiry,Top to Down,Top to Down,Match,21661.1,21523.7,-0.634,21567.5,21523.7,0.203,14:05,21584.4,0.281,,
2024-01-04,Thursday,0,1,0,Nifty-Only Expiry,non-expiry,Down to Up,Down to Up,Match,21605.8,21669.6,0.295,21659.7,21669.6,0.046,14:25,21638.75,0.143,,
2024-01-05,Friday,1,0,0,Sensex Expiry,weekly,Down to Up,Down to Up,Match,21705.75,21709.55,0.018,21678.75,21709.55,0.142,14:20,21629.2,0.371,13.33,FII Confident (sold puts >20K)
2024-01-08,Monday,0,0,0,No Expiry,non-expiry,Top to Down,Top to Down,Match,21747.6,21511.35,-1.086,21584.45,21511.35,0.339,14:00,21599.8,0.409,,
2024-01-09,Tuesday,0,0,0,No Expiry,non-expiry,Top to Down,Top to Down,Match,21653.6,21551.95,-0.469,21678.75,21551.95,0.585,14:05,21692.9,0.65,,
2024-01-10,Wednesday,0,0,0,No Expiry,non-expiry,Down to Up,Down to Up,Match,21529.3,21625.4,0.446,21524.55,21625.4,0.469,14:05,21508.35,0.544,,
2024-01-11,Thursday,0,1,0,Nifty-Only Expiry,non-expiry,Top to Down,Down to Up,Mismatch,21688.0,21669.4,-0.086,21665.65,21669.4,0.017,14:15,21593.75,0.35,,
2024-01-12,Friday,1,0,0,Sensex Expiry,weekly,Down to Up,Down to Up,Match,21773.55,21908.25,0.619,21894.6,21908.25,0.062,15:10,21852.6,0.255,12.77,FII Confident (sold puts >20K)
2024-01-15,Monday,0,0,0,No Expiry,non-expiry,Down to Up,Down to Up,Match,22053.15,22109.8,0.257,22064.05,22109.8,0.207,14:35,22053.25,0.256,,
2024-01-16,Tuesday,0,0,0,No Expiry,non-expiry,Top to Down,Top to Down,Match,22080.5,22031.6,-0.221,22043.3,22031.6,0.053,14:20,22058.45,0.122,,
2024-01-18,Thursday,0,1,0,Nifty-Only Expiry,non-expiry,Down to Up,Down to Up,Match,21414.2,21477.25,0.294,21451.3,21477.25,0.121,14:30,21418.0,0.277,,
2024-01-19,Friday,1,0,0,Sensex Expiry,weekly,Down to Up,Down to Up,Match,21615.2,21638.2,0.106,21605.4,21638.2,0.152,14:15,21587.2,0.236,14.07,FII Very Bearish (sold fut >10K + bought puts >20K)
2024-01-20,Saturday,0,0,0,No Expiry,non-expiry,Top to Down,Top to Down,Match,21706.15,21586.95,-0.549,21630.9,21586.95,0.203,14:00,21633.5,0.215,,
2024-01-23,Tuesday,0,0,0,No Expiry,non-expiry,Top to Down,Top to Down,Match,21716.7,21243.05,-2.181,21315.7,21243.05,0.341,14:05,21337.4,0.442,,
2024-01-24,Wednesday,0,0,0,No Expiry,non-expiry,Down to Up,Down to Up,Match,21185.25,21460.7,1.3,21301.35,21460.7,0.748,14:00,21301.35,0.748,,
2024-01-25,Thursday,0,1,0,Nifty-Only Expiry,non-expiry,Top to Down,Down to Up,Mismatch,21454.6,21370.75,-0.391,21295.95,21370.75,0.351,14:40,21249.45,0.571,,
2024-01-29,Monday,0,0,0,No Expiry,non-expiry,Down to Up,Down to Up,Match,21433.1,21744.8,1.454,21729.7,21744.8,0.069,14:55,21687.15,0.266,,
2024-01-30,Tuesday,0,0,0,No Expiry,non-expiry,Top to Down,Top to Down,Match,21775.75,21530.55,-1.126,21658.45,21530.55,0.591,14:15,21670.45,0.646,,
2024-01-31,Wednesday,0,0,0,No Expiry,non-expiry,Down to Up,Down to Up,Match,21487.25,21708.3,1.029,21684.7,21708.3,0.109,14:25,21660.85,0.219,,
2024-02-01,Thursday,0,1,0,Nifty-Only Expiry,non-expiry,Top to Down,Top to Down,Match,21780.65,21690.3,-0.415,21709.85,21690.3,0.09,14:10,21737.0,0.215,,
2024-02-02,Friday,1,0,0,Sensex Expiry,weekly,Down to Up,Top to Down,Mismatch,21812.75,21853.3,0.186,21872.6,21853.3,0.088,14:40,21906.7,0.244,14.46,FII Hedging (bought puts >20K)
2024-02-05,Monday,0,0,0,No Expiry,non-expiry,Top to Down,Top to Down,Match,21921.05,21761.3,-0.729,21940.8,21761.3,0.818,14:00,21944.2,0.833,,
2024-02-06,Tuesday,0,0,0,No Expiry,non-expiry,Down to Up,Down to Up,Match,21825.2,21938.8,0.52,21918.75,21938.8,0.091,14:55,21897.05,0.191,,
2024-02-07,Wednesday,0,0,0,No Expiry,non-expiry,Top to Down,Down to Up,Mismatch,22045.05,21949.8,-0.432,21937.6,21949.8,0.056,14:35,21912.15,0.172,,
2024-02-08,Thursday,0,1,0,Nifty-Only Expiry,non-expiry,Top to Down,Top to Down,Match,22009.65,21759.7,-1.136,21771.45,21759.7,0.054,14:00,21773.4,0.063,,
2024-02-09,Friday,1,0,0,Sensex Expiry,weekly,Down to Up,Down to Up,Match,21727.0,21786.0,0.272,21743.85,21786.0,0.194,14:00,21738.0,0.221,15.83,FII Very Bearish (sold fut >10K + bought puts >20K)
2024-02-12,Monday,0,0,0,No Expiry,non-expiry,Top to Down,Top to Down,Match,21800.8,21612.6,-0.863,21635.15,21612.6,0.104,14:15,21697.0,0.389,,
2024-02-13,Tuesday,0,0,0,No Expiry,non-expiry,Down to Up,Top to Down,Mismatch,21664.3,21728.0,0.294,21735.6,21728.0,0.035,14:05,21764.15,0.166,,
2024-02-14,Wednesday,0,0,0,No Expiry,non-expiry,Down to Up,Down to Up,Match,21578.15,21848.7,1.254,21661.9,21848.7,0.862,14:00,21658.75,0.877,,
2024-02-15,Thursday,0,1,0,Nifty-Only Expiry,non-expiry,Down to Up,Top to Down,Mismatch,21906.55,21927.05,0.094,21951.4,21927.05,0.111,14:00,21952.25,0.115,,
2024-02-16,Friday,1,0,0,Sensex Expiry,weekly,Down to Up,Top to Down,Mismatch,22020.3,22033.5,0.06,22053.8,22033.5,0.092,15:00,22067.5,0.154,15.23,FII Confident (sold puts >20K)
2024-02-19,Monday,0,0,0,No Expiry,non-expiry,Down to Up,Top to Down,Mismatch,22103.45,22116.95,0.061,22161.55,22116.95,0.201,14:25,22186.65,0.314,,
2024-02-20,Tuesday,0,0,0,No Expiry,non-expiry,Down to Up,Down to Up,Match,22099.2,22208.15,0.493,22129.25,22208.15,0.357,14:05,22083.3,0.565,,
2024-02-21,Wednesday,0,0,0,No Expiry,non-expiry,Top to Down,Top to Down,Match,22248.85,22028.75,-0.989,22151.25,22028.75,0.553,14:00,22152.15,0.557,,
2024-02-22,Thursday,0,1,0,Nifty-Only Expiry,non-expiry,Down to Up,Down to Up,Match,22081.55,22216.9,0.613,22086.4,22216.9,0.591,14:20,22043.7,0.786,,
2024-02-23,Friday,1,0,0,Sensex Expiry,monthly,Top to Down,Top to Down,Match,22290.0,22194.25,-0.43,22237.5,22194.25,0.194,14:40,22251.3,0.256,15.2,FII Hedging (bought puts >20K)
2024-02-26,Monday,0,0,0,No Expiry,non-expiry,Top to Down,Top to Down,Match,22169.2,22117.15,-0.235,22158.55,22117.15,0.187,14:05,22173.85,0.256,,
2024-02-27,Tuesday,0,0,0,No Expiry,non-expiry,Down to Up,Down to Up,Match,22090.2,22194.2,0.471,22144.2,22194.2,0.226,14:00,22134.55,0.269,,
2024-02-28,Wednesday,0,0,0,No Expiry,non-expiry,Top to Down,Top to Down,Match,22214.1,21926.25,-1.296,22026.1,21926.25,0.453,14:10,22050.25,0.562,,
2024-02-29,Thursday,0,1,0,Nifty-Only Expiry,non-expiry,Down to Up,Down to Up,Match,21935.2,22042.05,0.487,21975.6,22042.05,0.302,14:35,21900.5,0.646,,
2024-03-01,Friday,1,0,0,Sensex Expiry,weekly,Down to Up,Down to Up,Match,22048.3,22326.05,1.26,22319.7,22326.05,0.028,14:00,22311.25,0.066,15.57,FII Very Bearish (sold fut >10K + bought puts >20K)
2024-03-04,Monday,0,0,0,No Expiry,non-expiry,Top to Down,Flat,Flat,22403.5,22397.65,-0.026,22396.95,22397.65,0.003,,,0.0,,
2024-03-05,Tuesday,0,0,0,No Expiry,non-expiry,Top to Down,Top to Down,Match,22371.25,22358.5,-0.057,22368.95,22358.5,0.047,14:40,22384.05,0.114,,
2024-03-06,Wednesday,0,0,0,No Expiry,non-expiry,Down to Up,Down to Up,Match,22327.5,22480.05,0.683,22382.2,22480.05,0.437,14:00,22372.5,0.481,,
2024-03-07,Thursday,0,1,0,Nifty-Only Expiry,non-expiry,Top to Down,Top to Down,Match,22505.3,22483.5,-0.097,22514.35,22483.5,0.137,14:30,22522.05,0.171,,
2024-03-11,Monday,0,0,0,No Expiry,non-expiry,Top to Down,Top to Down,Match,22517.5,22319.85,-0.878,22404.55,22319.85,0.378,15:00,22408.65,0.396,,
2024-03-12,Tuesday,0,0,0,No Expiry,non-expiry,Flat,Top to Down,Mismatch,22334.45,22333.7,-0.003,22377.85,22333.7,0.197,14:05,22398.1,0.288,,
2024-03-13,Wednesday,0,0,0,No Expiry,non-expiry,Top to Down,Top to Down,Match,22432.2,21981.05,-2.011,22052.7,21981.05,0.325,14:00,22060.55,0.36,,
2024-03-14,Thursday,0,1,0,Nifty-Only Expiry,non-expiry,Down to Up,Down to Up,Match,21982.55,22153.05,0.776,22106.0,22153.05,0.213,14:00,22080.45,0.329,,
2024-03-15,Friday,1,0,0,Sensex Expiry,weekly,Top to Down,Top to Down,Match,22064.85,21996.35,-0.31,22006.65,21996.35,0.047,15:00,22052.85,0.256,13.62,FII Hedging (bought puts >20K)
2024-03-18,Monday,0,0,0,No Expiry,non-expiry,Down to Up,Top to Down,Mismatch,21990.1,22051.5,0.279,22078.35,22051.5,0.122,14:30,22123.7,0.326,,
2024-03-19,Tuesday,0,0,0,No Expiry,non-expiry,Top to Down,Top to Down,Match,21946.45,21810.35,-0.62,21850.25,21810.35,0.183,14:50,21853.6,0.198,,
2024-03-20,Wednesday,0,0,0,No Expiry,non-expiry,Down to Up,Top to Down,Mismatch,21843.9,21855.1,0.051,21859.25,21855.1,0.019,14:15,21879.3,0.111,,
2024-03-21,Thursday,0,1,0,Nifty-Only Expiry,non-expiry,Down to Up,Down to Up,Match,21989.9,22014.6,0.112,22000.55,22014.6,0.064,15:00,21982.6,0.146,,
2024-03-22,Friday,1,0,0,Sensex Expiry,weekly,Down to Up,Top to Down,Mismatch,21932.2,22080.8,0.678,22092.05,22080.8,0.051,14:45,22180.7,0.45,12.51,FII Hedging (bought puts >20K)
2024-03-26,Tuesday,0,0,0,No Expiry,non-expiry,Down to Up,Top to Down,Mismatch,21947.9,22018.25,0.321,22049.75,22018.25,0.143,14:05,22057.85,0.18,,
2024-03-27,Wednesday,0,0,0,No Expiry,non-expiry,Down to Up,Top to Down,Mismatch,22053.95,22147.2,0.423,22177.3,22147.2,0.136,14:15,22191.4,0.199,,
2024-03-28,Thursday,0,1,0,Nifty-Only Expiry,non-expiry,Down to Up,Top to Down,Mismatch,22163.6,22343.1,0.81,22433.9,22343.1,0.405,14:40,22516.0,0.768,,
2024-04-01,Monday,0,0,0,No Expiry,non-expiry,Down to Up,Down to Up,Match,22455.0,22469.05,0.063,22460.15,22469.05,0.04,14:45,22433.5,0.158,,
2024-04-02,Tuesday,0,0,0,No Expiry,non-expiry,Down to Up,Down to Up,Match,22458.8,22464.3,0.024,22404.95,22464.3,0.265,14:05,22400.6,0.284,,
2024-04-03,Wednesday,0,0,0,No Expiry,non-expiry,Down to Up,Top to Down,Mismatch,22385.7,22445.55,0.267,22474.0,22445.55,0.127,14:15,22500.75,0.245,,
2024-04-04,Thursday,0,1,0,Nifty-Only Expiry,non-expiry,Top to Down,Down to Up,Mismatch,22592.1,22541.2,-0.225,22515.85,22541.2,0.113,15:00,22486.7,0.242,,
2024-04-05,Friday,1,0,0,Sensex Expiry,weekly,Down to Up,Down to Up,Match,22486.4,22523.4,0.165,22508.95,22523.4,0.064,14:40,22487.25,0.161,11.22,FII Neutral
2024-04-08,Monday,0,0,0,No Expiry,non-expiry,Down to Up,Down to Up,Match,22578.35,22661.0,0.366,22655.9,22661.0,0.023,14:00,22642.15,0.083,,
2024-04-09,Tuesday,0,0,0,No Expiry,non-expiry,Top to Down,Top to Down,Match,22765.1,22642.05,-0.541,22652.3,22642.05,0.045,14:20,22671.9,0.132,,
2024-04-10,Wednesday,0,1,0,Nifty-Only Expiry,non-expiry,Down to Up,Top to Down,Mismatch,22720.25,22735.05,0.065,22737.75,22735.05,0.012,15:05,22775.7,0.178,,
2024-04-12,Friday,1,0,0,Sensex Expiry,weekly,Top to Down,Top to Down,Match,22677.4,22519.4,-0.697,22579.9,22519.4,0.268,14:00,22582.4,0.279,11.11,FII Neutral
2024-04-15,Monday,0,0,0,No Expiry,non-expiry,Top to Down,Top to Down,Match,22339.05,22277.45,-0.276,22343.7,22277.45,0.297,14:05,22353.8,0.342,,
2024-04-16,Tuesday,0,0,0,No Expiry,non-expiry,Down to Up,Down to Up,Match,22125.3,22177.45,0.236,22129.45,22177.45,0.217,14:55,22108.7,0.311,,
2024-04-18,Thursday,0,1,0,Nifty-Only Expiry,non-expiry,Top to Down,Top to Down,Match,22212.35,22045.75,-0.75,22139.45,22045.75,0.423,14:15,22171.3,0.566,,
2024-04-19,Friday,1,0,0,Sensex Expiry,weekly,Down to Up,Down to Up,Match,21861.5,22149.7,1.318,22141.25,22149.7,0.038,14:40,22100.6,0.222,13.04,FII Very Bearish (sold fut >10K + bought puts >20K)
2024-04-22,Monday,0,0,0,No Expiry,non-expiry,Down to Up,Down to Up,Match,22336.9,22370.5,0.15,22290.3,22370.5,0.36,14:30,22272.9,0.438,,
2024-04-23,Tuesday,0,0,0,No Expiry,non-expiry,Top to Down,Top to Down,Match,22447.05,22361.0,-0.383,22388.9,22361.0,0.125,14:20,22412.6,0.23,,
2024-04-24,Wednesday,0,0,0,No Expiry,non-expiry,Top to Down,Top to Down,Match,22421.55,22412.2,-0.042,22446.1,22412.2,0.151,14:15,22453.15,0.182,,
2024-04-25,Thursday,0,1,0,Nifty-Only Expiry,non-expiry,Down to Up,Down to Up,Match,22316.9,22559.25,1.086,22496.0,22559.25,0.281,14:00,22492.8,0.295,,
2024-04-26,Friday,1,0,0,Sensex Expiry,monthly,Top to Down,Down to Up,Mismatch,22620.4,22450.2,-0.752,22432.55,22450.2,0.079,15:05,22385.55,0.289,10.73,FII Bullish (bought fut + sold puts)
2024-04-29,Monday,0,0,0,No Expiry,non-expiry,Down to Up,Down to Up,Match,22475.55,22633.15,0.701,22620.0,22633.15,0.058,14:45,22599.55,0.149,,
2024-04-30,Tuesday,0,0,0,No Expiry,non-expiry,Top to Down,Top to Down,Match,22679.65,22587.75,-0.405,22738.35,22587.75,0.662,14:15,22783.35,0.859,,
2024-05-02,Thursday,0,1,0,Nifty-Only Expiry,non-expiry,Down to Up,Top to Down,Mismatch,22567.85,22656.75,0.394,22694.55,22656.75,0.167,14:00,22700.9,0.194,,
2024-05-03,Friday,1,0,0,Sensex Expiry,weekly,Top to Down,Down to Up,Mismatch,22766.35,22456.7,-1.36,22384.6,22456.7,0.322,14:00,22373.2,0.373,13.45,FII Confident (sold puts >20K)
2024-05-06,Monday,0,0,0,No Expiry,non-expiry,Top to Down,Down to Up,Mismatch,22561.6,22458.0,-0.459,22443.1,22458.0,0.066,14:35,22409.45,0.217,,
2024-05-07,Tuesday,0,0,0,No Expiry,non-expiry,Top to Down,Top to Down,Match,22489.75,22304.5,-0.824,22311.1,22304.5,0.03,14:05,22328.8,0.109,,
2024-05-08,Wednesday,0,0,0,No Expiry,non-expiry,Down to Up,Down to Up,Match,22231.2,22306.75,0.34,22298.8,22306.75,0.036,14:20,22244.35,0.281,,
2024-05-09,Thursday,0,1,0,Nifty-Only Expiry,non-expiry,Top to Down,Top to Down,Match,22224.8,21968.15,-1.155,22043.25,21968.15,0.341,14:20,22076.9,0.493,,
2024-05-10,Friday,1,0,0,Sensex Expiry,weekly,Down to Up,Top to Down,Mismatch,21990.95,22054.0,0.287,22059.7,22054.0,0.026,15:05,22072.4,0.083,18.2,FII Bearish (sold fut >10K)
2024-05-13,Monday,0,0,0,No Expiry,non-expiry,Down to Up,Down to Up,Match,22027.95,22119.4,0.415,22102.6,22119.4,0.076,15:00,22070.55,0.221,,
2024-05-14,Tuesday,0,0,0,No Expiry,non-expiry,Down to Up,Top to Down,Mismatch,22126.5,22223.8,0.44,22258.65,22223.8,0.157,14:05,22270.05,0.208,,
2024-05-15,Wednesday,0,0,0,No Expiry,non-expiry,Top to Down,Down to Up,Mismatch,22255.6,22210.4,-0.203,22189.0,22210.4,0.096,14:25,22182.15,0.127,,
2024-05-17,Friday,1,0,0,Sensex Expiry,weekly,Down to Up,Top to Down,Mismatch,22415.25,22465.55,0.224,22473.2,22465.55,0.034,14:05,22493.3,0.123,20.0,FII Bearish (sold fut >10K)
2024-05-21,Tuesday,0,0,0,No Expiry,non-expiry,Down to Up,Top to Down,Mismatch,22404.55,22507.55,0.46,22543.85,22507.55,0.161,14:05,22561.4,0.239,,
2024-05-22,Wednesday,0,0,0,No Expiry,non-expiry,Down to Up,Down to Up,Match,22576.6,22620.5,0.194,22581.6,22620.5,0.172,14:55,22536.55,0.373,,
2024-05-23,Thursday,0,1,0,Nifty-Only Expiry,non-expiry,Down to Up,Down to Up,Match,22614.1,22951.0,1.49,22857.05,22951.0,0.411,14:00,22854.2,0.424,,
2024-05-24,Friday,1,0,0,Sensex Expiry,weekly,Down to Up,Top to Down,Mismatch,22930.75,22952.0,0.093,22999.45,22952.0,0.206,14:20,23026.4,0.323,21.38,FII Bullish (bought fut + sold puts)
2024-05-27,Monday,0,0,0,No Expiry,non-expiry,Top to Down,Top to Down,Match,23038.95,22931.05,-0.468,23071.9,22931.05,0.61,14:05,23085.55,0.669,,
2024-05-28,Tuesday,0,0,0,No Expiry,non-expiry,Top to Down,Top to Down,Match,22977.15,22868.65,-0.472,22929.5,22868.65,0.265,14:15,22937.8,0.301,,
2024-05-29,Wednesday,0,0,0,No Expiry,non-expiry,Top to Down,Top to Down,Match,22762.75,22705.8,-0.25,22755.65,22705.8,0.219,14:15,22760.9,0.242,,
2024-05-30,Thursday,0,1,0,Nifty-Only Expiry,non-expiry,Top to Down,Down to Up,Mismatch,22617.45,22557.1,-0.267,22538.85,22557.1,0.081,14:55,22417.0,0.625,,
2024-05-31,Friday,1,0,0,Sensex Expiry,monthly,Top to Down,Top to Down,Match,22568.1,22550.45,-0.078,22601.5,22550.45,0.226,14:00,22631.4,0.358,24.18,FII Bearish (sold fut >10K)
2024-06-03,Monday,0,0,0,No Expiry,non-expiry,Top to Down,Down to Up,Mismatch,23337.9,23305.95,-0.137,23238.45,23305.95,0.29,14:30,23212.3,0.403,,
2024-06-04,Tuesday,0,0,0,No Expiry,non-expiry,Top to Down,Top to Down,Match,23179.5,21996.45,-5.104,22241.55,21996.45,1.102,14:00,22243.75,1.112,,
2024-06-05,Wednesday,0,0,0,No Expiry,non-expiry,Down to Up,Down to Up,Match,22128.35,22573.0,2.009,22487.35,22573.0,0.381,14:15,22430.05,0.637,,
2024-06-06,Thursday,0,1,0,Nifty-Only Expiry,non-expiry,Down to Up,Down to Up,Match,22798.6,22849.05,0.221,22779.1,22849.05,0.307,14:40,22669.5,0.792,,
2024-06-07,Friday,1,0,0,Sensex Expiry,weekly,Down to Up,Down to Up,Match,22821.85,23270.05,1.964,23200.9,23270.05,0.298,14:00,23192.1,0.336,16.8,FII Hedging (bought puts >20K)
2024-06-10,Monday,0,0,0,No Expiry,non-expiry,Top to Down,Top to Down,Match,23319.15,23234.45,-0.363,23366.2,23234.45,0.564,14:00,23377.35,0.611,,
2024-06-11,Tuesday,0,0,0,No Expiry,non-expiry,Top to Down,Top to Down,Match,23283.75,23261.8,-0.094,23374.3,23261.8,0.481,14:00,23375.3,0.486,,
2024-06-12,Wednesday,0,0,0,No Expiry,non-expiry,Top to Down,Top to Down,Match,23344.45,23308.4,-0.154,23365.85,23308.4,0.246,14:45,23394.15,0.367,,
2024-06-13,Thursday,0,1,0,Nifty-Only Expiry,non-expiry,Top to Down,Top to Down,Match,23480.95,23399.35,-0.348,23404.4,23399.35,0.022,15:20,23411.2,0.051,,
2024-06-14,Friday,1,0,0,Sensex Expiry,weekly,Top to Down,Down to Up,Mismatch,23464.95,23454.15,-0.046,23432.5,23454.15,0.092,14:00,23429.45,0.105,13.49,FII Mildly Bullish
2024-06-18,Tuesday,0,0,0,No Expiry,non-expiry,Top to Down,Down to Up,Mismatch,23570.8,23562.3,-0.036,23539.45,23562.3,0.097,14:40,23527.95,0.146,,
2024-06-19,Wednesday,0,0,0,No Expiry,non-expiry,Top to Down,Top to Down,Match,23629.85,23521.4,-0.459,23552.3,23521.4,0.131,14:35,23664.0,0.603,,
2024-06-20,Thursday,0,1,0,Nifty-Only Expiry,non-expiry,Top to Down,Down to Up,Mismatch,23586.15,23579.15,-0.03,23535.95,23579.15,0.184,14:00,23532.5,0.198,,
2024-06-21,Friday,1,0,0,Sensex Expiry,weekly,Top to Down,Top to Down,Match,23661.15,23453.15,-0.879,23523.95,23453.15,0.301,14:05,23585.7,0.562,13.35,FII Bullish (bought fut + sold puts)
2024-06-24,Monday,0,0,0,No Expiry,non-expiry,Down to Up,Down to Up,Match,23382.3,23548.65,0.711,23534.8,23548.65,0.059,14:45,23492.25,0.24,,
2024-06-25,Tuesday,0,0,0,No Expiry,non-expiry,Down to Up,Down to Up,Match,23577.1,23721.9,0.614,23678.75,23721.9,0.182,14:25,23671.45,0.213,,
2024-06-26,Wednesday,0,0,0,No Expiry,non-expiry,Down to Up,Top to Down,Mismatch,23723.1,23840.25,0.494,23851.85,23840.25,0.049,15:10,23889.9,0.208,,
2024-06-27,Thursday,0,1,0,Nifty-Only Expiry,non-expiry,Down to Up,Down to Up,Match,23881.55,24036.1,0.647,23974.15,24036.1,0.258,14:30,23913.65,0.512,,
2024-06-28,Friday,1,0,0,Sensex Expiry,monthly,Top to Down,Top to Down,Match,24085.9,24009.8,-0.316,24089.45,24009.8,0.331,14:10,24135.45,0.521,14.15,FII Bullish (bought fut + sold puts)
2024-07-01,Monday,0,0,0,No Expiry,non-expiry,Down to Up,Top to Down,Mismatch,23992.95,24123.15,0.543,24143.5,24123.15,0.084,15:05,24164.0,0.169,,
2024-07-02,Tuesday,0,0,0,No Expiry,non-expiry,Top to Down,Flat,Flat,24228.75,24117.8,-0.458,24118.65,24117.8,0.004,,,0.0,,
2024-07-03,Wednesday,0,0,0,No Expiry,non-expiry,Flat,Down to Up,Mismatch,24291.75,24290.8,-0.004,24272.1,24290.8,0.077,14:50,24238.75,0.215,,
2024-07-04,Thursday,0,1,0,Nifty-Only Expiry,non-expiry,Top to Down,Top to Down,Match,24369.95,24304.65,-0.268,24326.4,24304.65,0.089,14:15,24351.3,0.192,,
2024-07-05,Friday,1,0,0,Sensex Expiry,weekly,Down to Up,Down to Up,Match,24213.35,24316.75,0.427,24249.1,24316.75,0.279,14:55,24204.2,0.465,12.86,FII Hedging (bought puts >20K)
2024-07-08,Monday,0,0,0,No Expiry,non-expiry,Flat,Down to Up,Mismatch,24329.45,24331.05,0.007,24296.15,24331.05,0.144,14:15,24286.65,0.183,,
2024-07-09,Tuesday,0,0,0,No Expiry,non-expiry,Down to Up,Top to Down,Mismatch,24351.0,24417.25,0.272,24426.65,24417.25,0.038,15:15,24443.6,0.108,,
2024-07-10,Wednesday,0,0,0,No Expiry,non-expiry,Top to Down,Down to Up,Mismatch,24459.85,24312.4,-0.603,24261.15,24312.4,0.211,14:10,24212.1,0.414,,
2024-07-11,Thursday,0,1,0,Nifty-Only Expiry,non-expiry,Top to Down,Down to Up,Mismatch,24396.55,24338.5,-0.238,24314.1,24338.5,0.1,15:05,24291.45,0.194,,
2024-07-12,Friday,1,0,0,Sensex Expiry,weekly,Down to Up,Top to Down,Mismatch,24387.95,24512.4,0.51,24551.85,24512.4,0.161,14:15,24581.05,0.279,14.0,FII Bearish (sold fut >10K)
2024-07-16,Tuesday,0,0,0,No Expiry,non-expiry,Top to Down,Top to Down,Match,24615.9,24601.1,-0.06,24621.8,24601.1,0.084,15:05,24648.0,0.19,,
2024-07-18,Thursday,0,1,0,Nifty-Only Expiry,non-expiry,Down to Up,Down to Up,Match,24543.8,24779.35,0.96,24758.35,24779.35,0.085,14:00,24757.8,0.087,,
2024-07-19,Friday,1,0,0,Sensex Expiry,weekly,Top to Down,Top to Down,Match,24853.8,24525.85,-1.32,24627.15,24525.85,0.411,14:00,24635.75,0.446,14.51,FII Bullish (bought fut + sold puts)
2024-07-22,Monday,0,0,0,No Expiry,non-expiry,Down to Up,Top to Down,Mismatch,24445.75,24515.9,0.287,24523.25,24515.9,0.03,14:00,24524.75,0.036,,
2024-07-23,Tuesday,0,0,0,No Expiry,non-expiry,Top to Down,Down to Up,Mismatch,24568.9,24476.4,-0.376,24439.35,24476.4,0.152,14:00,24413.9,0.256,,
2024-07-24,Wednesday,0,0,0,No Expiry,non-expiry,Top to Down,Down to Up,Mismatch,24444.95,24441.9,-0.012,24329.5,24441.9,0.462,14:00,24310.5,0.541,,
2024-07-25,Thursday,0,1,0,Nifty-Only Expiry,non-expiry,Down to Up,Down to Up,Match,24230.95,24415.0,0.76,24394.2,24415.0,0.085,14:40,24380.1,0.143,,
2024-07-26,Friday,1,0,0,Sensex Expiry,monthly,Down to Up,Down to Up,Match,24423.35,24851.75,1.754,24787.35,24851.75,0.26,14:20,24759.45,0.373,12.62,FII Bearish (sold fut >10K)
2024-07-29,Monday,0,0,0,No Expiry,non-expiry,Top to Down,Down to Up,Mismatch,24943.3,24840.95,-0.41,24826.05,24840.95,0.06,14:20,24774.6,0.268,,
2024-07-30,Tuesday,0,0,0,No Expiry,non-expiry,Flat,Top to Down,Mismatch,24839.4,24840.9,0.006,24911.75,24840.9,0.284,14:40,24971.75,0.524,,
2024-07-31,Wednesday,0,0,0,No Expiry,non-expiry,Down to Up,Down to Up,Match,24886.7,24979.3,0.372,24934.3,24979.3,0.18,14:10,24918.55,0.244,,
2024-08-01,Thursday,0,1,0,Nifty-Only Expiry,non-expiry,Top to Down,Down to Up,Mismatch,25030.95,25006.0,-0.1,24985.3,25006.0,0.083,14:30,24956.4,0.199,,
2024-08-02,Friday,1,0,0,Sensex Expiry,weekly,Top to Down,Top to Down,Match,24789.0,24699.45,-0.361,24801.5,24699.45,0.411,14:00,24808.9,0.441,12.93,FII Bullish (bought fut + sold puts)
2024-08-05,Monday,0,0,0,No Expiry,non-expiry,Top to Down,Top to Down,Match,24302.85,24051.8,-1.033,24103.15,24051.8,0.213,14:00,24125.8,0.307,,
2024-08-06,Tuesday,0,0,0,No Expiry,non-expiry,Top to Down,Top to Down,Match,24189.85,24033.05,-0.648,24093.75,24033.05,0.252,14:00,24102.8,0.289,,
2024-08-07,Wednesday,0,0,0,No Expiry,non-expiry,Down to Up,Down to Up,Match,24289.4,24315.25,0.106,24231.85,24315.25,0.344,14:05,24209.05,0.439,,
2024-08-08,Thursday,0,1,0,Nifty-Only Expiry,non-expiry,Top to Down,Top to Down,Match,24248.55,24098.7,-0.618,24136.4,24098.7,0.156,14:15,24195.8,0.401,,
2024-08-09,Friday,1,0,0,Sensex Expiry,weekly,Top to Down,Top to Down,Match,24386.85,24364.4,-0.092,24367.15,24364.4,0.011,14:10,24389.6,0.103,16.6,FII Bearish (sold fut >10K)
2024-08-12,Monday,0,0,0,No Expiry,non-expiry,Down to Up,Top to Down,Mismatch,24320.05,24348.8,0.118,24423.35,24348.8,0.305,14:10,24444.35,0.391,,
2024-08-13,Tuesday,0,0,0,No Expiry,non-expiry,Top to Down,Top to Down,Match,24342.35,24141.2,-0.826,24159.5,24141.2,0.076,14:25,24177.95,0.152,,
2024-08-14,Wednesday,0,1,0,Nifty-Only Expiry,non-expiry,Top to Down,Top to Down,Match,24184.4,24144.5,-0.165,24156.9,24144.5,0.051,14:15,24177.75,0.138,,
2024-08-16,Friday,1,0,0,Sensex Expiry,weekly,Down to Up,Down to Up,Match,24334.85,24539.2,0.84,24481.7,24539.2,0.235,14:40,24473.25,0.269,15.44,FII Neutral
2024-08-19,Monday,0,0,0,No Expiry,non-expiry,Top to Down,Down to Up,Mismatch,24636.35,24579.0,-0.233,24569.65,24579.0,0.038,15:10,24562.55,0.067,,
2024-08-20,Tuesday,0,0,0,No Expiry,non-expiry,Down to Up,Top to Down,Mismatch,24648.9,24672.85,0.097,24721.4,24672.85,0.196,14:50,24729.3,0.228,,
2024-08-21,Wednesday,0,0,0,No Expiry,non-expiry,Down to Up,Down to Up,Match,24680.55,24781.9,0.411,24724.65,24781.9,0.232,14:00,24720.95,0.247,,
2024-08-22,Thursday,0,1,0,Nifty-Only Expiry,non-expiry,Top to Down,Top to Down,Match,24863.4,24810.9,-0.211,24827.3,24810.9,0.066,14:10,24837.7,0.108,,
2024-08-23,Friday,1,0,0,Sensex Expiry,weekly,Top to Down,Top to Down,Match,24845.4,24831.85,-0.055,24835.65,24831.85,0.015,14:25,24848.85,0.068,13.0,FII Confident (sold puts >20K)
2024-08-26,Monday,0,0,0,No Expiry,non-expiry,Down to Up,Top to Down,Mismatch,24906.1,25011.45,0.423,25027.9,25011.45,0.066,14:40,25033.2,0.087,,
2024-08-27,Tuesday,0,0,0,No Expiry,non-expiry,Top to Down,Top to Down,Match,25024.8,24997.05,-0.111,25057.2,24997.05,0.24,14:10,25060.55,0.253,,
2024-08-28,Wednesday,0,0,0,No Expiry,non-expiry,Down to Up,Top to Down,Mismatch,25030.8,25044.85,0.056,25107.9,25044.85,0.251,14:15,25129.6,0.337,,
2024-08-29,Thursday,0,1,0,Nifty-Only Expiry,non-expiry,Down to Up,Down to Up,Match,25035.3,25156.75,0.485,25138.6,25156.75,0.072,14:05,24998.5,0.633,,
2024-08-30,Friday,1,0,0,Sensex Expiry,monthly,Top to Down,Down to Up,Mismatch,25249.7,25247.0,-0.011,25238.2,25247.0,0.035,15:00,25206.8,0.159,13.79,FII Bullish (bought fut + sold puts)
2024-09-02,Monday,0,0,0,No Expiry,non-expiry,Top to Down,Down to Up,Mismatch,25333.6,25273.9,-0.236,25253.0,25273.9,0.083,14:00,25251.15,0.09,,
2024-09-03,Tuesday,0,0,0,No Expiry,non-expiry,Top to Down,Down to Up,Mismatch,25313.4,25268.85,-0.176,25262.7,25268.85,0.024,14:00,25258.25,0.042,,
2024-09-04,Wednesday,0,0,0,No Expiry,non-expiry,Down to Up,Down to Up,Match,25089.95,25206.35,0.464,25178.0,25206.35,0.113,14:20,25145.75,0.241,,
2024-09-05,Thursday,0,1,0,Nifty-Only Expiry,non-expiry,Top to Down,Top to Down,Match,25250.5,25144.8,-0.419,25175.2,25144.8,0.121,14:00,25180.9,0.143,,
2024-09-06,Friday,1,0,0,Sensex Expiry,weekly,Top to Down,Flat,Flat,25093.7,24868.5,-0.897,24867.7,24868.5,0.003,,,0.0,14.21,FII Bearish (sold fut >10K)
2024-09-09,Monday,0,0,0,No Expiry,non-expiry,Down to Up,Down to Up,Match,24823.4,24942.25,0.479,24889.7,24942.25,0.211,14:30,24867.7,0.3,,
2024-09-10,Tuesday,0,0,0,No Expiry,non-expiry,Down to Up,Top to Down,Mismatch,24999.4,25052.1,0.211,25116.95,25052.1,0.258,14:00,25122.65,0.281,,
2024-09-11,Wednesday,0,0,0,No Expiry,non-expiry,Top to Down,Top to Down,Match,25034.0,24951.8,-0.328,25002.85,24951.8,0.204,14:00,25003.15,0.205,,
2024-09-12,Thursday,0,1,0,Nifty-Only Expiry,non-expiry,Down to Up,Down to Up,Match,25059.65,25314.95,1.019,25010.8,25314.95,1.216,14:00,25008.6,1.225,,
2024-09-16,Monday,0,0,0,No Expiry,non-expiry,Top to Down,Top to Down,Match,25406.65,25377.2,-0.116,25404.65,25377.2,0.108,14:05,25410.7,0.132,,
2024-09-17,Tuesday,0,0,0,No Expiry,non-expiry,Top to Down,Top to Down,Match,25416.9,25407.15,-0.038,25425.7,25407.15,0.073,14:15,25438.35,0.123,,
2024-09-18,Wednesday,0,0,0,No Expiry,non-expiry,Top to Down,Top to Down,Match,25402.4,25343.45,-0.232,25362.05,25343.45,0.073,15:05,25409.1,0.258,,
2024-09-19,Thursday,0,1,0,Nifty-Only Expiry,non-expiry,Top to Down,Down to Up,Mismatch,25487.05,25445.0,-0.165,25405.95,25445.0,0.154,14:45,25388.6,0.222,,
2024-09-20,Friday,1,0,0,Sensex Expiry,weekly,Down to Up,Down to Up,Match,25525.95,25820.35,1.153,25662.35,25820.35,0.616,14:20,25593.75,0.885,12.47,FII Very Bearish (sold fut >10K + bought puts >20K)
2024-09-23,Monday,0,0,0,No Expiry,non-expiry,Down to Up,Down to Up,Match,25872.55,25930.15,0.223,25906.75,25930.15,0.09,14:10,25897.35,0.127,,
2024-09-24,Tuesday,0,0,0,No Expiry,non-expiry,Down to Up,Top to Down,Mismatch,25921.45,25951.9,0.117,25964.2,25951.9,0.047,14:50,26011.55,0.229,,
2024-09-25,Wednesday,0,0,0,No Expiry,non-expiry,Down to Up,Down to Up,Match,25899.45,26013.5,0.44,25921.3,26013.5,0.356,14:00,25920.85,0.357,,
2024-09-26,Thursday,0,1,0,Nifty-Only Expiry,non-expiry,Down to Up,Down to Up,Match,26005.4,26184.65,0.689,26096.3,26184.65,0.339,14:05,26034.65,0.576,,
2024-09-27,Friday,1,0,0,Sensex Expiry,monthly,Top to Down,Top to Down,Match,26248.25,26175.0,-0.279,26219.7,26175.0,0.17,14:00,26225.4,0.192,12.0,FII Bearish (sold fut >10K)
2024-09-30,Monday,0,0,0,No Expiry,non-expiry,Top to Down,Top to Down,Match,26061.3,25822.8,-0.915,25868.15,25822.8,0.175,14:00,25872.9,0.194,,
2024-10-01,Tuesday,0,0,0,No Expiry,non-expiry,Down to Up,Down to Up,Match,25788.45,25812.55,0.093,25796.45,25812.55,0.062,14:30,25754.6,0.225,,
2024-10-03,Thursday,0,1,0,Nifty-Only Expiry,non-expiry,Top to Down,Flat,Flat,25452.85,25266.0,-0.734,25264.55,25266.0,0.006,,,0.0,,
2024-10-04,Friday,1,0,0,Sensex Expiry,weekly,Top to Down,Down to Up,Mismatch,25181.9,25049.1,-0.527,25046.15,25049.1,0.012,15:05,24966.8,0.33,13.17,FII Bearish (sold fut >10K)
2024-10-07,Monday,0,0,0,No Expiry,non-expiry,Top to Down,Down to Up,Mismatch,25084.1,24819.0,-1.057,24781.6,24819.0,0.151,14:25,24718.85,0.405,,
2024-10-08,Tuesday,0,0,0,No Expiry,non-expiry,Down to Up,Down to Up,Match,24832.2,25039.5,0.835,25007.4,25039.5,0.128,14:50,24925.1,0.459,,
2024-10-09,Wednesday,0,0,0,No Expiry,non-expiry,Top to Down,Top to Down,Match,25065.8,25019.55,-0.185,25111.4,25019.55,0.366,14:05,25141.15,0.484,,
2024-10-10,Thursday,0,1,0,Nifty-Only Expiry,non-expiry,Top to Down,Top to Down,Match,25067.05,25007.55,-0.237,25019.1,25007.55,0.046,14:25,25037.55,0.12,,
2024-10-11,Friday,1,0,0,Sensex Expiry,weekly,Top to Down,Down to Up,Mismatch,24985.3,24975.05,-0.041,24967.6,24975.05,0.03,14:15,24942.35,0.131,13.5,FII Bearish (sold fut >10K)
2024-10-14,Monday,0,0,0,No Expiry,non-expiry,Down to Up,Down to Up,Match,25023.45,25142.3,0.475,25129.85,25142.3,0.05,14:55,25110.1,0.128,,
2024-10-15,Tuesday,0,0,0,No Expiry,non-expiry,Top to Down,Down to Up,Mismatch,25186.3,25065.15,-0.481,25038.6,25065.15,0.106,15:00,25022.15,0.172,,
2024-10-16,Wednesday,0,0,0,No Expiry,non-expiry,Top to Down,Top to Down,Match,25008.55,24959.9,-0.195,24969.35,24959.9,0.038,14:25,25059.85,0.399,,
2024-10-17,Thursday,0,1,0,Nifty-Only Expiry,non-expiry,Top to Down,Down to Up,Mismatch,25027.4,24750.2,-1.108,24747.35,24750.2,0.012,14:40,24728.9,0.086,,
2024-10-18,Friday,1,0,0,Sensex Expiry,weekly,Down to Up,Top to Down,Mismatch,24664.95,24862.65,0.802,24868.55,24862.65,0.024,15:00,24886.2,0.095,13.39,FII Confident (sold puts >20K)
2024-10-21,Monday,0,0,0,No Expiry,non-expiry,Top to Down,Top to Down,Match,24956.15,24739.45,-0.868,24854.95,24739.45,0.465,14:00,24878.9,0.561,,
2024-10-22,Tuesday,0,0,0,No Expiry,non-expiry,Top to Down,Top to Down,Match,24798.65,24481.75,-1.278,24605.7,24481.75,0.504,14:15,24633.45,0.616,,
2024-10-23,Wednesday,0,0,0,No Expiry,non-expiry,Down to Up,Top to Down,Mismatch,24378.15,24436.0,0.237,24530.95,24436.0,0.387,14:05,24541.15,0.428,,
2024-10-24,Thursday,0,1,0,Nifty-Only Expiry,non-expiry,Flat,Down to Up,Mismatch,24412.7,24414.6,0.008,24393.7,24414.6,0.086,14:20,24367.8,0.192,,
2024-10-25,Friday,1,0,0,Sensex Expiry,monthly,Top to Down,Down to Up,Mismatch,24418.05,24211.8,-0.845,24109.2,24211.8,0.426,14:20,24073.9,0.573,13.97,FII Bullish (bought fut + sold puts)
2024-10-28,Monday,0,0,0,No Expiry,non-expiry,Down to Up,Top to Down,Mismatch,24251.1,24367.7,0.481,24416.15,24367.7,0.198,14:40,24423.45,0.228,,
2024-10-29,Tuesday,0,0,0,No Expiry,non-expiry,Down to Up,Down to Up,Match,24328.85,24454.0,0.514,24321.75,24454.0,0.544,14:00,24321.75,0.544,,
2024-10-30,Wednesday,0,0,0,No Expiry,non-expiry,Top to Down,Top to Down,Match,24371.45,24350.3,-0.087,24364.35,24350.3,0.058,14:05,24375.95,0.105,,
2024-10-31,Thursday,0,1,0,Nifty-Only Expiry,non-expiry,Top to Down,Down to Up,Mismatch,24349.85,24238.5,-0.457,24206.5,24238.5,0.132,14:35,24172.6,0.273,,
2024-11-04,Monday,0,0,0,No Expiry,non-expiry,Top to Down,Down to Up,Mismatch,24315.75,23990.95,-1.336,23914.05,23990.95,0.322,14:05,23898.9,0.385,,
2024-11-05,Tuesday,0,0,0,No Expiry,non-expiry,Down to Up,Down to Up,Match,23916.5,24198.15,1.178,24125.8,24198.15,0.3,14:00,24119.35,0.327,,
2024-11-06,Wednesday,0,0,0,No Expiry,non-expiry,Down to Up,Down to Up,Match,24308.75,24493.9,0.762,24487.25,24493.9,0.027,14:50,24447.65,0.189,,
2024-11-07,Thursday,0,1,0,Nifty-Only Expiry,non-expiry,Top to Down,Top to Down,Match,24489.6,24194.6,-1.205,24208.0,24194.6,0.055,14:10,24218.15,0.097,,
2024-11-08,Friday,1,0,0,Sensex Expiry,weekly,Top to Down,Top to Down,Match,24207.7,24110.35,-0.402,24151.25,24110.35,0.169,14:40,24172.3,0.256,14.94,FII Bearish (sold fut >10K)
2024-11-11,Monday,0,0,0,No Expiry,non-expiry,Down to Up,Top to Down,Mismatch,24087.25,24122.1,0.145,24154.35,24122.1,0.134,14:50,24204.0,0.338,,
2024-11-13,Wednesday,0,0,0,No Expiry,non-expiry,Top to Down,Top to Down,Match,23822.45,23602.9,-0.922,23698.9,23602.9,0.405,14:00,23708.8,0.447,,
2024-11-14,Thursday,0,1,0,Nifty-Only Expiry,non-expiry,Down to Up,Down to Up,Match,23542.15,23559.6,0.074,23531.4,23559.6,0.12,15:05,23484.15,0.321,,
2024-11-18,Monday,0,0,0,No Expiry,non-expiry,Top to Down,Top to Down,Match,23605.3,23465.3,-0.593,23492.8,23465.3,0.117,14:00,23503.6,0.163,,
2024-11-19,Tuesday,0,0,0,No Expiry,non-expiry,Top to Down,Top to Down,Match,23529.55,23468.7,-0.259,23766.05,23468.7,1.251,14:00,23767.6,1.258,,
2024-11-21,Thursday,0,1,0,Nifty-Only Expiry,non-expiry,Top to Down,Flat,Flat,23488.45,23346.75,-0.603,23346.75,23346.75,0.0,,,0.0,,
2024-11-22,Friday,1,0,0,Sensex Expiry,weekly,Down to Up,Down to Up,Match,23411.8,23873.5,1.972,23798.1,23873.5,0.317,14:00,23792.05,0.342,15.99,FII Confident (sold puts >20K)
2024-11-25,Monday,0,0,0,No Expiry,non-expiry,Top to Down,Down to Up,Mismatch,24253.55,24250.8,-0.011,24176.45,24250.8,0.308,14:00,24164.5,0.357,,
2024-11-26,Tuesday,0,0,0,No Expiry,non-expiry,Top to Down,Flat,Flat,24343.3,24192.95,-0.618,24194.8,24192.95,0.008,,,0.0,,
2024-11-27,Wednesday,0,0,0,No Expiry,non-expiry,Down to Up,Top to Down,Mismatch,24204.8,24277.35,0.3,24311.05,24277.35,0.139,14:05,24323.0,0.188,,
2024-11-28,Thursday,0,1,0,Nifty-Only Expiry,non-expiry,Top to Down,Top to Down,Match,24274.15,23957.45,-1.305,24047.6,23957.45,0.375,14:05,24074.85,0.488,,
2024-11-29,Friday,1,0,0,Sensex Expiry,monthly,Down to Up,Top to Down,Mismatch,23927.15,24123.65,0.821,24144.4,24123.65,0.086,14:40,24188.45,0.268,15.21,FII Bullish (bought fut + sold puts)
2024-12-02,Monday,0,0,0,No Expiry,non-expiry,Down to Up,Down to Up,Match,24140.85,24275.25,0.557,24225.3,24275.25,0.206,14:00,24222.1,0.219,,
2024-12-03,Tuesday,0,0,0,No Expiry,non-expiry,Down to Up,Top to Down,Mismatch,24367.5,24445.85,0.322,24460.8,24445.85,0.061,14:20,24481.35,0.145,,
2024-12-04,Wednesday,0,0,0,No Expiry,non-expiry,Top to Down,Top to Down,Match,24488.75,24461.55,-0.111,24531.4,24461.55,0.285,14:05,24541.85,0.327,,
2024-12-05,Thursday,0,1,0,Nifty-Only Expiry,non-expiry,Down to Up,Down to Up,Match,24539.15,24701.55,0.662,24664.3,24701.55,0.151,14:55,24495.05,0.843,,
2024-12-06,Friday,1,0,0,Sensex Expiry,weekly,Top to Down,Top to Down,Match,24729.45,24669.0,-0.244,24682.1,24669.0,0.053,14:15,24699.05,0.122,14.53,FII Bullish (bought fut + sold puts)
2024-12-09,Monday,0,0,0,No Expiry,non-expiry,Top to Down,Flat,Flat,24633.9,24626.6,-0.03,24627.35,24626.6,0.003,,,0.0,,
2024-12-10,Tuesday,0,0,0,No Expiry,non-expiry,Top to Down,Down to Up,Mismatch,24652.65,24620.5,-0.13,24538.9,24620.5,0.333,14:00,24522.85,0.398,,
2024-12-11,Wednesday,0,0,0,No Expiry,non-expiry,Down to Up,Top to Down,Mismatch,24620.5,24629.5,0.037,24648.9,24629.5,0.079,14:10,24663.15,0.136,,
2024-12-12,Thursday,0,1,0,Nifty-Only Expiry,non-expiry,Top to Down,Top to Down,Match,24604.45,24539.5,-0.264,24552.3,24539.5,0.052,14:15,24577.05,0.153,,
2024-12-13,Friday,1,0,0,Sensex Expiry,weekly,Down to Up,Down to Up,Match,24498.35,24781.3,1.155,24739.15,24781.3,0.17,14:50,24705.85,0.305,13.19,FII Very Bearish (sold fut >10K + bought puts >20K)
2024-12-16,Monday,0,0,0,No Expiry,non-expiry,Top to Down,Top to Down,Match,24753.4,24648.25,-0.425,24658.15,24648.25,0.04,15:00,24698.1,0.202,,
2024-12-17,Tuesday,0,0,0,No Expiry,non-expiry,Top to Down,Top to Down,Match,24584.8,24319.35,-1.08,24373.3,24319.35,0.221,14:00,24388.3,0.283,,
2024-12-18,Wednesday,0,0,0,No Expiry,non-expiry,Top to Down,Down to Up,Mismatch,24297.95,24214.7,-0.343,24208.6,24214.7,0.025,14:35,24166.7,0.199,,
2024-12-19,Thursday,0,1,0,Nifty-Only Expiry,non-expiry,Down to Up,Down to Up,Match,23877.15,23961.95,0.355,23955.8,23961.95,0.026,15:15,23934.35,0.115,,
2024-12-20,Friday,1,0,0,Sensex Expiry,weekly,Top to Down,Top to Down,Match,23960.7,23631.35,-1.375,23721.55,23631.35,0.38,14:25,23725.2,0.396,14.51,FII Bearish (sold fut >10K)
2024-12-23,Monday,0,0,0,No Expiry,non-expiry,Down to Up,Down to Up,Match,23738.2,23747.2,0.038,23678.1,23747.2,0.292,14:05,23660.2,0.368,,
2024-12-24,Tuesday,0,0,0,No Expiry,non-expiry,Top to Down,Top to Down,Match,23769.1,23730.35,-0.163,23751.55,23730.35,0.089,14:10,23767.3,0.155,,
2024-12-26,Thursday,0,1,0,Nifty-Only Expiry,non-expiry,Top to Down,Down to Up,Mismatch,23775.8,23760.3,-0.065,23740.2,23760.3,0.085,14:00,23735.05,0.106,,
2024-12-27,Friday,1,0,0,Sensex Expiry,monthly,Down to Up,Top to Down,Mismatch,23801.4,23832.45,0.13,23857.5,23832.45,0.105,14:00,23868.45,0.151,14.04,FII Bullish (bought fut + sold puts)
2024-12-30,Monday,0,0,0,No Expiry,non-expiry,Top to Down,Top to Down,Match,23796.9,23658.65,-0.581,23665.55,23658.65,0.029,15:00,23709.65,0.215,,
2024-12-31,Tuesday,0,0,0,No Expiry,non-expiry,Down to Up,Down to Up,Match,23560.6,23668.8,0.459,23645.65,23668.8,0.098,14:20,23622.1,0.198,,
2025-01-01,Wednesday,0,0,0,No Expiry,non-expiry,Down to Up,Top to Down,Mismatch,23637.65,23758.7,0.512,23786.25,23758.7,0.116,14:00,23822.8,0.269,,
2025-01-02,Thursday,0,1,0,Nifty-Only Expiry,non-expiry,Down to Up,Down to Up,Match,23783.0,24167.95,1.619,24123.4,24167.95,0.185,14:00,24117.95,0.207,,
2025-01-03,Friday,0,0,0,No Expiry,non-expiry,Top to Down,Top to Down,Match,24196.4,23990.15,-0.852,24041.25,23990.15,0.213,14:45,24053.5,0.263,,
2025-01-06,Monday,0,0,0,No Expiry,non-expiry,Top to Down,Top to Down,Match,24045.8,23629.6,-1.731,23633.75,23629.6,0.018,14:10,23665.95,0.154,,
2025-01-07,Tuesday,1,0,0,Sensex Expiry,weekly,Down to Up,Down to Up,Match,23679.9,23694.6,0.062,23689.4,23694.6,0.022,14:45,23684.35,0.043,15.65,FII Hedging (bought puts >20K)
2025-01-08,Wednesday,0,0,0,No Expiry,non-expiry,Top to Down,Down to Up,Mismatch,23746.65,23675.2,-0.301,23666.25,23675.2,0.038,14:05,23638.65,0.155,,
2025-01-09,Thursday,0,1,0,Nifty-Only Expiry,non-expiry,Top to Down,Down to Up,Mismatch,23674.75,23557.2,-0.497,23525.8,23557.2,0.133,14:45,23503.05,0.23,,
2025-01-10,Friday,0,0,0,No Expiry,non-expiry,Top to Down,Top to Down,Match,23551.9,23437.35,-0.486,23521.5,23437.35,0.358,14:00,23529.4,0.391,,
2025-01-13,Monday,0,0,0,No Expiry,non-expiry,Top to Down,Top to Down,Match,23195.4,23088.7,-0.46,23114.5,23088.7,0.112,14:05,23139.8,0.221,,
2025-01-14,Tuesday,1,0,0,Sensex Expiry,weekly,Down to Up,Down to Up,Match,23165.9,23206.85,0.177,23158.0,23206.85,0.211,14:05,23148.5,0.252,16.0,FII Very Bearish (sold fut >10K + bought puts >20K)
2025-01-15,Wednesday,0,0,0,No Expiry,non-expiry,Top to Down,Down to Up,Mismatch,23250.45,23228.1,-0.096,23179.95,23228.1,0.208,14:30,23159.25,0.297,,
2025-01-16,Thursday,0,1,0,Nifty-Only Expiry,non-expiry,Top to Down,Down to Up,Mismatch,23377.25,23350.8,-0.113,23331.4,23350.8,0.083,14:35,23290.7,0.258,,
2025-01-17,Friday,0,0,0,No Expiry,non-expiry,Top to Down,Down to Up,Mismatch,23277.1,23203.1,-0.318,23192.3,23203.1,0.047,14:05,23172.8,0.131,,
2025-01-20,Monday,0,0,0,No Expiry,non-expiry,Down to Up,Top to Down,Mismatch,23298.9,23337.05,0.164,23339.55,23337.05,0.011,14:15,23366.25,0.125,,
2025-01-21,Tuesday,1,0,0,Sensex Expiry,weekly,Top to Down,Top to Down,Match,23421.65,23053.05,-1.574,23212.1,23053.05,0.685,14:05,23243.15,0.818,16.42,FII Neutral
2025-01-22,Wednesday,0,0,0,No Expiry,non-expiry,Down to Up,Down to Up,Match,23099.15,23161.75,0.271,23016.3,23161.75,0.632,14:05,22993.3,0.733,,
2025-01-23,Thursday,0,1,0,Nifty-Only Expiry,non-expiry,Down to Up,Top to Down,Mismatch,23128.3,23216.3,0.38,23248.85,23216.3,0.14,14:00,23254.55,0.164,,
2025-01-24,Friday,0,0,0,No Expiry,non-expiry,Top to Down,Top to Down,Match,23183.9,23090.35,-0.404,23172.8,23090.35,0.356,14:05,23213.75,0.532,,
2025-01-27,Monday,0,0,0,No Expiry,non-expiry,Top to Down,Top to Down,Match,22940.15,22816.85,-0.537,22860.35,22816.85,0.19,14:00,22861.1,0.194,,
2025-01-28,Tuesday,1,0,0,Sensex Expiry,monthly,Down to Up,Top to Down,Mismatch,22960.45,22976.3,0.069,23057.35,22976.3,0.352,14:35,23137.95,0.699,18.13,FII Bullish (bought fut + sold puts)
2025-01-29,Wednesday,0,0,0,No Expiry,non-expiry,Down to Up,Down to Up,Match,23026.75,23176.2,0.649,23158.1,23176.2,0.078,14:35,23115.1,0.264,,
2025-01-30,Thursday,0,1,0,Nifty-Only Expiry,non-expiry,Down to Up,Down to Up,Match,23169.5,23297.95,0.554,23190.35,23297.95,0.464,14:35,23139.95,0.683,,
2025-01-31,Friday,0,0,0,No Expiry,non-expiry,Down to Up,Down to Up,Match,23296.75,23533.85,1.018,23482.7,23533.85,0.218,14:15,23422.6,0.475,,
2025-02-01,Saturday,0,0,0,No Expiry,non-expiry,Top to Down,Flat,Flat,23528.6,23495.3,-0.142,23495.15,23495.3,0.001,,,0.0,,
2025-02-03,Monday,0,0,0,No Expiry,non-expiry,Down to Up,Down to Up,Match,23319.35,23359.7,0.173,23326.8,23359.7,0.141,14:00,23324.35,0.152,,
2025-02-04,Tuesday,1,0,0,Sensex Expiry,weekly,Down to Up,Down to Up,Match,23509.9,23707.7,0.841,23680.3,23707.7,0.116,14:10,23627.25,0.34,14.35,FII Confident (sold puts >20K)
2025-02-05,Wednesday,0,0,0,No Expiry,non-expiry,Top to Down,Top to Down,Match,23801.75,23686.75,-0.483,23770.5,23686.75,0.352,14:00,23771.1,0.355,,
2025-02-06,Thursday,0,1,0,Nifty-Only Expiry,non-expiry,Top to Down,Down to Up,Mismatch,23761.95,23628.05,-0.564,23580.4,23628.05,0.202,14:30,23556.25,0.305,,
2025-02-07,Friday,0,0,0,No Expiry,non-expiry,Top to Down,Down to Up,Mismatch,23649.5,23563.15,-0.365,23510.75,23563.15,0.223,14:15,23443.2,0.512,,
2025-02-10,Monday,0,0,0,No Expiry,non-expiry,Top to Down,Down to Up,Mismatch,23543.8,23376.05,-0.713,23359.85,23376.05,0.069,14:20,23316.3,0.256,,
2025-02-11,Tuesday,1,0,0,Sensex Expiry,weekly,Top to Down,Down to Up,Mismatch,23383.55,23070.5,-1.339,23043.1,23070.5,0.119,14:05,22986.65,0.365,14.45,FII Very Bearish (sold fut >10K + bought puts >20K)
2025-02-12,Wednesday,0,0,0,No Expiry,non-expiry,Down to Up,Down to Up,Match,23050.8,23057.8,0.03,23002.25,23057.8,0.241,14:35,22956.65,0.441,,
2025-02-13,Thursday,0,1,0,Nifty-Only Expiry,non-expiry,Top to Down,Top to Down,Match,23055.75,23019.4,-0.158,23079.6,23019.4,0.261,14:00,23102.0,0.358,,
2025-02-14,Friday,0,0,0,No Expiry,non-expiry,Top to Down,Down to Up,Mismatch,23096.45,22897.25,-0.862,22792.0,22897.25,0.462,14:05,22775.95,0.533,,
2025-02-17,Monday,0,0,0,No Expiry,non-expiry,Down to Up,Down to Up,Match,22809.9,22963.5,0.673,22898.85,22963.5,0.282,14:00,22876.75,0.379,,
2025-02-18,Tuesday,1,0,0,Sensex Expiry,weekly,Top to Down,Down to Up,Mismatch,22963.65,22923.15,-0.176,22914.7,22923.15,0.037,14:05,22890.0,0.145,15.72,FII Neutral
2025-02-19,Wednesday,0,0,0,No Expiry,non-expiry,Down to Up,Top to Down,Mismatch,22847.25,22914.4,0.294,22928.6,22914.4,0.062,14:10,22953.65,0.171,,
2025-02-20,Thursday,0,1,0,Nifty-Only Expiry,non-expiry,Down to Up,Top to Down,Mismatch,22821.1,22906.25,0.373,22910.25,22906.25,0.017,14:45,22923.85,0.077,,
2025-02-21,Friday,0,0,0,No Expiry,non-expiry,Top to Down,Down to Up,Mismatch,22855.8,22764.35,-0.4,22755.05,22764.35,0.041,14:00,22739.6,0.109,,
2025-02-24,Monday,0,0,0,No Expiry,non-expiry,Top to Down,Flat,Flat,22611.5,22548.85,-0.277,22546.65,22548.85,0.01,,,0.0,,
2025-02-25,Tuesday,1,0,0,Sensex Expiry,monthly,Down to Up,Top to Down,Mismatch,22516.45,22526.3,0.044,22582.55,22526.3,0.249,14:00,22591.0,0.286,14.44,FII Mildly Bearish
2025-02-27,Thursday,0,1,0,Nifty-Only Expiry,non-expiry,Top to Down,Top to Down,Match,22568.95,22510.85,-0.257,22542.05,22510.85,0.138,14:55,22556.9,0.204,,
2025-02-28,Friday,0,0,0,No Expiry,non-expiry,Top to Down,Top to Down,Match,22433.4,22127.4,-1.364,22129.85,22127.4,0.011,14:45,22198.75,0.321,,
2025-03-03,Monday,0,0,0,No Expiry,non-expiry,Top to Down,Down to Up,Mismatch,22194.55,22143.15,-0.232,22099.7,22143.15,0.197,14:05,22071.9,0.323,,
2025-03-04,Tuesday,1,0,0,Sensex Expiry,weekly,Down to Up,Down to Up,Match,21974.45,22080.3,0.482,22069.55,22080.3,0.049,14:00,22064.05,0.074,13.76,FII Neutral
2025-03-05,Wednesday,0,0,0,No Expiry,non-expiry,Down to Up,Down to Up,Match,22073.05,22346.65,1.24,22328.3,22346.65,0.082,14:20,22292.3,0.244,,
2025-03-06,Thursday,0,1,0,Nifty-Only Expiry,non-expiry,Down to Up,Down to Up,Match,22476.35,22529.2,0.235,22510.95,22529.2,0.081,14:30,22491.15,0.169,,
2025-03-07,Friday,0,0,0,No Expiry,non-expiry,Down to Up,Down to Up,Match,22508.65,22536.95,0.126,22533.9,22536.95,0.014,15:25,22530.35,0.029,,
2025-03-10,Monday,0,0,0,No Expiry,non-expiry,Top to Down,Top to Down,Match,22521.85,22441.1,-0.359,22550.8,22441.1,0.486,14:10,22560.25,0.528,,
2025-03-11,Tuesday,1,0,0,Sensex Expiry,weekly,Down to Up,Down to Up,Match,22345.95,22522.1,0.788,22496.4,22522.1,0.114,15:10,22469.35,0.235,13.99,FII Neutral
2025-03-13,Thursday,0,1,0,Nifty-Only Expiry,non-expiry,Top to Down,Top to Down,Match,22541.5,22383.3,-0.702,22433.7,22383.3,0.225,14:00,22450.1,0.298,,
2025-03-17,Monday,0,0,0,No Expiry,non-expiry,Down to Up,Down to Up,Match,22353.15,22515.25,0.725,22510.8,22515.25,0.02,14:40,22481.75,0.149,,
2025-03-18,Tuesday,1,0,0,Sensex Expiry,weekly,Down to Up,Down to Up,Match,22662.25,22848.75,0.823,22788.8,22848.75,0.263,14:20,22770.35,0.344,13.42,FII Mildly Bullish
2025-03-19,Wednesday,0,0,0,No Expiry,non-expiry,Down to Up,Top to Down,Mismatch,22874.95,22911.8,0.161,22914.45,22911.8,0.012,14:50,22937.7,0.113,,
2025-03-20,Thursday,0,1,0,Nifty-Only Expiry,non-expiry,Down to Up,Top to Down,Mismatch,23036.6,23165.7,0.56,23190.2,23165.7,0.106,14:30,23216.7,0.22,,
2025-03-21,Friday,0,0,0,No Expiry,non-expiry,Down to Up,Down to Up,Match,23168.25,23355.65,0.809,23318.6,23355.65,0.159,14:00,23316.8,0.167,,
2025-03-24,Monday,0,0,0,No Expiry,non-expiry,Down to Up,Down to Up,Match,23515.4,23674.15,0.675,23670.6,23674.15,0.015,15:05,23629.9,0.187,,
2025-03-25,Tuesday,1,0,0,Sensex Expiry,monthly,Top to Down,Top to Down,Match,23751.5,23605.95,-0.613,23729.45,23605.95,0.52,14:15,23744.6,0.584,13.7,FII Confident (sold puts >20K)
2025-03-26,Wednesday,0,0,0,No Expiry,non-expiry,Top to Down,Top to Down,Match,23700.95,23464.3,-0.998,23532.45,23464.3,0.29,14:05,23562.35,0.416,,
2025-03-27,Thursday,0,1,0,Nifty-Only Expiry,non-expiry,Down to Up,Top to Down,Mismatch,23433.95,23601.05,0.713,23604.65,23601.05,0.015,15:25,23646.45,0.192,,
2025-03-28,Friday,0,0,0,No Expiry,non-expiry,Top to Down,Down to Up,Mismatch,23600.4,23495.15,-0.446,23472.55,23495.15,0.096,15:25,23450.2,0.192,,
2025-04-01,Tuesday,1,0,0,Sensex Expiry,weekly,Top to Down,Down to Up,Mismatch,23341.1,23179.7,-0.691,23154.5,23179.7,0.109,14:20,23137.45,0.183,12.72,FII Neutral
2025-04-02,Wednesday,0,0,0,No Expiry,non-expiry,Down to Up,Down to Up,Match,23192.6,23330.8,0.596,23287.7,23330.8,0.185,14:10,23273.0,0.248,,
2025-04-03,Thursday,0,1,0,Nifty-Only Expiry,non-expiry,Down to Up,Top to Down,Mismatch,23150.3,23241.6,0.394,23260.1,23241.6,0.08,14:00,23272.8,0.134,,
2025-04-04,Friday,0,0,0,No Expiry,non-expiry,Top to Down,Down to Up,Mismatch,23190.4,22912.05,-1.2,22894.25,22912.05,0.078,14:55,22857.45,0.239,,
2025-04-07,Monday,0,0,0,No Expiry,non-expiry,Down to Up,Down to Up,Match,21758.4,22238.0,2.204,21984.5,22238.0,1.153,14:00,21964.85,1.244,,
2025-04-08,Tuesday,1,0,0,Sensex Expiry,weekly,Down to Up,Flat,Flat,22446.75,22547.2,0.448,22546.95,22547.2,0.001,,,0.0,22.79,FII Very Bearish (sold fut >10K + bought puts >20K)
2025-04-09,Wednesday,0,1,0,Nifty-Only Expiry,non-expiry,Top to Down,Down to Up,Mismatch,22460.3,22420.4,-0.178,22398.85,22420.4,0.096,15:00,22387.35,0.148,,
2025-04-11,Friday,0,0,0,No Expiry,non-expiry,Down to Up,Down to Up,Match,22695.4,22844.5,0.657,22835.25,22844.5,0.041,14:25,22762.0,0.362,,
2025-04-15,Tuesday,1,0,0,Sensex Expiry,weekly,Top to Down,Down to Up,Mismatch,23368.35,23344.1,-0.104,23325.45,23344.1,0.08,14:40,23308.35,0.153,20.11,FII Neutral
2025-04-16,Wednesday,0,0,0,No Expiry,non-expiry,Down to Up,Down to Up,Match,23344.1,23433.3,0.382,23379.85,23433.3,0.229,14:00,23379.85,0.229,,
2025-04-17,Thursday,0,1,0,Nifty-Only Expiry,non-expiry,Down to Up,Top to Down,Mismatch,23401.85,23837.75,1.863,23842.4,23837.75,0.02,15:00,23872.35,0.145,,
2025-04-21,Monday,0,0,0,No Expiry,non-expiry,Down to Up,Top to Down,Mismatch,23949.15,24121.2,0.718,24148.9,24121.2,0.115,14:10,24157.35,0.15,,
2025-04-22,Tuesday,1,0,0,Sensex Expiry,weekly,Top to Down,Top to Down,Match,24185.4,24134.05,-0.212,24179.6,24134.05,0.188,14:05,24189.4,0.229,15.52,FII Confident (sold puts >20K)
2025-04-23,Wednesday,0,0,0,No Expiry,non-expiry,Top to Down,Flat,Flat,24357.6,24300.85,-0.233,24298.5,24300.85,0.01,,,0.0,,
2025-04-24,Thursday,0,1,0,Nifty-Only Expiry,non-expiry,Top to Down,Top to Down,Match,24277.9,24245.05,-0.135,24249.1,24245.05,0.017,14:20,24263.15,0.075,,
2025-04-25,Friday,0,0,0,No Expiry,non-expiry,Top to Down,Top to Down,Match,24289.0,23991.65,-1.224,24146.55,23991.65,0.641,14:00,24150.65,0.658,,
2025-04-28,Monday,0,0,0,No Expiry,non-expiry,Down to Up,Top to Down,Mismatch,24070.25,24312.9,1.008,24335.85,24312.9,0.094,14:15,24353.7,0.168,,
2025-04-29,Tuesday,1,0,0,Sensex Expiry,monthly,Top to Down,Top to Down,Match,24370.7,24325.45,-0.186,24360.15,24325.45,0.142,14:05,24375.5,0.205,16.94,FII Bullish (bought fut + sold puts)
2025-04-30,Wednesday,0,1,0,Nifty-Only Expiry,non-expiry,Top to Down,Top to Down,Match,24342.05,24246.25,-0.394,24347.75,24246.25,0.417,15:00,24396.15,0.614,,
2025-05-02,Friday,0,0,0,No Expiry,non-expiry,Flat,Top to Down,Mismatch,24311.9,24313.65,0.007,24378.5,24313.65,0.266,14:10,24400.65,0.357,,
2025-05-05,Monday,0,0,0,No Expiry,non-expiry,Down to Up,Top to Down,Mismatch,24419.5,24459.5,0.164,24482.75,24459.5,0.095,14:30,24492.15,0.133,,
2025-05-06,Tuesday,1,0,0,Sensex Expiry,weekly,Top to Down,Top to Down,Match,24500.75,24335.9,-0.673,24405.55,24335.9,0.285,14:00,24408.4,0.297,18.34,FII Confident (sold puts >20K)
2025-05-07,Wednesday,0,0,0,No Expiry,non-expiry,Down to Up,Down to Up,Match,24233.3,24409.3,0.726,24372.9,24409.3,0.149,14:20,24367.85,0.17,,
2025-05-08,Thursday,0,1,0,Nifty-Only Expiry,non-expiry,Top to Down,Top to Down,Match,24431.5,24154.1,-1.135,24330.85,24154.1,0.726,14:30,24357.3,0.834,,
2025-05-09,Friday,0,0,0,No Expiry,non-expiry,Down to Up,Down to Up,Match,23935.75,24038.65,0.43,23978.4,24038.65,0.251,14:25,23960.95,0.324,,
2025-05-12,Monday,0,0,0,No Expiry,non-expiry,Down to Up,Down to Up,Match,24420.1,24920.25,2.048,24844.8,24920.25,0.304,14:05,24836.0,0.339,,
2025-05-13,Tuesday,1,0,0,Sensex Expiry,weekly,Top to Down,Down to Up,Mismatch,24864.05,24593.65,-1.088,24585.1,24593.65,0.035,15:20,24547.5,0.188,18.39,FII Neutral
2025-05-14,Wednesday,0,0,0,No Expiry,non-expiry,Down to Up,Down to Up,Match,24613.8,24685.75,0.292,24618.9,24685.75,0.272,14:30,24577.7,0.44,,
2025-05-15,Thursday,0,1,0,Nifty-Only Expiry,non-expiry,Down to Up,Top to Down,Mismatch,24694.45,25035.3,1.38,25074.6,25035.3,0.157,14:25,25116.25,0.322,,
2025-05-16,Friday,0,0,0,No Expiry,non-expiry,Top to Down,Flat,Flat,25064.65,25013.1,-0.206,25014.55,25013.1,0.006,,,0.0,,
2025-05-19,Monday,0,0,0,No Expiry,non-expiry,Top to Down,Top to Down,Match,25005.35,24935.35,-0.28,24974.45,24935.35,0.157,14:00,24977.9,0.17,,
2025-05-20,Tuesday,1,0,0,Sensex Expiry,weekly,Top to Down,Top to Down,Match,24996.2,24713.85,-1.13,24767.5,24713.85,0.217,14:00,24770.25,0.228,17.36,FII Neutral
2025-05-21,Wednesday,0,0,0,No Expiry,non-expiry,Down to Up,Down to Up,Match,24744.25,24800.95,0.229,24777.6,24800.95,0.094,14:00,24740.8,0.243,,
2025-05-22,Thursday,0,1,0,Nifty-Only Expiry,non-expiry,Top to Down,Down to Up,Mismatch,24733.95,24637.0,-0.392,24525.35,24637.0,0.455,14:35,24462.4,0.714,,
2025-05-23,Friday,0,0,0,No Expiry,non-expiry,Down to Up,Top to Down,Mismatch,24639.5,24845.15,0.835,24876.15,24845.15,0.125,14:00,24894.05,0.196,,
2025-05-26,Monday,0,0,0,No Expiry,non-expiry,Down to Up,Down to Up,Match,24919.35,24996.35,0.309,24989.65,24996.35,0.027,14:20,24969.25,0.109,,
2025-05-27,Tuesday,1,0,0,Sensex Expiry,monthly,Top to Down,Down to Up,Mismatch,24956.65,24837.7,-0.477,24761.6,24837.7,0.307,14:20,24704.1,0.541,18.02,FII Hedging (bought puts >20K)
2025-05-28,Wednesday,0,0,0,No Expiry,non-expiry,Top to Down,Top to Down,Match,24832.5,24757.15,-0.303,24773.1,24757.15,0.064,14:15,24798.0,0.165,,
2025-05-29,Thursday,0,1,0,Nifty-Only Expiry,non-expiry,Down to Up,Down to Up,Match,24825.1,24880.85,0.225,24745.55,24880.85,0.547,14:10,24717.8,0.66,,
2025-05-30,Friday,0,0,0,No Expiry,non-expiry,Top to Down,Top to Down,Match,24812.6,24736.65,-0.306,24788.75,24736.65,0.21,14:00,24796.25,0.24,,
2025-06-02,Monday,0,0,0,No Expiry,non-expiry,Down to Up,Top to Down,Mismatch,24669.7,24690.35,0.084,24708.9,24690.35,0.075,15:00,24754.4,0.259,,
2025-06-03,Tuesday,1,0,0,Sensex Expiry,weekly,Top to Down,Top to Down,Match,24786.3,24538.4,-1.0,24567.5,24538.4,0.118,14:35,24601.7,0.257,17.16,FII Hedging (bought puts >20K)
2025-06-04,Wednesday,0,0,0,No Expiry,non-expiry,Down to Up,Top to Down,Mismatch,24560.45,24612.0,0.21,24621.95,24612.0,0.04,15:00,24644.25,0.131,,
2025-06-05,Thursday,0,1,0,Nifty-Only Expiry,non-expiry,Down to Up,Down to Up,Match,24691.2,24761.1,0.283,24732.35,24761.1,0.116,14:10,24693.1,0.275,,
2025-06-06,Friday,0,0,0,No Expiry,non-expiry,Down to Up,Down to Up,Match,24748.7,25000.3,1.017,24990.7,25000.3,0.038,14:10,24975.15,0.101,,
2025-06-09,Monday,0,0,0,No Expiry,non-expiry,Top to Down,Top to Down,Match,25160.1,25103.1,-0.227,25109.6,25103.1,0.026,14:00,25112.45,0.037,,
2025-06-10,Tuesday,1,0,0,Sensex Expiry,weekly,Top to Down,Top to Down,Match,25196.05,25091.5,-0.415,25126.7,25091.5,0.14,14:05,25132.65,0.164,14.69,FII Mildly Bearish
2025-06-11,Wednesday,0,0,0,No Expiry,non-expiry,Top to Down,Top to Down,Match,25134.15,25126.8,-0.029,25144.85,25126.8,0.072,14:50,25157.6,0.122,,
2025-06-12,Thursday,0,1,0,Nifty-Only Expiry,non-expiry,Top to Down,Top to Down,Match,25164.45,24856.0,-1.226,24890.6,24856.0,0.139,15:00,24920.95,0.261,,
2025-06-13,Friday,0,0,0,No Expiry,non-expiry,Down to Up,Down to Up,Match,24473.0,24735.55,1.073,24711.8,24735.55,0.096,14:55,24650.9,0.343,,
2025-06-16,Monday,0,0,0,No Expiry,non-expiry,Down to Up,Flat,Flat,24732.35,24940.95,0.843,24938.8,24940.95,0.009,,,0.0,,
2025-06-17,Tuesday,1,0,0,Sensex Expiry,weekly,Top to Down,Top to Down,Match,24977.85,24841.5,-0.546,24849.15,24841.5,0.031,14:25,24869.25,0.112,14.84,FII Confident (sold puts >20K)
2025-06-18,Wednesday,0,0,0,No Expiry,non-expiry,Down to Up,Down to Up,Match,24788.35,24798.75,0.042,24781.05,24798.75,0.071,14:25,24750.45,0.195,,
2025-06-19,Thursday,0,1,0,Nifty-Only Expiry,non-expiry,Top to Down,Top to Down,Match,24803.25,24744.7,-0.236,24811.8,24744.7,0.27,14:20,24849.85,0.423,,
2025-06-20,Friday,0,0,0,No Expiry,non-expiry,Down to Up,Down to Up,Match,24787.65,25079.75,1.178,25038.45,25079.75,0.165,14:35,25031.4,0.193,,
2025-06-23,Monday,0,0,0,No Expiry,non-expiry,Down to Up,Top to Down,Mismatch,24939.75,24958.9,0.077,25018.85,24958.9,0.24,14:05,25057.0,0.392,,
2025-06-24,Tuesday,1,0,0,Sensex Expiry,monthly,Top to Down,Top to Down,Match,25179.9,25071.55,-0.43,25082.25,25071.55,0.043,14:00,25092.75,0.084,14.05,FII Hedging (bought puts >20K)
2025-06-25,Wednesday,0,0,0,No Expiry,non-expiry,Down to Up,Flat,Flat,25150.35,25236.35,0.342,25236.1,25236.35,0.001,,,0.0,,
2025-06-26,Thursday,0,1,0,Nifty-Only Expiry,non-expiry,Down to Up,Down to Up,Match,25268.95,25530.4,1.035,25500.7,25530.4,0.116,14:05,25475.3,0.216,,
2025-06-27,Friday,0,0,0,No Expiry,non-expiry,Down to Up,Flat,Flat,25576.65,25632.45,0.218,25634.25,25632.45,0.007,,,0.0,,
2025-06-30,Monday,0,0,0,No Expiry,non-expiry,Top to Down,Down to Up,Mismatch,25661.65,25507.45,-0.601,25499.2,25507.45,0.032,14:35,25477.6,0.117,,
2025-07-01,Tuesday,1,0,0,Sensex Expiry,weekly,Top to Down,Flat,Flat,25551.35,25533.0,-0.072,25530.6,25533.0,0.009,,,0.0,12.79,FII Confident (sold puts >20K)
2025-07-02,Wednesday,0,0,0,No Expiry,non-expiry,Top to Down,Down to Up,Mismatch,25588.3,25442.85,-0.568,25407.7,25442.85,0.138,14:40,25378.75,0.253,,
2025-07-03,Thursday,0,1,0,Nifty-Only Expiry,non-expiry,Top to Down,Top to Down,Match,25505.1,25397.4,-0.422,25499.05,25397.4,0.399,14:00,25509.15,0.438,,
2025-07-04,Friday,0,0,0,No Expiry,non-expiry,Down to Up,Down to Up,Match,25428.85,25467.8,0.153,25383.95,25467.8,0.33,14:00,25366.2,0.401,,
2025-07-07,Monday,0,0,0,No Expiry,non-expiry,Down to Up,Down to Up,Match,25450.45,25454.95,0.018,25448.8,25454.95,0.024,14:30,25415.85,0.154,,
2025-07-08,Tuesday,1,0,0,Sensex Expiry,weekly,Down to Up,Down to Up,Match,25427.85,25523.1,0.375,25475.35,25523.1,0.187,14:35,25447.45,0.297,12.56,FII Neutral
2025-07-09,Wednesday,0,0,0,No Expiry,non-expiry,Top to Down,Top to Down,Match,25514.6,25464.65,-0.196,25529.95,25464.65,0.256,14:15,25533.2,0.268,,
2025-07-11,Friday,0,0,0,No Expiry,non-expiry,Top to Down,Top to Down,Match,25255.5,25140.55,-0.455,25169.0,25140.55,0.113,14:10,25191.55,0.202,,
2025-07-14,Monday,0,0,0,No Expiry,non-expiry,Top to Down,Down to Up,Mismatch,25149.5,25087.1,-0.248,25034.6,25087.1,0.21,14:00,25027.5,0.238,,
2025-07-15,Tuesday,1,0,0,Sensex Expiry,weekly,Down to Up,Down to Up,Match,25089.5,25219.65,0.519,25193.4,25219.65,0.104,14:55,25156.05,0.253,11.98,FII Bearish (sold fut >10K)
2025-07-16,Wednesday,0,0,0,No Expiry,non-expiry,Flat,Top to Down,Mismatch,25196.6,25198.55,0.008,25217.4,25198.55,0.075,14:10,25255.3,0.225,,
2025-07-17,Thursday,0,1,0,Nifty-Only Expiry,non-expiry,Top to Down,Top to Down,Match,25230.75,25109.5,-0.481,25177.4,25109.5,0.27,14:00,25182.0,0.288,,
2025-07-18,Friday,0,0,0,No Expiry,non-expiry,Top to Down,Down to Up,Mismatch,25108.55,24967.45,-0.562,24960.1,24967.45,0.029,14:45,24952.95,0.058,,
2025-07-21,Monday,0,0,0,No Expiry,non-expiry,Down to Up,Down to Up,Match,24999.0,25093.3,0.377,25012.4,25093.3,0.323,14:35,25000.0,0.373,,
2025-07-22,Tuesday,1,0,0,Sensex Expiry,weekly,Top to Down,Top to Down,Match,25166.65,25064.9,-0.404,25088.2,25064.9,0.093,14:10,25107.65,0.17,11.2,FII Confident (sold puts >20K)
2025-07-23,Wednesday,0,0,0,No Expiry,non-expiry,Down to Up,Down to Up,Match,25139.35,25209.2,0.278,25192.15,25209.2,0.068,14:05,25182.65,0.105,,
2025-07-24,Thursday,0,1,0,Nifty-Only Expiry,non-expiry,Top to Down,Top to Down,Match,25243.3,25051.9,-0.758,25068.4,25051.9,0.066,14:20,25103.25,0.205,,
2025-07-25,Friday,0,0,0,No Expiry,non-expiry,Top to Down,Top to Down,Match,25010.35,24832.2,-0.712,24873.35,24832.2,0.165,14:00,24879.85,0.192,,
2025-07-28,Monday,0,0,0,No Expiry,non-expiry,Top to Down,Flat,Flat,24782.45,24673.95,-0.438,24675.95,24673.95,0.008,,,0.0,,
2025-07-29,Tuesday,1,0,0,Sensex Expiry,monthly,Down to Up,Down to Up,Match,24609.65,24830.4,0.897,24785.2,24830.4,0.182,15:00,24771.7,0.237,12.06,FII Mildly Bearish
2025-07-30,Wednesday,0,0,0,No Expiry,non-expiry,Top to Down,Top to Down,Match,24890.4,24844.55,-0.184,24867.3,24844.55,0.091,14:35,24890.7,0.185,,
2025-07-31,Thursday,0,1,0,Nifty-Only Expiry,non-expiry,Down to Up,Top to Down,Mismatch,24642.25,24765.6,0.501,24907.35,24765.6,0.569,14:05,24952.7,0.75,,
2025-08-01,Friday,0,0,0,No Expiry,non-expiry,Top to Down,Top to Down,Match,24734.9,24572.15,-0.658,24644.55,24572.15,0.294,14:10,24663.95,0.372,,
2025-08-04,Monday,0,0,0,No Expiry,non-expiry,Down to Up,Down to Up,Match,24596.05,24726.9,0.532,24718.3,24726.9,0.035,14:00,24682.2,0.181,,
2025-08-05,Tuesday,1,0,0,Sensex Expiry,weekly,Top to Down,Down to Up,Mismatch,24720.25,24649.5,-0.286,24623.55,24649.5,0.105,14:45,24590.3,0.241,11.97,FII Confident (sold puts >20K)
2025-08-06,Wednesday,0,0,0,No Expiry,non-expiry,Top to Down,Top to Down,Match,24641.35,24569.6,-0.291,24598.25,24569.6,0.116,14:25,24601.25,0.129,,
2025-08-07,Thursday,0,1,0,Nifty-Only Expiry,non-expiry,Down to Up,Down to Up,Match,24464.2,24626.65,0.664,24388.4,24626.65,0.977,14:00,24388.4,0.977,,
2025-08-08,Friday,0,0,0,No Expiry,non-expiry,Top to Down,Top to Down,Match,24544.25,24350.85,-0.788,24424.35,24350.85,0.301,14:00,24449.45,0.403,,
2025-08-11,Monday,0,0,0,No Expiry,non-expiry,Down to Up,Down to Up,Match,24371.5,24562.15,0.782,24520.25,24562.15,0.171,14:00,24520.25,0.171,,
2025-08-12,Tuesday,1,0,0,Sensex Expiry,weekly,Top to Down,Top to Down,Match,24563.35,24485.85,-0.316,24603.7,24485.85,0.479,14:00,24606.15,0.489,12.22,FII Confident (sold puts >20K)
2025-08-13,Wednesday,0,0,0,No Expiry,non-expiry,Down to Up,Top to Down,Mismatch,24586.2,24630.4,0.18,24649.85,24630.4,0.079,14:00,24664.55,0.138,,
2025-08-14,Thursday,0,1,0,Nifty-Only Expiry,non-expiry,Down to Up,Top to Down,Mismatch,24607.25,24616.05,0.036,24645.05,24616.05,0.118,14:50,24663.3,0.192,,
2025-08-18,Monday,0,0,0,No Expiry,non-expiry,Top to Down,Top to Down,Match,24938.2,24884.05,-0.217,24919.6,24884.05,0.143,14:30,24943.8,0.24,,
2025-08-19,Tuesday,1,0,0,Sensex Expiry,weekly,Down to Up,Down to Up,Match,24891.35,24989.7,0.395,24950.35,24989.7,0.158,14:05,24919.4,0.282,12.34,FII Mildly Bullish
2025-08-20,Wednesday,0,0,0,No Expiry,non-expiry,Down to Up,Top to Down,Mismatch,24965.8,25047.15,0.326,25063.45,25047.15,0.065,14:50,25088.7,0.166,,
2025-08-21,Thursday,0,1,0,Nifty-Only Expiry,non-expiry,Top to Down,Top to Down,Match,25142.0,25076.95,-0.259,25119.2,25076.95,0.168,14:15,25153.65,0.305,,
2025-08-22,Friday,0,0,0,No Expiry,non-expiry,Top to Down,Top to Down,Match,25064.15,24869.45,-0.777,24930.9,24869.45,0.246,14:05,24933.5,0.257,,
2025-08-25,Monday,0,0,0,No Expiry,non-expiry,Down to Up,Top to Down,Mismatch,24949.15,24978.55,0.118,25005.2,24978.55,0.107,14:15,25021.55,0.172,,
2025-08-26,Tuesday,1,0,0,Sensex Expiry,monthly,Top to Down,Top to Down,Match,24899.5,24710.7,-0.758,24806.25,24710.7,0.385,14:05,24811.1,0.405,11.76,FII Confident (sold puts >20K)
2025-08-28,Thursday,0,1,0,Nifty-Only Expiry,non-expiry,Top to Down,Top to Down,Match,24695.8,24533.1,-0.659,24537.5,24533.1,0.018,14:20,24592.1,0.24,,
2025-08-29,Friday,0,0,0,No Expiry,non-expiry,Top to Down,Top to Down,Match,24466.7,24433.65,-0.135,24484.05,24433.65,0.206,14:20,24552.5,0.484,,
2025-09-01,Monday,0,0,0,No Expiry,non-expiry,Down to Up,Down to Up,Match,24432.7,24624.3,0.784,24597.4,24624.3,0.109,14:00,24597.1,0.111,,
2025-09-02,Tuesday,1,1,1,Dual Expiry (Sensex+Nifty),weekly,Top to Down,Top to Down,Match,24653.0,24575.0,-0.316,24589.15,24575.0,0.058,14:45,24617.25,0.172,11.29,FII Confident (sold puts >20K)
2025-09-03,Wednesday,0,0,0,No Expiry,non-expiry,Down to Up,Down to Up,Match,24616.5,24713.6,0.394,24653.25,24713.6,0.245,14:00,24642.35,0.289,,
2025-09-04,Thursday,1,0,0,Sensex Expiry,weekly,Top to Down,Top to Down,Match,24980.75,24739.8,-0.965,24776.65,24739.8,0.149,14:00,24790.7,0.205,10.93,FII Confident (sold puts >20K)
2025-09-05,Friday,0,0,0,No Expiry,non-expiry,Top to Down,Top to Down,Match,24818.85,24743.95,-0.302,24769.6,24743.95,0.104,14:00,24790.75,0.189,,
2025-09-09,Tuesday,0,1,0,Nifty-Only Expiry,non-expiry,Down to Up,Down to Up,Match,24864.1,24878.8,0.059,24857.45,24878.8,0.086,14:35,24825.6,0.214,,
2025-09-10,Wednesday,0,0,0,No Expiry,non-expiry,Top to Down,Down to Up,Mismatch,24991.0,24977.55,-0.054,24959.25,24977.55,0.073,14:40,24915.05,0.251,,
2025-09-11,Thursday,1,0,0,Sensex Expiry,weekly,Down to Up,Flat,Flat,24945.5,25008.1,0.251,25008.6,25008.1,0.002,,,0.0,10.54,FII Confident (sold puts >20K)
2025-09-12,Friday,0,0,0,No Expiry,non-expiry,Down to Up,Top to Down,Mismatch,25074.45,25107.7,0.133,25122.7,25107.7,0.06,14:05,25129.65,0.087,,
2025-09-15,Monday,0,0,0,No Expiry,non-expiry,Top to Down,Top to Down,Match,25118.9,25069.7,-0.196,25082.6,25069.7,0.051,14:40,25114.2,0.177,,
2025-09-16,Tuesday,0,1,0,Nifty-Only Expiry,non-expiry,Down to Up,Down to Up,Match,25073.6,25254.45,0.721,25175.8,25254.45,0.312,14:10,25152.7,0.405,,
2025-09-17,Wednesday,0,0,0,No Expiry,non-expiry,Down to Up,Down to Up,Match,25276.6,25330.15,0.212,25318.65,25330.15,0.045,14:25,25279.85,0.199,,
2025-09-18,Thursday,1,0,0,Sensex Expiry,weekly,Top to Down,Down to Up,Mismatch,25441.05,25420.75,-0.08,25362.05,25420.75,0.231,14:35,25329.75,0.359,10.25,FII Neutral
2025-09-19,Friday,0,0,0,No Expiry,non-expiry,Top to Down,Down to Up,Mismatch,25410.2,25352.5,-0.227,25341.5,25352.5,0.043,15:10,25306.1,0.183,,
2025-09-22,Monday,0,0,0,No Expiry,non-expiry,Top to Down,Top to Down,Match,25238.1,25200.2,-0.15,25257.15,25200.2,0.225,14:05,25289.25,0.352,,
2025-09-23,Tuesday,0,1,0,Nifty-Only Expiry,non-expiry,Top to Down,Top to Down,Match,25209.0,25185.8,-0.092,25206.0,25185.8,0.08,14:05,25261.9,0.301,,
2025-09-24,Wednesday,0,0,0,No Expiry,non-expiry,Top to Down,Top to Down,Match,25108.75,25060.9,-0.191,25113.55,25060.9,0.21,14:00,25119.45,0.233,,
2025-09-25,Thursday,1,0,0,Sensex Expiry,monthly,Top to Down,Top to Down,Match,25034.5,24904.55,-0.519,24980.35,24904.55,0.303,14:00,24987.45,0.332,10.52,FII Mildly Bearish
2025-09-26,Friday,0,0,0,No Expiry,non-expiry,Top to Down,Down to Up,Mismatch,24818.55,24673.1,-0.586,24667.3,24673.1,0.024,14:25,24629.45,0.177,,
2025-09-29,Monday,0,0,0,No Expiry,non-expiry,Top to Down,Top to Down,Match,24728.55,24677.55,-0.206,24712.3,24677.55,0.141,14:20,24745.9,0.276,,
2025-09-30,Tuesday,0,1,0,Nifty-Only Expiry,non-expiry,Top to Down,Flat,Flat,24691.95,24633.6,-0.236,24635.5,24633.6,0.008,,,0.0,,
2025-10-01,Wednesday,0,0,0,No Expiry,non-expiry,Down to Up,Down to Up,Match,24620.55,24853.4,0.946,24783.5,24853.4,0.282,14:15,24775.75,0.313,,
2025-10-03,Friday,0,0,0,No Expiry,non-expiry,Down to Up,Down to Up,Match,24759.55,24895.0,0.547,24829.25,24895.0,0.265,14:10,24808.15,0.35,,
2025-10-06,Monday,0,0,0,No Expiry,non-expiry,Down to Up,Flat,Flat,24916.55,25072.55,0.626,25072.2,25072.55,0.001,,,0.0,,
2025-10-07,Tuesday,0,1,0,Nifty-Only Expiry,non-expiry,Down to Up,Top to Down,Mismatch,25085.3,25112.8,0.11,25198.55,25112.8,0.34,14:15,25220.9,0.429,,
2025-10-08,Wednesday,0,0,0,No Expiry,non-expiry,Top to Down,Top to Down,Match,25079.75,25023.8,-0.223,25127.75,25023.8,0.414,14:00,25134.35,0.44,,
2025-10-09,Thursday,1,0,0,Sensex Expiry,weekly,Down to Up,Down to Up,Match,25074.3,25170.3,0.383,25165.5,25170.3,0.019,14:20,25120.5,0.198,10.31,FII Hedging (bought puts >20K)
2025-10-10,Friday,0,0,0,No Expiry,non-expiry,Down to Up,Top to Down,Mismatch,25167.65,25278.2,0.439,25305.05,25278.2,0.106,14:00,25316.5,0.151,,
2025-10-13,Monday,0,0,0,No Expiry,non-expiry,Down to Up,Down to Up,Match,25177.3,25237.15,0.238,25184.85,25237.15,0.208,14:00,25183.85,0.212,,
2025-10-14,Tuesday,0,1,0,Nifty-Only Expiry,non-expiry,Top to Down,Flat,Flat,25277.55,25123.35,-0.61,25122.0,25123.35,0.005,,,0.0,,
2025-10-15,Wednesday,0,0,0,No Expiry,non-expiry,Down to Up,Top to Down,Mismatch,25181.95,25327.75,0.579,25335.15,25327.75,0.029,14:05,25338.6,0.043,,
2025-10-16,Thursday,1,0,0,Sensex Expiry,weekly,Down to Up,Down to Up,Match,25394.9,25566.3,0.675,25539.75,25566.3,0.104,14:00,25538.4,0.109,10.53,FII Confident (sold puts >20K)
2025-10-17,Friday,0,0,0,No Expiry,non-expiry,Down to Up,Down to Up,Match,25546.85,25704.7,0.618,25677.4,25704.7,0.106,14:15,25658.25,0.181,,
2025-10-20,Monday,0,0,0,No Expiry,non-expiry,Down to Up,Top to Down,Mismatch,25824.6,25850.7,0.101,25854.15,25850.7,0.013,14:15,25884.15,0.129,,
2025-10-21,Tuesday,0,1,0,Nifty-Only Expiry,non-expiry,Top to Down,Top to Down,Match,25901.2,25833.3,-0.262,25893.85,25833.3,0.234,14:15,25908.1,0.289,,
2025-10-23,Thursday,1,0,0,Sensex Expiry,weekly,Top to Down,Top to Down,Match,26057.2,25870.3,-0.717,25988.85,25870.3,0.456,14:45,25996.85,0.487,11.3,FII Neutral
2025-10-24,Friday,0,0,0,No Expiry,non-expiry,Top to Down,Down to Up,Mismatch,25935.1,25797.45,-0.531,25739.45,25797.45,0.225,14:00,25733.75,0.248,,
2025-10-27,Monday,0,0,0,No Expiry,non-expiry,Down to Up,Down to Up,Match,25843.2,25974.0,0.506,25954.3,25974.0,0.076,14:50,25926.75,0.182,,
2025-10-28,Tuesday,0,1,0,Nifty-Only Expiry,non-expiry,Down to Up,Down to Up,Match,25939.95,25965.4,0.098,25882.5,25965.4,0.32,14:25,25810.05,0.602,,
2025-10-29,Wednesday,0,0,0,No Expiry,non-expiry,Down to Up,Down to Up,Match,25982.0,26068.3,0.332,26061.4,26068.3,0.026,14:50,26015.3,0.204,,
2025-10-30,Thursday,1,0,0,Sensex Expiry,monthly,Top to Down,Flat,Flat,25984.4,25891.2,-0.359,25889.7,25891.2,0.006,,,0.0,11.97,FII Confident (sold puts >20K)
2025-10-31,Friday,0,0,0,No Expiry,non-expiry,Top to Down,Top to Down,Match,25863.8,25732.55,-0.507,25774.05,25732.55,0.161,14:00,25790.1,0.223,,
2025-11-03,Monday,0,0,0,No Expiry,non-expiry,Down to Up,Down to Up,Match,25696.85,25774.3,0.301,25765.15,25774.3,0.036,14:50,25736.55,0.147,,
2025-11-04,Tuesday,0,1,0,Nifty-Only Expiry,non-expiry,Top to Down,Top to Down,Match,25744.75,25586.25,-0.616,25656.95,25586.25,0.276,14:00,25657.9,0.279,,
2025-11-06,Thursday,1,0,0,Sensex Expiry,weekly,Top to Down,Top to Down,Match,25593.35,25519.95,-0.287,25539.2,25519.95,0.075,14:55,25564.6,0.175,12.65,FII Neutral
2025-11-10,Monday,0,0,0,No Expiry,non-expiry,Down to Up,Top to Down,Mismatch,25503.5,25574.25,0.277,25599.8,25574.25,0.1,14:25,25649.45,0.293,,
2025-11-11,Tuesday,0,1,0,Nifty-Only Expiry,non-expiry,Down to Up,Down to Up,Match,25617.0,25705.55,0.346,25634.4,25705.55,0.278,14:00,25630.15,0.294,,
2025-11-12,Wednesday,0,0,0,No Expiry,non-expiry,Down to Up,Top to Down,Mismatch,25834.3,25874.0,0.154,25916.1,25874.0,0.162,14:00,25918.8,0.173,,
2025-11-13,Thursday,1,0,0,Sensex Expiry,weekly,Top to Down,Top to Down,Match,25906.1,25884.1,-0.085,25931.55,25884.1,0.183,14:40,25939.95,0.215,12.11,FII Confident (sold puts >20K)
2025-11-14,Friday,0,0,0,No Expiry,non-expiry,Down to Up,Down to Up,Match,25767.9,25916.8,0.578,25762.55,25916.8,0.599,14:20,25757.15,0.62,,
2025-11-17,Monday,0,0,0,No Expiry,non-expiry,Down to Up,Down to Up,Match,25948.2,26014.3,0.255,25997.4,26014.3,0.065,14:45,25977.2,0.143,,
2025-11-18,Tuesday,0,1,0,Nifty-Only Expiry,non-expiry,Top to Down,Top to Down,Match,26021.8,25894.7,-0.488,25970.95,25894.7,0.294,14:05,25997.15,0.394,,
2025-11-19,Wednesday,0,0,0,No Expiry,non-expiry,Down to Up,Down to Up,Match,25918.1,26052.7,0.519,26007.25,26052.7,0.175,14:00,25993.4,0.228,,
2025-11-20,Thursday,1,0,0,Sensex Expiry,weekly,Down to Up,Top to Down,Mismatch,26132.1,26197.4,0.25,26218.55,26197.4,0.081,14:15,26246.65,0.188,11.97,FII Confident (sold puts >20K)
2025-11-21,Friday,0,0,0,No Expiry,non-expiry,Top to Down,Top to Down,Match,26109.55,26063.95,-0.175,26138.85,26063.95,0.287,14:35,26161.7,0.374,,
2025-11-24,Monday,0,0,0,No Expiry,non-expiry,Top to Down,Top to Down,Match,26122.8,25943.35,-0.687,26069.9,25943.35,0.485,14:00,26072.95,0.497,,
2025-11-25,Tuesday,0,1,0,Nifty-Only Expiry,non-expiry,Top to Down,Top to Down,Match,25998.5,25860.3,-0.532,26008.35,25860.3,0.569,14:15,26032.6,0.662,,
2025-11-26,Wednesday,0,0,0,No Expiry,non-expiry,Down to Up,Down to Up,Match,25842.95,26203.5,1.395,26184.5,26203.5,0.073,14:50,26159.05,0.17,,
2025-11-27,Thursday,1,0,0,Sensex Expiry,monthly,Top to Down,Down to Up,Mismatch,26261.25,26219.85,-0.158,26185.85,26219.85,0.13,14:00,26168.3,0.197,11.97,FII Confident (sold puts >20K)
2025-11-28,Friday,0,0,0,No Expiry,non-expiry,Top to Down,Top to Down,Match,26237.45,26204.55,-0.125,26208.6,26204.55,0.015,14:35,26222.45,0.068,,
2025-12-01,Monday,0,0,0,No Expiry,non-expiry,Top to Down,Top to Down,Match,26325.8,26175.95,-0.569,26182.25,26175.95,0.024,14:05,26228.95,0.202,,
2025-12-02,Tuesday,0,1,0,Nifty-Only Expiry,non-expiry,Top to Down,Flat,Flat,26087.95,26057.0,-0.119,26059.0,26057.0,0.008,,,0.0,,
2025-12-03,Wednesday,0,0,0,No Expiry,non-expiry,Top to Down,Down to Up,Mismatch,26004.9,25985.1,-0.076,25916.5,25985.1,0.265,14:00,25905.65,0.307,,
2025-12-04,Thursday,1,0,0,Sensex Expiry,weekly,Down to Up,Down to Up,Match,25981.85,26017.1,0.136,25973.45,26017.1,0.168,14:00,25970.5,0.179,11.21,FII Very Bearish (sold fut >10K + bought puts >20K)
2025-12-05,Friday,0,0,0,No Expiry,non-expiry,Down to Up,Down to Up,Match,25999.8,26176.65,0.68,26164.2,26176.65,0.048,14:45,26122.8,0.206,,
2025-12-08,Monday,0,0,0,No Expiry,non-expiry,Top to Down,Down to Up,Mismatch,26159.8,25932.8,-0.868,25929.3,25932.8,0.013,14:15,25892.25,0.157,,
2025-12-09,Tuesday,0,1,0,Nifty-Only Expiry,non-expiry,Top to Down,Top to Down,Match,25867.1,25841.75,-0.098,25899.8,25841.75,0.224,14:00,25903.5,0.238,,
2025-12-10,Wednesday,0,0,0,No Expiry,non-expiry,Top to Down,Top to Down,Match,25864.05,25742.65,-0.469,25796.85,25742.65,0.21,14:00,25798.95,0.218,,
2025-12-11,Thursday,1,0,0,Sensex Expiry,weekly,Down to Up,Down to Up,Match,25771.4,25898.4,0.493,25890.65,25898.4,0.03,14:50,25848.25,0.194,10.91,FII Neutral
2025-12-12,Friday,0,0,0,No Expiry,non-expiry,Down to Up,Down to Up,Match,25971.2,26043.0,0.276,26025.85,26043.0,0.066,14:45,26015.8,0.105,,
2025-12-15,Monday,0,0,0,No Expiry,non-expiry,Down to Up,Top to Down,Mismatch,25930.05,26014.0,0.324,26022.0,26014.0,0.031,14:45,26047.15,0.127,,
2025-12-16,Tuesday,0,1,0,Nifty-Only Expiry,non-expiry,Top to Down,Top to Down,Match,25951.5,25851.35,-0.386,25897.2,25851.35,0.177,14:05,25909.75,0.225,,
2025-12-17,Wednesday,0,0,0,No Expiry,non-expiry,Top to Down,Down to Up,Mismatch,25902.4,25821.8,-0.311,25795.9,25821.8,0.1,14:40,25770.35,0.2,,
2025-12-18,Thursday,1,0,0,Sensex Expiry,weekly,Down to Up,Top to Down,Mismatch,25764.7,25815.65,0.198,25843.55,25815.65,0.108,14:00,25843.6,0.108,9.84,FII Neutral
2025-12-19,Friday,0,0,0,No Expiry,non-expiry,Down to Up,Top to Down,Mismatch,25911.5,25961.4,0.193,25977.65,25961.4,0.063,14:25,25993.35,0.123,,
2025-12-22,Monday,0,0,0,No Expiry,non-expiry,Down to Up,Down to Up,Match,26055.85,26162.75,0.41,26144.95,26162.75,0.068,14:10,26125.85,0.141,,
2025-12-23,Tuesday,0,1,0,Nifty-Only Expiry,non-expiry,Top to Down,Top to Down,Match,26205.2,26165.95,-0.15,26199.0,26165.95,0.126,14:15,26233.55,0.258,,
2025-12-24,Wednesday,0,0,0,No Expiry,non-expiry,Top to Down,Top to Down,Match,26170.65,26141.65,-0.111,26151.7,26141.65,0.038,14:10,26168.4,0.102,,
2025-12-26,Friday,0,0,0,No Expiry,non-expiry,Top to Down,Flat,Flat,26121.25,26047.65,-0.282,26047.65,26047.65,0.0,,,0.0,,
2025-12-29,Monday,0,0,0,No Expiry,non-expiry,Top to Down,Flat,Flat,26063.35,25949.8,-0.436,25950.75,25949.8,0.004,,,0.0,,
2025-12-30,Tuesday,0,1,0,Nifty-Only Expiry,non-expiry,Down to Up,Down to Up,Match,25940.9,25970.55,0.114,25938.0,25970.55,0.125,14:30,25915.45,0.213,,
2025-12-31,Wednesday,0,0,0,No Expiry,non-expiry,Down to Up,Top to Down,Mismatch,25971.05,26141.85,0.658,26168.95,26141.85,0.104,14:45,26187.95,0.176,,
2026-01-01,Thursday,1,0,0,Sensex Expiry,weekly,Top to Down,Top to Down,Match,26173.3,26140.25,-0.126,26157.1,26140.25,0.064,14:20,26178.0,0.144,9.68,FII Neutral
2026-01-02,Friday,0,0,0,No Expiry,non-expiry,Down to Up,Down to Up,Match,26155.1,26335.7,0.69,26298.6,26335.7,0.141,14:45,26265.85,0.266,,
2026-01-05,Monday,0,0,0,No Expiry,non-expiry,Top to Down,Top to Down,Match,26333.7,26244.65,-0.338,26252.2,26244.65,0.029,15:00,26282.9,0.146,,
2026-01-07,Wednesday,0,0,0,No Expiry,non-expiry,Flat,Down to Up,Mismatch,26143.1,26142.9,-0.001,26093.45,26142.9,0.19,14:00,26082.2,0.233,,
2026-01-08,Thursday,1,0,0,Sensex Expiry,weekly,Top to Down,Top to Down,Match,26106.5,25868.9,-0.91,25929.0,25868.9,0.232,14:20,25946.2,0.298,9.95,FII Neutral
2026-01-09,Friday,0,0,0,No Expiry,non-expiry,Top to Down,Down to Up,Mismatch,25840.4,25703.7,-0.529,25683.9,25703.7,0.077,14:40,25623.0,0.315,,
2026-01-12,Monday,0,0,0,No Expiry,non-expiry,Down to Up,Down to Up,Match,25669.05,25806.1,0.534,25741.3,25806.1,0.252,14:35,25704.65,0.395,,
2026-01-13,Tuesday,0,1,0,Nifty-Only Expiry,non-expiry,Top to Down,Down to Up,Mismatch,25897.35,25714.2,-0.707,25662.95,25714.2,0.2,14:30,25603.3,0.433,,
2026-01-14,Wednesday,0,0,0,No Expiry,non-expiry,Down to Up,Down to Up,Match,25648.55,25669.1,0.08,25636.05,25669.1,0.129,14:25,25603.95,0.254,,
2026-01-16,Friday,0,0,0,No Expiry,non-expiry,Down to Up,Down to Up,Match,25696.05,25701.9,0.023,25684.2,25701.9,0.069,14:05,25667.4,0.134,,
2026-01-19,Monday,0,0,0,No Expiry,non-expiry,Top to Down,Top to Down,Match,25653.1,25555.5,-0.38,25597.85,25555.5,0.165,14:55,25636.3,0.315,,
2026-01-20,Tuesday,0,1,0,Nifty-Only Expiry,non-expiry,Top to Down,Top to Down,Match,25580.3,25225.35,-1.388,25371.75,25225.35,0.577,14:30,25394.1,0.665,,
2026-01-21,Wednesday,0,0,0,No Expiry,non-expiry,Down to Up,Down to Up,Match,25141.0,25168.1,0.108,25151.1,25168.1,0.068,14:30,25119.85,0.192,,
2026-01-22,Thursday,1,0,0,Sensex Expiry,weekly,Top to Down,Down to Up,Mismatch,25344.15,25320.45,-0.094,25228.35,25320.45,0.365,14:15,25168.5,0.604,13.78,FII Mildly Bearish
2026-01-23,Friday,0,0,0,No Expiry,non-expiry,Top to Down,Down to Up,Mismatch,25344.6,25064.75,-1.104,25049.8,25064.75,0.06,15:15,25025.3,0.158,,
2026-01-27,Tuesday,0,1,0,Nifty-Only Expiry,non-expiry,Down to Up,Down to Up,Match,25063.35,25234.1,0.681,25050.85,25234.1,0.732,14:05,24998.25,0.943,,
2026-01-28,Wednesday,0,0,0,No Expiry,non-expiry,Down to Up,Down to Up,Match,25258.85,25348.05,0.353,25232.25,25348.05,0.459,14:15,25201.1,0.583,,
2026-01-29,Thursday,1,0,0,Sensex Expiry,monthly,Down to Up,Top to Down,Mismatch,25345.0,25422.1,0.304,25430.05,25422.1,0.031,14:50,25458.15,0.142,13.53,FII Mildly Bearish
2026-01-30,Friday,0,0,0,No Expiry,non-expiry,Down to Up,Top to Down,Mismatch,25247.55,25315.8,0.27,25343.8,25315.8,0.11,14:10,25370.7,0.216,,
2026-02-01,Sunday,0,0,0,No Expiry,non-expiry,Top to Down,Top to Down,Match,25333.75,24768.0,-2.233,25047.1,24768.0,1.114,14:35,25091.55,1.289,,
2026-02-02,Monday,0,0,0,No Expiry,non-expiry,Down to Up,Down to Up,Match,24796.5,25079.9,1.143,24949.05,25079.9,0.524,14:10,24913.85,0.666,,
2026-02-03,Tuesday,0,1,0,Nifty-Only Expiry,non-expiry,Top to Down,Top to Down,Match,26308.05,25714.8,-2.255,25770.85,25714.8,0.217,14:55,25790.35,0.293,,
2026-02-04,Wednesday,0,0,0,No Expiry,non-expiry,Down to Up,Top to Down,Mismatch,25675.05,25737.5,0.243,25774.95,25737.5,0.145,14:20,25818.55,0.314,,
2026-02-05,Thursday,1,0,0,Sensex Expiry,weekly,Top to Down,Down to Up,Mismatch,25755.9,25641.6,-0.444,25635.4,25641.6,0.024,14:10,25579.5,0.243,12.25,FII Bullish (bought fut + sold puts)
2026-02-06,Friday,0,0,0,No Expiry,non-expiry,Down to Up,Down to Up,Match,25605.8,25673.6,0.265,25617.4,25673.6,0.219,14:15,25601.9,0.28,,
2026-02-09,Monday,0,0,0,No Expiry,non-expiry,Top to Down,Down to Up,Mismatch,25888.7,25863.3,-0.098,25846.1,25863.3,0.067,14:05,25835.5,0.108,,
2026-02-10,Tuesday,0,1,0,Nifty-Only Expiry,non-expiry,Top to Down,Down to Up,Mismatch,25922.65,25916.8,-0.023,25910.35,25916.8,0.025,14:00,25893.2,0.091,,
2026-02-11,Wednesday,0,0,0,No Expiry,non-expiry,Top to Down,Down to Up,Mismatch,25997.45,25945.35,-0.2,25932.05,25945.35,0.051,14:00,25925.55,0.076,,
2026-02-12,Thursday,1,0,0,Sensex Expiry,weekly,Top to Down,Top to Down,Match,25906.7,25796.15,-0.427,25817.2,25796.15,0.082,15:00,25840.7,0.172,11.55,FII Confident (sold puts >20K)
2026-02-13,Friday,0,0,0,No Expiry,non-expiry,Top to Down,Top to Down,Match,25571.15,25460.55,-0.433,25525.15,25460.55,0.253,14:05,25539.25,0.308,,
2026-02-16,Monday,0,0,0,No Expiry,non-expiry,Down to Up,Down to Up,Match,25423.6,25682.45,1.018,25565.0,25682.45,0.459,14:10,25560.5,0.477,,
2026-02-17,Tuesday,0,1,0,Nifty-Only Expiry,non-expiry,Down to Up,Down to Up,Match,25637.95,25716.0,0.304,25699.45,25716.0,0.064,14:15,25662.6,0.208,,
2026-02-18,Wednesday,0,0,0,No Expiry,non-expiry,Down to Up,Down to Up,Match,25752.65,25805.7,0.206,25724.45,25805.7,0.316,14:00,25719.95,0.333,,
2026-02-19,Thursday,1,0,0,Sensex Expiry,weekly,Top to Down,Top to Down,Match,25873.35,25416.45,-1.766,25562.85,25416.45,0.573,14:20,25609.95,0.756,12.22,FII Confident (sold puts >20K)
2026-02-20,Friday,0,0,0,No Expiry,non-expiry,Down to Up,Top to Down,Mismatch,25406.55,25565.9,0.627,25600.75,25565.9,0.136,14:45,25652.85,0.339,,
2026-02-23,Monday,0,0,0,No Expiry,non-expiry,Down to Up,Down to Up,Match,25678.4,25704.0,0.1,25638.45,25704.0,0.256,14:00,25609.35,0.37,,
2026-02-24,Tuesday,0,1,0,Nifty-Only Expiry,non-expiry,Top to Down,Down to Up,Mismatch,25641.8,25460.25,-0.708,25412.1,25460.25,0.189,14:45,25361.9,0.388,,
2026-02-25,Wednesday,0,0,0,No Expiry,non-expiry,Top to Down,Down to Up,Mismatch,25512.6,25478.65,-0.133,25473.05,25478.65,0.022,14:05,25430.15,0.191,,
2026-02-26,Thursday,1,0,0,Sensex Expiry,monthly,Top to Down,Down to Up,Mismatch,25556.3,25493.3,-0.247,25440.8,25493.3,0.206,14:05,25406.15,0.343,13.49,FII Neutral
2026-02-27,Friday,0,0,0,No Expiry,non-expiry,Top to Down,Top to Down,Match,25459.85,25181.8,-1.092,25342.6,25181.8,0.635,14:00,25352.05,0.672,,
2026-03-02,Monday,0,1,0,Nifty-Only Expiry,non-expiry,Down to Up,Down to Up,Match,24659.25,24849.75,0.773,24615.55,24849.75,0.951,14:00,24603.5,1.001,,
2026-03-04,Wednesday,0,0,0,No Expiry,non-expiry,Down to Up,Down to Up,Match,24388.8,24473.95,0.349,24437.9,24473.95,0.148,14:00,24437.55,0.149,,
2026-03-05,Thursday,1,0,0,Sensex Expiry,weekly,Down to Up,Down to Up,Match,24615.95,24737.45,0.494,24572.5,24737.45,0.671,14:15,24529.4,0.848,21.14,FII Bearish (sold fut >10K)
2026-03-06,Friday,0,0,0,No Expiry,non-expiry,Top to Down,Top to Down,Match,24656.4,24469.4,-0.758,24555.7,24469.4,0.351,14:25,24616.45,0.597,,
2026-03-09,Monday,0,0,0,No Expiry,non-expiry,Down to Up,Down to Up,Match,23868.05,24005.8,0.577,23878.65,24005.8,0.532,14:00,23859.6,0.613,,
2026-03-10,Tuesday,0,1,0,Nifty-Only Expiry,non-expiry,Down to Up,Down to Up,Match,24280.8,24286.15,0.022,24233.45,24286.15,0.217,14:30,24201.95,0.348,,
2026-03-11,Wednesday,0,0,0,No Expiry,non-expiry,Top to Down,Top to Down,Match,24231.85,23848.2,-1.583,23959.0,23848.2,0.462,14:30,23977.05,0.537,,
2026-03-12,Thursday,1,0,0,Sensex Expiry,weekly,Top to Down,Top to Down,Match,23674.85,23639.35,-0.15,23740.55,23639.35,0.426,14:05,23771.55,0.556,21.06,FII Very Bearish (sold fut >10K + bought puts >20K)
2026-03-13,Friday,0,0,0,No Expiry,non-expiry,Top to Down,Down to Up,Mismatch,23462.5,23170.9,-1.243,23121.65,23170.9,0.213,14:00,23120.2,0.219,,
2026-03-16,Monday,0,0,0,No Expiry,non-expiry,Down to Up,Down to Up,Match,23116.1,23355.6,1.036,23130.45,23355.6,0.973,14:05,23116.0,1.037,,
2026-03-17,Tuesday,0,1,0,Nifty-Only Expiry,non-expiry,Down to Up,Down to Up,Match,23493.2,23558.8,0.279,23542.5,23558.8,0.069,14:25,23526.85,0.136,,
2026-03-18,Wednesday,0,0,0,No Expiry,non-expiry,Down to Up,Top to Down,Mismatch,23632.9,23764.1,0.555,23832.5,23764.1,0.287,14:25,23862.25,0.411,,
2026-03-19,Thursday,1,0,0,Sensex Expiry,weekly,Top to Down,Top to Down,Match,23197.75,23087.85,-0.474,23163.3,23087.85,0.326,14:00,23171.8,0.362,18.72,FII Mildly Bullish
2026-03-20,Friday,0,0,0,No Expiry,non-expiry,Down to Up,Top to Down,Mismatch,23110.15,23134.65,0.106,23195.0,23134.65,0.26,14:05,23244.55,0.473,,
2026-03-23,Monday,0,0,0,No Expiry,non-expiry,Top to Down,Top to Down,Match,22824.35,22492.65,-1.453,22598.85,22492.65,0.47,14:05,22661.15,0.744,,
2026-03-24,Tuesday,0,1,0,Nifty-Only Expiry,non-expiry,Down to Up,Top to Down,Mismatch,22878.45,22958.4,0.349,22975.25,22958.4,0.073,14:15,23037.9,0.345,,
2026-03-25,Wednesday,0,0,0,No Expiry,non-expiry,Down to Up,Top to Down,Mismatch,23064.4,23309.0,1.061,23430.35,23309.0,0.518,14:00,23460.3,0.645,,
2026-03-27,Friday,0,0,0,No Expiry,non-expiry,Top to Down,Top to Down,Match,23173.55,22839.5,-1.442,22922.9,22839.5,0.364,14:00,22930.6,0.397,,
2026-03-30,Monday,0,1,0,Nifty-Only Expiry,non-expiry,Top to Down,Top to Down,Match,22549.65,22379.2,-0.756,22428.1,22379.2,0.218,14:00,22487.2,0.48,,
2026-04-01,Wednesday,0,0,0,No Expiry,non-expiry,Top to Down,Flat,Flat,22899.0,22703.15,-0.855,22703.75,22703.15,0.003,,,0.0,,
2026-04-02,Thursday,1,0,0,Sensex Expiry,weekly,Down to Up,Down to Up,Match,22383.4,22700.7,1.418,22529.45,22700.7,0.76,14:00,22519.85,0.803,25.01,FII Mildly Bearish
2026-04-06,Monday,0,0,0,No Expiry,non-expiry,Down to Up,Down to Up,Match,22780.3,22959.45,0.786,22862.45,22959.45,0.424,14:00,22861.75,0.427,,
2026-04-07,Tuesday,0,1,0,Nifty-Only Expiry,non-expiry,Down to Up,Down to Up,Match,22838.7,23129.95,1.275,22979.9,23129.95,0.653,14:00,22974.1,0.678,,
2026-04-08,Wednesday,0,0,0,No Expiry,non-expiry,Down to Up,Down to Up,Match,23855.15,24012.35,0.659,23986.35,24012.35,0.108,14:10,23944.0,0.285,,
2026-04-09,Thursday,1,0,0,Sensex Expiry,weekly,Top to Down,Flat,Flat,23909.05,23766.05,-0.598,23767.85,23766.05,0.008,,,0.0,19.7,FII Bullish (bought fut + sold puts)
2026-04-10,Friday,0,0,0,No Expiry,non-expiry,Down to Up,Down to Up,Match,23880.55,24050.5,0.712,24041.0,24050.5,0.04,14:15,23938.6,0.467,,
2026-04-13,Monday,0,1,0,Nifty-Only Expiry,non-expiry,Down to Up,Top to Down,Mismatch,23589.6,23818.9,0.972,23893.05,23818.9,0.31,14:35,23897.45,0.329,,
2026-04-15,Wednesday,0,0,0,No Expiry,non-expiry,Down to Up,Top to Down,Mismatch,24163.8,24211.9,0.199,24221.8,24211.9,0.041,15:00,24265.75,0.222,,
2026-04-16,Thursday,1,0,0,Sensex Expiry,weekly,Top to Down,Down to Up,Mismatch,24385.2,24188.4,-0.807,24181.9,24188.4,0.027,14:05,24132.45,0.232,18.67,FII Neutral
2026-04-17,Friday,0,0,0,No Expiry,non-expiry,Down to Up,Down to Up,Match,24165.9,24366.9,0.832,24303.65,24366.9,0.26,14:05,24300.85,0.272,,
2026-04-20,Monday,0,0,0,No Expiry,non-expiry,Top to Down,Top to Down,Match,24391.5,24330.9,-0.248,24395.75,24330.9,0.266,14:25,24438.0,0.438,,
2026-04-21,Tuesday,0,1,0,Nifty-Only Expiry,non-expiry,Down to Up,Down to Up,Match,24374.55,24580.6,0.845,24554.35,24580.6,0.107,14:10,24522.6,0.237,,
2026-04-22,Wednesday,0,0,0,No Expiry,non-expiry,Top to Down,Top to Down,Match,24470.85,24367.65,-0.422,24449.85,24367.65,0.336,14:00,24458.25,0.37,,
2026-04-23,Thursday,1,0,0,Sensex Expiry,weekly,Top to Down,Top to Down,Match,24202.35,24156.05,-0.191,24242.1,24156.05,0.355,14:00,24242.75,0.358,18.3,FII Hedging (bought puts >20K)
2026-04-24,Friday,0,0,0,No Expiry,non-expiry,Top to Down,Down to Up,Mismatch,24100.55,23903.95,-0.816,23847.6,23903.95,0.236,14:05,23813.65,0.379,,
2026-04-27,Monday,0,0,0,No Expiry,non-expiry,Down to Up,Top to Down,Mismatch,23945.45,24110.2,0.688,24113.35,24110.2,0.013,14:55,24130.7,0.085,,
2026-04-28,Tuesday,0,1,0,Nifty-Only Expiry,non-expiry,Top to Down,Down to Up,Mismatch,24049.9,24016.5,-0.139,24011.6,24016.5,0.02,15:15,23957.05,0.248,,
2026-04-29,Wednesday,0,0,0,No Expiry,non-expiry,Down to Up,Top to Down,Mismatch,24096.9,24163.6,0.277,24256.2,24163.6,0.382,14:00,24259.85,0.397,,
2026-04-30,Thursday,1,0,0,Sensex Expiry,monthly,Down to Up,Top to Down,Mismatch,23996.95,24043.7,0.195,24054.9,24043.7,0.047,14:40,24087.45,0.182,17.44,FII Neutral
2026-05-04,Monday,0,0,0,No Expiry,non-expiry,Down to Up,Down to Up,Match,24063.55,24123.8,0.25,24072.25,24123.8,0.214,14:00,24053.8,0.291,,
2026-05-05,Tuesday,0,1,0,Nifty-Only Expiry,non-expiry,Flat,Down to Up,Mismatch,24052.6,24052.15,-0.002,24035.85,24052.15,0.068,15:05,23997.85,0.226,,
2026-05-07,Thursday,1,0,0,Sensex Expiry,weekly,Top to Down,Top to Down,Match,24398.5,24336.4,-0.255,24368.05,24336.4,0.13,14:30,24385.3,0.201,16.68,FII Confident (sold puts >20K)
2026-05-08,Friday,0,0,0,No Expiry,non-expiry,Top to Down,Down to Up,Mismatch,24233.65,24179.8,-0.222,24139.15,24179.8,0.168,14:00,24126.65,0.22,,
2026-05-11,Monday,0,0,0,No Expiry,non-expiry,Top to Down,Top to Down,Match,23970.1,23820.35,-0.625,23966.45,23820.35,0.61,14:05,23973.5,0.639,,
2026-05-12,Tuesday,0,1,0,Nifty-Only Expiry,non-expiry,Top to Down,Top to Down,Match,23722.6,23430.55,-1.231,23492.8,23430.55,0.265,14:00,23496.9,0.282,,
2026-05-13,Wednesday,0,0,0,No Expiry,non-expiry,Down to Up,Top to Down,Mismatch,23362.45,23428.7,0.284,23499.85,23428.7,0.303,14:10,23525.0,0.409,,
2026-05-14,Thursday,1,0,0,Sensex Expiry,weekly,Down to Up,Top to Down,Mismatch,23530.25,23713.75,0.78,23751.85,23713.75,0.16,14:30,23777.2,0.267,19.43,FII Confident (sold puts >20K)
2026-05-15,Friday,0,0,0,No Expiry,non-expiry,Top to Down,Top to Down,Match,23731.4,23659.35,-0.304,23712.95,23659.35,0.226,14:15,23726.65,0.284,,
2026-05-18,Monday,0,0,0,No Expiry,non-expiry,Down to Up,Down to Up,Match,23482.2,23644.45,0.691,23641.25,23644.45,0.014,14:55,23581.95,0.265,,
2026-05-19,Tuesday,0,1,0,Nifty-Only Expiry,non-expiry,Top to Down,Top to Down,Match,23675.3,23606.2,-0.292,23691.35,23606.2,0.359,14:15,23736.55,0.549,,
2026-05-20,Wednesday,0,0,0,No Expiry,non-expiry,Down to Up,Down to Up,Match,23457.25,23664.15,0.882,23628.05,23664.15,0.153,14:00,23623.25,0.173,,
2026-05-21,Thursday,1,0,0,Sensex Expiry,weekly,Top to Down,Top to Down,Match,23830.05,23648.6,-0.761,23673.95,23648.6,0.107,14:40,23705.4,0.24,18.44,FII Confident (sold puts >20K)
2026-05-22,Friday,0,0,0,No Expiry,non-expiry,Down to Up,Top to Down,Mismatch,23671.2,23748.85,0.328,23792.2,23748.85,0.182,14:00,23795.6,0.196,,
2026-05-25,Monday,0,0,0,No Expiry,non-expiry,Down to Up,Down to Up,Match,23940.25,24049.9,0.458,23966.95,24049.9,0.346,14:15,23955.25,0.395,,
2026-05-26,Tuesday,0,1,0,Nifty-Only Expiry,non-expiry,Top to Down,Top to Down,Match,24004.1,23933.75,-0.293,23937.35,23933.75,0.015,14:25,23940.7,0.029,,
2026-05-27,Wednesday,0,0,0,No Expiry,non-expiry,Down to Up,Down to Up,Match,23880.35,23920.65,0.169,23911.95,23920.65,0.036,14:35,23858.25,0.262,,
2026-05-29,Friday,0,0,0,No Expiry,non-expiry,Top to Down,Top to Down,Match,23902.15,23609.3,-1.225,23758.05,23609.3,0.626,14:30,23802.05,0.81,,
2026-06-01,Monday,0,0,0,No Expiry,non-expiry,Top to Down,Top to Down,Match,23654.5,23379.2,-1.164,23456.35,23379.2,0.329,14:00,23459.6,0.343,,
2026-06-02,Tuesday,0,1,0,Nifty-Only Expiry,non-expiry,Down to Up,Down to Up,Match,23229.15,23523.3,1.266,23514.3,23523.3,0.038,15:00,23422.65,0.43,,
2026-06-03,Wednesday,0,0,0,No Expiry,non-expiry,Top to Down,Down to Up,Mismatch,23415.95,23396.95,-0.081,23363.55,23396.95,0.143,14:00,23363.1,0.145,,
2026-06-04,Thursday,1,0,0,Sensex Expiry,weekly,Down to Up,Down to Up,Match,23282.45,23438.0,0.668,23368.9,23438.0,0.296,14:00,23367.75,0.301,16.28,FII Very Bearish (sold fut >10K + bought puts >20K)
2026-06-05,Friday,0,0,0,No Expiry,non-expiry,Top to Down,Down to Up,Mismatch,23478.95,23368.85,-0.469,23330.25,23368.85,0.165,14:20,23301.0,0.291,,
2026-06-08,Monday,0,0,0,No Expiry,non-expiry,Down to Up,Top to Down,Mismatch,23080.7,23103.7,0.1,23173.45,23103.7,0.301,14:55,23196.7,0.401,,
2026-06-09,Tuesday,0,1,0,Nifty-Only Expiry,non-expiry,Flat,Down to Up,Mismatch,23259.05,23257.75,-0.006,23188.7,23257.75,0.298,14:00,23178.45,0.342,,
2026-06-10,Wednesday,0,0,0,No Expiry,non-expiry,Top to Down,Top to Down,Match,23233.95,23216.1,-0.077,23352.4,23216.1,0.584,14:00,23364.75,0.636,,
2026-06-11,Thursday,1,0,0,Sensex Expiry,weekly,Down to Up,Top to Down,Mismatch,23104.4,23186.55,0.356,23233.0,23186.55,0.2,14:25,23252.05,0.282,15.63,FII Neutral
2026-06-12,Friday,0,0,0,No Expiry,non-expiry,Down to Up,Down to Up,Match,23412.55,23631.75,0.936,23509.7,23631.75,0.519,14:10,23496.55,0.575,,
2026-06-15,Monday,0,0,0,No Expiry,non-expiry,Top to Down,Top to Down,Match,23984.85,23856.55,-0.535,23907.75,23856.55,0.214,14:35,23942.6,0.359,,
2026-06-16,Tuesday,0,1,0,Nifty-Only Expiry,non-expiry,Down to Up,Down to Up,Match,23923.9,23995.0,0.297,23967.05,23995.0,0.117,14:45,23962.7,0.135,,
2026-06-17,Wednesday,0,0,0,No Expiry,non-expiry,Down to Up,Down to Up,Match,24044.5,24081.95,0.156,24049.85,24081.95,0.133,14:30,24015.8,0.275,,
2026-06-18,Thursday,1,0,0,Sensex Expiry,weekly,Down to Up,Down to Up,Match,24073.8,24179.4,0.439,24109.95,24179.4,0.288,14:30,24074.7,0.435,13.19,FII Mildly Bearish
2026-06-19,Friday,0,0,0,No Expiry,non-expiry,Down to Up,Down to Up,Match,23991.2,24042.7,0.215,23966.65,24042.7,0.317,14:55,23901.9,0.589,,
2026-06-22,Monday,0,0,0,No Expiry,non-expiry,Top to Down,Top to Down,Match,24106.6,24086.85,-0.082,24126.2,24086.85,0.163,14:30,24145.45,0.243,,
2026-06-23,Tuesday,0,1,0,Nifty-Only Expiry,non-expiry,Top to Down,Top to Down,Match,24071.3,23795.25,-1.147,23870.15,23795.25,0.314,14:45,23935.2,0.585,,
2026-06-24,Wednesday,0,0,0,No Expiry,non-expiry,Down to Up,Top to Down,Mismatch,23795.8,24013.15,0.913,24055.65,24013.15,0.177,14:55,24068.75,0.231,,
2026-06-25,Thursday,1,0,0,Sensex Expiry,monthly,Top to Down,Top to Down,Match,24125.85,24052.95,-0.302,24180.25,24052.95,0.526,14:00,24187.85,0.558,13.39,FII Confident (sold puts >20K)
2026-06-29,Monday,0,0,0,No Expiry,non-expiry,Top to Down,Down to Up,Mismatch,24061.75,23978.5,-0.346,23947.05,23978.5,0.131,15:00,23924.55,0.226,,
2026-06-30,Tuesday,0,1,0,Nifty-Only Expiry,non-expiry,Top to Down,Top to Down,Match,24032.05,23917.75,-0.476,23928.6,23917.75,0.045,14:25,23972.45,0.228,,
2026-07-01,Wednesday,0,0,0,No Expiry,non-expiry,Down to Up,Top to Down,Mismatch,23897.65,23987.95,0.378,24018.1,23987.95,0.126,15:00,24048.2,0.251,,
2026-07-02,Thursday,1,0,0,Sensex Expiry,weekly,Down to Up,Down to Up,Match,24062.2,24167.2,0.436,24131.65,24167.2,0.147,14:15,24127.4,0.165,13.24,FII Confident (sold puts >20K)
2026-07-03,Friday,0,0,0,No Expiry,non-expiry,Top to Down,Top to Down,Match,24375.65,24271.2,-0.429,24285.95,24271.2,0.061,14:05,24297.25,0.107,,
2026-07-06,Monday,0,0,0,No Expiry,non-expiry,Down to Up,Down to Up,Match,24306.85,24423.95,0.482,24410.1,24423.95,0.057,14:45,24382.4,0.17,,
2026-07-07,Tuesday,0,1,0,Nifty-Only Expiry,non-expiry,Top to Down,Top to Down,Match,24464.45,24355.1,-0.447,24451.85,24355.1,0.396,14:35,24473.05,0.482,,
2026-07-08,Wednesday,0,0,0,No Expiry,non-expiry,Top to Down,Top to Down,Match,24259.55,23895.7,-1.5,24012.05,23895.7,0.485,14:00,24026.9,0.546,,
2026-07-09,Thursday,1,0,0,Sensex Expiry,weekly,Down to Up,Top to Down,Mismatch,23928.95,23981.9,0.221,24050.85,23981.9,0.287,14:30,24078.6,0.402,14.68,FII Very Bearish (sold fut >10K + bought puts >20K)
2026-07-10,Friday,0,0,0,No Expiry,non-expiry,Down to Up,Down to Up,Match,24124.7,24211.65,0.36,24194.85,24211.65,0.069,14:10,24173.6,0.157,,
2026-07-13,Monday,0,0,0,No Expiry,non-expiry,Down to Up,Down to Up,Match,24039.4,24211.15,0.714,24196.9,24211.15,0.059,14:00,24190.2,0.087,,
2026-07-14,Tuesday,0,1,0,Nifty-Only Expiry,non-expiry,Top to Down,Top to Down,Match,24068.0,24035.15,-0.136,24065.4,24035.15,0.126,15:05,24075.0,0.166,,
2026-07-15,Wednesday,0,0,0,No Expiry,non-expiry,Top to Down,Top to Down,Match,24085.85,24073.45,-0.051,24077.9,24073.45,0.018,14:40,24107.05,0.139,,
2026-07-16,Thursday,1,0,0,Sensex Expiry,weekly,Top to Down,Top to Down,Match,24142.1,24081.1,-0.253,24098.4,24081.1,0.072,15:00,24126.55,0.188,13.27,FII Mildly Bearish
2026-07-17,Friday,0,0,0,No Expiry,non-expiry,Down to Up,Down to Up,Match,24127.6,24346.7,0.908,24247.45,24346.7,0.409,14:00,24241.8,0.433,,
2026-07-20,Monday,0,0,0,No Expiry,non-expiry,Down to Up,Top to Down,Mismatch,24190.05,24239.5,0.204,24254.5,24239.5,0.062,14:05,24266.1,0.11,,
2026-07-21,Tuesday,0,1,0,Nifty-Only Expiry,non-expiry,Top to Down,Down to Up,Mismatch,24216.05,24193.05,-0.095,24164.55,24193.05,0.118,14:15,24154.3,0.16,,
2026-07-22,Wednesday,0,0,0,No Expiry,non-expiry,Top to Down,Down to Up,Mismatch,24150.45,23991.05,-0.66,23978.15,23991.05,0.054,14:10,23964.6,0.11,,
2026-07-23,Thursday,1,0,0,Sensex Expiry,weekly,Top to Down,Down to Up,Mismatch,23904.8,23871.7,-0.138,23862.05,23871.7,0.04,14:50,23807.2,0.271,13.29,FII Very Bearish (sold fut + bought puts)
2026-07-24,Friday,0,0,0,No Expiry,non-expiry,Down to Up,Top to Down,Mismatch,23666.35,23787.0,0.51,23803.05,23787.0,0.067,14:00,23823.6,0.154,,
2026-07-27,Monday,0,0,0,No Expiry,non-expiry,Down to Up,Down to Up,Match,23928.4,24003.65,0.314,23973.6,24003.65,0.125,14:00,23970.5,0.138,,
2026-07-28,Tuesday,0,1,0,Nifty-Only Expiry,non-expiry,Down to Up,Top to Down,Mismatch,23971.25,23987.8,0.069,24000.85,23987.8,0.054,15:20,24013.35,0.106,,
2026-07-29,Wednesday,0,0,0,No Expiry,non-expiry,Down to Up,Top to Down,Mismatch,24176.65,24242.0,0.27,24249.75,24242.0,0.032,14:55,24283.55,0.171,,
2026-07-30,Thursday,1,0,0,Sensex Expiry,monthly,Down to Up,Down to Up,Match,24249.55,24296.6,0.194,24283.35,24296.6,0.055,14:30,24227.25,0.286,12.01,FII Bullish (bought fut + sold puts)
2026-07-31,Friday,0,0,0,No Expiry,non-expiry,Down to Up,Top to Down,Mismatch,24361.45,24366.7,0.022,24413.05,24366.7,0.19,14:00,24413.75,0.193,,
2026-08-03,Monday,0,0,0,No Expiry,non-expiry,Down to Up,Down to Up,Match,24572.7,24774.3,0.82,24586.7,24774.3,0.763,15:10,24554.2,0.896,,
2026-08-04,Tuesday,0,1,0,Nifty-Only Expiry,non-expiry,Top to Down,Down to Up,Mismatch,24703.9,24614.9,-0.36,24450.6,24614.9,0.672,14:00,24436.15,0.731,,
2026-08-05,Wednesday,0,0,0,No Expiry,non-expiry,Top to Down,Down to Up,Mismatch,24669.2,24624.65,-0.181,24515.55,24624.65,0.445,14:15,24497.95,0.517,,
2026-08-06,Thursday,1,0,0,Sensex Expiry,weekly,Top to Down,Top to Down,Match,24641.0,24636.0,-0.02,24646.25,24636.0,0.042,14:25,24662.8,0.109,12.06,FII Confident (sold puts >20K)
2026-08-07,Friday,0,0,0,No Expiry,non-expiry,Down to Up,Down to Up,Match,24538.9,24570.65,0.129,24565.85,24570.65,0.02,14:10,24522.75,0.195,,
2026-08-10,Monday,0,0,0,No Expiry,non-expiry,Down to Up,Top to Down,Mismatch,24581.25,24583.8,0.01,24591.8,24583.8,0.033,14:05,24605.35,0.088,,
2026-08-11,Tuesday,0,1,0,Nifty-Only Expiry,non-expiry,Top to Down,Down to Up,Mismatch,24575.1,24471.7,-0.421,24451.0,24471.7,0.085,14:35,24435.05,0.15,,
2026-08-12,Wednesday,0,0,0,No Expiry,non-expiry,Top to Down,Down to Up,Mismatch,24472.45,24435.95,-0.149,24286.25,24435.95,0.616,14:10,24275.4,0.661,,
2026-08-13,Thursday,1,0,0,Sensex Expiry,weekly,Top to Down,Flat,Flat,24431.6,24395.85,-0.146,24395.5,24395.85,0.001,,,0.0,11.69,FII Mildly Bearish
2026-08-14,Friday,0,0,0,No Expiry,non-expiry,Down to Up,Top to Down,Mismatch,24361.9,24366.0,0.017,24395.0,24366.0,0.119,14:00,24405.2,0.161,,
2026-08-17,Monday,0,0,0,No Expiry,non-expiry,Top to Down,Top to Down,Match,24343.45,24287.65,-0.229,24338.6,24287.65,0.209,15:10,24360.1,0.297,,
2026-08-18,Tuesday,0,1,0,Nifty-Only Expiry,non-expiry,Top to Down,Top to Down,Match,24223.85,24154.9,-0.285,24192.95,24154.9,0.157,15:00,24230.75,0.313,,
2026-08-19,Wednesday,0,0,0,No Expiry,non-expiry,Top to Down,Down to Up,Mismatch,24152.05,24078.3,-0.305,24046.5,24078.3,0.132,14:20,24025.65,0.219,,
2026-08-20,Thursday,1,0,0,Sensex Expiry,weekly,Down to Up,Flat,Flat,24225.45,24231.85,0.026,24231.7,24231.85,0.001,,,0.0,11.32,FII Bearish (sold fut >10K)
2026-08-21,Friday,0,0,0,No Expiry,non-expiry,Top to Down,Down to Up,Mismatch,24284.05,24252.0,-0.132,24232.9,24252.0,0.079,15:10,24223.6,0.117,,
