date,nifty_open,nifty_high,nifty_low,nifty_close,fii_view,pro_view,fii_bucket,pro_bucket,alignment,strong_alignment,move_direction,outcome_classification,close_outcome,vix_exhaustion,vix_predicted_move_pct,intraday_high_pct,intraday_low_pct,actual_open_close_pct,actual_range_pct,is_nifty_expiry,vix_open,vix_regime,year
2020-08-06,11185.7,11256.15,11130.4,11206.8,Neutral,Bearish,Neutral,Bearish,Neutral/Unclear,None,Down to Up,N/A,N/A,N/A,1.48,0.63,-0.49,0.19,1.12,1,23.57,Elevated (20-30),2020
2020-08-07,11186.65,11231.85,11145.2,11216.9,Neutral,Bullish,Neutral,Bullish,Neutral/Unclear,None,Down to Up,N/A,N/A,N/A,1.46,0.4,-0.37,0.27,0.77,0,23.15,Elevated (20-30),2020
2020-08-10,11270.25,11336.85,11238.35,11274.65,Neutral,Neutral,Neutral,Neutral,Neutral/Unclear,None,Down to Up,N/A,N/A,N/A,1.46,0.59,-0.28,0.04,0.87,0,23.15,Elevated (20-30),2020
2020-08-11,11322.25,11372.85,11299.25,11332.0,Neutral,Neutral,Neutral,Neutral,Neutral/Unclear,None,Down to Up,N/A,N/A,N/A,1.46,0.45,-0.2,0.09,0.65,0,23.15,Elevated (20-30),2020
2020-08-12,11289.0,11321.85,11243.45,11310.75,Neutral,Neutral,Neutral,Neutral,Neutral/Unclear,None,Down to Up,N/A,N/A,N/A,1.46,0.29,-0.4,0.19,0.69,0,23.15,Elevated (20-30),2020
2020-08-13,11334.85,11359.25,11270.6,11312.2,Neutral,Neutral,Neutral,Neutral,Neutral/Unclear,None,Top to Down,N/A,N/A,N/A,1.31,0.22,-0.57,-0.2,0.78,1,20.85,Elevated (20-30),2020
2020-08-14,11353.3,11366.1,11112.3,11183.05,Neutral,Neutral,Neutral,Neutral,Neutral/Unclear,None,Top to Down,N/A,N/A,N/A,1.3,0.11,-2.12,-1.5,2.24,0,20.57,Elevated (20-30),2020
2020-08-17,11248.9,11266.95,11145.35,11259.65,Neutral,Bearish,Neutral,Bearish,Neutral/Unclear,None,Down to Up,N/A,N/A,N/A,1.3,0.16,-0.92,0.1,1.08,0,20.57,Elevated (20-30),2020
2020-08-18,11259.8,11401.15,11255.4,11391.2,Mildly Bullish,Mildly Bullish,Bullish,Bullish,Bullish Alignment,None,Down to Up,Against then Recovered,Worked and Remained,Exceeded Half then Reversed,1.3,1.26,-0.04,1.17,1.29,0,20.57,Elevated (20-30),2020
2020-08-19,11452.15,11458.6,11394.45,11421.35,Neutral,Bullish,Neutral,Bullish,Neutral/Unclear,None,Top to Down,N/A,N/A,N/A,1.3,0.06,-0.5,-0.27,0.56,0,20.57,Elevated (20-30),2020
2020-08-20,11317.45,11359.1,11290.15,11308.3,Neutral,Mildly Bearish,Neutral,Bearish,Neutral/Unclear,None,Top to Down,N/A,N/A,N/A,1.26,0.37,-0.24,-0.08,0.61,1,19.96,Normal (15-20),2020
2020-08-21,11409.65,11417.95,11362.4,11378.4,Mildly Bearish,Neutral,Bearish,Neutral,Neutral/Unclear,None,Top to Down,N/A,N/A,N/A,1.3,0.07,-0.41,-0.27,0.49,0,20.62,Elevated (20-30),2020
2020-08-24,11412.0,11496.6,11412.0,11472.9,Mildly Bullish,Neutral,Bullish,Neutral,Neutral/Unclear,None,Down to Up,N/A,N/A,N/A,1.3,0.74,0.0,0.53,0.74,0,20.62,Elevated (20-30),2020
2020-08-25,11513.1,11525.55,11423.6,11479.35,Neutral,Neutral,Neutral,Neutral,Neutral/Unclear,None,Top to Down,N/A,N/A,N/A,1.3,0.11,-0.78,-0.29,0.89,0,20.62,Elevated (20-30),2020
2020-08-26,11512.85,11561.05,11462.35,11551.7,Neutral,Neutral,Neutral,Neutral,Neutral/Unclear,None,Down to Up,N/A,N/A,N/A,1.3,0.42,-0.44,0.34,0.86,0,20.62,Elevated (20-30),2020
2020-08-27,11609.3,11616.5,11542.05,11571.5,Neutral,Bullish,Neutral,Bullish,Neutral/Unclear,None,Top to Down,N/A,N/A,N/A,1.22,0.06,-0.58,-0.33,0.64,1,19.3,Normal (15-20),2020
2020-08-28,11602.95,11686.05,11592.5,11657.1,Neutral,Bearish,Neutral,Bearish,Neutral/Unclear,None,Down to Up,N/A,N/A,N/A,1.19,0.72,-0.09,0.47,0.81,0,18.9,Normal (15-20),2020
2020-08-31,11777.55,11794.15,11326.6,11341.05,Neutral,Mildly Bullish,Neutral,Bullish,Neutral/Unclear,None,Top to Down,N/A,N/A,N/A,1.19,0.14,-3.83,-3.71,3.97,0,18.9,Normal (15-20),2020
2020-09-01,11464.3,11553.05,11367.2,11494.1,Strong Bearish,Strong Bearish,Bearish,Bearish,Bearish Alignment,Strong Bearish Alignment,Down to Up,Worked then Reversed,Reversed by Close,Exceeded Half then Reversed,1.19,0.77,-0.85,0.26,1.62,0,18.9,Normal (15-20),2020
2020-09-02,11478.55,11554.15,11430.7,11543.1,Mildly Bullish,Neutral,Bullish,Neutral,Neutral/Unclear,None,Down to Up,N/A,N/A,N/A,1.19,0.66,-0.42,0.56,1.08,0,18.9,Normal (15-20),2020
2020-09-03,11566.2,11584.55,11508.3,11535.7,Neutral,Neutral,Neutral,Neutral,Neutral/Unclear,None,Top to Down,N/A,N/A,N/A,1.33,0.16,-0.5,-0.26,0.66,1,21.11,Elevated (20-30),2020
2020-09-04,11354.4,11452.0,11303.8,11358.35,Neutral,Bullish,Neutral,Bullish,Neutral/Unclear,None,Down to Up,N/A,N/A,N/A,1.29,0.86,-0.45,0.03,1.31,0,20.5,Elevated (20-30),2020
2020-09-07,11359.6,11379.95,11252.35,11377.0,Neutral,Bearish,Neutral,Bearish,Neutral/Unclear,None,Down to Up,N/A,N/A,N/A,1.29,0.18,-0.94,0.15,1.12,0,20.5,Elevated (20-30),2020
2020-09-08,11378.55,11436.45,11291.65,11294.3,Neutral,Neutral,Neutral,Neutral,Neutral/Unclear,None,Top to Down,N/A,N/A,N/A,1.29,0.51,-0.76,-0.74,1.27,0,20.5,Elevated (20-30),2020
2020-09-09,11218.6,11297.85,11185.3,11285.75,Neutral,Neutral,Neutral,Neutral,Neutral/Unclear,None,Down to Up,N/A,N/A,N/A,1.29,0.71,-0.3,0.6,1.0,0,20.5,Elevated (20-30),2020
2020-09-10,11363.3,11463.05,11329.7,11454.35,Mildly Bearish,Bearish,Bearish,Bearish,Bearish Alignment,None,Down to Up,Worked then Reversed,Reversed by Close,Reversed Before Half,1.4,0.88,-0.3,0.8,1.17,1,22.23,Elevated (20-30),2020
2020-09-11,11447.8,11492.7,11420.25,11454.85,Mildly Bullish,Strong Bullish,Bullish,Bullish,Bullish Alignment,None,Down to Up,Against then Recovered,Worked and Remained,Reversed Before Half,1.34,0.39,-0.24,0.06,0.63,0,21.26,Elevated (20-30),2020
2020-09-14,11540.15,11566.25,11383.75,11422.1,Neutral,Neutral,Neutral,Neutral,Neutral/Unclear,None,Top to Down,N/A,N/A,N/A,1.34,0.23,-1.36,-1.02,1.58,0,21.26,Elevated (20-30),2020
2020-09-15,11487.2,11535.2,11442.65,11532.15,Mildly Bearish,Bearish,Bearish,Bearish,Bearish Alignment,None,Down to Up,Worked then Reversed,Reversed by Close,Reversed Before Half,1.34,0.42,-0.39,0.39,0.81,0,21.26,Elevated (20-30),2020
2020-09-16,11538.45,11617.6,11520.15,11600.05,Neutral,Bullish,Neutral,Bullish,Neutral/Unclear,None,Down to Up,N/A,N/A,N/A,1.34,0.69,-0.16,0.53,0.84,0,21.26,Elevated (20-30),2020
2020-09-17,11539.4,11586.65,11498.9,11519.25,Neutral,Neutral,Neutral,Neutral,Neutral/Unclear,None,Top to Down,N/A,N/A,N/A,1.24,0.41,-0.35,-0.17,0.76,1,19.66,Normal (15-20),2020
2020-09-18,11584.1,11584.1,11446.8,11515.95,Neutral,Neutral,Neutral,Neutral,Neutral/Unclear,None,Top to Down,N/A,N/A,N/A,1.27,0.0,-1.19,-0.59,1.19,0,20.1,Elevated (20-30),2020
2020-09-21,11503.8,11534.75,11219.9,11221.65,Neutral,Neutral,Neutral,Neutral,Neutral/Unclear,None,Top to Down,N/A,N/A,N/A,1.27,0.27,-2.47,-2.45,2.74,0,20.1,Elevated (20-30),2020
2020-09-22,11301.75,11301.75,11085.7,11175.5,Neutral,Bearish,Neutral,Bearish,Neutral/Unclear,None,Top to Down,N/A,N/A,N/A,1.27,0.0,-1.91,-1.12,1.91,0,20.1,Elevated (20-30),2020
2020-09-23,11258.75,11258.75,11025.1,11135.9,Neutral,Neutral,Neutral,Neutral,Neutral/Unclear,None,Top to Down,N/A,N/A,N/A,1.27,0.0,-2.08,-1.09,2.08,0,20.1,Elevated (20-30),2020
2020-09-24,11011.0,11014.15,10790.85,10821.35,Neutral,Neutral,Neutral,Neutral,Neutral/Unclear,None,Top to Down,N/A,N/A,N/A,1.32,0.03,-2.0,-1.72,2.03,1,20.99,Elevated (20-30),2020
2020-09-25,10910.4,11072.2,10856.2,11035.8,Mildly Bullish,Bullish,Bullish,Bullish,Bullish Alignment,None,Down to Up,Against then Recovered,Worked and Remained,Exceeded Half then Reversed,1.48,1.48,-0.5,1.15,1.98,0,23.51,Elevated (20-30),2020
2020-09-28,11140.85,11238.8,11100.5,11238.35,Bullish,Bullish,Bullish,Bullish,Bullish Alignment,Strong Bullish Alignment,Down to Up,Against then Recovered,Worked and Remained,Exceeded Half then Reversed,1.48,0.88,-0.36,0.88,1.24,0,23.51,Elevated (20-30),2020
2020-09-29,11288.6,11304.8,11181.55,11222.65,Neutral,Neutral,Neutral,Neutral,Neutral/Unclear,None,Top to Down,N/A,N/A,N/A,1.48,0.14,-0.95,-0.58,1.09,0,23.51,Elevated (20-30),2020
2020-09-30,11244.45,11295.2,11184.75,11226.3,Neutral,Neutral,Neutral,Neutral,Neutral/Unclear,None,Top to Down,N/A,N/A,N/A,1.48,0.45,-0.53,-0.16,0.98,0,23.51,Elevated (20-30),2020
2020-10-01,11364.45,11428.3,11350.6,11422.4,Mildly Bullish,Neutral,Bullish,Neutral,Neutral/Unclear,None,Down to Up,N/A,N/A,N/A,1.23,0.56,-0.12,0.51,0.68,1,19.53,Normal (15-20),2020
2020-10-05,11487.8,11576.85,11452.75,11508.45,Neutral,Neutral,Neutral,Neutral,Neutral/Unclear,None,Down to Up,N/A,N/A,N/A,1.23,0.78,-0.31,0.18,1.08,0,19.53,Normal (15-20),2020
2020-10-06,11603.45,11679.4,11565.4,11660.4,Neutral,Neutral,Neutral,Neutral,Neutral/Unclear,None,Down to Up,N/A,N/A,N/A,1.23,0.65,-0.33,0.49,0.98,0,19.53,Normal (15-20),2020
2020-10-07,11679.25,11762.35,11631.0,11748.7,Neutral,Bullish,Neutral,Bullish,Neutral/Unclear,None,Down to Up,N/A,N/A,N/A,1.23,0.71,-0.41,0.59,1.12,0,19.53,Normal (15-20),2020
2020-10-08,11835.4,11905.5,11791.7,11833.15,Neutral,Neutral,Neutral,Neutral,Neutral/Unclear,None,Top to Down,N/A,N/A,N/A,1.26,0.59,-0.37,-0.02,0.96,1,20.06,Elevated (20-30),2020
2020-10-09,11852.05,11938.0,11806.15,11938.0,Neutral,Mildly Bearish,Neutral,Bearish,Neutral/Unclear,None,Down to Up,N/A,N/A,N/A,1.28,0.73,-0.39,0.73,1.11,0,20.38,Elevated (20-30),2020
2020-10-12,11973.55,12020.6,11867.2,11936.2,Neutral,Neutral,Neutral,Neutral,Neutral/Unclear,None,Top to Down,N/A,N/A,N/A,1.28,0.39,-0.89,-0.31,1.28,0,20.38,Elevated (20-30),2020
2020-10-13,11934.65,11987.85,11891.8,11925.25,Neutral,Bearish,Neutral,Bearish,Neutral/Unclear,None,Top to Down,N/A,N/A,N/A,1.28,0.45,-0.36,-0.08,0.8,0,20.38,Elevated (20-30),2020
2020-10-14,11917.4,11996.3,11822.3,11966.45,Neutral,Neutral,Neutral,Neutral,Neutral/Unclear,None,Down to Up,N/A,N/A,N/A,1.28,0.66,-0.8,0.41,1.46,0,20.38,Elevated (20-30),2020
2020-10-15,12023.45,12023.45,11662.15,11672.55,Neutral,Neutral,Neutral,Neutral,Neutral/Unclear,None,Top to Down,N/A,N/A,N/A,1.27,0.0,-3.0,-2.92,3.0,1,20.21,Elevated (20-30),2020
2020-10-16,11727.4,11787.95,11668.45,11770.25,Neutral,Neutral,Neutral,Neutral,Neutral/Unclear,None,Down to Up,N/A,N/A,N/A,1.39,0.52,-0.5,0.37,1.02,0,22.06,Elevated (20-30),2020
2020-10-19,11879.2,11897.6,11820.95,11878.6,Neutral,Neutral,Neutral,Neutral,Neutral/Unclear,None,Top to Down,N/A,N/A,N/A,1.39,0.15,-0.49,-0.01,0.65,0,22.06,Elevated (20-30),2020
2020-10-20,11861.0,11948.35,11839.4,11898.7,Neutral,Mildly Bullish,Neutral,Bullish,Neutral/Unclear,None,Down to Up,N/A,N/A,N/A,1.39,0.74,-0.18,0.32,0.92,0,22.06,Elevated (20-30),2020
2020-10-21,11958.55,12018.1,11776.25,11933.85,Neutral,Neutral,Neutral,Neutral,Neutral/Unclear,None,Top to Down,N/A,N/A,N/A,1.39,0.5,-1.52,-0.21,2.02,0,22.06,Elevated (20-30),2020
2020-10-22,11890.0,11938.3,11824.0,11902.25,Neutral,Neutral,Neutral,Neutral,Neutral/Unclear,None,Down to Up,N/A,N/A,N/A,1.44,0.41,-0.56,0.1,0.96,1,22.92,Elevated (20-30),2020
2020-10-23,11957.9,11974.25,11908.85,11929.8,Neutral,Neutral,Neutral,Neutral,Neutral/Unclear,None,Top to Down,N/A,N/A,N/A,1.43,0.14,-0.41,-0.23,0.55,0,22.64,Elevated (20-30),2020
2020-10-26,11937.4,11937.4,11711.95,11776.9,Mildly Bearish,Neutral,Bearish,Neutral,Neutral/Unclear,None,Top to Down,N/A,N/A,N/A,1.43,0.0,-1.89,-1.34,1.89,0,22.64,Elevated (20-30),2020
2020-10-27,11807.1,11898.7,11725.75,11887.8,Neutral,Bearish,Neutral,Bearish,Neutral/Unclear,None,Down to Up,N/A,N/A,N/A,1.43,0.78,-0.69,0.68,1.46,0,22.64,Elevated (20-30),2020
2020-10-28,11922.6,11929.35,11685.45,11727.35,Neutral,Strong Bullish,Neutral,Bullish,Neutral/Unclear,None,Top to Down,N/A,N/A,N/A,1.43,0.06,-1.99,-1.64,2.05,0,22.64,Elevated (20-30),2020
2020-10-29,11633.3,11743.9,11606.75,11670.7,Mildly Bearish,Strong Bearish,Bearish,Bearish,Bearish Alignment,None,Down to Up,Worked then Reversed,Reversed by Close,Reversed Before Half,1.47,0.95,-0.23,0.32,1.18,1,23.28,Elevated (20-30),2020
2020-10-30,11678.45,11748.15,11536.1,11646.45,Neutral,Strong Bullish,Neutral,Bullish,Neutral/Unclear,None,Top to Down,N/A,N/A,N/A,1.51,0.6,-1.22,-0.27,1.82,0,24.02,Elevated (20-30),2020
2020-11-02,11697.35,11725.6,11557.75,11652.75,Neutral,Neutral,Neutral,Neutral,Neutral/Unclear,None,Top to Down,N/A,N/A,N/A,1.51,0.24,-1.19,-0.38,1.43,0,24.02,Elevated (20-30),2020
2020-11-03,11734.45,11835.1,11729.85,11807.65,Mildly Bullish,Mildly Bullish,Bullish,Bullish,Bullish Alignment,None,Down to Up,Against then Recovered,Worked and Remained,Exceeded Half then Reversed,1.51,0.86,-0.04,0.62,0.9,0,24.02,Elevated (20-30),2020
2020-11-04,11783.35,11929.2,11756.6,11893.65,Neutral,Mildly Bullish,Neutral,Bullish,Neutral/Unclear,None,Down to Up,N/A,N/A,N/A,1.51,1.24,-0.23,0.94,1.46,0,24.02,Elevated (20-30),2020
2020-11-05,12062.4,12130.65,12028.4,12127.6,Neutral,Neutral,Neutral,Neutral,Neutral/Unclear,None,Down to Up,N/A,N/A,N/A,1.46,0.57,-0.28,0.54,0.85,1,23.2,Elevated (20-30),2020
2020-11-06,12156.65,12279.9,12134.95,12261.35,Bullish,Neutral,Bullish,Neutral,Neutral/Unclear,None,Down to Up,N/A,N/A,N/A,1.32,1.01,-0.18,0.86,1.19,0,20.97,Elevated (20-30),2020
2020-11-09,12399.4,12472.7,12367.9,12468.15,Mildly Bullish,Neutral,Bullish,Neutral,Neutral/Unclear,None,Down to Up,N/A,N/A,N/A,1.32,0.59,-0.25,0.55,0.85,0,20.97,Elevated (20-30),2020
2020-11-10,12556.4,12642.35,12476.7,12640.25,Neutral,Neutral,Neutral,Neutral,Neutral/Unclear,None,Down to Up,N/A,N/A,N/A,1.32,0.68,-0.63,0.67,1.32,0,20.97,Elevated (20-30),2020
2020-11-11,12680.6,12768.85,12571.95,12757.2,Neutral,Neutral,Neutral,Neutral,Neutral/Unclear,None,Down to Up,N/A,N/A,N/A,1.32,0.7,-0.86,0.6,1.55,0,20.97,Elevated (20-30),2020
2020-11-12,12702.15,12740.85,12625.1,12693.0,Neutral,Neutral,Neutral,Neutral,Neutral/Unclear,None,Top to Down,N/A,N/A,N/A,1.39,0.3,-0.61,-0.07,0.91,1,22.03,Elevated (20-30),2020
2020-11-13,12659.7,12735.05,12608.3,12723.1,Neutral,Strong Bearish,Neutral,Bearish,Neutral/Unclear,None,Down to Up,N/A,N/A,N/A,1.3,0.6,-0.41,0.5,1.0,0,20.62,Elevated (20-30),2020
2020-11-14,12823.35,12827.95,12750.85,12767.55,Neutral,Neutral,Neutral,Neutral,Neutral/Unclear,None,Top to Down,N/A,N/A,N/A,1.3,0.04,-0.57,-0.44,0.6,0,20.62,Elevated (20-30),2020
2020-11-17,12932.5,12932.5,12797.7,12878.9,Neutral,Neutral,Neutral,Neutral,Neutral/Unclear,None,Top to Down,N/A,N/A,N/A,1.3,0.0,-1.04,-0.41,1.04,0,20.62,Elevated (20-30),2020
2020-11-18,12860.1,12948.4,12820.05,12936.1,Neutral,Neutral,Neutral,Neutral,Neutral/Unclear,None,Down to Up,N/A,N/A,N/A,1.3,0.69,-0.31,0.59,1.0,0,20.62,Elevated (20-30),2020
2020-11-19,12839.5,12962.9,12746.45,12760.6,Neutral,Neutral,Neutral,Neutral,Neutral/Unclear,None,Top to Down,N/A,N/A,N/A,1.2,0.96,-0.72,-0.61,1.69,1,19.12,Normal (15-20),2020
2020-11-20,12813.4,12890.95,12730.65,12846.0,Mildly Bearish,Strong Bearish,Bearish,Bearish,Bearish Alignment,None,Down to Up,Worked then Reversed,Reversed by Close,Exceeded Half then Reversed,1.23,0.61,-0.65,0.25,1.25,0,19.57,Normal (15-20),2020
2020-11-23,12960.3,12967.5,12826.0,12928.15,Neutral,Neutral,Neutral,Neutral,Neutral/Unclear,None,Top to Down,N/A,N/A,N/A,1.23,0.06,-1.04,-0.25,1.09,0,19.57,Normal (15-20),2020
2020-11-24,13002.6,13078.45,12980.45,13075.55,Neutral,Neutral,Neutral,Neutral,Neutral/Unclear,None,Down to Up,N/A,N/A,N/A,1.23,0.58,-0.17,0.56,0.75,0,19.57,Normal (15-20),2020
2020-11-25,13130.0,13144.65,12834.2,12858.7,Neutral,Bullish,Neutral,Bullish,Neutral/Unclear,None,Top to Down,N/A,N/A,N/A,1.23,0.11,-2.25,-2.07,2.36,0,19.57,Normal (15-20),2020
2020-11-26,12906.45,13017.2,12790.85,13015.05,Bearish,Strong Bearish,Bearish,Bearish,Bearish Alignment,Strong Bearish Alignment,Down to Up,Worked then Reversed,Reversed by Close,Exceeded Half then Reversed,1.46,0.86,-0.9,0.84,1.75,1,23.13,Elevated (20-30),2020
2020-11-27,13012.05,13030.7,12915.65,12942.85,Bullish,Strong Bullish,Bullish,Bullish,Bullish Alignment,Strong Bullish Alignment,Top to Down,Worked then Reversed,Reversed by Close,Reversed Before Half,1.26,0.14,-0.74,-0.53,0.88,0,20.02,Elevated (20-30),2020
2020-12-01,13062.2,13128.2,12963.7,13097.85,Neutral,Neutral,Neutral,Neutral,Neutral/Unclear,None,Down to Up,N/A,N/A,N/A,1.26,0.51,-0.75,0.27,1.26,0,20.02,Elevated (20-30),2020
2020-12-02,13121.4,13127.7,12983.9,13104.15,Neutral,Neutral,Neutral,Neutral,Neutral/Unclear,None,Top to Down,N/A,N/A,N/A,1.26,0.05,-1.05,-0.13,1.1,0,20.02,Elevated (20-30),2020
2020-12-04,13177.4,13276.9,13152.9,13270.7,Mildly Bullish,Bullish,Bullish,Bullish,Bullish Alignment,None,Down to Up,Against then Recovered,Worked and Remained,Exceeded Half then Reversed,1.2,0.76,-0.19,0.71,0.94,0,19.0,Normal (15-20),2020
2020-12-07,13264.85,13366.05,13246.25,13355.2,Neutral,Neutral,Neutral,Neutral,Neutral/Unclear,None,Down to Up,N/A,N/A,N/A,1.2,0.76,-0.14,0.68,0.9,0,19.0,Normal (15-20),2020
2020-12-08,13393.85,13434.9,13311.6,13389.3,Neutral,Neutral,Neutral,Neutral,Neutral/Unclear,None,Top to Down,N/A,N/A,N/A,1.2,0.31,-0.61,-0.03,0.92,0,19.0,Normal (15-20),2020
2020-12-09,13458.1,13548.55,13453.8,13532.55,Neutral,Neutral,Neutral,Neutral,Neutral/Unclear,None,Down to Up,N/A,N/A,N/A,1.2,0.67,-0.03,0.55,0.7,0,19.0,Normal (15-20),2020
2020-12-10,13488.5,13503.2,13399.4,13481.55,Neutral,Bullish,Neutral,Bullish,Neutral/Unclear,None,Top to Down,N/A,N/A,N/A,1.19,0.11,-0.66,-0.05,0.77,1,18.92,Normal (15-20),2020
2020-12-11,13512.3,13578.5,13403.25,13505.55,Neutral,Strong Bearish,Neutral,Bearish,Neutral/Unclear,None,Top to Down,N/A,N/A,N/A,1.18,0.49,-0.81,-0.05,1.3,0,18.71,Normal (15-20),2020
2020-12-14,13571.45,13597.4,13473.25,13554.85,Neutral,Neutral,Neutral,Neutral,Neutral/Unclear,None,Top to Down,N/A,N/A,N/A,1.18,0.19,-0.72,-0.12,0.91,0,18.71,Normal (15-20),2020
2020-12-15,13547.2,13588.25,13447.4,13564.5,Neutral,Neutral,Neutral,Neutral,Neutral/Unclear,None,Down to Up,N/A,N/A,N/A,1.18,0.3,-0.74,0.13,1.04,0,18.71,Normal (15-20),2020
2020-12-16,13663.1,13692.0,13606.5,13672.75,Neutral,Neutral,Neutral,Neutral,Neutral/Unclear,None,Down to Up,N/A,N/A,N/A,1.18,0.21,-0.41,0.07,0.63,0,18.71,Normal (15-20),2020
2020-12-17,13713.55,13772.8,13678.65,13734.85,Neutral,Mildly Bullish,Neutral,Bullish,Neutral/Unclear,None,Down to Up,N/A,N/A,N/A,1.21,0.43,-0.25,0.16,0.69,1,19.2,Normal (15-20),2020
2020-12-18,13764.4,13771.9,13659.05,13744.1,Neutral,Neutral,Neutral,Neutral,Neutral/Unclear,None,Top to Down,N/A,N/A,N/A,1.21,0.05,-0.77,-0.15,0.82,0,19.16,Normal (15-20),2020
2020-12-21,13741.9,13777.0,13135.1,13283.35,Neutral,Mildly Bearish,Neutral,Bearish,Neutral/Unclear,None,Top to Down,N/A,N/A,N/A,1.21,0.26,-4.42,-3.34,4.67,0,19.16,Normal (15-20),2020
2020-12-22,13373.65,13490.8,13193.9,13460.8,Mildly Bearish,Strong Bearish,Bearish,Bearish,Bearish Alignment,None,Down to Up,Worked then Reversed,Reversed by Close,Exceeded Half then Reversed,1.21,0.88,-1.34,0.65,2.22,0,19.16,Normal (15-20),2020
2020-12-23,13473.5,13618.7,13433.25,13609.15,Neutral,Strong Bullish,Neutral,Bullish,Neutral/Unclear,None,Down to Up,N/A,N/A,N/A,1.21,1.08,-0.3,1.01,1.38,0,19.16,Normal (15-20),2020
2020-12-24,13672.15,13771.15,13627.4,13740.4,Neutral,Strong Bullish,Neutral,Bullish,Neutral/Unclear,None,Down to Up,N/A,N/A,N/A,1.29,0.72,-0.33,0.5,1.05,1,20.5,Elevated (20-30),2020
2020-12-28,13815.15,13885.3,13812.0,13881.0,Neutral,Neutral,Neutral,Neutral,Neutral/Unclear,None,Down to Up,N/A,N/A,N/A,1.29,0.51,-0.02,0.48,0.53,0,20.5,Elevated (20-30),2020
2020-12-29,13910.35,13967.15,13860.0,13926.9,Neutral,Neutral,Neutral,Neutral,Neutral/Unclear,None,Down to Up,N/A,N/A,N/A,1.29,0.41,-0.36,0.12,0.77,0,20.5,Elevated (20-30),2020
2020-12-30,13980.9,13995.95,13865.6,13975.25,Neutral,Neutral,Neutral,Neutral,Neutral/Unclear,None,Top to Down,N/A,N/A,N/A,1.29,0.11,-0.82,-0.04,0.93,0,20.5,Elevated (20-30),2020
2020-12-31,13970.0,14024.4,13941.6,13967.0,Neutral,Neutral,Neutral,Neutral,Neutral/Unclear,None,Top to Down,N/A,N/A,N/A,1.33,0.39,-0.2,-0.02,0.59,1,21.11,Elevated (20-30),2020
2021-01-01,13996.1,14049.8,13994.85,14014.8,Mildly Bullish,Neutral,Bullish,Neutral,Neutral/Unclear,None,Down to Up,N/A,N/A,N/A,1.33,0.38,-0.01,0.13,0.39,0,21.11,Elevated (20-30),2021
2021-01-04,14104.35,14147.85,13956.6,14143.65,Mildly Bearish,Neutral,Bearish,Neutral,Neutral/Unclear,None,Down to Up,N/A,N/A,N/A,1.33,0.31,-1.05,0.28,1.36,0,21.11,Elevated (20-30),2021
2021-01-05,14075.15,14215.2,14049.05,14199.3,Neutral,Neutral,Neutral,Neutral,Neutral/Unclear,None,Down to Up,N/A,N/A,N/A,1.33,1.0,-0.19,0.88,1.18,0,21.11,Elevated (20-30),2021
2021-01-06,14240.95,14241.4,14040.1,14134.05,Neutral,Bullish,Neutral,Bullish,Neutral/Unclear,None,Top to Down,N/A,N/A,N/A,1.33,0.0,-1.41,-0.75,1.41,0,21.11,Elevated (20-30),2021
2021-01-07,14253.75,14253.75,14123.65,14148.45,Neutral,Strong Bearish,Neutral,Bearish,Neutral/Unclear,None,Top to Down,N/A,N/A,N/A,1.32,0.0,-0.91,-0.74,0.91,1,21.0,Elevated (20-30),2021
2021-01-08,14258.4,14366.85,14224.1,14343.9,Neutral,Mildly Bullish,Neutral,Bullish,Neutral/Unclear,None,Down to Up,N/A,N/A,N/A,1.3,0.76,-0.24,0.6,1.0,0,20.62,Elevated (20-30),2021
2021-01-11,14474.05,14496.45,14384.1,14483.05,Mildly Bullish,Mildly Bullish,Bullish,Bullish,Bullish Alignment,None,Down to Up,Against then Recovered,Worked and Remained,Reversed Before Half,1.3,0.15,-0.62,0.06,0.78,0,20.62,Elevated (20-30),2021
2021-01-12,14473.8,14589.9,14435.95,14574.75,Mildly Bearish,Neutral,Bearish,Neutral,Neutral/Unclear,None,Down to Up,N/A,N/A,N/A,1.3,0.8,-0.26,0.7,1.06,0,20.62,Elevated (20-30),2021
2021-01-13,14639.8,14652.7,14436.65,14558.3,Neutral,Mildly Bullish,Neutral,Bullish,Neutral/Unclear,None,Top to Down,N/A,N/A,N/A,1.3,0.09,-1.39,-0.56,1.48,0,20.62,Elevated (20-30),2021
2021-01-14,14550.05,14617.25,14472.45,14597.5,Neutral,Bearish,Neutral,Bearish,Neutral/Unclear,None,Down to Up,N/A,N/A,N/A,1.47,0.46,-0.53,0.33,1.0,1,23.29,Elevated (20-30),2021
2021-01-15,14594.35,14616.15,14358.8,14434.4,Neutral,Neutral,Neutral,Neutral,Neutral/Unclear,None,Top to Down,N/A,N/A,N/A,1.45,0.15,-1.61,-1.1,1.76,0,23.03,Elevated (20-30),2021
2021-01-18,14453.3,14454.9,14224.7,14230.2,Bearish,Bearish,Bearish,Bearish,Bearish Alignment,Strong Bearish Alignment,Top to Down,Against then Recovered,Worked and Remained,Exceeded Half then Reversed,1.45,0.01,-1.58,-1.54,1.59,0,23.03,Elevated (20-30),2021
2021-01-19,14371.65,14545.55,14351.05,14526.6,Neutral,Bearish,Neutral,Bearish,Neutral/Unclear,None,Down to Up,N/A,N/A,N/A,1.45,1.21,-0.14,1.08,1.35,0,23.03,Elevated (20-30),2021
2021-01-20,14538.3,14665.85,14517.55,14622.45,Bullish,Strong Bullish,Bullish,Bullish,Bullish Alignment,Strong Bullish Alignment,Down to Up,Against then Recovered,Worked and Remained,Exceeded Half then Reversed,1.45,0.88,-0.14,0.58,1.02,0,23.03,Elevated (20-30),2021
2021-01-21,14730.95,14753.4,14519.35,14630.4,Mildly Bearish,Neutral,Bearish,Neutral,Neutral/Unclear,None,Top to Down,N/A,N/A,N/A,1.36,0.15,-1.44,-0.68,1.59,1,21.55,Elevated (20-30),2021
2021-01-22,14583.4,14619.6,14359.15,14366.8,Mildly Bullish,Mildly Bearish,Bullish,Bearish,Mixed,None,Top to Down,N/A,N/A,N/A,1.36,0.25,-1.54,-1.49,1.79,0,21.55,Elevated (20-30),2021
2021-01-25,14477.8,14490.1,14219.4,14247.95,Bearish,Strong Bearish,Bearish,Bearish,Bearish Alignment,Strong Bearish Alignment,Top to Down,Against then Recovered,Worked and Remained,Exceeded Half then Reversed,1.36,0.08,-1.78,-1.59,1.87,0,21.55,Elevated (20-30),2021
2021-01-27,14237.95,14237.95,13929.65,13964.25,Neutral,Neutral,Neutral,Neutral,Neutral/Unclear,None,Top to Down,N/A,N/A,N/A,1.36,0.0,-2.17,-1.92,2.17,0,21.55,Elevated (20-30),2021
2021-01-28,13810.4,13897.75,13715.1,13819.75,Neutral,Neutral,Neutral,Neutral,Neutral/Unclear,None,Down to Up,N/A,N/A,N/A,1.54,0.63,-0.69,0.07,1.32,1,24.39,Elevated (20-30),2021
2021-01-29,13946.6,13965.7,13597.85,13660.8,Mildly Bullish,Strong Bullish,Bullish,Bullish,Bullish Alignment,None,Top to Down,Worked then Reversed,Reversed by Close,Reversed Before Half,1.53,0.14,-2.5,-2.05,2.64,0,24.29,Elevated (20-30),2021
2021-02-02,14481.1,14730.95,14473.35,14671.2,Neutral,Strong Bullish,Neutral,Bullish,Neutral/Unclear,None,Down to Up,N/A,N/A,N/A,1.53,1.73,-0.05,1.31,1.78,0,24.29,Elevated (20-30),2021
2021-02-03,14754.9,14868.6,14575.35,14783.6,Neutral,Mildly Bearish,Neutral,Bearish,Neutral/Unclear,None,Down to Up,N/A,N/A,N/A,1.53,0.77,-1.22,0.19,1.99,0,24.29,Elevated (20-30),2021
2021-02-04,14789.05,14913.0,14714.9,14889.5,Neutral,Mildly Bullish,Neutral,Bullish,Neutral/Unclear,None,Down to Up,N/A,N/A,N/A,1.5,0.84,-0.5,0.68,1.34,1,23.75,Elevated (20-30),2021
2021-02-05,14952.6,15014.15,14865.1,14940.85,Neutral,Bearish,Neutral,Bearish,Neutral/Unclear,None,Top to Down,N/A,N/A,N/A,1.46,0.41,-0.59,-0.08,1.0,0,23.12,Elevated (20-30),2021
2021-02-08,15064.3,15159.35,15049.7,15129.45,Neutral,Mildly Bearish,Neutral,Bearish,Neutral/Unclear,None,Down to Up,N/A,N/A,N/A,1.46,0.63,-0.1,0.43,0.73,0,23.12,Elevated (20-30),2021
2021-02-09,15164.15,15256.1,15065.5,15109.5,Neutral,Neutral,Neutral,Neutral,Neutral/Unclear,None,Top to Down,N/A,N/A,N/A,1.46,0.61,-0.65,-0.36,1.26,0,23.12,Elevated (20-30),2021
2021-02-10,15119.05,15168.0,14977.55,15137.8,Neutral,Neutral,Neutral,Neutral,Neutral/Unclear,None,Down to Up,N/A,N/A,N/A,1.46,0.32,-0.94,0.12,1.26,0,23.12,Elevated (20-30),2021
2021-02-11,15073.25,15188.5,15067.35,15176.65,Neutral,Neutral,Neutral,Neutral,Neutral/Unclear,None,Down to Up,N/A,N/A,N/A,1.51,0.76,-0.04,0.69,0.8,1,23.95,Elevated (20-30),2021
2021-02-12,15186.2,15243.1,15081.4,15164.7,Neutral,Bullish,Neutral,Bullish,Neutral/Unclear,None,Top to Down,N/A,N/A,N/A,1.45,0.37,-0.69,-0.14,1.06,0,23.05,Elevated (20-30),2021
2021-02-15,15270.3,15338.35,15254.35,15335.8,Neutral,Neutral,Neutral,Neutral,Neutral/Unclear,None,Down to Up,N/A,N/A,N/A,1.45,0.45,-0.1,0.43,0.55,0,23.05,Elevated (20-30),2021
2021-02-16,15371.45,15431.3,15243.35,15317.95,Mildly Bullish,Bullish,Bullish,Bullish,Bullish Alignment,None,Top to Down,Worked then Reversed,Reversed by Close,Reversed Before Half,1.45,0.39,-0.83,-0.35,1.22,0,23.05,Elevated (20-30),2021
2021-02-17,15279.9,15313.5,15171.15,15196.25,Neutral,Strong Bearish,Neutral,Bearish,Neutral/Unclear,None,Top to Down,N/A,N/A,N/A,1.45,0.22,-0.71,-0.55,0.93,0,23.05,Elevated (20-30),2021
2021-02-18,15238.7,15249.95,15078.75,15120.2,Neutral,Mildly Bearish,Neutral,Bearish,Neutral/Unclear,None,Top to Down,N/A,N/A,N/A,1.37,0.07,-1.05,-0.78,1.12,1,21.78,Elevated (20-30),2021
2021-02-19,15074.8,15143.0,14898.4,15003.45,Neutral,Mildly Bullish,Neutral,Bullish,Neutral/Unclear,None,Top to Down,N/A,N/A,N/A,1.36,0.45,-1.17,-0.47,1.62,0,21.54,Elevated (20-30),2021
2021-02-22,14999.05,15009.7,14636.1,14640.9,Neutral,Mildly Bearish,Neutral,Bearish,Neutral/Unclear,None,Top to Down,N/A,N/A,N/A,1.36,0.07,-2.42,-2.39,2.49,0,21.54,Elevated (20-30),2021
2021-02-23,14782.25,14853.6,14653.05,14717.8,Neutral,Mildly Bearish,Neutral,Bearish,Neutral/Unclear,None,Top to Down,N/A,N/A,N/A,1.36,0.48,-0.87,-0.44,1.36,0,21.54,Elevated (20-30),2021
2021-02-24,14729.15,14821.95,14729.15,14820.45,Neutral,Neutral,Neutral,Neutral,Neutral/Unclear,None,Down to Up,N/A,N/A,N/A,1.36,0.63,0.0,0.62,0.63,0,21.54,Elevated (20-30),2021
2021-02-25,15079.85,15173.75,15071.25,15103.8,Mildly Bullish,Strong Bullish,Bullish,Bullish,Bullish Alignment,None,Down to Up,Against then Recovered,Worked and Remained,Reversed Before Half,1.52,0.62,-0.06,0.16,0.68,1,24.17,Elevated (20-30),2021
2021-02-26,14888.6,14919.05,14468.55,14523.15,Neutral,Bearish,Neutral,Bearish,Neutral/Unclear,None,Top to Down,N/A,N/A,N/A,1.44,0.2,-2.82,-2.45,3.03,0,22.89,Elevated (20-30),2021
2021-03-01,14702.5,14806.65,14638.9,14784.15,Bearish,Strong Bearish,Bearish,Bearish,Bearish Alignment,Strong Bearish Alignment,Down to Up,Worked then Reversed,Reversed by Close,Reversed Before Half,1.44,0.71,-0.43,0.56,1.14,0,22.89,Elevated (20-30),2021
2021-03-02,14865.3,14958.95,14761.05,14941.8,Mildly Bullish,Mildly Bullish,Bullish,Bullish,Bullish Alignment,None,Down to Up,Against then Recovered,Worked and Remained,Reversed Before Half,1.44,0.63,-0.7,0.51,1.33,0,22.89,Elevated (20-30),2021
2021-03-03,15064.4,15271.0,14996.75,15240.5,Neutral,Mildly Bullish,Neutral,Bullish,Neutral/Unclear,None,Down to Up,N/A,N/A,N/A,1.44,1.37,-0.45,1.17,1.82,0,22.89,Elevated (20-30),2021
2021-03-04,15026.75,15201.9,14980.25,15087.15,Neutral,Strong Bullish,Neutral,Bullish,Neutral/Unclear,None,Down to Up,N/A,N/A,N/A,1.39,1.17,-0.31,0.4,1.48,1,22.09,Elevated (20-30),2021
2021-03-05,14977.95,15090.95,14862.6,14963.15,Bearish,Strong Bearish,Bearish,Bearish,Bearish Alignment,Strong Bearish Alignment,Top to Down,Against then Recovered,Worked and Remained,Exceeded Half then Reversed,1.52,0.75,-0.77,-0.1,1.52,0,24.15,Elevated (20-30),2021
2021-03-08,15002.45,15110.25,14921.05,14962.85,Neutral,Bearish,Neutral,Bearish,Neutral/Unclear,None,Top to Down,N/A,N/A,N/A,1.52,0.72,-0.54,-0.26,1.26,0,24.15,Elevated (20-30),2021
2021-03-09,15049.9,15124.1,14926.1,15098.7,Neutral,Bearish,Neutral,Bearish,Neutral/Unclear,None,Down to Up,N/A,N/A,N/A,1.52,0.49,-0.82,0.32,1.32,0,24.15,Elevated (20-30),2021
2021-03-10,15202.15,15216.75,15101.5,15168.15,Mildly Bullish,Bullish,Bullish,Bullish,Bullish Alignment,None,Top to Down,Worked then Reversed,Reversed by Close,Reversed Before Half,1.42,0.1,-0.66,-0.22,0.76,1,22.5,Elevated (20-30),2021
2021-03-12,15321.15,15332.6,14954.85,15023.95,Neutral,Neutral,Neutral,Neutral,Neutral/Unclear,None,Top to Down,N/A,N/A,N/A,1.31,0.07,-2.39,-1.94,2.47,0,20.75,Elevated (20-30),2021
2021-03-15,15048.4,15048.4,14745.95,14920.9,Neutral,Neutral,Neutral,Neutral,Neutral/Unclear,None,Top to Down,N/A,N/A,N/A,1.31,0.0,-2.01,-0.85,2.01,0,20.75,Elevated (20-30),2021
2021-03-16,14996.1,15051.15,14890.7,14922.0,Neutral,Neutral,Neutral,Neutral,Neutral/Unclear,None,Top to Down,N/A,N/A,N/A,1.31,0.37,-0.7,-0.49,1.07,0,20.75,Elevated (20-30),2021
2021-03-17,14946.55,14954.4,14696.6,14709.25,Neutral,Neutral,Neutral,Neutral,Neutral/Unclear,None,Top to Down,N/A,N/A,N/A,1.31,0.05,-1.67,-1.59,1.72,0,20.75,Elevated (20-30),2021
2021-03-18,14855.5,14870.1,14479.35,14583.7,Neutral,Bearish,Neutral,Bearish,Neutral/Unclear,None,Top to Down,N/A,N/A,N/A,1.27,0.1,-2.53,-1.83,2.63,1,20.16,Elevated (20-30),2021
2021-03-19,14471.15,14787.4,14350.5,14733.55,Neutral,Strong Bullish,Neutral,Bullish,Neutral/Unclear,None,Down to Up,N/A,N/A,N/A,1.26,2.19,-0.83,1.81,3.02,0,20.08,Elevated (20-30),2021
2021-03-22,14736.3,14763.55,14598.25,14747.15,Neutral,Bullish,Neutral,Bullish,Neutral/Unclear,None,Down to Up,N/A,N/A,N/A,1.26,0.18,-0.94,0.07,1.12,0,20.08,Elevated (20-30),2021
2021-03-23,14768.55,14878.4,14708.55,14807.3,Neutral,Mildly Bearish,Neutral,Bearish,Neutral/Unclear,None,Down to Up,N/A,N/A,N/A,1.26,0.74,-0.41,0.26,1.15,0,20.08,Elevated (20-30),2021
2021-03-24,14712.45,14752.15,14535.55,14564.95,Neutral,Bullish,Neutral,Bullish,Neutral/Unclear,None,Top to Down,N/A,N/A,N/A,1.26,0.27,-1.2,-1.0,1.47,0,20.08,Elevated (20-30),2021
2021-03-25,14570.9,14570.9,14265.6,14346.4,Mildly Bearish,Strong Bearish,Bearish,Bearish,Bearish Alignment,None,Top to Down,Against then Recovered,Worked and Remained,Exceeded Half then Reversed,1.41,0.0,-2.1,-1.54,2.1,1,22.46,Elevated (20-30),2021
2021-03-26,14506.3,14572.6,14415.35,14518.9,Bullish,Bullish,Bullish,Bullish,Bullish Alignment,Strong Bullish Alignment,Down to Up,Against then Recovered,Worked and Remained,Reversed Before Half,1.43,0.46,-0.63,0.09,1.08,0,22.7,Elevated (20-30),2021
2021-03-30,14628.5,14875.3,14620.15,14855.0,Neutral,Neutral,Neutral,Neutral,Neutral/Unclear,None,Down to Up,N/A,N/A,N/A,1.43,1.69,-0.06,1.55,1.74,0,22.7,Elevated (20-30),2021
2021-03-31,14811.85,14811.85,14670.65,14693.05,Neutral,Neutral,Neutral,Neutral,Neutral/Unclear,None,Top to Down,N/A,N/A,N/A,1.43,0.0,-0.95,-0.8,0.95,0,22.7,Elevated (20-30),2021
2021-04-01,14798.4,14882.85,14692.75,14865.95,Strong Bearish,Bearish,Bearish,Bearish,Bearish Alignment,Strong Bearish Alignment,Down to Up,Worked then Reversed,Reversed by Close,Exceeded Half then Reversed,1.3,0.57,-0.71,0.46,1.28,1,20.65,Elevated (20-30),2021
2021-04-05,14837.7,14840.5,14460.15,14649.05,Neutral,Neutral,Neutral,Neutral,Neutral/Unclear,None,Top to Down,N/A,N/A,N/A,1.3,0.02,-2.54,-1.27,2.56,0,20.65,Elevated (20-30),2021
2021-04-06,14737.0,14778.35,14574.55,14700.8,Neutral,Neutral,Neutral,Neutral,Neutral/Unclear,None,Top to Down,N/A,N/A,N/A,1.3,0.28,-1.1,-0.25,1.38,0,20.65,Elevated (20-30),2021
2021-04-07,14716.45,14879.5,14652.15,14808.85,Neutral,Neutral,Neutral,Neutral,Neutral/Unclear,None,Down to Up,N/A,N/A,N/A,1.3,1.11,-0.44,0.63,1.54,0,20.65,Elevated (20-30),2021
2021-04-08,14875.65,14982.45,14821.85,14877.5,Neutral,Strong Bullish,Neutral,Bullish,Neutral/Unclear,None,Down to Up,N/A,N/A,N/A,1.28,0.72,-0.36,0.01,1.08,1,20.25,Elevated (20-30),2021
2021-04-09,14882.65,14917.85,14786.15,14838.05,Neutral,Mildly Bearish,Neutral,Bearish,Neutral/Unclear,None,Top to Down,N/A,N/A,N/A,1.28,0.24,-0.65,-0.3,0.88,0,20.31,Elevated (20-30),2021
2021-04-12,14644.65,14644.65,14249.25,14349.6,Neutral,Neutral,Neutral,Neutral,Neutral/Unclear,None,Top to Down,N/A,N/A,N/A,1.28,0.0,-2.7,-2.01,2.7,0,20.31,Elevated (20-30),2021
2021-04-13,14364.9,14527.9,14277.1,14525.0,Neutral,Strong Bearish,Neutral,Bearish,Neutral/Unclear,None,Down to Up,N/A,N/A,N/A,1.28,1.13,-0.61,1.11,1.75,0,20.31,Elevated (20-30),2021
2021-04-15,14522.4,14596.35,14354.65,14589.4,Neutral,Neutral,Neutral,Neutral,Neutral/Unclear,None,Down to Up,N/A,N/A,N/A,1.29,0.51,-1.16,0.46,1.66,1,20.46,Elevated (20-30),2021
2021-04-16,14599.6,14696.25,14562.9,14590.45,Neutral,Neutral,Neutral,Neutral,Neutral/Unclear,None,Top to Down,N/A,N/A,N/A,1.32,0.66,-0.25,-0.06,0.91,0,20.89,Elevated (20-30),2021
2021-04-19,14306.6,14381.6,14192.3,14362.95,Neutral,Neutral,Neutral,Neutral,Neutral/Unclear,None,Down to Up,N/A,N/A,N/A,1.32,0.52,-0.8,0.39,1.32,0,20.89,Elevated (20-30),2021
2021-04-20,14526.7,14526.7,14207.55,14279.55,Neutral,Neutral,Neutral,Neutral,Neutral/Unclear,None,Top to Down,N/A,N/A,N/A,1.32,0.0,-2.2,-1.7,2.2,0,20.89,Elevated (20-30),2021
2021-04-22,14219.15,14424.35,14153.95,14398.7,Neutral,Neutral,Neutral,Neutral,Neutral/Unclear,None,Down to Up,N/A,N/A,N/A,1.41,1.44,-0.46,1.26,1.9,1,22.43,Elevated (20-30),2021
2021-04-23,14326.35,14460.6,14274.2,14331.25,Neutral,Neutral,Neutral,Neutral,Neutral/Unclear,None,Down to Up,N/A,N/A,N/A,1.45,0.94,-0.36,0.03,1.3,0,23.03,Elevated (20-30),2021
2021-04-26,14449.45,14556.7,14422.65,14489.05,Neutral,Neutral,Neutral,Neutral,Neutral/Unclear,None,Down to Up,N/A,N/A,N/A,1.45,0.74,-0.19,0.27,0.93,0,23.03,Elevated (20-30),2021
2021-04-27,14493.8,14666.55,14489.15,14657.35,Neutral,Neutral,Neutral,Neutral,Neutral/Unclear,None,Down to Up,N/A,N/A,N/A,1.45,1.19,-0.03,1.13,1.22,0,23.03,Elevated (20-30),2021
2021-04-28,14710.5,14889.45,14698.95,14850.3,Neutral,Bullish,Neutral,Bullish,Neutral/Unclear,None,Down to Up,N/A,N/A,N/A,1.45,1.22,-0.08,0.95,1.29,0,23.03,Elevated (20-30),2021
2021-04-29,14979.0,15043.15,14814.95,14888.6,Neutral,Mildly Bullish,Neutral,Bullish,Neutral/Unclear,None,Top to Down,N/A,N/A,N/A,1.42,0.43,-1.1,-0.6,1.52,1,22.58,Elevated (20-30),2021
2021-04-30,14747.35,14855.3,14602.35,14617.55,Mildly Bearish,Strong Bearish,Bearish,Bearish,Bearish Alignment,None,Top to Down,Against then Recovered,Worked and Remained,Exceeded Half then Reversed,1.47,0.73,-0.98,-0.88,1.72,0,23.31,Elevated (20-30),2021
2021-05-03,14481.05,14673.3,14417.65,14644.35,Mildly Bearish,Bearish,Bearish,Bearish,Bearish Alignment,None,Down to Up,Worked then Reversed,Reversed by Close,Reversed Before Half,1.47,1.33,-0.44,1.13,1.77,0,23.31,Elevated (20-30),2021
2021-05-04,14687.25,14722.0,14462.65,14506.85,Neutral,Neutral,Neutral,Neutral,Neutral/Unclear,None,Top to Down,N/A,N/A,N/A,1.47,0.24,-1.53,-1.23,1.77,0,23.31,Elevated (20-30),2021
2021-05-05,14604.15,14636.55,14510.0,14635.0,Neutral,Bearish,Neutral,Bearish,Neutral/Unclear,None,Down to Up,N/A,N/A,N/A,1.47,0.22,-0.64,0.21,0.87,0,23.31,Elevated (20-30),2021
2021-05-06,14668.35,14743.3,14611.85,14733.2,Neutral,Bullish,Neutral,Bullish,Neutral/Unclear,None,Down to Up,N/A,N/A,N/A,1.45,0.51,-0.39,0.44,0.9,1,23.01,Elevated (20-30),2021
2021-05-07,14816.85,14862.6,14765.95,14810.8,Neutral,Bullish,Neutral,Bullish,Neutral/Unclear,None,Top to Down,N/A,N/A,N/A,1.38,0.31,-0.34,-0.04,0.65,0,21.96,Elevated (20-30),2021
2021-05-10,14928.25,14966.8,14893.0,14949.4,Neutral,Neutral,Neutral,Neutral,Neutral/Unclear,None,Down to Up,N/A,N/A,N/A,1.38,0.26,-0.24,0.14,0.49,0,21.96,Elevated (20-30),2021
2021-05-11,14789.7,14899.45,14774.3,14845.5,Neutral,Neutral,Neutral,Neutral,Neutral/Unclear,None,Down to Up,N/A,N/A,N/A,1.38,0.74,-0.1,0.38,0.85,0,21.96,Elevated (20-30),2021
2021-05-12,14823.55,14823.55,14650.1,14698.75,Neutral,Mildly Bearish,Neutral,Bearish,Neutral/Unclear,None,Top to Down,N/A,N/A,N/A,1.27,0.0,-1.17,-0.84,1.17,1,20.23,Elevated (20-30),2021
2021-05-14,14749.4,14749.4,14592.15,14683.85,Neutral,Neutral,Neutral,Neutral,Neutral/Unclear,None,Top to Down,N/A,N/A,N/A,1.26,0.0,-1.07,-0.44,1.07,0,20.08,Elevated (20-30),2021
2021-05-17,14756.25,14935.45,14726.65,14924.1,Neutral,Neutral,Neutral,Neutral,Neutral/Unclear,None,Down to Up,N/A,N/A,N/A,1.26,1.21,-0.2,1.14,1.41,0,20.08,Elevated (20-30),2021
2021-05-18,15067.2,15137.1,15043.9,15109.4,Bullish,Strong Bullish,Bullish,Bullish,Bullish Alignment,Strong Bullish Alignment,Down to Up,Against then Recovered,Worked and Remained,Reversed Before Half,1.26,0.46,-0.15,0.28,0.62,0,20.08,Elevated (20-30),2021
2021-05-19,15058.6,15133.1,15009.6,15019.2,Bullish,Mildly Bearish,Bullish,Bearish,Mixed,None,Top to Down,N/A,N/A,N/A,1.21,0.49,-0.33,-0.26,0.82,1,19.24,Normal (15-20),2021
2021-05-20,15042.6,15068.5,14885.15,14920.05,Neutral,Bearish,Neutral,Bearish,Neutral/Unclear,None,Top to Down,N/A,N/A,N/A,1.21,0.17,-1.05,-0.81,1.22,0,19.24,Normal (15-20),2021
2021-05-21,14987.8,15189.2,14986.4,15183.55,Bearish,Neutral,Bearish,Neutral,Neutral/Unclear,None,Down to Up,N/A,N/A,N/A,1.24,1.34,-0.01,1.31,1.35,0,19.65,Normal (15-20),2021
2021-05-24,15211.35,15256.0,15146.5,15184.0,Bullish,Bullish,Bullish,Bullish,Bullish Alignment,Strong Bullish Alignment,Top to Down,Worked then Reversed,Reversed by Close,Reversed Before Half,1.24,0.29,-0.43,-0.18,0.72,0,19.65,Normal (15-20),2021
2021-05-25,15291.75,15291.75,15163.6,15218.15,Neutral,Bearish,Neutral,Bearish,Neutral/Unclear,None,Top to Down,N/A,N/A,N/A,1.24,0.0,-0.84,-0.48,0.84,0,19.65,Normal (15-20),2021
2021-05-26,15257.05,15319.8,15195.5,15299.7,Neutral,Mildly Bearish,Neutral,Bearish,Neutral/Unclear,None,Down to Up,N/A,N/A,N/A,1.24,0.41,-0.4,0.28,0.81,0,19.65,Normal (15-20),2021
2021-05-27,15323.95,15383.35,15273.35,15370.15,Neutral,Bullish,Neutral,Bullish,Neutral/Unclear,None,Down to Up,N/A,N/A,N/A,1.31,0.39,-0.33,0.3,0.72,1,20.87,Elevated (20-30),2021
2021-05-28,15421.2,15469.15,15395.4,15455.3,Bullish,Neutral,Bullish,Neutral,Neutral/Unclear,None,Down to Up,N/A,N/A,N/A,1.25,0.31,-0.17,0.22,0.48,0,19.91,Normal (15-20),2021
2021-05-31,15437.75,15604.4,15374.9,15576.0,Neutral,Neutral,Neutral,Neutral,Neutral/Unclear,None,Down to Up,N/A,N/A,N/A,1.25,1.08,-0.41,0.9,1.49,0,19.91,Normal (15-20),2021
2021-06-02,15520.35,15597.15,15460.0,15590.0,Neutral,Bearish,Neutral,Bearish,Neutral/Unclear,None,Down to Up,N/A,N/A,N/A,1.25,0.49,-0.39,0.45,0.88,0,19.91,Normal (15-20),2021
2021-06-03,15655.55,15703.55,15611.55,15688.9,Neutral,Neutral,Neutral,Neutral,Neutral/Unclear,None,Down to Up,N/A,N/A,N/A,1.08,0.31,-0.28,0.21,0.59,1,17.21,Normal (15-20),2021
2021-06-04,15712.5,15733.35,15622.5,15670.65,Neutral,Mildly Bullish,Neutral,Bullish,Neutral/Unclear,None,Top to Down,N/A,N/A,N/A,0.99,0.13,-0.57,-0.27,0.71,0,15.75,Normal (15-20),2021
2021-06-07,15725.1,15773.0,15679.45,15747.0,Mildly Bearish,Bearish,Bearish,Bearish,Bearish Alignment,None,Down to Up,Worked then Reversed,Reversed by Close,Reversed Before Half,0.99,0.3,-0.29,0.14,0.59,0,15.75,Normal (15-20),2021
2021-06-08,15773.9,15775.55,15680.55,15741.85,Neutral,Neutral,Neutral,Neutral,Neutral/Unclear,None,Top to Down,N/A,N/A,N/A,0.99,0.01,-0.59,-0.2,0.6,0,15.75,Normal (15-20),2021
2021-06-09,15766.3,15800.45,15567.7,15640.25,Neutral,Mildly Bearish,Neutral,Bearish,Neutral/Unclear,None,Top to Down,N/A,N/A,N/A,0.99,0.22,-1.26,-0.8,1.48,0,15.75,Normal (15-20),2021
2021-06-10,15692.1,15751.25,15649.85,15745.15,Neutral,Bearish,Neutral,Bearish,Neutral/Unclear,None,Down to Up,N/A,N/A,N/A,0.93,0.38,-0.27,0.34,0.65,1,14.75,Low (<15),2021
2021-06-11,15796.45,15834.95,15750.55,15805.1,Neutral,Strong Bullish,Neutral,Bullish,Neutral/Unclear,None,Down to Up,N/A,N/A,N/A,0.94,0.24,-0.29,0.05,0.53,0,15.0,Normal (15-20),2021
2021-06-14,15791.4,15822.9,15607.75,15809.7,Neutral,Neutral,Neutral,Neutral,Neutral/Unclear,None,Down to Up,N/A,N/A,N/A,0.94,0.2,-1.16,0.12,1.36,0,15.0,Normal (15-20),2021
2021-06-15,15866.95,15901.2,15846.85,15859.2,Neutral,Neutral,Neutral,Neutral,Neutral/Unclear,None,Top to Down,N/A,N/A,N/A,0.94,0.22,-0.13,-0.05,0.34,0,15.0,Normal (15-20),2021
2021-06-16,15847.5,15880.45,15743.65,15755.7,Neutral,Mildly Bullish,Neutral,Bullish,Neutral/Unclear,None,Top to Down,N/A,N/A,N/A,0.94,0.21,-0.66,-0.58,0.86,0,15.0,Normal (15-20),2021
2021-06-17,15648.3,15769.2,15617.9,15681.7,Mildly Bearish,Strong Bearish,Bearish,Bearish,Bearish Alignment,None,Down to Up,Worked then Reversed,Reversed by Close,Reversed Before Half,0.94,0.77,-0.19,0.21,0.97,1,14.87,Low (<15),2021
2021-06-18,15756.5,15756.5,15451.5,15719.85,Neutral,Bullish,Neutral,Bullish,Neutral/Unclear,None,Top to Down,N/A,N/A,N/A,0.96,0.0,-1.94,-0.23,1.94,0,15.29,Normal (15-20),2021
2021-06-21,15525.85,15764.6,15505.9,15748.6,Neutral,Neutral,Neutral,Neutral,Neutral/Unclear,None,Down to Up,N/A,N/A,N/A,0.96,1.54,-0.13,1.43,1.67,0,15.29,Normal (15-20),2021
2021-06-22,15840.5,15895.45,15753.35,15765.15,Neutral,Bullish,Neutral,Bullish,Neutral/Unclear,None,Top to Down,N/A,N/A,N/A,0.96,0.35,-0.55,-0.48,0.9,0,15.29,Normal (15-20),2021
2021-06-23,15862.8,15862.8,15674.3,15693.4,Neutral,Bearish,Neutral,Bearish,Neutral/Unclear,None,Top to Down,N/A,N/A,N/A,0.96,0.0,-1.19,-1.07,1.19,0,15.29,Normal (15-20),2021
2021-06-24,15737.3,15821.3,15707.2,15793.7,Neutral,Bearish,Neutral,Bearish,Neutral/Unclear,None,Down to Up,N/A,N/A,N/A,0.97,0.53,-0.19,0.36,0.73,1,15.37,Normal (15-20),2021
2021-06-25,15839.35,15870.2,15772.55,15847.6,Strong Bullish,Strong Bullish,Bullish,Bullish,Bullish Alignment,Strong Bullish Alignment,Down to Up,Against then Recovered,Worked and Remained,Reversed Before Half,0.95,0.19,-0.42,0.05,0.62,0,15.1,Normal (15-20),2021
2021-06-28,15915.35,15915.35,15792.65,15825.0,Neutral,Neutral,Neutral,Neutral,Neutral/Unclear,None,Top to Down,N/A,N/A,N/A,0.95,0.0,-0.77,-0.57,0.77,0,15.1,Normal (15-20),2021
2021-06-29,15807.5,15835.5,15724.1,15751.4,Neutral,Bearish,Neutral,Bearish,Neutral/Unclear,None,Top to Down,N/A,N/A,N/A,0.95,0.18,-0.53,-0.35,0.7,0,15.1,Normal (15-20),2021
2021-06-30,15776.9,15838.85,15710.05,15730.65,Bearish,Bearish,Bearish,Bearish,Bearish Alignment,Strong Bearish Alignment,Top to Down,Against then Recovered,Worked and Remained,Reversed Before Half,0.95,0.39,-0.42,-0.29,0.82,0,15.1,Normal (15-20),2021
2021-07-01,15755.05,15755.05,15667.65,15693.25,Neutral,Neutral,Neutral,Neutral,Neutral/Unclear,None,Top to Down,N/A,N/A,N/A,0.82,0.0,-0.55,-0.39,0.55,1,13.05,Low (<15),2021
2021-07-02,15705.85,15737.4,15636.3,15729.0,Neutral,Bullish,Neutral,Bullish,Neutral/Unclear,None,Down to Up,N/A,N/A,N/A,0.81,0.2,-0.44,0.15,0.64,0,12.84,Low (<15),2021
2021-07-05,15793.4,15845.6,15763.7,15838.4,Neutral,Mildly Bullish,Neutral,Bullish,Neutral/Unclear,None,Down to Up,N/A,N/A,N/A,0.81,0.33,-0.19,0.28,0.52,0,12.84,Low (<15),2021
2021-07-06,15813.75,15913.95,15801.8,15816.4,Neutral,Bullish,Neutral,Bullish,Neutral/Unclear,None,Down to Up,N/A,N/A,N/A,0.81,0.63,-0.08,0.02,0.71,0,12.84,Low (<15),2021
2021-07-07,15819.6,15892.75,15780.55,15878.65,Neutral,Mildly Bearish,Neutral,Bearish,Neutral/Unclear,None,Down to Up,N/A,N/A,N/A,0.81,0.46,-0.25,0.37,0.71,0,12.84,Low (<15),2021
2021-07-08,15855.4,15884.95,15683.4,15728.0,Neutral,Bullish,Neutral,Bullish,Neutral/Unclear,None,Top to Down,N/A,N/A,N/A,0.77,0.19,-1.08,-0.8,1.27,1,12.21,Low (<15),2021
2021-07-09,15688.25,15730.55,15633.45,15697.05,Strong Bearish,Strong Bearish,Bearish,Bearish,Bearish Alignment,Strong Bearish Alignment,Down to Up,Worked then Reversed,Reversed by Close,Reversed Before Half,0.85,0.27,-0.35,0.06,0.62,0,13.56,Low (<15),2021
2021-07-12,15766.8,15788.65,15645.15,15689.5,Neutral,Mildly Bearish,Neutral,Bearish,Neutral/Unclear,None,Top to Down,N/A,N/A,N/A,0.85,0.14,-0.77,-0.49,0.91,0,13.56,Low (<15),2021
2021-07-13,15794.0,15820.0,15744.8,15807.9,Neutral,Neutral,Neutral,Neutral,Neutral/Unclear,None,Down to Up,N/A,N/A,N/A,0.85,0.16,-0.31,0.09,0.48,0,13.56,Low (<15),2021
2021-07-14,15808.7,15876.95,15764.55,15845.35,Strong Bullish,Strong Bullish,Bullish,Bullish,Bullish Alignment,Strong Bullish Alignment,Down to Up,Against then Recovered,Worked and Remained,Exceeded Half then Reversed,0.85,0.43,-0.28,0.23,0.71,0,13.56,Low (<15),2021
2021-07-15,15872.15,15952.15,15858.45,15920.7,Neutral,Neutral,Neutral,Neutral,Neutral/Unclear,None,Down to Up,N/A,N/A,N/A,0.79,0.5,-0.09,0.31,0.59,1,12.59,Low (<15),2021
2021-07-16,15958.35,15961.3,15883.25,15923.6,Neutral,Neutral,Neutral,Neutral,Neutral/Unclear,None,Top to Down,N/A,N/A,N/A,0.77,0.02,-0.47,-0.22,0.49,0,12.27,Low (<15),2021
2021-07-19,15754.5,15836.8,15707.65,15757.9,Mildly Bearish,Mildly Bearish,Bearish,Bearish,Bearish Alignment,None,Down to Up,Worked then Reversed,Reversed by Close,Reversed Before Half,0.77,0.52,-0.3,0.02,0.82,0,12.27,Low (<15),2021
2021-07-20,15703.95,15725.35,15578.6,15624.5,Strong Bearish,Strong Bearish,Bearish,Bearish,Bearish Alignment,Strong Bearish Alignment,Top to Down,Against then Recovered,Worked and Remained,Exceeded Half then Reversed,0.77,0.14,-0.8,-0.51,0.93,0,12.27,Low (<15),2021
2021-07-22,15736.6,15834.25,15729.25,15827.7,Neutral,Neutral,Neutral,Neutral,Neutral/Unclear,None,Down to Up,N/A,N/A,N/A,0.83,0.62,-0.05,0.58,0.67,1,13.21,Low (<15),2021
2021-07-23,15856.8,15899.5,15769.0,15850.8,Neutral,Neutral,Neutral,Neutral,Neutral/Unclear,None,Top to Down,N/A,N/A,N/A,0.75,0.27,-0.55,-0.04,0.82,0,11.89,Low (<15),2021
2021-07-26,15849.3,15893.35,15799.4,15821.45,Mildly Bullish,Bullish,Bullish,Bullish,Bullish Alignment,None,Top to Down,Worked then Reversed,Reversed by Close,Reversed Before Half,0.75,0.28,-0.31,-0.18,0.59,0,11.89,Low (<15),2021
2021-07-27,15860.5,15881.3,15702.0,15747.2,Neutral,Neutral,Neutral,Neutral,Neutral/Unclear,None,Top to Down,N/A,N/A,N/A,0.75,0.13,-1.0,-0.71,1.13,0,11.89,Low (<15),2021
2021-07-28,15761.55,15761.55,15514.65,15714.65,Bearish,Strong Bearish,Bearish,Bearish,Bearish Alignment,Strong Bearish Alignment,Top to Down,Against then Recovered,Worked and Remained,Exceeded Half then Reversed,0.75,0.0,-1.57,-0.3,1.57,0,11.89,Low (<15),2021
2021-07-29,15762.7,15816.85,15738.65,15784.85,Neutral,Neutral,Neutral,Neutral,Neutral/Unclear,None,Down to Up,N/A,N/A,N/A,0.86,0.34,-0.15,0.14,0.5,1,13.69,Low (<15),2021
2021-07-30,15800.6,15862.35,15745.85,15773.65,Bullish,Strong Bullish,Bullish,Bullish,Bullish Alignment,Strong Bullish Alignment,Top to Down,Worked then Reversed,Reversed by Close,Reversed Before Half,0.82,0.39,-0.35,-0.17,0.74,0,12.95,Low (<15),2021
2021-08-02,15874.9,15892.5,15838.7,15887.5,Mildly Bearish,Neutral,Bearish,Neutral,Neutral/Unclear,None,Down to Up,N/A,N/A,N/A,0.82,0.11,-0.23,0.08,0.34,0,12.95,Low (<15),2021
2021-08-03,15951.55,16146.6,15915.9,16123.4,Bullish,Bullish,Bullish,Bullish,Bullish Alignment,Strong Bullish Alignment,Down to Up,Against then Recovered,Worked and Remained,Exceeded Half then Reversed,0.82,1.22,-0.22,1.08,1.45,0,12.95,Low (<15),2021
2021-08-04,16195.25,16290.0,16188.55,16253.0,Bullish,Strong Bullish,Bullish,Bullish,Bullish Alignment,Strong Bullish Alignment,Down to Up,Against then Recovered,Worked and Remained,Exceeded Half then Reversed,0.82,0.59,-0.04,0.36,0.63,0,12.95,Low (<15),2021
2021-08-05,16288.95,16348.45,16211.2,16281.8,Neutral,Mildly Bearish,Neutral,Bearish,Neutral/Unclear,None,Top to Down,N/A,N/A,N/A,0.83,0.37,-0.48,-0.04,0.84,1,13.21,Low (<15),2021
2021-08-06,16304.4,16336.4,16224.0,16254.7,Neutral,Strong Bearish,Neutral,Bearish,Neutral/Unclear,None,Top to Down,N/A,N/A,N/A,0.81,0.2,-0.49,-0.3,0.69,0,12.87,Low (<15),2021
2021-08-09,16281.35,16320.45,16179.25,16254.1,Neutral,Bearish,Neutral,Bearish,Neutral/Unclear,None,Top to Down,N/A,N/A,N/A,0.81,0.24,-0.63,-0.17,0.87,0,12.87,Low (<15),2021
2021-08-10,16274.8,16359.2,16203.3,16268.3,Neutral,Neutral,Neutral,Neutral,Neutral/Unclear,None,Top to Down,N/A,N/A,N/A,0.81,0.52,-0.44,-0.04,0.96,0,12.87,Low (<15),2021
2021-08-11,16327.3,16337.4,16162.8,16275.1,Neutral,Mildly Bearish,Neutral,Bearish,Neutral/Unclear,None,Top to Down,N/A,N/A,N/A,0.81,0.06,-1.01,-0.32,1.07,0,12.87,Low (<15),2021
2021-08-12,16303.65,16375.0,16287.15,16361.35,Neutral,Bearish,Neutral,Bearish,Neutral/Unclear,None,Down to Up,N/A,N/A,N/A,0.8,0.44,-0.1,0.35,0.54,1,12.71,Low (<15),2021
2021-08-13,16385.7,16543.2,16385.0,16519.5,Mildly Bullish,Strong Bullish,Bullish,Bullish,Bullish Alignment,None,Down to Up,Against then Recovered,Worked and Remained,Exceeded Half then Reversed,0.78,0.96,-0.0,0.82,0.97,0,12.37,Low (<15),2021
2021-08-16,16518.4,16588.15,16481.5,16547.05,Mildly Bullish,Bullish,Bullish,Bullish,Bullish Alignment,None,Down to Up,Against then Recovered,Worked and Remained,Exceeded Half then Reversed,0.78,0.42,-0.22,0.17,0.65,0,12.37,Low (<15),2021
2021-08-17,16545.25,16628.1,16495.8,16605.45,Neutral,Mildly Bearish,Neutral,Bearish,Neutral/Unclear,None,Down to Up,N/A,N/A,N/A,0.78,0.5,-0.3,0.36,0.8,0,12.37,Low (<15),2021
2021-08-18,16691.95,16701.25,16537.4,16550.4,Bearish,Neutral,Bearish,Neutral,Neutral/Unclear,None,Top to Down,N/A,N/A,N/A,0.84,0.06,-0.93,-0.85,0.98,1,13.41,Low (<15),2021
2021-08-20,16382.5,16509.2,16377.1,16415.65,Neutral,Neutral,Neutral,Neutral,Neutral/Unclear,None,Down to Up,N/A,N/A,N/A,0.81,0.77,-0.03,0.2,0.81,0,12.91,Low (<15),2021
2021-08-23,16592.25,16592.25,16396.2,16488.3,Neutral,Neutral,Neutral,Neutral,Neutral/Unclear,None,Top to Down,N/A,N/A,N/A,0.81,0.0,-1.18,-0.63,1.18,0,12.91,Low (<15),2021
2021-08-24,16561.4,16646.45,16496.0,16615.75,Neutral,Neutral,Neutral,Neutral,Neutral/Unclear,None,Down to Up,N/A,N/A,N/A,0.81,0.51,-0.39,0.33,0.91,0,12.91,Low (<15),2021
2021-08-25,16654.0,16711.55,16617.7,16635.4,Mildly Bullish,Strong Bullish,Bullish,Bullish,Bullish Alignment,None,Top to Down,Worked then Reversed,Reversed by Close,Reversed Before Half,0.81,0.35,-0.22,-0.11,0.56,0,12.91,Low (<15),2021
2021-08-26,16627.95,16683.25,16603.55,16631.95,Neutral,Strong Bearish,Neutral,Bearish,Neutral/Unclear,None,Down to Up,N/A,N/A,N/A,0.85,0.33,-0.15,0.02,0.48,1,13.5,Low (<15),2021
2021-08-27,16642.55,16720.75,16566.95,16691.55,Bullish,Neutral,Bullish,Neutral,Neutral/Unclear,None,Down to Up,N/A,N/A,N/A,0.85,0.47,-0.45,0.29,0.92,0,13.54,Low (<15),2021
2021-08-30,16775.85,16951.3,16766.2,16938.7,Neutral,Bullish,Neutral,Bullish,Neutral/Unclear,None,Down to Up,N/A,N/A,N/A,0.85,1.05,-0.06,0.97,1.1,0,13.54,Low (<15),2021
2021-08-31,16947.5,17151.9,16916.7,17131.35,Neutral,Strong Bullish,Neutral,Bullish,Neutral/Unclear,None,Down to Up,N/A,N/A,N/A,0.85,1.21,-0.18,1.08,1.39,0,13.54,Low (<15),2021
2021-09-01,17185.6,17224.95,17055.75,17058.75,Neutral,Neutral,Neutral,Neutral,Neutral/Unclear,None,Top to Down,N/A,N/A,N/A,0.85,0.23,-0.76,-0.74,0.98,0,13.54,Low (<15),2021
2021-09-02,17095.4,17245.45,17063.6,17233.85,Mildly Bearish,Strong Bearish,Bearish,Bearish,Bearish Alignment,None,Down to Up,Worked then Reversed,Reversed by Close,Reversed Before Half,0.89,0.88,-0.19,0.81,1.06,1,14.19,Low (<15),2021
2021-09-03,17262.45,17339.5,17212.55,17320.55,Mildly Bullish,Bullish,Bullish,Bullish,Bullish Alignment,None,Down to Up,Against then Recovered,Worked and Remained,Reversed Before Half,0.9,0.45,-0.29,0.34,0.74,0,14.24,Low (<15),2021
2021-09-06,17399.35,17428.9,17345.6,17379.65,Neutral,Bearish,Neutral,Bearish,Neutral/Unclear,None,Top to Down,N/A,N/A,N/A,0.9,0.17,-0.31,-0.11,0.48,0,14.24,Low (<15),2021
2021-09-07,17401.55,17436.2,17287.7,17357.45,Neutral,Mildly Bearish,Neutral,Bearish,Neutral/Unclear,None,Top to Down,N/A,N/A,N/A,0.9,0.2,-0.65,-0.25,0.85,0,14.24,Low (<15),2021
2021-09-08,17375.75,17381.95,17254.5,17370.7,Neutral,Neutral,Neutral,Neutral,Neutral/Unclear,None,Top to Down,N/A,N/A,N/A,0.9,0.04,-0.7,-0.03,0.73,0,14.24,Low (<15),2021
2021-09-09,17312.85,17379.3,17303.65,17358.1,Neutral,Strong Bullish,Neutral,Bullish,Neutral/Unclear,None,Down to Up,N/A,N/A,N/A,0.91,0.38,-0.05,0.26,0.44,1,14.41,Low (<15),2021
2021-09-13,17363.55,17377.5,17269.65,17350.7,Neutral,Neutral,Neutral,Neutral,Neutral/Unclear,None,Top to Down,N/A,N/A,N/A,0.91,0.08,-0.54,-0.07,0.62,0,14.41,Low (<15),2021
2021-09-14,17420.35,17438.3,17367.15,17382.0,Neutral,Neutral,Neutral,Neutral,Neutral/Unclear,None,Top to Down,N/A,N/A,N/A,0.91,0.1,-0.31,-0.22,0.41,0,14.41,Low (<15),2021
2021-09-15,17387.65,17532.6,17387.65,17518.3,Neutral,Bearish,Neutral,Bearish,Neutral/Unclear,None,Down to Up,N/A,N/A,N/A,0.91,0.83,0.0,0.75,0.83,0,14.41,Low (<15),2021
2021-09-16,17539.2,17644.1,17511.8,17627.55,Bullish,Strong Bullish,Bullish,Bullish,Bullish Alignment,Strong Bullish Alignment,Down to Up,Against then Recovered,Worked and Remained,Exceeded Half then Reversed,0.86,0.6,-0.16,0.5,0.75,1,13.73,Low (<15),2021
2021-09-17,17709.65,17792.65,17537.85,17602.2,Neutral,Mildly Bearish,Neutral,Bearish,Neutral/Unclear,None,Top to Down,N/A,N/A,N/A,0.91,0.47,-0.97,-0.61,1.44,0,14.41,Low (<15),2021
2021-09-20,17443.85,17622.3,17363.2,17373.75,Neutral,Bearish,Neutral,Bearish,Neutral/Unclear,None,Top to Down,N/A,N/A,N/A,0.91,1.02,-0.46,-0.4,1.49,0,14.41,Low (<15),2021
2021-09-21,17450.5,17577.55,17326.5,17564.1,Bearish,Strong Bearish,Bearish,Bearish,Bearish Alignment,Strong Bearish Alignment,Down to Up,Worked then Reversed,Reversed by Close,Exceeded Half then Reversed,0.91,0.73,-0.71,0.65,1.44,0,14.41,Low (<15),2021
2021-09-22,17580.9,17610.3,17524.5,17548.35,Neutral,Bullish,Neutral,Bullish,Neutral/Unclear,None,Top to Down,N/A,N/A,N/A,0.91,0.17,-0.32,-0.19,0.49,0,14.41,Low (<15),2021
2021-09-23,17670.85,17843.25,17647.65,17826.3,Neutral,Bearish,Neutral,Bearish,Neutral/Unclear,None,Down to Up,N/A,N/A,N/A,1.04,0.98,-0.13,0.88,1.11,1,16.49,Normal (15-20),2021
2021-09-24,17897.45,17947.45,17820.15,17841.55,Bullish,Strong Bullish,Bullish,Bullish,Bullish Alignment,Strong Bullish Alignment,Top to Down,Worked then Reversed,Reversed by Close,Reversed Before Half,1.05,0.28,-0.43,-0.31,0.71,0,16.6,Normal (15-20),2021
2021-09-27,17932.2,17943.35,17803.05,17855.1,Neutral,Bearish,Neutral,Bearish,Neutral/Unclear,None,Top to Down,N/A,N/A,N/A,1.05,0.06,-0.72,-0.43,0.78,0,16.6,Normal (15-20),2021
2021-09-28,17906.45,17906.45,17576.45,17733.45,Mildly Bearish,Neutral,Bearish,Neutral,Neutral/Unclear,None,Top to Down,N/A,N/A,N/A,1.05,0.0,-1.84,-0.97,1.84,0,16.6,Normal (15-20),2021
2021-09-30,17718.9,17741.9,17585.4,17608.65,Bearish,Neutral,Bearish,Neutral,Neutral/Unclear,None,Top to Down,N/A,N/A,N/A,1.19,0.13,-0.75,-0.62,0.88,1,18.84,Normal (15-20),2021
2021-10-01,17531.9,17556.95,17453.15,17526.35,Mildly Bullish,Bullish,Bullish,Bullish,Bullish Alignment,None,Top to Down,Worked then Reversed,Reversed by Close,Reversed Before Half,1.16,0.14,-0.45,-0.03,0.59,0,18.4,Normal (15-20),2021
2021-10-04,17615.55,17750.1,17584.9,17700.5,Neutral,Mildly Bearish,Neutral,Bearish,Neutral/Unclear,None,Down to Up,N/A,N/A,N/A,1.16,0.76,-0.17,0.48,0.94,0,18.4,Normal (15-20),2021
2021-10-05,17661.35,17833.05,17643.3,17829.3,Neutral,Bullish,Neutral,Bullish,Neutral/Unclear,None,Down to Up,N/A,N/A,N/A,1.16,0.97,-0.1,0.95,1.07,0,18.4,Normal (15-20),2021
2021-10-06,17861.5,17884.5,17614.85,17626.45,Neutral,Bullish,Neutral,Bullish,Neutral/Unclear,None,Top to Down,N/A,N/A,N/A,1.16,0.13,-1.38,-1.32,1.51,0,18.4,Normal (15-20),2021
2021-10-07,17810.55,17857.5,17766.05,17797.15,Mildly Bearish,Strong Bearish,Bearish,Bearish,Bearish Alignment,None,Top to Down,Against then Recovered,Worked and Remained,Reversed Before Half,1.09,0.26,-0.25,-0.08,0.51,1,17.33,Normal (15-20),2021
2021-10-08,17886.85,17941.5,17840.5,17907.5,Bullish,Strong Bullish,Bullish,Bullish,Bullish Alignment,Strong Bullish Alignment,Down to Up,Against then Recovered,Worked and Remained,Reversed Before Half,1.02,0.31,-0.26,0.12,0.56,0,16.16,Normal (15-20),2021
2021-10-11,17867.55,18041.2,17843.9,17953.7,Neutral,Neutral,Neutral,Neutral,Neutral/Unclear,None,Down to Up,N/A,N/A,N/A,1.02,0.97,-0.13,0.48,1.1,0,16.16,Normal (15-20),2021
2021-10-12,17915.8,18005.55,17865.6,18005.35,Bullish,Bullish,Bullish,Bullish,Bullish Alignment,Strong Bullish Alignment,Down to Up,Against then Recovered,Worked and Remained,Reversed Before Half,1.02,0.5,-0.28,0.5,0.78,0,16.16,Normal (15-20),2021
2021-10-13,18097.85,18197.7,18053.9,18165.75,Mildly Bearish,Bullish,Bearish,Bullish,Mixed,None,Down to Up,N/A,N/A,N/A,1.02,0.55,-0.24,0.38,0.79,0,16.16,Normal (15-20),2021
2021-10-14,18272.85,18349.25,18249.15,18339.05,Mildly Bullish,Neutral,Bullish,Neutral,Neutral/Unclear,None,Down to Up,N/A,N/A,N/A,1.01,0.42,-0.13,0.36,0.55,1,16.1,Normal (15-20),2021
2021-10-18,18500.1,18542.65,18447.0,18476.25,Neutral,Neutral,Neutral,Neutral,Neutral/Unclear,None,Top to Down,N/A,N/A,N/A,1.01,0.23,-0.29,-0.13,0.52,0,16.1,Normal (15-20),2021
2021-10-19,18602.35,18602.35,18378.15,18427.25,Neutral,Neutral,Neutral,Neutral,Neutral/Unclear,None,Top to Down,N/A,N/A,N/A,1.01,0.0,-1.21,-0.94,1.21,0,16.1,Normal (15-20),2021
2021-10-20,18439.9,18456.9,18209.8,18282.75,Neutral,Strong Bearish,Neutral,Bearish,Neutral/Unclear,None,Top to Down,N/A,N/A,N/A,1.01,0.09,-1.25,-0.85,1.34,0,16.1,Normal (15-20),2021
2021-10-21,18382.7,18382.7,18048.75,18219.6,Mildly Bearish,Bearish,Bearish,Bearish,Bearish Alignment,None,Top to Down,Against then Recovered,Worked and Remained,Exceeded Half then Reversed,1.15,0.0,-1.82,-0.89,1.82,1,18.31,Normal (15-20),2021
2021-10-22,18230.7,18313.35,18035.05,18111.5,Mildly Bearish,Bullish,Bearish,Bullish,Mixed,None,Top to Down,N/A,N/A,N/A,1.14,0.45,-1.07,-0.65,1.53,0,18.04,Normal (15-20),2021
2021-10-25,18229.5,18236.65,17970.3,18136.5,Mildly Bearish,Bearish,Bearish,Bearish,Bearish Alignment,None,Top to Down,Against then Recovered,Worked and Remained,Exceeded Half then Reversed,1.14,0.04,-1.42,-0.51,1.46,0,18.04,Normal (15-20),2021
2021-10-26,18154.5,18308.95,18100.3,18308.95,Neutral,Neutral,Neutral,Neutral,Neutral/Unclear,None,Down to Up,N/A,N/A,N/A,1.14,0.85,-0.3,0.85,1.15,0,18.04,Normal (15-20),2021
2021-10-27,18295.85,18340.75,18168.1,18181.5,Neutral,Bullish,Neutral,Bullish,Neutral/Unclear,None,Top to Down,N/A,N/A,N/A,1.14,0.25,-0.7,-0.63,0.94,0,18.04,Normal (15-20),2021
2021-10-28,18187.65,18187.65,17800.8,17862.9,Bearish,Strong Bearish,Bearish,Bearish,Bearish Alignment,Strong Bearish Alignment,Top to Down,Against then Recovered,Worked and Remained,Exceeded Half then Reversed,1.06,0.0,-2.13,-1.79,2.13,1,16.83,Normal (15-20),2021
2021-10-29,17833.05,17915.3,17615.3,17708.8,Neutral,Bullish,Neutral,Bullish,Neutral/Unclear,None,Top to Down,N/A,N/A,N/A,1.13,0.46,-1.22,-0.7,1.68,0,17.91,Normal (15-20),2021
2021-11-01,17783.15,17952.9,17699.0,17945.25,Neutral,Bearish,Neutral,Bearish,Neutral/Unclear,None,Down to Up,N/A,N/A,N/A,1.13,0.95,-0.47,0.91,1.43,0,17.91,Normal (15-20),2021
2021-11-02,17970.9,18010.85,17848.3,17889.15,Mildly Bullish,Strong Bullish,Bullish,Bullish,Bullish Alignment,None,Top to Down,Worked then Reversed,Reversed by Close,Reversed Before Half,1.13,0.22,-0.68,-0.45,0.9,0,17.91,Normal (15-20),2021
2021-11-03,17947.95,17987.9,17758.25,17833.0,Bearish,Strong Bearish,Bearish,Bearish,Bearish Alignment,Strong Bearish Alignment,Top to Down,Against then Recovered,Worked and Remained,Exceeded Half then Reversed,1.13,0.22,-1.06,-0.64,1.28,0,17.91,Normal (15-20),2021
2021-11-04,17935.05,17947.4,17901.9,17918.9,Neutral,Bullish,Neutral,Bullish,Neutral/Unclear,None,Top to Down,N/A,N/A,N/A,1.02,0.07,-0.18,-0.09,0.25,1,16.13,Normal (15-20),2021
2021-11-08,18040.2,18087.4,17836.4,18080.7,Neutral,Neutral,Neutral,Neutral,Neutral/Unclear,None,Down to Up,N/A,N/A,N/A,1.02,0.26,-1.13,0.22,1.39,0,16.13,Normal (15-20),2021
2021-11-09,18084.35,18112.1,17983.1,18050.85,Neutral,Neutral,Neutral,Neutral,Neutral/Unclear,None,Top to Down,N/A,N/A,N/A,1.02,0.15,-0.56,-0.19,0.71,0,16.13,Normal (15-20),2021
2021-11-10,17973.45,18060.95,17915.1,18010.1,Bearish,Bearish,Bearish,Bearish,Bearish Alignment,Strong Bearish Alignment,Down to Up,Worked then Reversed,Reversed by Close,Reversed Before Half,1.02,0.49,-0.32,0.2,0.81,0,16.13,Normal (15-20),2021
2021-11-11,17967.45,17967.45,17799.5,17885.65,Mildly Bearish,Bearish,Bearish,Bearish,Bearish Alignment,None,Top to Down,Against then Recovered,Worked and Remained,Exceeded Half then Reversed,1.03,0.0,-0.93,-0.46,0.93,1,16.31,Normal (15-20),2021
2021-11-12,17977.6,18122.5,17906.0,18098.65,Neutral,Strong Bullish,Neutral,Bullish,Neutral/Unclear,None,Down to Up,N/A,N/A,N/A,1.03,0.81,-0.4,0.67,1.2,0,16.35,Normal (15-20),2021
2021-11-15,18140.95,18209.6,18071.6,18092.0,Bullish,Bullish,Bullish,Bullish,Bullish Alignment,Strong Bullish Alignment,Top to Down,Worked then Reversed,Reversed by Close,Reversed Before Half,1.03,0.38,-0.38,-0.27,0.76,0,16.35,Normal (15-20),2021
2021-11-16,18127.05,18131.95,17959.15,17964.35,Neutral,Strong Bearish,Neutral,Bearish,Neutral/Unclear,None,Top to Down,N/A,N/A,N/A,1.03,0.03,-0.93,-0.9,0.95,0,16.35,Normal (15-20),2021
2021-11-17,17939.35,18022.3,17879.95,17887.2,Bearish,Strong Bearish,Bearish,Bearish,Bearish Alignment,Strong Bearish Alignment,Top to Down,Against then Recovered,Worked and Remained,Reversed Before Half,1.03,0.46,-0.33,-0.29,0.79,0,16.35,Normal (15-20),2021
2021-11-18,17890.55,17945.35,17688.85,17745.25,Neutral,Mildly Bearish,Neutral,Bearish,Neutral/Unclear,None,Top to Down,N/A,N/A,N/A,0.94,0.31,-1.13,-0.81,1.43,1,14.98,Low (<15),2021
2021-11-22,17796.25,17796.25,17281.95,17440.0,Neutral,Neutral,Neutral,Neutral,Neutral/Unclear,None,Top to Down,N/A,N/A,N/A,0.94,0.0,-2.89,-2.0,2.89,0,14.98,Low (<15),2021
2021-11-23,17281.75,17553.2,17216.8,17495.1,Neutral,Neutral,Neutral,Neutral,Neutral/Unclear,None,Down to Up,N/A,N/A,N/A,0.94,1.57,-0.38,1.23,1.95,0,14.98,Low (<15),2021
2021-11-24,17550.05,17600.35,17355.65,17357.1,Mildly Bullish,Bullish,Bullish,Bullish,Bullish Alignment,None,Top to Down,Worked then Reversed,Reversed by Close,Reversed Before Half,0.94,0.29,-1.11,-1.1,1.39,0,14.98,Low (<15),2021
2021-11-25,17417.3,17563.85,17352.35,17547.0,Neutral,Mildly Bearish,Neutral,Bearish,Neutral/Unclear,None,Down to Up,N/A,N/A,N/A,1.08,0.84,-0.37,0.74,1.21,1,17.1,Normal (15-20),2021
2021-11-26,17338.75,17344.95,16987.15,17006.55,Bullish,Strong Bullish,Bullish,Bullish,Bullish Alignment,Strong Bullish Alignment,Top to Down,Worked then Reversed,Reversed by Close,Reversed Before Half,1.05,0.04,-2.03,-1.92,2.06,0,16.66,Normal (15-20),2021
2021-11-29,17055.8,17160.1,16783.95,17039.7,Strong Bearish,Strong Bearish,Bearish,Bearish,Bearish Alignment,Strong Bearish Alignment,Top to Down,Against then Recovered,Worked and Remained,Exceeded Half then Reversed,1.05,0.61,-1.59,-0.09,2.21,0,16.66,Normal (15-20),2021
2021-11-30,17051.15,17324.45,16934.05,16975.15,Bullish,Bullish,Bullish,Bullish,Bullish Alignment,Strong Bullish Alignment,Top to Down,Worked then Reversed,Reversed by Close,Exceeded Half then Reversed,1.05,1.6,-0.69,-0.45,2.29,0,16.66,Normal (15-20),2021
2021-12-01,17104.4,17212.55,17064.75,17185.95,Mildly Bullish,Bearish,Bullish,Bearish,Mixed,None,Down to Up,N/A,N/A,N/A,1.05,0.63,-0.23,0.48,0.86,0,16.66,Normal (15-20),2021
2021-12-02,17183.2,17417.75,17158.3,17401.5,Bullish,Strong Bullish,Bullish,Bullish,Bullish Alignment,Strong Bullish Alignment,Down to Up,Against then Recovered,Worked and Remained,Exceeded Half then Reversed,1.23,1.36,-0.14,1.27,1.51,1,19.45,Normal (15-20),2021
2021-12-03,17424.9,17488.3,17181.1,17210.3,Neutral,Bullish,Neutral,Bullish,Neutral/Unclear,None,Top to Down,N/A,N/A,N/A,1.14,0.36,-1.4,-1.23,1.76,0,18.09,Normal (15-20),2021
2021-12-06,17209.05,17210.85,16893.6,16909.3,Strong Bearish,Strong Bearish,Bearish,Bearish,Bearish Alignment,Strong Bearish Alignment,Top to Down,Against then Recovered,Worked and Remained,Exceeded Half then Reversed,1.14,0.01,-1.83,-1.74,1.84,0,18.09,Normal (15-20),2021
2021-12-07,17044.1,17251.25,16988.75,17180.5,Bearish,Strong Bearish,Bearish,Bearish,Bearish Alignment,Strong Bearish Alignment,Down to Up,Worked then Reversed,Reversed by Close,Reversed Before Half,1.14,1.22,-0.32,0.8,1.54,0,18.09,Normal (15-20),2021
2021-12-08,17315.25,17484.5,17312.55,17467.85,Strong Bullish,Strong Bullish,Bullish,Bullish,Bullish Alignment,Strong Bullish Alignment,Down to Up,Against then Recovered,Worked and Remained,Exceeded Half then Reversed,1.14,0.98,-0.02,0.88,0.99,0,18.09,Normal (15-20),2021
2021-12-09,17524.4,17539.8,17380.1,17502.65,Neutral,Strong Bullish,Neutral,Bullish,Neutral/Unclear,None,Top to Down,N/A,N/A,N/A,1.09,0.09,-0.82,-0.12,0.91,1,17.27,Normal (15-20),2021
2021-12-10,17476.05,17534.05,17405.55,17499.2,Neutral,Strong Bearish,Neutral,Bearish,Neutral/Unclear,None,Down to Up,N/A,N/A,N/A,1.05,0.33,-0.4,0.13,0.74,0,16.6,Normal (15-20),2021
2021-12-13,17619.1,17638.85,17356.1,17384.5,Neutral,Neutral,Neutral,Neutral,Neutral/Unclear,None,Top to Down,N/A,N/A,N/A,1.05,0.11,-1.49,-1.33,1.6,0,16.6,Normal (15-20),2021
2021-12-14,17283.2,17375.7,17226.15,17319.5,Bearish,Strong Bearish,Bearish,Bearish,Bearish Alignment,Strong Bearish Alignment,Down to Up,Worked then Reversed,Reversed by Close,Reversed Before Half,1.05,0.54,-0.33,0.21,0.87,0,16.6,Normal (15-20),2021
2021-12-15,17323.65,17350.5,17193.25,17208.3,Bearish,Neutral,Bearish,Neutral,Neutral/Unclear,None,Top to Down,N/A,N/A,N/A,1.05,0.15,-0.75,-0.67,0.91,0,16.6,Normal (15-20),2021
2021-12-16,17373.0,17374.6,17185.35,17285.6,Neutral,Bearish,Neutral,Bearish,Neutral/Unclear,None,Top to Down,N/A,N/A,N/A,1.08,0.01,-1.08,-0.5,1.09,1,17.22,Normal (15-20),2021
2021-12-17,17276.0,17292.45,16966.75,16994.05,Mildly Bullish,Strong Bullish,Bullish,Bullish,Bullish Alignment,None,Top to Down,Worked then Reversed,Reversed by Close,Reversed Before Half,1.0,0.1,-1.79,-1.63,1.89,0,15.9,Normal (15-20),2021
2021-12-20,16824.25,16828.5,16410.4,16613.0,Mildly Bearish,Strong Bearish,Bearish,Bearish,Bearish Alignment,None,Top to Down,Against then Recovered,Worked and Remained,Exceeded Half then Reversed,1.0,0.03,-2.46,-1.26,2.49,0,15.9,Normal (15-20),2021
2021-12-21,16773.15,16936.35,16688.65,16786.9,Neutral,Mildly Bearish,Neutral,Bearish,Neutral/Unclear,None,Down to Up,N/A,N/A,N/A,1.0,0.97,-0.5,0.08,1.48,0,15.9,Normal (15-20),2021
2021-12-22,16865.55,16970.6,16819.7,16968.1,Bullish,Bullish,Bullish,Bullish,Bullish Alignment,Strong Bullish Alignment,Down to Up,Against then Recovered,Worked and Remained,Exceeded Half then Reversed,1.0,0.62,-0.27,0.61,0.89,0,15.9,Normal (15-20),2021
2021-12-23,17066.8,17117.95,17016.4,17051.35,Neutral,Strong Bullish,Neutral,Bullish,Neutral/Unclear,None,Top to Down,N/A,N/A,N/A,1.04,0.3,-0.3,-0.09,0.6,1,16.58,Normal (15-20),2021
2021-12-24,17149.5,17151.45,16910.2,16999.9,Neutral,Mildly Bearish,Neutral,Bearish,Neutral/Unclear,None,Top to Down,N/A,N/A,N/A,1.0,0.01,-1.4,-0.87,1.41,0,15.83,Normal (15-20),2021
2021-12-27,16937.75,17111.55,16833.7,17101.95,Neutral,Neutral,Neutral,Neutral,Neutral/Unclear,None,Down to Up,N/A,N/A,N/A,1.0,1.03,-0.61,0.97,1.64,0,15.83,Normal (15-20),2021
2021-12-28,17177.6,17249.4,17161.2,17233.35,Bullish,Strong Bullish,Bullish,Bullish,Bullish Alignment,Strong Bullish Alignment,Down to Up,Against then Recovered,Worked and Remained,Reversed Before Half,1.0,0.42,-0.1,0.32,0.51,0,15.83,Normal (15-20),2021
2021-12-29,17220.1,17285.75,17176.95,17189.55,Neutral,Neutral,Neutral,Neutral,Neutral/Unclear,None,Top to Down,N/A,N/A,N/A,1.0,0.38,-0.25,-0.18,0.63,0,15.83,Normal (15-20),2021
2021-12-30,17201.45,17264.0,17148.8,17228.95,Mildly Bearish,Strong Bearish,Bearish,Bearish,Bearish Alignment,None,Down to Up,Worked then Reversed,Reversed by Close,Reversed Before Half,1.02,0.36,-0.31,0.16,0.67,1,16.24,Normal (15-20),2021
2021-12-31,17244.5,17400.55,17244.5,17364.25,Strong Bullish,Bullish,Bullish,Bullish,Bullish Alignment,Strong Bullish Alignment,Down to Up,Against then Recovered,Worked and Remained,Exceeded Half then Reversed,1.04,0.9,0.0,0.69,0.9,0,16.57,Normal (15-20),2021
2022-01-03,17387.15,17646.1,17387.15,17635.35,Neutral,Mildly Bullish,Neutral,Bullish,Neutral/Unclear,None,Down to Up,N/A,N/A,N/A,1.04,1.49,0.0,1.43,1.49,0,16.57,Normal (15-20),2022
2022-01-04,17681.4,17827.3,17594.25,17807.35,Neutral,Strong Bullish,Neutral,Bullish,Neutral/Unclear,None,Down to Up,N/A,N/A,N/A,1.04,0.83,-0.49,0.71,1.32,0,16.57,Normal (15-20),2022
2022-01-05,17820.1,17944.2,17750.1,17907.7,Neutral,Mildly Bullish,Neutral,Bullish,Neutral/Unclear,None,Down to Up,N/A,N/A,N/A,1.04,0.7,-0.39,0.49,1.09,0,16.57,Normal (15-20),2022
2022-01-06,17768.5,17795.8,17655.9,17746.0,Neutral,Neutral,Neutral,Neutral,Neutral/Unclear,None,Top to Down,N/A,N/A,N/A,1.09,0.15,-0.63,-0.13,0.79,1,17.23,Normal (15-20),2022
2022-01-07,17797.6,17904.65,17705.05,17818.2,Bearish,Strong Bearish,Bearish,Bearish,Bearish Alignment,Strong Bearish Alignment,Down to Up,Worked then Reversed,Reversed by Close,Reversed Before Half,1.13,0.6,-0.52,0.12,1.12,0,17.98,Normal (15-20),2022
2022-01-10,17913.3,18016.8,17879.8,18005.45,Neutral,Bearish,Neutral,Bearish,Neutral/Unclear,None,Down to Up,N/A,N/A,N/A,1.13,0.58,-0.19,0.51,0.76,0,17.98,Normal (15-20),2022
2022-01-11,17997.75,18080.95,17964.9,18059.0,Neutral,Strong Bullish,Neutral,Bullish,Neutral/Unclear,None,Down to Up,N/A,N/A,N/A,1.13,0.46,-0.18,0.34,0.64,0,17.98,Normal (15-20),2022
2022-01-12,18170.4,18227.35,18129.95,18197.6,Neutral,Neutral,Neutral,Neutral,Neutral/Unclear,None,Down to Up,N/A,N/A,N/A,1.13,0.31,-0.22,0.15,0.54,0,17.98,Normal (15-20),2022
2022-01-13,18257.0,18271.55,18164.15,18258.55,Neutral,Mildly Bullish,Neutral,Bullish,Neutral/Unclear,None,Down to Up,N/A,N/A,N/A,1.08,0.08,-0.51,0.01,0.59,1,17.18,Normal (15-20),2022
2022-01-14,18185.0,18286.6,18120.95,18235.5,Neutral,Bearish,Neutral,Bearish,Neutral/Unclear,None,Down to Up,N/A,N/A,N/A,1.05,0.56,-0.35,0.28,0.91,0,16.7,Normal (15-20),2022
2022-01-17,18235.65,18321.05,18234.05,18309.7,Neutral,Bearish,Neutral,Bearish,Neutral/Unclear,None,Down to Up,N/A,N/A,N/A,1.05,0.47,-0.01,0.41,0.48,0,16.7,Normal (15-20),2022
2022-01-18,18337.2,18350.6,18087.45,18113.8,Neutral,Bearish,Neutral,Bearish,Neutral/Unclear,None,Top to Down,N/A,N/A,N/A,1.05,0.07,-1.36,-1.22,1.44,0,16.7,Normal (15-20),2022
2022-01-19,18129.2,18129.2,17885.3,17941.45,Mildly Bearish,Bearish,Bearish,Bearish,Bearish Alignment,None,Top to Down,Against then Recovered,Worked and Remained,Exceeded Half then Reversed,1.05,0.0,-1.35,-1.04,1.35,0,16.7,Normal (15-20),2022
2022-01-20,17921.0,17934.3,17648.85,17782.95,Mildly Bearish,Strong Bearish,Bearish,Bearish,Bearish Alignment,None,Top to Down,Against then Recovered,Worked and Remained,Exceeded Half then Reversed,1.12,0.07,-1.52,-0.77,1.59,1,17.82,Normal (15-20),2022
2022-01-21,17613.7,17707.25,17487.2,17650.45,Bearish,Strong Bullish,Bearish,Bullish,Mixed,None,Down to Up,N/A,N/A,N/A,1.12,0.53,-0.72,0.21,1.25,0,17.79,Normal (15-20),2022
2022-01-24,17575.15,17598.35,16998.45,17112.45,Neutral,Neutral,Neutral,Neutral,Neutral/Unclear,None,Top to Down,N/A,N/A,N/A,1.12,0.13,-3.28,-2.63,3.41,0,17.79,Normal (15-20),2022
2022-01-25,17001.55,17308.9,16837.85,17267.3,Neutral,Strong Bearish,Neutral,Bearish,Neutral/Unclear,None,Down to Up,N/A,N/A,N/A,1.12,1.81,-0.96,1.56,2.77,0,17.79,Normal (15-20),2022
2022-01-28,17208.3,17373.0,17077.75,17106.35,Neutral,Neutral,Neutral,Neutral,Neutral/Unclear,None,Top to Down,N/A,N/A,N/A,1.33,0.96,-0.76,-0.59,1.72,0,21.07,Elevated (20-30),2022
2022-01-31,17301.05,17409.9,17264.35,17338.3,Bearish,Bearish,Bearish,Bearish,Bearish Alignment,Strong Bearish Alignment,Down to Up,Worked then Reversed,Reversed by Close,Reversed Before Half,1.33,0.63,-0.21,0.22,0.84,0,21.07,Elevated (20-30),2022
2022-02-01,17529.45,17622.0,17245.45,17604.65,Mildly Bullish,Neutral,Bullish,Neutral,Neutral/Unclear,None,Down to Up,N/A,N/A,N/A,1.33,0.53,-1.62,0.43,2.15,0,21.07,Elevated (20-30),2022
2022-02-02,17706.2,17793.75,17675.7,17791.6,Mildly Bullish,Neutral,Bullish,Neutral,Neutral/Unclear,None,Down to Up,N/A,N/A,N/A,1.33,0.49,-0.17,0.48,0.67,0,21.07,Elevated (20-30),2022
2022-02-03,17767.75,17774.4,17512.95,17520.25,Bullish,Strong Bullish,Bullish,Bullish,Bullish Alignment,Strong Bullish Alignment,Top to Down,Worked then Reversed,Reversed by Close,Reversed Before Half,1.17,0.04,-1.43,-1.39,1.47,1,18.65,Normal (15-20),2022
2022-02-04,17590.2,17617.3,17463.9,17503.0,Mildly Bearish,Strong Bearish,Bearish,Bearish,Bearish Alignment,None,Top to Down,Against then Recovered,Worked and Remained,Exceeded Half then Reversed,1.21,0.15,-0.72,-0.5,0.87,0,19.16,Normal (15-20),2022
2022-02-07,17456.3,17535.95,17120.35,17210.0,Neutral,Bearish,Neutral,Bearish,Neutral/Unclear,None,Top to Down,N/A,N/A,N/A,1.21,0.46,-1.92,-1.41,2.38,0,19.16,Normal (15-20),2022
2022-02-08,17279.85,17304.65,17043.65,17240.35,Bearish,Strong Bearish,Bearish,Bearish,Bearish Alignment,Strong Bearish Alignment,Top to Down,Against then Recovered,Worked and Remained,Exceeded Half then Reversed,1.21,0.14,-1.37,-0.23,1.51,0,19.16,Normal (15-20),2022
2022-02-09,17370.1,17476.4,17342.3,17471.6,Neutral,Mildly Bullish,Neutral,Bullish,Neutral/Unclear,None,Down to Up,N/A,N/A,N/A,1.21,0.61,-0.16,0.58,0.77,0,19.16,Normal (15-20),2022
2022-02-10,17554.1,17639.25,17427.2,17586.95,Bullish,Strong Bullish,Bullish,Bullish,Bullish Alignment,Strong Bullish Alignment,Down to Up,Against then Recovered,Worked and Remained,Reversed Before Half,1.17,0.49,-0.72,0.19,1.21,1,18.56,Normal (15-20),2022
2022-02-11,17451.0,17451.0,17303.2,17345.55,Bullish,Neutral,Bullish,Neutral,Neutral/Unclear,None,Top to Down,N/A,N/A,N/A,1.12,0.0,-0.85,-0.6,0.85,0,17.71,Normal (15-20),2022
2022-02-14,17076.15,17082.75,16810.0,16819.7,Bearish,Bearish,Bearish,Bearish,Bearish Alignment,Strong Bearish Alignment,Top to Down,Against then Recovered,Worked and Remained,Exceeded Half then Reversed,1.12,0.04,-1.56,-1.5,1.6,0,17.71,Normal (15-20),2022
2022-02-15,16933.25,17374.5,16840.4,17351.85,Neutral,Strong Bearish,Neutral,Bearish,Neutral/Unclear,None,Down to Up,N/A,N/A,N/A,1.12,2.61,-0.55,2.47,3.15,0,17.71,Normal (15-20),2022
2022-02-16,17408.45,17489.9,17258.6,17293.05,Bullish,Strong Bullish,Bullish,Bullish,Bullish Alignment,Strong Bullish Alignment,Top to Down,Worked then Reversed,Reversed by Close,Reversed Before Half,1.12,0.47,-0.86,-0.66,1.33,0,17.71,Normal (15-20),2022
2022-02-17,17396.55,17442.55,17236.3,17280.15,Neutral,Strong Bearish,Neutral,Bearish,Neutral/Unclear,None,Top to Down,N/A,N/A,N/A,1.3,0.26,-0.92,-0.67,1.19,1,20.59,Elevated (20-30),2022
2022-02-18,17236.05,17379.95,17220.2,17268.75,Neutral,Bullish,Neutral,Bullish,Neutral/Unclear,None,Down to Up,N/A,N/A,N/A,1.39,0.83,-0.09,0.19,0.93,0,22.01,Elevated (20-30),2022
2022-02-21,17192.25,17350.8,17071.0,17205.75,Mildly Bullish,Neutral,Bullish,Neutral,Neutral/Unclear,None,Down to Up,N/A,N/A,N/A,1.39,0.92,-0.71,0.08,1.63,0,22.01,Elevated (20-30),2022
2022-02-22,16847.95,17148.5,16847.95,17080.6,Neutral,Neutral,Neutral,Neutral,Neutral/Unclear,None,Down to Up,N/A,N/A,N/A,1.39,1.78,0.0,1.38,1.78,0,22.01,Elevated (20-30),2022
2022-02-23,17194.5,17220.65,17027.9,17054.7,Mildly Bearish,Neutral,Bearish,Neutral,Neutral/Unclear,None,Top to Down,N/A,N/A,N/A,1.39,0.15,-0.97,-0.81,1.12,0,22.01,Elevated (20-30),2022
2022-02-24,16548.9,16702.3,16204.4,16217.75,Mildly Bearish,Strong Bearish,Bearish,Bearish,Bearish Alignment,None,Top to Down,Against then Recovered,Worked and Remained,Exceeded Half then Reversed,1.55,0.93,-2.08,-2.0,3.01,1,24.54,Elevated (20-30),2022
2022-02-25,16515.65,16748.2,16488.95,16668.8,Neutral,Bullish,Neutral,Bullish,Neutral/Unclear,None,Down to Up,N/A,N/A,N/A,2.01,1.41,-0.16,0.93,1.57,0,31.98,High (>30),2022
2022-02-28,16481.6,16814.75,16356.55,16789.45,Strong Bullish,Mildly Bullish,Bullish,Bullish,Bullish Alignment,None,Down to Up,Against then Recovered,Worked and Remained,Exceeded Half then Reversed,2.01,2.02,-0.76,1.87,2.78,0,31.98,High (>30),2022
2022-03-02,16593.1,16677.75,16479.15,16625.85,Neutral,Neutral,Neutral,Neutral,Neutral/Unclear,None,Down to Up,N/A,N/A,N/A,2.01,0.51,-0.69,0.2,1.2,0,31.98,High (>30),2022
2022-03-03,16723.2,16767.95,16443.6,16508.75,Neutral,Neutral,Neutral,Neutral,Neutral/Unclear,None,Top to Down,N/A,N/A,N/A,1.84,0.27,-1.67,-1.28,1.94,1,29.23,Elevated (20-30),2022
2022-03-04,16339.45,16455.55,16134.1,16243.55,Neutral,Strong Bullish,Neutral,Bullish,Neutral/Unclear,None,Top to Down,N/A,N/A,N/A,1.77,0.71,-1.26,-0.59,1.97,0,28.16,Elevated (20-30),2022
2022-03-07,15867.95,16174.45,15713.7,15881.05,Neutral,Bearish,Neutral,Bearish,Neutral/Unclear,None,Down to Up,N/A,N/A,N/A,1.77,1.93,-0.97,0.08,2.9,0,28.16,Elevated (20-30),2022
2022-03-08,15747.75,16027.9,15671.65,16014.65,Bearish,Strong Bearish,Bearish,Bearish,Bearish Alignment,Strong Bearish Alignment,Down to Up,Worked then Reversed,Reversed by Close,Reversed Before Half,1.77,1.78,-0.48,1.69,2.26,0,28.16,Elevated (20-30),2022
2022-03-09,16078.0,16417.45,15992.75,16366.9,Neutral,Bullish,Neutral,Bullish,Neutral/Unclear,None,Down to Up,N/A,N/A,N/A,1.77,2.11,-0.53,1.8,2.64,0,28.16,Elevated (20-30),2022
2022-03-10,16757.1,16757.1,16448.1,16566.3,Mildly Bullish,Bullish,Bullish,Bullish,Bullish Alignment,None,Top to Down,Worked then Reversed,Reversed by Close,Reversed Before Half,1.73,0.0,-1.84,-1.14,1.84,1,27.47,Elevated (20-30),2022
2022-03-11,16528.8,16694.0,16472.55,16620.5,Neutral,Neutral,Neutral,Neutral,Neutral/Unclear,None,Down to Up,N/A,N/A,N/A,1.61,1.0,-0.34,0.55,1.34,0,25.58,Elevated (20-30),2022
2022-03-14,16633.7,16887.9,16607.95,16886.4,Neutral,Neutral,Neutral,Neutral,Neutral/Unclear,None,Down to Up,N/A,N/A,N/A,1.61,1.53,-0.15,1.52,1.68,0,25.58,Elevated (20-30),2022
2022-03-15,16900.65,16926.85,16555.7,16645.0,Neutral,Strong Bullish,Neutral,Bullish,Neutral/Unclear,None,Top to Down,N/A,N/A,N/A,1.61,0.16,-2.04,-1.51,2.2,0,25.58,Elevated (20-30),2022
2022-03-16,16876.65,16987.6,16840.55,16966.35,Bearish,Strong Bearish,Bearish,Bearish,Bearish Alignment,Strong Bearish Alignment,Down to Up,Worked then Reversed,Reversed by Close,Reversed Before Half,1.61,0.66,-0.21,0.53,0.87,0,25.58,Elevated (20-30),2022
2022-03-17,17202.9,17344.6,17176.05,17299.4,Bullish,Strong Bullish,Bullish,Bullish,Bullish Alignment,Strong Bullish Alignment,Down to Up,Against then Recovered,Worked and Remained,Exceeded Half then Reversed,1.52,0.82,-0.16,0.56,0.98,1,24.12,Elevated (20-30),2022
2022-03-21,17329.5,17352.1,17097.35,17113.85,Neutral,Neutral,Neutral,Neutral,Neutral/Unclear,None,Top to Down,N/A,N/A,N/A,1.52,0.13,-1.34,-1.24,1.47,0,24.12,Elevated (20-30),2022
2022-03-22,17120.4,17332.2,17006.4,17329.8,Neutral,Neutral,Neutral,Neutral,Neutral/Unclear,None,Down to Up,N/A,N/A,N/A,1.52,1.24,-0.67,1.22,1.9,0,24.12,Elevated (20-30),2022
2022-03-23,17405.05,17441.7,17200.8,17223.55,Neutral,Strong Bullish,Neutral,Bullish,Neutral/Unclear,None,Top to Down,N/A,N/A,N/A,1.52,0.21,-1.17,-1.04,1.38,0,24.12,Elevated (20-30),2022
2022-03-24,17094.95,17291.45,17094.55,17197.3,Neutral,Strong Bearish,Neutral,Bearish,Neutral/Unclear,None,Down to Up,N/A,N/A,N/A,1.56,1.15,-0.0,0.6,1.15,1,24.75,Elevated (20-30),2022
2022-03-25,17289.0,17289.85,17077.05,17177.95,Neutral,Strong Bullish,Neutral,Bullish,Neutral/Unclear,None,Top to Down,N/A,N/A,N/A,1.51,0.0,-1.23,-0.64,1.23,0,23.93,Elevated (20-30),2022
2022-03-29,17297.2,17342.15,17236.3,17335.75,Bullish,Neutral,Bullish,Neutral,Neutral/Unclear,None,Down to Up,N/A,N/A,N/A,1.51,0.26,-0.35,0.22,0.61,0,23.93,Elevated (20-30),2022
2022-03-30,17468.15,17522.15,17387.95,17471.6,Neutral,Bullish,Neutral,Bullish,Neutral/Unclear,None,Down to Up,N/A,N/A,N/A,1.51,0.31,-0.46,0.02,0.77,0,23.93,Elevated (20-30),2022
2022-03-31,17519.2,17558.9,17435.6,17468.75,Mildly Bullish,Neutral,Bullish,Neutral,Neutral/Unclear,None,Top to Down,N/A,N/A,N/A,1.3,0.23,-0.48,-0.29,0.7,1,20.61,Elevated (20-30),2022
2022-04-01,17436.9,17702.5,17431.7,17688.35,Neutral,Mildly Bearish,Neutral,Bearish,Neutral/Unclear,None,Down to Up,N/A,N/A,N/A,1.3,1.52,-0.03,1.44,1.55,0,20.56,Elevated (20-30),2022
2022-04-04,17809.1,18087.25,17796.25,18036.05,Mildly Bullish,Bullish,Bullish,Bullish,Bullish Alignment,None,Down to Up,Against then Recovered,Worked and Remained,Exceeded Half then Reversed,1.3,1.56,-0.07,1.27,1.63,0,20.56,Elevated (20-30),2022
2022-04-05,18080.6,18095.15,17922.6,17930.75,Mildly Bullish,Mildly Bullish,Bullish,Bullish,Bullish Alignment,None,Top to Down,Worked then Reversed,Reversed by Close,Reversed Before Half,1.3,0.08,-0.87,-0.83,0.95,0,20.56,Elevated (20-30),2022
2022-04-06,17842.75,17900.3,17780.2,17799.3,Bearish,Strong Bearish,Bearish,Bearish,Bearish Alignment,Strong Bearish Alignment,Top to Down,Against then Recovered,Worked and Remained,Reversed Before Half,1.3,0.32,-0.35,-0.24,0.67,0,20.56,Elevated (20-30),2022
2022-04-07,17723.3,17786.95,17624.1,17655.15,Neutral,Strong Bearish,Neutral,Bearish,Neutral/Unclear,None,Top to Down,N/A,N/A,N/A,1.2,0.36,-0.56,-0.38,0.92,1,19.02,Normal (15-20),2022
2022-04-08,17698.15,17842.4,17602.2,17800.3,Bearish,Bullish,Bearish,Bullish,Mixed,None,Down to Up,N/A,N/A,N/A,1.2,0.82,-0.54,0.58,1.36,0,19.0,Normal (15-20),2022
2022-04-11,17740.9,17778.95,17651.15,17679.65,Neutral,Neutral,Neutral,Neutral,Neutral/Unclear,None,Top to Down,N/A,N/A,N/A,1.2,0.21,-0.51,-0.35,0.72,0,19.0,Normal (15-20),2022
2022-04-12,17584.85,17595.15,17443.1,17519.95,Mildly Bearish,Bearish,Bearish,Bearish,Bearish Alignment,None,Top to Down,Against then Recovered,Worked and Remained,Exceeded Half then Reversed,1.2,0.06,-0.81,-0.37,0.86,0,19.0,Normal (15-20),2022
2022-04-13,17599.9,17662.95,17457.45,17467.45,Bearish,Neutral,Bearish,Neutral,Neutral/Unclear,None,Top to Down,N/A,N/A,N/A,1.14,0.36,-0.81,-0.75,1.17,1,18.16,Normal (15-20),2022
2022-04-18,17183.45,17237.25,17068.5,17185.8,Neutral,Neutral,Neutral,Neutral,Neutral/Unclear,None,Down to Up,N/A,N/A,N/A,1.14,0.31,-0.67,0.01,0.98,0,18.16,Normal (15-20),2022
2022-04-19,17258.95,17273.15,16826.05,16869.15,Neutral,Neutral,Neutral,Neutral,Neutral/Unclear,None,Top to Down,N/A,N/A,N/A,1.14,0.08,-2.51,-2.26,2.59,0,18.16,Normal (15-20),2022
2022-04-20,17045.25,17186.5,16979.1,17149.6,Neutral,Bearish,Neutral,Bearish,Neutral/Unclear,None,Down to Up,N/A,N/A,N/A,1.14,0.83,-0.39,0.61,1.22,0,18.16,Normal (15-20),2022
2022-04-21,17234.6,17414.35,17216.2,17400.1,Neutral,Bullish,Neutral,Bullish,Neutral/Unclear,None,Down to Up,N/A,N/A,N/A,1.18,1.04,-0.11,0.96,1.15,1,18.67,Normal (15-20),2022
2022-04-22,17242.75,17315.05,17149.75,17172.1,Neutral,Strong Bullish,Neutral,Bullish,Neutral/Unclear,None,Top to Down,N/A,N/A,N/A,1.12,0.42,-0.54,-0.41,0.96,0,17.85,Normal (15-20),2022
2022-04-25,17009.05,17053.95,16888.85,16983.2,Bearish,Strong Bearish,Bearish,Bearish,Bearish Alignment,Strong Bearish Alignment,Top to Down,Against then Recovered,Worked and Remained,Exceeded Half then Reversed,1.12,0.26,-0.71,-0.15,0.97,0,17.85,Normal (15-20),2022
2022-04-26,17121.3,17223.4,17065.3,17201.45,Neutral,Bullish,Neutral,Bullish,Neutral/Unclear,None,Down to Up,N/A,N/A,N/A,1.12,0.6,-0.33,0.47,0.92,0,17.85,Normal (15-20),2022
2022-04-27,17073.35,17109.5,16958.65,17037.65,Neutral,Neutral,Neutral,Neutral,Neutral/Unclear,None,Top to Down,N/A,N/A,N/A,1.12,0.21,-0.67,-0.21,0.88,0,17.85,Normal (15-20),2022
2022-04-28,17189.5,17322.5,17071.2,17231.35,Mildly Bearish,Strong Bearish,Bearish,Bearish,Bearish Alignment,None,Down to Up,Worked then Reversed,Reversed by Close,Exceeded Half then Reversed,1.3,0.77,-0.69,0.24,1.46,1,20.61,Elevated (20-30),2022
2022-04-29,17329.25,17377.3,17054.0,17111.6,Strong Bullish,Strong Bullish,Bullish,Bullish,Bullish Alignment,Strong Bullish Alignment,Top to Down,Worked then Reversed,Reversed by Close,Reversed Before Half,1.22,0.28,-1.59,-1.26,1.87,0,19.38,Normal (15-20),2022
2022-05-02,16924.45,17091.85,16919.4,17064.7,Neutral,Strong Bearish,Neutral,Bearish,Neutral/Unclear,None,Down to Up,N/A,N/A,N/A,1.22,0.99,-0.03,0.83,1.02,0,19.38,Normal (15-20),2022
2022-05-04,17096.6,17129.25,16624.7,16694.7,Neutral,Neutral,Neutral,Neutral,Neutral/Unclear,None,Top to Down,N/A,N/A,N/A,1.22,0.19,-2.76,-2.35,2.95,0,19.38,Normal (15-20),2022
2022-05-05,16854.75,16944.4,16652.8,16669.2,Neutral,Neutral,Neutral,Neutral,Neutral/Unclear,None,Top to Down,N/A,N/A,N/A,1.38,0.53,-1.2,-1.1,1.73,1,21.88,Elevated (20-30),2022
2022-05-06,16415.55,16483.95,16342.45,16438.25,Bullish,Strong Bullish,Bullish,Bullish,Bullish Alignment,Strong Bullish Alignment,Down to Up,Against then Recovered,Worked and Remained,Reversed Before Half,1.28,0.42,-0.45,0.14,0.86,0,20.29,Elevated (20-30),2022
2022-05-09,16227.7,16403.15,16142.65,16308.4,Bearish,Bearish,Bearish,Bearish,Bearish Alignment,Strong Bearish Alignment,Down to Up,Worked then Reversed,Reversed by Close,Reversed Before Half,1.28,1.08,-0.52,0.5,1.61,0,20.29,Elevated (20-30),2022
2022-05-10,16248.9,16404.45,16198.55,16207.75,Neutral,Mildly Bearish,Neutral,Bearish,Neutral/Unclear,None,Top to Down,N/A,N/A,N/A,1.28,0.96,-0.31,-0.25,1.27,0,20.29,Elevated (20-30),2022
2022-05-11,16270.05,16316.7,15993.0,16202.25,Neutral,Neutral,Neutral,Neutral,Neutral/Unclear,None,Top to Down,N/A,N/A,N/A,1.28,0.29,-1.7,-0.42,1.99,0,20.29,Elevated (20-30),2022
2022-05-12,16021.1,16035.2,15737.35,15826.45,Neutral,Bullish,Neutral,Bullish,Neutral/Unclear,None,Top to Down,N/A,N/A,N/A,1.44,0.09,-1.77,-1.21,1.86,1,22.8,Elevated (20-30),2022
2022-05-13,15977.0,16083.2,15741.05,15767.15,Bearish,Neutral,Bearish,Neutral,Neutral/Unclear,None,Top to Down,N/A,N/A,N/A,1.53,0.66,-1.48,-1.31,2.14,0,24.27,Elevated (20-30),2022
2022-05-16,15845.1,15977.25,15741.35,15864.5,Bullish,Bearish,Bullish,Bearish,Mixed,None,Down to Up,N/A,N/A,N/A,1.53,0.83,-0.65,0.12,1.49,0,24.27,Elevated (20-30),2022
2022-05-17,15912.6,16282.6,15908.4,16282.6,Neutral,Bullish,Neutral,Bullish,Neutral/Unclear,None,Down to Up,N/A,N/A,N/A,1.53,2.33,-0.03,2.33,2.35,0,24.27,Elevated (20-30),2022
2022-05-18,16318.15,16399.55,16211.8,16256.45,Bullish,Strong Bullish,Bullish,Bullish,Bullish Alignment,Strong Bullish Alignment,Top to Down,Worked then Reversed,Reversed by Close,Reversed Before Half,1.53,0.5,-0.65,-0.38,1.15,0,24.27,Elevated (20-30),2022
2022-05-19,15917.4,15983.45,15776.35,15828.45,Bearish,Strong Bearish,Bearish,Bearish,Bearish Alignment,Strong Bearish Alignment,Top to Down,Against then Recovered,Worked and Remained,Exceeded Half then Reversed,1.4,0.41,-0.89,-0.56,1.3,1,22.3,Elevated (20-30),2022
2022-05-20,16043.8,16282.4,16004.85,16278.7,Neutral,Neutral,Neutral,Neutral,Neutral/Unclear,None,Down to Up,N/A,N/A,N/A,1.55,1.49,-0.24,1.46,1.73,0,24.56,Elevated (20-30),2022
2022-05-23,16290.95,16414.35,16187.45,16191.65,Strong Bullish,Strong Bullish,Bullish,Bullish,Bullish Alignment,Strong Bullish Alignment,Top to Down,Worked then Reversed,Reversed by Close,Reversed Before Half,1.55,0.76,-0.64,-0.61,1.39,0,24.56,Elevated (20-30),2022
2022-05-24,16225.55,16261.7,16079.1,16139.5,Neutral,Strong Bearish,Neutral,Bearish,Neutral/Unclear,None,Top to Down,N/A,N/A,N/A,1.55,0.22,-0.9,-0.53,1.13,0,24.56,Elevated (20-30),2022
2022-05-25,16196.35,16222.95,16007.25,16037.8,Mildly Bullish,Neutral,Bullish,Neutral,Neutral/Unclear,None,Top to Down,N/A,N/A,N/A,1.55,0.16,-1.17,-0.98,1.33,0,24.56,Elevated (20-30),2022
2022-05-26,16105.0,16203.4,15904.15,16201.55,Mildly Bearish,Strong Bearish,Bearish,Bearish,Bearish Alignment,None,Down to Up,Worked then Reversed,Reversed by Close,Exceeded Half then Reversed,1.59,0.61,-1.25,0.6,1.86,1,25.28,Elevated (20-30),2022
2022-05-30,16527.9,16695.2,16515.5,16668.2,Neutral,Bullish,Neutral,Bullish,Neutral/Unclear,None,Down to Up,N/A,N/A,N/A,1.59,1.01,-0.08,0.85,1.09,0,25.28,Elevated (20-30),2022
2022-05-31,16578.45,16690.65,16522.2,16578.25,Neutral,Neutral,Neutral,Neutral,Neutral/Unclear,None,Top to Down,N/A,N/A,N/A,1.59,0.68,-0.34,-0.0,1.02,0,25.28,Elevated (20-30),2022
2022-06-01,16594.4,16648.5,16439.05,16540.8,Mildly Bearish,Strong Bearish,Bearish,Bearish,Bearish Alignment,None,Top to Down,Against then Recovered,Worked and Remained,Exceeded Half then Reversed,1.59,0.33,-0.94,-0.32,1.26,0,25.28,Elevated (20-30),2022
2022-06-02,16481.65,16645.75,16445.2,16637.4,Bearish,Neutral,Bearish,Neutral,Neutral/Unclear,None,Down to Up,N/A,N/A,N/A,1.31,1.0,-0.22,0.94,1.22,1,20.85,Elevated (20-30),2022
2022-06-03,16761.65,16793.25,16568.5,16583.6,Neutral,Bullish,Neutral,Bullish,Neutral/Unclear,None,Top to Down,N/A,N/A,N/A,1.28,0.19,-1.15,-1.06,1.34,0,20.32,Elevated (20-30),2022
2022-06-06,16530.7,16610.85,16445.65,16563.65,Mildly Bearish,Strong Bearish,Bearish,Bearish,Bearish Alignment,None,Down to Up,Worked then Reversed,Reversed by Close,Reversed Before Half,1.28,0.48,-0.51,0.2,1.0,0,20.32,Elevated (20-30),2022
2022-06-07,16469.6,16473.7,16347.8,16404.45,Neutral,Mildly Bullish,Neutral,Bullish,Neutral/Unclear,None,Top to Down,N/A,N/A,N/A,1.28,0.02,-0.74,-0.4,0.76,0,20.32,Elevated (20-30),2022
2022-06-08,16474.95,16513.45,16294.25,16335.4,Bearish,Strong Bearish,Bearish,Bearish,Bearish Alignment,Strong Bearish Alignment,Top to Down,Against then Recovered,Worked and Remained,Exceeded Half then Reversed,1.28,0.23,-1.1,-0.85,1.33,0,20.32,Elevated (20-30),2022
2022-06-09,16263.85,16492.5,16246.1,16481.8,Neutral,Bearish,Neutral,Bearish,Neutral/Unclear,None,Down to Up,N/A,N/A,N/A,1.25,1.41,-0.11,1.34,1.52,1,19.84,Normal (15-20),2022
2022-06-10,16283.95,16324.4,16173.25,16191.45,Mildly Bullish,Strong Bullish,Bullish,Bullish,Bullish Alignment,None,Top to Down,Worked then Reversed,Reversed by Close,Reversed Before Half,1.21,0.25,-0.68,-0.57,0.93,0,19.14,Normal (15-20),2022
2022-06-13,15877.55,15881.1,15684.4,15800.95,Strong Bearish,Strong Bearish,Bearish,Bearish,Bearish Alignment,Strong Bearish Alignment,Top to Down,Against then Recovered,Worked and Remained,Exceeded Half then Reversed,1.21,0.02,-1.22,-0.48,1.24,0,19.14,Normal (15-20),2022
2022-06-14,15674.25,15857.85,15660.95,15741.95,Neutral,Bearish,Neutral,Bearish,Neutral/Unclear,None,Down to Up,N/A,N/A,N/A,1.21,1.17,-0.08,0.43,1.26,0,19.14,Normal (15-20),2022
2022-06-15,15729.25,15783.45,15679.7,15682.9,Bearish,Mildly Bearish,Bearish,Bearish,Bearish Alignment,None,Top to Down,Against then Recovered,Worked and Remained,Reversed Before Half,1.21,0.34,-0.32,-0.29,0.66,0,19.14,Normal (15-20),2022
2022-06-16,15832.25,15862.25,15335.8,15348.2,Neutral,Mildly Bullish,Neutral,Bullish,Neutral/Unclear,None,Top to Down,N/A,N/A,N/A,1.4,0.19,-3.14,-3.06,3.33,1,22.15,Elevated (20-30),2022
2022-06-17,15272.65,15399.05,15185.55,15330.75,Neutral,Strong Bullish,Neutral,Bullish,Neutral/Unclear,None,Down to Up,N/A,N/A,N/A,1.44,0.83,-0.57,0.38,1.4,0,22.87,Elevated (20-30),2022
2022-06-20,15334.5,15382.0,15192.5,15368.9,Mildly Bullish,Neutral,Bullish,Neutral,Neutral/Unclear,None,Down to Up,N/A,N/A,N/A,1.44,0.31,-0.93,0.22,1.24,0,22.87,Elevated (20-30),2022
2022-06-21,15455.95,15707.25,15420.4,15634.15,Neutral,Neutral,Neutral,Neutral,Neutral/Unclear,None,Down to Up,N/A,N/A,N/A,1.44,1.63,-0.23,1.15,1.86,0,22.87,Elevated (20-30),2022
2022-06-22,15545.65,15558.05,15386.4,15401.1,Mildly Bullish,Strong Bullish,Bullish,Bullish,Bullish Alignment,None,Top to Down,Worked then Reversed,Reversed by Close,Reversed Before Half,1.44,0.08,-1.02,-0.93,1.1,0,22.87,Elevated (20-30),2022
2022-06-23,15451.55,15628.25,15368.45,15577.55,Neutral,Strong Bearish,Neutral,Bearish,Neutral/Unclear,None,Down to Up,N/A,N/A,N/A,1.34,1.14,-0.54,0.82,1.68,1,21.3,Elevated (20-30),2022
2022-06-24,15657.4,15747.4,15619.8,15698.95,Neutral,Strong Bullish,Neutral,Bullish,Neutral/Unclear,None,Down to Up,N/A,N/A,N/A,1.32,0.57,-0.24,0.27,0.81,0,20.88,Elevated (20-30),2022
2022-06-27,15926.2,15926.5,15816.25,15836.1,Neutral,Neutral,Neutral,Neutral,Neutral/Unclear,None,Top to Down,N/A,N/A,N/A,1.32,0.0,-0.69,-0.57,0.69,0,20.88,Elevated (20-30),2022
2022-06-28,15757.45,15887.75,15710.45,15883.0,Neutral,Bearish,Neutral,Bearish,Neutral/Unclear,None,Down to Up,N/A,N/A,N/A,1.32,0.83,-0.3,0.8,1.13,0,20.88,Elevated (20-30),2022
2022-06-29,15701.7,15861.3,15689.1,15783.35,Neutral,Neutral,Neutral,Neutral,Neutral/Unclear,None,Down to Up,N/A,N/A,N/A,1.32,1.02,-0.08,0.52,1.1,0,20.88,Elevated (20-30),2022
2022-06-30,15774.5,15889.65,15732.05,15735.9,Neutral,Bearish,Neutral,Bearish,Neutral/Unclear,None,Top to Down,N/A,N/A,N/A,1.38,0.73,-0.27,-0.24,1.0,1,21.9,Elevated (20-30),2022
2022-07-01,15703.7,15791.7,15511.85,15764.0,Bullish,Strong Bullish,Bullish,Bullish,Bullish Alignment,Strong Bullish Alignment,Down to Up,Against then Recovered,Worked and Remained,Reversed Before Half,1.38,0.56,-1.22,0.38,1.78,0,21.84,Elevated (20-30),2022
2022-07-04,15710.5,15852.3,15662.5,15829.15,Mildly Bearish,Strong Bullish,Bearish,Bullish,Mixed,None,Down to Up,N/A,N/A,N/A,1.38,0.9,-0.31,0.76,1.21,0,21.84,Elevated (20-30),2022
2022-07-05,15909.15,16025.75,15785.7,15799.95,Neutral,Mildly Bullish,Neutral,Bullish,Neutral/Unclear,None,Top to Down,N/A,N/A,N/A,1.38,0.73,-0.78,-0.69,1.51,0,21.84,Elevated (20-30),2022
2022-07-06,15818.2,16010.8,15801.5,16007.85,Neutral,Strong Bearish,Neutral,Bearish,Neutral/Unclear,None,Down to Up,N/A,N/A,N/A,1.38,1.22,-0.11,1.2,1.32,0,21.84,Elevated (20-30),2022
2022-07-07,16113.75,16150.05,16047.05,16136.85,Bullish,Strong Bullish,Bullish,Bullish,Bullish Alignment,Strong Bullish Alignment,Down to Up,Against then Recovered,Worked and Remained,Reversed Before Half,1.28,0.23,-0.41,0.14,0.64,1,20.27,Elevated (20-30),2022
2022-07-08,16273.65,16273.65,16157.9,16217.5,Neutral,Strong Bearish,Neutral,Bearish,Neutral/Unclear,None,Top to Down,N/A,N/A,N/A,1.21,0.0,-0.71,-0.35,0.71,0,19.2,Normal (15-20),2022
2022-07-11,16136.15,16248.4,16115.65,16199.05,Bullish,Mildly Bearish,Bullish,Bearish,Mixed,None,Down to Up,N/A,N/A,N/A,1.21,0.7,-0.13,0.39,0.82,0,19.2,Normal (15-20),2022
2022-07-12,16126.2,16158.65,16032.25,16037.75,Neutral,Mildly Bullish,Neutral,Bullish,Neutral/Unclear,None,Top to Down,N/A,N/A,N/A,1.21,0.2,-0.58,-0.55,0.78,0,19.2,Normal (15-20),2022
2022-07-13,16128.2,16139.85,15950.55,15975.75,Strong Bearish,Strong Bearish,Bearish,Bearish,Bearish Alignment,Strong Bearish Alignment,Top to Down,Against then Recovered,Worked and Remained,Exceeded Half then Reversed,1.21,0.07,-1.1,-0.95,1.17,0,19.2,Normal (15-20),2022
2022-07-14,16018.85,16070.5,15859.2,15947.95,Bearish,Bearish,Bearish,Bearish,Bearish Alignment,Strong Bearish Alignment,Top to Down,Against then Recovered,Worked and Remained,Exceeded Half then Reversed,1.17,0.32,-1.0,-0.44,1.32,1,18.52,Normal (15-20),2022
2022-07-15,16010.8,16066.45,15927.45,16052.85,Bullish,Strong Bullish,Bullish,Bullish,Bullish Alignment,Strong Bullish Alignment,Down to Up,Against then Recovered,Worked and Remained,Reversed Before Half,1.16,0.35,-0.52,0.26,0.87,0,18.34,Normal (15-20),2022
2022-07-18,16151.4,16286.8,16146.65,16281.4,Neutral,Bullish,Neutral,Bullish,Neutral/Unclear,None,Down to Up,N/A,N/A,N/A,1.16,0.84,-0.03,0.8,0.87,0,18.34,Normal (15-20),2022
2022-07-19,16187.05,16359.15,16187.05,16329.3,Strong Bullish,Strong Bullish,Bullish,Bullish,Bullish Alignment,Strong Bullish Alignment,Down to Up,Against then Recovered,Worked and Remained,Exceeded Half then Reversed,1.16,1.06,0.0,0.88,1.06,0,18.34,Normal (15-20),2022
2022-07-20,16562.8,16588.0,16491.15,16495.8,Neutral,Bullish,Neutral,Bullish,Neutral/Unclear,None,Top to Down,N/A,N/A,N/A,1.16,0.15,-0.43,-0.4,0.58,0,18.34,Normal (15-20),2022
2022-07-21,16523.55,16624.15,16485.85,16609.8,Neutral,Bearish,Neutral,Bearish,Neutral/Unclear,None,Down to Up,N/A,N/A,N/A,1.06,0.61,-0.23,0.52,0.84,1,16.82,Normal (15-20),2022
2022-07-22,16661.25,16752.25,16611.0,16714.3,Bullish,Bearish,Bullish,Bearish,Mixed,None,Down to Up,N/A,N/A,N/A,1.06,0.55,-0.3,0.32,0.85,0,16.86,Normal (15-20),2022
2022-07-25,16662.55,16704.95,16564.5,16610.05,Mildly Bullish,Bullish,Bullish,Bullish,Bullish Alignment,None,Top to Down,Worked then Reversed,Reversed by Close,Reversed Before Half,1.06,0.25,-0.59,-0.32,0.84,0,16.86,Normal (15-20),2022
2022-07-27,16475.35,16652.55,16439.7,16642.75,Mildly Bearish,Strong Bearish,Bearish,Bearish,Bearish Alignment,None,Down to Up,Worked then Reversed,Reversed by Close,Reversed Before Half,1.06,1.08,-0.22,1.02,1.29,0,16.86,Normal (15-20),2022
2022-07-28,16774.85,16943.6,16748.3,16922.05,Strong Bullish,Strong Bullish,Bullish,Bullish,Bullish Alignment,Strong Bullish Alignment,Down to Up,Against then Recovered,Worked and Remained,Exceeded Half then Reversed,1.14,1.01,-0.16,0.88,1.16,1,18.13,Normal (15-20),2022
2022-07-29,17079.5,17172.2,17018.35,17157.95,Bullish,Strong Bearish,Bullish,Bearish,Mixed,None,Down to Up,N/A,N/A,N/A,1.07,0.54,-0.36,0.46,0.9,0,17.01,Normal (15-20),2022
2022-08-01,17243.2,17355.65,17156.3,17332.3,Neutral,Neutral,Neutral,Neutral,Neutral/Unclear,None,Down to Up,N/A,N/A,N/A,1.07,0.65,-0.5,0.52,1.16,0,17.01,Normal (15-20),2022
2022-08-02,17310.15,17389.7,17217.4,17294.85,Bullish,Strong Bullish,Bullish,Bullish,Bullish Alignment,Strong Bullish Alignment,Top to Down,Worked then Reversed,Reversed by Close,Reversed Before Half,1.07,0.46,-0.54,-0.09,1.0,0,17.01,Normal (15-20),2022
2022-08-03,17349.25,17406.4,17226.0,17392.9,Bearish,Bearish,Bearish,Bearish,Bearish Alignment,Strong Bearish Alignment,Down to Up,Worked then Reversed,Reversed by Close,Exceeded Half then Reversed,1.07,0.33,-0.71,0.25,1.04,0,17.01,Normal (15-20),2022
2022-08-04,17463.1,17489.25,17161.8,17364.0,Neutral,Bullish,Neutral,Bullish,Neutral/Unclear,None,Top to Down,N/A,N/A,N/A,1.16,0.15,-1.73,-0.57,1.88,1,18.45,Normal (15-20),2022
2022-08-05,17423.65,17474.1,17349.6,17389.05,Neutral,Strong Bearish,Neutral,Bearish,Neutral/Unclear,None,Top to Down,N/A,N/A,N/A,1.21,0.29,-0.42,-0.2,0.71,0,19.26,Normal (15-20),2022
2022-08-08,17401.5,17548.7,17361.0,17527.85,Neutral,Neutral,Neutral,Neutral,Neutral/Unclear,None,Down to Up,N/A,N/A,N/A,1.21,0.85,-0.23,0.73,1.08,0,19.26,Normal (15-20),2022
2022-08-10,17566.1,17566.1,17443.55,17523.75,Neutral,Neutral,Neutral,Neutral,Neutral/Unclear,None,Top to Down,N/A,N/A,N/A,1.21,0.0,-0.7,-0.24,0.7,0,19.26,Normal (15-20),2022
2022-08-11,17711.65,17716.65,17632.35,17638.65,Neutral,Neutral,Neutral,Neutral,Neutral/Unclear,None,Top to Down,N/A,N/A,N/A,1.23,0.03,-0.45,-0.41,0.48,1,19.59,Normal (15-20),2022
2022-08-12,17659.65,17724.25,17598.15,17698.65,Bullish,Neutral,Bullish,Neutral,Neutral/Unclear,None,Down to Up,N/A,N/A,N/A,1.16,0.37,-0.35,0.22,0.71,0,18.36,Normal (15-20),2022
2022-08-16,17797.2,17838.75,17764.6,17828.3,Neutral,Neutral,Neutral,Neutral,Neutral/Unclear,None,Down to Up,N/A,N/A,N/A,1.16,0.23,-0.18,0.17,0.42,0,18.36,Normal (15-20),2022
2022-08-17,17868.15,17965.4,17834.6,17930.95,Neutral,Neutral,Neutral,Neutral,Neutral/Unclear,None,Down to Up,N/A,N/A,N/A,1.16,0.54,-0.19,0.35,0.73,0,18.36,Normal (15-20),2022
2022-08-18,17898.65,17967.55,17852.5,17964.45,Neutral,Strong Bullish,Neutral,Bullish,Neutral/Unclear,None,Down to Up,N/A,N/A,N/A,1.11,0.38,-0.26,0.37,0.64,1,17.68,Normal (15-20),2022
2022-08-19,17966.55,17989.15,17711.15,17726.95,Mildly Bearish,Strong Bearish,Bearish,Bearish,Bearish Alignment,None,Top to Down,Against then Recovered,Worked and Remained,Exceeded Half then Reversed,1.09,0.13,-1.42,-1.33,1.55,0,17.35,Normal (15-20),2022
2022-08-22,17682.9,17687.55,17468.1,17494.35,Strong Bearish,Strong Bearish,Bearish,Bearish,Bearish Alignment,Strong Bearish Alignment,Top to Down,Against then Recovered,Worked and Remained,Exceeded Half then Reversed,1.09,0.03,-1.21,-1.07,1.24,0,17.35,Normal (15-20),2022
2022-08-23,17357.35,17624.5,17346.95,17623.35,Neutral,Bearish,Neutral,Bearish,Neutral/Unclear,None,Down to Up,N/A,N/A,N/A,1.09,1.54,-0.06,1.53,1.6,0,17.35,Normal (15-20),2022
2022-08-24,17525.45,17622.15,17499.9,17607.55,Neutral,Strong Bullish,Neutral,Bullish,Neutral/Unclear,None,Down to Up,N/A,N/A,N/A,1.09,0.55,-0.15,0.47,0.7,0,17.35,Normal (15-20),2022
2022-08-25,17679.0,17726.4,17488.6,17508.2,Neutral,Neutral,Neutral,Neutral,Neutral/Unclear,None,Top to Down,N/A,N/A,N/A,1.16,0.27,-1.08,-0.97,1.35,1,18.43,Normal (15-20),2022
2022-08-26,17619.3,17685.2,17520.15,17582.9,Bullish,Neutral,Bullish,Neutral,Neutral/Unclear,None,Top to Down,N/A,N/A,N/A,1.23,0.37,-0.56,-0.21,0.94,0,19.57,Normal (15-20),2022
2022-08-29,17188.65,17379.6,17168.25,17339.1,Neutral,Neutral,Neutral,Neutral,Neutral/Unclear,None,Down to Up,N/A,N/A,N/A,1.23,1.11,-0.12,0.88,1.23,0,19.57,Normal (15-20),2022
2022-08-30,17414.95,17776.85,17409.7,17744.2,Neutral,Mildly Bearish,Neutral,Bearish,Neutral/Unclear,None,Down to Up,N/A,N/A,N/A,1.23,2.08,-0.03,1.89,2.11,0,19.57,Normal (15-20),2022
2022-09-01,17485.7,17695.5,17469.0,17563.25,Neutral,Neutral,Neutral,Neutral,Neutral/Unclear,None,Down to Up,N/A,N/A,N/A,1.18,1.2,-0.1,0.44,1.3,1,18.7,Normal (15-20),2022
2022-09-02,17598.4,17643.0,17477.1,17527.85,Neutral,Neutral,Neutral,Neutral,Neutral/Unclear,None,Top to Down,N/A,N/A,N/A,1.25,0.25,-0.69,-0.4,0.94,0,19.87,Normal (15-20),2022
2022-09-05,17546.45,17682.95,17546.45,17653.9,Mildly Bearish,Mildly Bearish,Bearish,Bearish,Bearish Alignment,None,Down to Up,Worked then Reversed,Reversed by Close,Reversed Before Half,1.25,0.78,0.0,0.61,0.78,0,19.87,Normal (15-20),2022
2022-09-06,17695.7,17764.0,17587.95,17651.6,Bullish,Strong Bullish,Bullish,Bullish,Bullish Alignment,Strong Bullish Alignment,Top to Down,Worked then Reversed,Reversed by Close,Reversed Before Half,1.25,0.39,-0.61,-0.25,0.99,0,19.87,Normal (15-20),2022
2022-09-07,17519.4,17650.7,17519.4,17629.5,Bearish,Strong Bearish,Bearish,Bearish,Bearish Alignment,Strong Bearish Alignment,Down to Up,Worked then Reversed,Reversed by Close,Reversed Before Half,1.25,0.75,0.0,0.63,0.75,0,19.87,Normal (15-20),2022
2022-09-08,17748.15,17806.95,17692.9,17800.1,Mildly Bearish,Mildly Bearish,Bearish,Bearish,Bearish Alignment,None,Down to Up,Worked then Reversed,Reversed by Close,Reversed Before Half,1.22,0.33,-0.31,0.29,0.64,1,19.37,Normal (15-20),2022
2022-09-09,17923.35,17925.3,17786.15,17829.3,Bullish,Strong Bullish,Bullish,Bullish,Bullish Alignment,Strong Bullish Alignment,Top to Down,Worked then Reversed,Reversed by Close,Reversed Before Half,1.15,0.01,-0.77,-0.52,0.78,0,18.31,Normal (15-20),2022
2022-09-12,17890.85,17980.2,17890.85,17931.6,Mildly Bearish,Strong Bearish,Bearish,Bearish,Bearish Alignment,None,Down to Up,Worked then Reversed,Reversed by Close,Reversed Before Half,1.15,0.5,0.0,0.23,0.5,0,18.31,Normal (15-20),2022
2022-09-13,18044.45,18087.95,18016.05,18066.5,Bullish,Bullish,Bullish,Bullish,Bullish Alignment,Strong Bullish Alignment,Down to Up,Against then Recovered,Worked and Remained,Reversed Before Half,1.15,0.24,-0.16,0.12,0.4,0,18.31,Normal (15-20),2022
2022-09-14,17771.15,18090.65,17771.15,18000.65,Strong Bullish,Strong Bullish,Bullish,Bullish,Bullish Alignment,Strong Bullish Alignment,Down to Up,Against then Recovered,Worked and Remained,Exceeded Half then Reversed,1.15,1.8,0.0,1.29,1.8,0,18.31,Normal (15-20),2022
2022-09-15,18046.35,18095.4,17861.95,17872.3,Strong Bearish,Mildly Bearish,Bearish,Bearish,Bearish Alignment,None,Top to Down,Against then Recovered,Worked and Remained,Exceeded Half then Reversed,1.15,0.27,-1.02,-0.96,1.29,1,18.28,Normal (15-20),2022
2022-09-16,17796.8,17815.8,17498.7,17550.1,Mildly Bearish,Strong Bearish,Bearish,Bearish,Bearish Alignment,None,Top to Down,Against then Recovered,Worked and Remained,Exceeded Half then Reversed,1.16,0.11,-1.68,-1.39,1.78,0,18.39,Normal (15-20),2022
2022-09-19,17540.65,17665.95,17431.0,17631.85,Neutral,Strong Bearish,Neutral,Bearish,Neutral/Unclear,None,Down to Up,N/A,N/A,N/A,1.16,0.71,-0.63,0.52,1.34,0,18.39,Normal (15-20),2022
2022-09-20,17770.4,17918.45,17761.95,17791.25,Mildly Bullish,Strong Bullish,Bullish,Bullish,Bullish Alignment,None,Down to Up,Against then Recovered,Worked and Remained,Exceeded Half then Reversed,1.16,0.83,-0.05,0.12,0.88,0,18.39,Normal (15-20),2022
2022-09-21,17766.35,17838.7,17663.7,17715.9,Mildly Bullish,Strong Bullish,Bullish,Bullish,Bullish Alignment,None,Top to Down,Worked then Reversed,Reversed by Close,Reversed Before Half,1.16,0.41,-0.58,-0.28,0.99,0,18.39,Normal (15-20),2022
2022-09-22,17609.65,17722.65,17532.7,17635.95,Bearish,Strong Bearish,Bearish,Bearish,Bearish Alignment,Strong Bearish Alignment,Down to Up,Worked then Reversed,Reversed by Close,Reversed Before Half,1.22,0.64,-0.44,0.15,1.08,1,19.33,Normal (15-20),2022
2022-09-23,17593.85,17640.45,17293.0,17332.25,Mildly Bearish,Neutral,Bearish,Neutral,Neutral/Unclear,None,Top to Down,N/A,N/A,N/A,1.19,0.26,-1.71,-1.49,1.97,0,18.82,Normal (15-20),2022
2022-09-26,17156.3,17195.75,16979.1,17027.85,Bearish,Strong Bearish,Bearish,Bearish,Bearish Alignment,Strong Bearish Alignment,Top to Down,Against then Recovered,Worked and Remained,Exceeded Half then Reversed,1.19,0.23,-1.03,-0.75,1.26,0,18.82,Normal (15-20),2022
2022-09-27,17110.9,17175.6,16943.3,17043.45,Neutral,Mildly Bearish,Neutral,Bearish,Neutral/Unclear,None,Top to Down,N/A,N/A,N/A,1.19,0.38,-0.98,-0.39,1.36,0,18.82,Normal (15-20),2022
2022-09-28,16870.55,17037.55,16820.9,16826.15,Neutral,Neutral,Neutral,Neutral,Neutral/Unclear,None,Top to Down,N/A,N/A,N/A,1.19,0.99,-0.29,-0.26,1.28,0,18.82,Normal (15-20),2022
2022-09-29,16993.6,17025.85,16788.95,16842.9,Neutral,Neutral,Neutral,Neutral,Neutral/Unclear,None,Top to Down,N/A,N/A,N/A,1.39,0.19,-1.2,-0.89,1.39,1,22.1,Elevated (20-30),2022
2022-09-30,16798.05,17186.8,16748.7,17107.2,Neutral,Strong Bullish,Neutral,Bullish,Neutral/Unclear,None,Down to Up,N/A,N/A,N/A,1.34,2.31,-0.29,1.84,2.61,0,21.3,Elevated (20-30),2022
2022-10-03,17102.1,17113.15,16855.6,16876.0,Bullish,Strong Bullish,Bullish,Bullish,Bullish Alignment,Strong Bullish Alignment,Top to Down,Worked then Reversed,Reversed by Close,Reversed Before Half,1.34,0.06,-1.44,-1.32,1.51,0,21.3,Elevated (20-30),2022
2022-10-04,17147.45,17284.45,17126.85,17277.45,Strong Bearish,Strong Bearish,Bearish,Bearish,Bearish Alignment,Strong Bearish Alignment,Down to Up,Worked then Reversed,Reversed by Close,Reversed Before Half,1.34,0.8,-0.12,0.76,0.92,0,21.3,Elevated (20-30),2022
2022-10-06,17379.25,17428.3,17317.0,17317.0,Neutral,Neutral,Neutral,Neutral,Neutral/Unclear,None,Top to Down,N/A,N/A,N/A,1.23,0.28,-0.36,-0.36,0.64,1,19.57,Normal (15-20),2022
2022-10-07,17287.2,17336.95,17217.5,17316.15,Neutral,Neutral,Neutral,Neutral,Neutral/Unclear,None,Down to Up,N/A,N/A,N/A,1.22,0.29,-0.4,0.17,0.69,0,19.32,Normal (15-20),2022
2022-10-10,17094.35,17279.9,17065.8,17252.45,Neutral,Strong Bullish,Neutral,Bullish,Neutral/Unclear,None,Down to Up,N/A,N/A,N/A,1.22,1.09,-0.17,0.92,1.25,0,19.32,Normal (15-20),2022
2022-10-11,17256.05,17256.05,16950.65,16964.15,Bearish,Bearish,Bearish,Bearish,Bearish Alignment,Strong Bearish Alignment,Top to Down,Against then Recovered,Worked and Remained,Exceeded Half then Reversed,1.22,0.0,-1.77,-1.69,1.77,0,19.32,Normal (15-20),2022
2022-10-12,17025.55,17141.65,16960.5,17129.05,Bearish,Strong Bearish,Bearish,Bearish,Bearish Alignment,Strong Bearish Alignment,Down to Up,Worked then Reversed,Reversed by Close,Reversed Before Half,1.22,0.68,-0.38,0.61,1.06,0,19.32,Normal (15-20),2022
2022-10-13,17087.35,17111.0,16957.65,17017.8,Bullish,Strong Bullish,Bullish,Bullish,Bullish Alignment,Strong Bullish Alignment,Top to Down,Worked then Reversed,Reversed by Close,Reversed Before Half,1.27,0.14,-0.76,-0.41,0.9,1,20.18,Elevated (20-30),2022
2022-10-14,17322.3,17347.65,17170.1,17200.35,Mildly Bearish,Strong Bearish,Bearish,Bearish,Bearish Alignment,None,Top to Down,Against then Recovered,Worked and Remained,Exceeded Half then Reversed,1.28,0.15,-0.88,-0.7,1.02,0,20.29,Elevated (20-30),2022
2022-10-17,17144.8,17328.2,17098.95,17320.55,Bullish,Neutral,Bullish,Neutral,Neutral/Unclear,None,Down to Up,N/A,N/A,N/A,1.28,1.07,-0.27,1.03,1.34,0,20.29,Elevated (20-30),2022
2022-10-18,17438.75,17527.4,17438.75,17490.6,Bullish,Strong Bullish,Bullish,Bullish,Bullish Alignment,Strong Bullish Alignment,Down to Up,Against then Recovered,Worked and Remained,Reversed Before Half,1.28,0.51,0.0,0.3,0.51,0,20.29,Elevated (20-30),2022
2022-10-19,17568.15,17607.15,17472.9,17518.85,Bullish,Neutral,Bullish,Neutral,Neutral/Unclear,None,Top to Down,N/A,N/A,N/A,1.28,0.22,-0.54,-0.28,0.76,0,20.29,Elevated (20-30),2022
2022-10-20,17423.1,17584.1,17421.5,17565.25,Bearish,Neutral,Bearish,Neutral,Neutral/Unclear,None,Down to Up,N/A,N/A,N/A,1.1,0.92,-0.01,0.82,0.93,1,17.49,Normal (15-20),2022
2022-10-21,17622.85,17669.75,17521.25,17583.75,Bearish,Strong Bearish,Bearish,Bearish,Bearish Alignment,Strong Bearish Alignment,Top to Down,Against then Recovered,Worked and Remained,Exceeded Half then Reversed,1.09,0.27,-0.58,-0.22,0.84,0,17.23,Normal (15-20),2022
2022-10-24,17736.35,17776.5,17708.4,17738.95,Neutral,Neutral,Neutral,Neutral,Neutral/Unclear,None,Down to Up,N/A,N/A,N/A,1.09,0.23,-0.16,0.01,0.38,0,17.23,Normal (15-20),2022
2022-10-25,17808.3,17808.3,17639.5,17642.65,Bullish,Strong Bullish,Bullish,Bullish,Bullish Alignment,Strong Bullish Alignment,Top to Down,Worked then Reversed,Reversed by Close,Reversed Before Half,1.09,0.0,-0.95,-0.93,0.95,0,17.23,Normal (15-20),2022
2022-10-27,17771.4,17783.0,17654.7,17758.9,Neutral,Neutral,Neutral,Neutral,Neutral/Unclear,None,Top to Down,N/A,N/A,N/A,1.06,0.07,-0.66,-0.07,0.72,1,16.88,Normal (15-20),2022
2022-10-28,17756.4,17838.6,17724.0,17795.95,Neutral,Neutral,Neutral,Neutral,Neutral/Unclear,None,Down to Up,N/A,N/A,N/A,1.05,0.46,-0.18,0.22,0.65,0,16.6,Normal (15-20),2022
2022-10-31,17910.2,18022.7,17901.2,18015.7,Neutral,Mildly Bearish,Neutral,Bearish,Neutral/Unclear,None,Down to Up,N/A,N/A,N/A,1.05,0.63,-0.05,0.59,0.68,0,16.6,Normal (15-20),2022
2022-11-01,18130.7,18175.4,18060.9,18142.75,Bullish,Strong Bullish,Bullish,Bullish,Bullish Alignment,Strong Bullish Alignment,Down to Up,Against then Recovered,Worked and Remained,Reversed Before Half,1.05,0.25,-0.38,0.07,0.63,0,16.6,Normal (15-20),2022
2022-11-02,18177.9,18177.9,18049.95,18072.1,Mildly Bullish,Bearish,Bullish,Bearish,Mixed,None,Top to Down,N/A,N/A,N/A,1.05,0.0,-0.7,-0.58,0.7,0,16.6,Normal (15-20),2022
2022-11-03,17968.35,18105.7,17964.6,18048.05,Bearish,Strong Bearish,Bearish,Bearish,Bearish Alignment,Strong Bearish Alignment,Down to Up,Worked then Reversed,Reversed by Close,Reversed Before Half,1.05,0.76,-0.02,0.44,0.79,1,16.66,Normal (15-20),2022
2022-11-04,18053.4,18134.2,18017.5,18127.9,Neutral,Mildly Bullish,Neutral,Bullish,Neutral/Unclear,None,Down to Up,N/A,N/A,N/A,1.0,0.45,-0.2,0.41,0.65,0,15.94,Normal (15-20),2022
2022-11-07,18211.75,18254.35,18064.9,18203.35,Neutral,Neutral,Neutral,Neutral,Neutral/Unclear,None,Top to Down,N/A,N/A,N/A,1.0,0.23,-0.81,-0.05,1.04,0,15.94,Normal (15-20),2022
2022-11-09,18288.25,18288.25,18118.65,18121.05,Neutral,Neutral,Neutral,Neutral,Neutral/Unclear,None,Top to Down,N/A,N/A,N/A,1.0,0.0,-0.93,-0.91,0.93,0,15.94,Normal (15-20),2022
2022-11-10,18044.35,18102.95,17969.6,18036.8,Neutral,Neutral,Neutral,Neutral,Neutral/Unclear,None,Top to Down,N/A,N/A,N/A,1.0,0.32,-0.41,-0.04,0.74,1,15.92,Normal (15-20),2022
2022-11-11,18272.35,18360.75,18260.25,18355.3,Mildly Bullish,Neutral,Bullish,Neutral,Neutral/Unclear,None,Down to Up,N/A,N/A,N/A,0.98,0.48,-0.07,0.45,0.55,0,15.57,Normal (15-20),2022
2022-11-14,18376.4,18399.0,18311.8,18320.25,Bullish,Strong Bullish,Bullish,Bullish,Bullish Alignment,Strong Bullish Alignment,Top to Down,Worked then Reversed,Reversed by Close,Reversed Before Half,0.98,0.12,-0.35,-0.31,0.47,0,15.57,Normal (15-20),2022
2022-11-15,18362.75,18426.55,18282.25,18421.55,Bearish,Strong Bearish,Bearish,Bearish,Bearish Alignment,Strong Bearish Alignment,Down to Up,Worked then Reversed,Reversed by Close,Reversed Before Half,0.98,0.35,-0.44,0.32,0.79,0,15.57,Normal (15-20),2022
2022-11-16,18398.25,18441.65,18344.5,18401.35,Bullish,Strong Bullish,Bullish,Bullish,Bullish Alignment,Strong Bullish Alignment,Down to Up,Against then Recovered,Worked and Remained,Reversed Before Half,0.98,0.24,-0.29,0.02,0.53,0,15.57,Normal (15-20),2022
2022-11-17,18358.7,18417.2,18313.05,18333.95,Bullish,Mildly Bearish,Bullish,Bearish,Mixed,None,Top to Down,N/A,N/A,N/A,0.95,0.32,-0.25,-0.13,0.57,1,15.1,Normal (15-20),2022
2022-11-18,18382.95,18393.8,18210.4,18304.35,Strong Bearish,Strong Bearish,Bearish,Bearish,Bearish Alignment,Strong Bearish Alignment,Top to Down,Against then Recovered,Worked and Remained,Exceeded Half then Reversed,0.94,0.06,-0.94,-0.43,1.0,0,14.88,Low (<15),2022
2022-11-21,18246.4,18253.15,18133.9,18157.95,Neutral,Bearish,Neutral,Bearish,Neutral/Unclear,None,Top to Down,N/A,N/A,N/A,0.94,0.04,-0.62,-0.48,0.65,0,14.88,Low (<15),2022
2022-11-22,18179.15,18257.4,18138.5,18251.5,Bearish,Bearish,Bearish,Bearish,Bearish Alignment,Strong Bearish Alignment,Down to Up,Worked then Reversed,Reversed by Close,Reversed Before Half,0.94,0.43,-0.22,0.4,0.65,0,14.88,Low (<15),2022
2022-11-24,18326.1,18527.45,18294.45,18510.85,Neutral,Bearish,Neutral,Bearish,Neutral/Unclear,None,Down to Up,N/A,N/A,N/A,0.88,1.1,-0.17,1.01,1.27,1,14.04,Low (<15),2022
2022-11-25,18528.45,18534.7,18445.5,18498.4,Strong Bullish,Strong Bullish,Bullish,Bullish,Bullish Alignment,Strong Bullish Alignment,Top to Down,Worked then Reversed,Reversed by Close,Reversed Before Half,0.85,0.03,-0.45,-0.16,0.48,0,13.48,Low (<15),2022
2022-11-28,18430.55,18614.1,18430.55,18553.4,Bearish,Strong Bearish,Bearish,Bearish,Bearish Alignment,Strong Bearish Alignment,Down to Up,Worked then Reversed,Reversed by Close,Reversed Before Half,0.85,1.0,0.0,0.67,1.0,0,13.48,Low (<15),2022
2022-11-29,18552.45,18677.7,18552.45,18603.6,Mildly Bullish,Neutral,Bullish,Neutral,Neutral/Unclear,None,Down to Up,N/A,N/A,N/A,0.85,0.68,0.0,0.28,0.68,0,13.48,Low (<15),2022
2022-11-30,18625.7,18810.95,18617.3,18776.95,Neutral,Neutral,Neutral,Neutral,Neutral/Unclear,None,Down to Up,N/A,N/A,N/A,0.85,0.99,-0.05,0.81,1.04,0,13.48,Low (<15),2022
2022-12-01,18871.95,18886.6,18778.5,18800.95,Strong Bullish,Strong Bullish,Bullish,Bullish,Bullish Alignment,Strong Bullish Alignment,Top to Down,Worked then Reversed,Reversed by Close,Reversed Before Half,0.87,0.08,-0.5,-0.38,0.57,1,13.81,Low (<15),2022
2022-12-02,18752.4,18778.55,18639.6,18705.2,Strong Bearish,Strong Bearish,Bearish,Bearish,Bearish Alignment,Strong Bearish Alignment,Top to Down,Against then Recovered,Worked and Remained,Exceeded Half then Reversed,0.84,0.14,-0.6,-0.25,0.74,0,13.36,Low (<15),2022
2022-12-05,18719.55,18723.85,18591.95,18694.05,Strong Bearish,Strong Bearish,Bearish,Bearish,Bearish Alignment,Strong Bearish Alignment,Top to Down,Against then Recovered,Worked and Remained,Exceeded Half then Reversed,0.84,0.02,-0.68,-0.14,0.7,0,13.36,Low (<15),2022
2022-12-06,18600.65,18654.2,18579.2,18647.8,Bullish,Strong Bullish,Bullish,Bullish,Bullish Alignment,Strong Bullish Alignment,Down to Up,Against then Recovered,Worked and Remained,Reversed Before Half,0.84,0.29,-0.12,0.25,0.4,0,13.36,Low (<15),2022
2022-12-07,18638.85,18668.05,18529.1,18550.75,Bearish,Strong Bearish,Bearish,Bearish,Bearish Alignment,Strong Bearish Alignment,Top to Down,Against then Recovered,Worked and Remained,Exceeded Half then Reversed,0.84,0.16,-0.59,-0.47,0.75,0,13.36,Low (<15),2022
2022-12-08,18570.85,18624.55,18537.2,18614.4,Mildly Bearish,Strong Bearish,Bearish,Bearish,Bearish Alignment,None,Down to Up,Worked then Reversed,Reversed by Close,Reversed Before Half,0.89,0.29,-0.18,0.23,0.47,1,14.08,Low (<15),2022
2022-12-09,18662.4,18662.4,18411.15,18493.25,Strong Bullish,Strong Bullish,Bullish,Bullish,Bullish Alignment,Strong Bullish Alignment,Top to Down,Worked then Reversed,Reversed by Close,Reversed Before Half,0.84,0.0,-1.35,-0.91,1.35,0,13.4,Low (<15),2022
2022-12-12,18402.15,18521.0,18347.05,18494.7,Strong Bearish,Strong Bearish,Bearish,Bearish,Bearish Alignment,Strong Bearish Alignment,Down to Up,Worked then Reversed,Reversed by Close,Reversed Before Half,0.84,0.65,-0.3,0.5,0.95,0,13.4,Low (<15),2022
2022-12-13,18524.4,18617.1,18491.7,18596.75,Strong Bullish,Strong Bullish,Bullish,Bullish,Bullish Alignment,Strong Bullish Alignment,Down to Up,Against then Recovered,Worked and Remained,Exceeded Half then Reversed,0.84,0.5,-0.18,0.39,0.68,0,13.4,Low (<15),2022
2022-12-14,18671.25,18695.85,18633.2,18643.0,Bullish,Strong Bullish,Bullish,Bullish,Bullish Alignment,Strong Bullish Alignment,Top to Down,Worked then Reversed,Reversed by Close,Reversed Before Half,0.84,0.13,-0.2,-0.15,0.34,0,13.4,Low (<15),2022
2022-12-15,18614.4,18651.45,18388.4,18399.75,Bearish,Strong Bearish,Bearish,Bearish,Bearish Alignment,Strong Bearish Alignment,Top to Down,Against then Recovered,Worked and Remained,Exceeded Half then Reversed,0.81,0.2,-1.21,-1.15,1.41,1,12.89,Low (<15),2022
2022-12-16,18319.1,18440.5,18255.7,18270.1,Bearish,Strong Bearish,Bearish,Bearish,Bearish Alignment,Strong Bearish Alignment,Top to Down,Against then Recovered,Worked and Remained,Reversed Before Half,0.86,0.66,-0.35,-0.27,1.01,0,13.73,Low (<15),2022
2022-12-19,18288.1,18431.25,18244.65,18426.2,Neutral,Bearish,Neutral,Bearish,Neutral/Unclear,None,Down to Up,N/A,N/A,N/A,0.86,0.78,-0.24,0.76,1.02,0,13.73,Low (<15),2022
2022-12-20,18340.3,18404.65,18203.2,18385.85,Strong Bullish,Strong Bullish,Bullish,Bullish,Bullish Alignment,Strong Bullish Alignment,Down to Up,Against then Recovered,Worked and Remained,Reversed Before Half,0.86,0.35,-0.75,0.25,1.1,0,13.73,Low (<15),2022
2022-12-21,18435.15,18472.5,18164.0,18207.55,Strong Bearish,Neutral,Bearish,Neutral,Neutral/Unclear,None,Top to Down,N/A,N/A,N/A,0.86,0.2,-1.47,-1.23,1.67,0,13.73,Low (<15),2022
2022-12-22,18288.8,18317.05,18068.95,18114.7,Bearish,Strong Bearish,Bearish,Bearish,Bearish Alignment,Strong Bearish Alignment,Top to Down,Against then Recovered,Worked and Remained,Exceeded Half then Reversed,0.98,0.15,-1.2,-0.95,1.36,1,15.56,Normal (15-20),2022
2022-12-23,17977.65,18045.8,17780.45,17824.1,Bullish,Strong Bullish,Bullish,Bullish,Bullish Alignment,Strong Bullish Alignment,Top to Down,Worked then Reversed,Reversed by Close,Reversed Before Half,0.96,0.38,-1.1,-0.85,1.48,0,15.19,Normal (15-20),2022
2022-12-26,17830.4,18083.5,17775.55,18009.6,Mildly Bearish,Bearish,Bearish,Bearish,Bearish Alignment,None,Down to Up,Worked then Reversed,Reversed by Close,Reversed Before Half,0.96,1.42,-0.31,1.01,1.73,0,15.19,Normal (15-20),2022
2022-12-27,18089.8,18148.6,17967.5,18136.0,Strong Bullish,Strong Bullish,Bullish,Bullish,Bullish Alignment,Strong Bullish Alignment,Down to Up,Against then Recovered,Worked and Remained,Reversed Before Half,0.96,0.33,-0.68,0.26,1.0,0,15.19,Normal (15-20),2022
2022-12-28,18084.75,18173.05,18071.5,18106.9,Neutral,Bullish,Neutral,Bullish,Neutral/Unclear,None,Down to Up,N/A,N/A,N/A,0.96,0.49,-0.07,0.12,0.56,0,15.19,Normal (15-20),2022
2022-12-29,18045.7,18210.85,17992.9,18210.4,Neutral,Strong Bearish,Neutral,Bearish,Neutral/Unclear,None,Down to Up,N/A,N/A,N/A,0.97,0.92,-0.29,0.91,1.21,1,15.4,Normal (15-20),2022
2022-12-30,18259.1,18264.6,18080.9,18117.05,Bullish,Mildly Bearish,Bullish,Bearish,Mixed,None,Top to Down,N/A,N/A,N/A,0.93,0.03,-0.98,-0.78,1.01,0,14.81,Low (<15),2022
2023-01-02,18131.7,18215.1,18087.55,18207.1,Strong Bearish,Strong Bearish,Bearish,Bearish,Bearish Alignment,Strong Bearish Alignment,Down to Up,Worked then Reversed,Reversed by Close,Reversed Before Half,0.93,0.46,-0.24,0.42,0.7,0,14.81,Low (<15),2023
2023-01-03,18163.2,18251.85,18149.95,18234.3,Neutral,Strong Bullish,Neutral,Bullish,Neutral/Unclear,None,Down to Up,N/A,N/A,N/A,0.93,0.49,-0.07,0.39,0.56,0,14.81,Low (<15),2023
2023-01-04,18230.65,18241.2,18022.6,18036.85,Bullish,Bullish,Bullish,Bullish,Bullish Alignment,Strong Bullish Alignment,Top to Down,Worked then Reversed,Reversed by Close,Reversed Before Half,0.93,0.06,-1.14,-1.06,1.2,0,14.81,Low (<15),2023
2023-01-05,18101.95,18119.05,17892.6,17999.8,Strong Bearish,Strong Bearish,Bearish,Bearish,Bearish Alignment,Strong Bearish Alignment,Top to Down,Against then Recovered,Worked and Remained,Exceeded Half then Reversed,0.96,0.09,-1.16,-0.56,1.25,1,15.2,Normal (15-20),2023
2023-01-06,18008.05,18046.6,17796.15,17865.85,Strong Bullish,Strong Bullish,Bullish,Bullish,Bullish Alignment,Strong Bullish Alignment,Top to Down,Worked then Reversed,Reversed by Close,Reversed Before Half,0.94,0.21,-1.18,-0.79,1.39,0,14.98,Low (<15),2023
2023-01-09,17952.55,18141.0,17936.7,18088.75,Bearish,Strong Bearish,Bearish,Bearish,Bearish Alignment,Strong Bearish Alignment,Down to Up,Worked then Reversed,Reversed by Close,Reversed Before Half,0.94,1.05,-0.09,0.76,1.14,0,14.98,Low (<15),2023
2023-01-10,18121.3,18122.9,17857.25,17925.35,Bullish,Strong Bullish,Bullish,Bullish,Bullish Alignment,Strong Bullish Alignment,Top to Down,Worked then Reversed,Reversed by Close,Reversed Before Half,0.94,0.01,-1.46,-1.08,1.47,0,14.98,Low (<15),2023
2023-01-11,17924.25,17975.4,17825.35,17888.4,Strong Bearish,Strong Bearish,Bearish,Bearish,Bearish Alignment,Strong Bearish Alignment,Top to Down,Against then Recovered,Worked and Remained,Exceeded Half then Reversed,0.94,0.29,-0.55,-0.2,0.84,0,14.98,Low (<15),2023
2023-01-12,17920.85,17944.8,17762.25,17866.0,Neutral,Strong Bullish,Neutral,Bullish,Neutral/Unclear,None,Top to Down,N/A,N/A,N/A,0.97,0.13,-0.89,-0.31,1.02,1,15.44,Normal (15-20),2023
2023-01-13,17867.5,17998.95,17774.55,17950.5,Bullish,Neutral,Bullish,Neutral,Neutral/Unclear,None,Down to Up,N/A,N/A,N/A,0.96,0.74,-0.52,0.46,1.26,0,15.28,Normal (15-20),2023
2023-01-16,18033.15,18049.65,17854.15,17891.7,Bullish,Strong Bullish,Bullish,Bullish,Bullish Alignment,Strong Bullish Alignment,Top to Down,Worked then Reversed,Reversed by Close,Reversed Before Half,0.96,0.09,-0.99,-0.78,1.08,0,15.28,Normal (15-20),2023
2023-01-17,17922.8,18070.5,17888.2,18056.8,Strong Bearish,Strong Bearish,Bearish,Bearish,Bearish Alignment,Strong Bearish Alignment,Down to Up,Worked then Reversed,Reversed by Close,Reversed Before Half,0.96,0.82,-0.19,0.75,1.02,0,15.28,Normal (15-20),2023
2023-01-18,18074.3,18183.2,18032.6,18163.8,Strong Bullish,Strong Bullish,Bullish,Bullish,Bullish Alignment,Strong Bullish Alignment,Down to Up,Against then Recovered,Worked and Remained,Exceeded Half then Reversed,0.96,0.6,-0.23,0.5,0.83,0,15.28,Normal (15-20),2023
2023-01-19,18119.8,18155.1,18064.3,18089.05,Strong Bullish,Strong Bullish,Bullish,Bullish,Bullish Alignment,Strong Bullish Alignment,Top to Down,Worked then Reversed,Reversed by Close,Reversed Before Half,0.91,0.19,-0.31,-0.17,0.5,1,14.37,Low (<15),2023
2023-01-20,18115.6,18144.65,18017.45,18027.3,Strong Bearish,Strong Bearish,Bearish,Bearish,Bearish Alignment,Strong Bearish Alignment,Top to Down,Against then Recovered,Worked and Remained,Exceeded Half then Reversed,0.88,0.16,-0.54,-0.49,0.7,0,13.96,Low (<15),2023
2023-01-23,18118.45,18161.7,18064.75,18104.95,Neutral,Strong Bearish,Neutral,Bearish,Neutral/Unclear,None,Top to Down,N/A,N/A,N/A,0.88,0.24,-0.3,-0.07,0.54,0,13.96,Low (<15),2023
2023-01-24,18183.95,18200.75,18079.15,18101.15,Bullish,Strong Bullish,Bullish,Bullish,Bullish Alignment,Strong Bullish Alignment,Top to Down,Worked then Reversed,Reversed by Close,Reversed Before Half,0.88,0.09,-0.58,-0.46,0.67,0,13.96,Low (<15),2023
2023-01-25,18093.35,18093.35,17846.6,17910.05,Mildly Bearish,Strong Bearish,Bearish,Bearish,Bearish Alignment,None,Top to Down,Against then Recovered,Worked and Remained,Exceeded Half then Reversed,0.86,0.0,-1.36,-1.01,1.36,1,13.66,Low (<15),2023
2023-01-27,17877.2,17877.2,17494.2,17607.9,Neutral,Neutral,Neutral,Neutral,Neutral/Unclear,None,Top to Down,N/A,N/A,N/A,0.92,0.0,-2.14,-1.51,2.14,0,14.66,Low (<15),2023
2023-01-30,17541.95,17708.5,17406.3,17667.25,Neutral,Neutral,Neutral,Neutral,Neutral/Unclear,None,Down to Up,N/A,N/A,N/A,0.92,0.95,-0.77,0.71,1.72,0,14.66,Low (<15),2023
2023-01-31,17731.45,17731.45,17539.0,17682.55,Neutral,Bullish,Neutral,Bullish,Neutral/Unclear,None,Top to Down,N/A,N/A,N/A,0.92,0.0,-1.09,-0.28,1.09,0,14.66,Low (<15),2023
2023-02-01,17811.6,17971.5,17353.8,17605.4,Neutral,Bullish,Neutral,Bullish,Neutral/Unclear,None,Top to Down,N/A,N/A,N/A,0.92,0.9,-2.57,-1.16,3.47,0,14.66,Low (<15),2023
2023-02-02,17517.1,17653.5,17448.0,17611.75,Mildly Bearish,Strong Bearish,Bearish,Bearish,Bearish Alignment,None,Down to Up,Worked then Reversed,Reversed by Close,Reversed Before Half,1.06,0.78,-0.39,0.54,1.17,1,16.78,Normal (15-20),2023
2023-02-03,17721.75,17869.85,17584.35,17830.8,Mildly Bearish,Strong Bullish,Bearish,Bullish,Mixed,None,Down to Up,N/A,N/A,N/A,0.99,0.84,-0.78,0.62,1.61,0,15.73,Normal (15-20),2023
2023-02-06,17818.55,17818.55,17698.9,17761.2,Strong Bullish,Strong Bullish,Bullish,Bullish,Bullish Alignment,Strong Bullish Alignment,Top to Down,Worked then Reversed,Reversed by Close,Reversed Before Half,0.99,0.0,-0.67,-0.32,0.67,0,15.73,Normal (15-20),2023
2023-02-07,17790.1,17810.85,17652.6,17720.4,Strong Bearish,Strong Bearish,Bearish,Bearish,Bearish Alignment,Strong Bearish Alignment,Top to Down,Against then Recovered,Worked and Remained,Exceeded Half then Reversed,0.99,0.12,-0.77,-0.39,0.89,0,15.73,Normal (15-20),2023
2023-02-08,17750.3,17898.55,17745.3,17862.5,Bullish,Neutral,Bullish,Neutral,Neutral/Unclear,None,Down to Up,N/A,N/A,N/A,0.99,0.84,-0.03,0.63,0.86,0,15.73,Normal (15-20),2023
2023-02-09,17885.5,17915.55,17780.5,17897.1,Neutral,Strong Bullish,Neutral,Bullish,Neutral/Unclear,None,Down to Up,N/A,N/A,N/A,0.86,0.17,-0.59,0.06,0.76,1,13.6,Low (<15),2023
2023-02-10,17847.55,17876.95,17801.15,17843.35,Neutral,Strong Bearish,Neutral,Bearish,Neutral/Unclear,None,Top to Down,N/A,N/A,N/A,0.82,0.16,-0.26,-0.02,0.42,0,13.04,Low (<15),2023
2023-02-13,17859.1,17879.8,17720.25,17764.55,Bearish,Bearish,Bearish,Bearish,Bearish Alignment,Strong Bearish Alignment,Top to Down,Against then Recovered,Worked and Remained,Exceeded Half then Reversed,0.82,0.12,-0.78,-0.53,0.89,0,13.04,Low (<15),2023
2023-02-14,17840.35,17954.45,17800.45,17921.85,Mildly Bearish,Strong Bearish,Bearish,Bearish,Bearish Alignment,None,Down to Up,Worked then Reversed,Reversed by Close,Reversed Before Half,0.82,0.64,-0.22,0.46,0.86,0,13.04,Low (<15),2023
2023-02-15,17896.6,18033.8,17853.9,18023.2,Strong Bullish,Strong Bullish,Bullish,Bullish,Bullish Alignment,Strong Bullish Alignment,Down to Up,Against then Recovered,Worked and Remained,Exceeded Half then Reversed,0.82,0.77,-0.24,0.71,1.01,0,13.04,Low (<15),2023
2023-02-16,18094.75,18134.0,18001.05,18015.25,Neutral,Strong Bullish,Neutral,Bullish,Neutral/Unclear,None,Top to Down,N/A,N/A,N/A,0.81,0.22,-0.52,-0.44,0.73,1,12.86,Low (<15),2023
2023-02-17,17974.85,18033.7,17885.95,17942.6,Strong Bearish,Strong Bearish,Bearish,Bearish,Bearish Alignment,Strong Bearish Alignment,Top to Down,Against then Recovered,Worked and Remained,Exceeded Half then Reversed,0.81,0.33,-0.49,-0.18,0.82,0,12.89,Low (<15),2023
2023-02-20,17965.55,18003.95,17818.75,17847.7,Strong Bearish,Strong Bearish,Bearish,Bearish,Bearish Alignment,Strong Bearish Alignment,Top to Down,Against then Recovered,Worked and Remained,Exceeded Half then Reversed,0.81,0.21,-0.82,-0.66,1.03,0,12.89,Low (<15),2023
2023-02-21,17905.8,17924.4,17800.6,17842.1,Neutral,Strong Bearish,Neutral,Bearish,Neutral/Unclear,None,Top to Down,N/A,N/A,N/A,0.81,0.1,-0.59,-0.36,0.69,0,12.89,Low (<15),2023
2023-02-22,17755.35,17771.85,17529.55,17552.5,Bullish,Strong Bullish,Bullish,Bullish,Bullish Alignment,Strong Bullish Alignment,Top to Down,Worked then Reversed,Reversed by Close,Reversed Before Half,0.81,0.09,-1.27,-1.14,1.36,0,12.89,Low (<15),2023
2023-02-23,17574.65,17619.4,17456.7,17523.8,Strong Bearish,Strong Bearish,Bearish,Bearish,Bearish Alignment,Strong Bearish Alignment,Top to Down,Against then Recovered,Worked and Remained,Exceeded Half then Reversed,0.98,0.25,-0.67,-0.29,0.93,1,15.59,Normal (15-20),2023
2023-02-24,17591.35,17599.75,17422.55,17465.45,Bullish,Strong Bullish,Bullish,Bullish,Bullish Alignment,Strong Bullish Alignment,Top to Down,Worked then Reversed,Reversed by Close,Reversed Before Half,0.95,0.05,-0.96,-0.72,1.01,0,15.08,Normal (15-20),2023
2023-02-27,17428.6,17450.75,17300.1,17406.35,Neutral,Strong Bearish,Neutral,Bearish,Neutral/Unclear,None,Top to Down,N/A,N/A,N/A,0.95,0.13,-0.74,-0.13,0.86,0,15.08,Normal (15-20),2023
2023-02-28,17383.25,17440.2,17255.9,17317.2,Bullish,Strong Bullish,Bullish,Bullish,Bullish Alignment,Strong Bullish Alignment,Top to Down,Worked then Reversed,Reversed by Close,Reversed Before Half,0.95,0.33,-0.73,-0.38,1.06,0,15.08,Normal (15-20),2023
2023-03-01,17360.1,17467.5,17353.45,17457.85,Mildly Bearish,Strong Bearish,Bearish,Bearish,Bearish Alignment,None,Down to Up,Worked then Reversed,Reversed by Close,Reversed Before Half,0.95,0.62,-0.04,0.56,0.66,0,15.08,Normal (15-20),2023
2023-03-02,17421.5,17444.55,17306.5,17318.65,Mildly Bullish,Strong Bullish,Bullish,Bullish,Bullish Alignment,None,Top to Down,Worked then Reversed,Reversed by Close,Reversed Before Half,0.82,0.13,-0.66,-0.59,0.79,1,13.0,Low (<15),2023
2023-03-03,17451.25,17644.7,17430.5,17592.3,Bearish,Strong Bearish,Bearish,Bearish,Bearish Alignment,Strong Bearish Alignment,Down to Up,Worked then Reversed,Reversed by Close,Reversed Before Half,0.82,1.11,-0.12,0.81,1.23,0,12.97,Low (<15),2023
2023-03-06,17680.35,17798.35,17680.35,17719.85,Strong Bullish,Strong Bullish,Bullish,Bullish,Bullish Alignment,Strong Bullish Alignment,Down to Up,Against then Recovered,Worked and Remained,Exceeded Half then Reversed,0.82,0.67,0.0,0.22,0.67,0,12.97,Low (<15),2023
2023-03-08,17665.75,17766.4,17603.55,17751.5,Neutral,Neutral,Neutral,Neutral,Neutral/Unclear,None,Down to Up,N/A,N/A,N/A,0.82,0.57,-0.35,0.49,0.92,0,12.97,Low (<15),2023
2023-03-09,17772.05,17772.05,17574.7,17582.8,Neutral,Neutral,Neutral,Neutral,Neutral/Unclear,None,Top to Down,N/A,N/A,N/A,0.78,0.0,-1.11,-1.06,1.11,1,12.45,Low (<15),2023
2023-03-10,17443.8,17443.8,17326.0,17418.6,Strong Bearish,Strong Bearish,Bearish,Bearish,Bearish Alignment,Strong Bearish Alignment,Top to Down,Against then Recovered,Worked and Remained,Exceeded Half then Reversed,0.8,0.0,-0.68,-0.14,0.68,0,12.73,Low (<15),2023
2023-03-13,17421.9,17529.05,17114.75,17184.6,Bearish,Strong Bearish,Bearish,Bearish,Bearish Alignment,Strong Bearish Alignment,Top to Down,Against then Recovered,Worked and Remained,Exceeded Half then Reversed,0.8,0.62,-1.76,-1.36,2.38,0,12.73,Low (<15),2023
2023-03-14,17160.55,17224.1,16987.5,17068.65,Neutral,Strong Bearish,Neutral,Bearish,Neutral/Unclear,None,Top to Down,N/A,N/A,N/A,0.8,0.37,-1.01,-0.54,1.38,0,12.73,Low (<15),2023
2023-03-15,17166.45,17210.6,16940.35,16973.85,Bearish,Bullish,Bearish,Bullish,Mixed,None,Top to Down,N/A,N/A,N/A,0.8,0.26,-1.32,-1.12,1.57,0,12.73,Low (<15),2023
2023-03-16,16994.65,17062.2,16850.4,17010.15,Neutral,Bearish,Neutral,Bearish,Neutral/Unclear,None,Down to Up,N/A,N/A,N/A,1.03,0.4,-0.85,0.09,1.25,1,16.3,Normal (15-20),2023
2023-03-17,17111.8,17144.4,16958.45,17123.7,Mildly Bearish,Strong Bullish,Bearish,Bullish,Mixed,None,Down to Up,N/A,N/A,N/A,1.02,0.19,-0.9,0.07,1.09,0,16.22,Normal (15-20),2023
2023-03-20,17066.6,17066.6,16830.75,17003.45,Strong Bullish,Strong Bullish,Bullish,Bullish,Bullish Alignment,Strong Bullish Alignment,Top to Down,Worked then Reversed,Reversed by Close,Reversed Before Half,1.02,0.0,-1.38,-0.37,1.38,0,16.22,Normal (15-20),2023
2023-03-21,17060.4,17127.1,17016.65,17106.95,Strong Bearish,Bearish,Bearish,Bearish,Bearish Alignment,Strong Bearish Alignment,Down to Up,Worked then Reversed,Reversed by Close,Reversed Before Half,1.02,0.39,-0.26,0.27,0.65,0,16.22,Normal (15-20),2023
2023-03-22,17177.45,17207.15,17108.8,17142.75,Strong Bullish,Strong Bullish,Bullish,Bullish,Bullish Alignment,Strong Bullish Alignment,Top to Down,Worked then Reversed,Reversed by Close,Reversed Before Half,1.02,0.17,-0.4,-0.2,0.57,0,16.22,Normal (15-20),2023
2023-03-24,17076.2,17108.55,16918.5,16932.6,Neutral,Strong Bearish,Neutral,Bearish,Neutral/Unclear,None,Top to Down,N/A,N/A,N/A,0.91,0.19,-0.92,-0.84,1.11,0,14.49,Low (<15),2023
2023-03-27,16984.3,17090.75,16919.4,16963.45,Mildly Bearish,Bearish,Bearish,Bearish,Bearish Alignment,None,Top to Down,Against then Recovered,Worked and Remained,Reversed Before Half,0.91,0.63,-0.38,-0.12,1.01,0,14.49,Low (<15),2023
2023-03-28,17031.75,17061.5,16914.2,16956.85,Strong Bullish,Mildly Bullish,Bullish,Bullish,Bullish Alignment,None,Top to Down,Worked then Reversed,Reversed by Close,Reversed Before Half,0.91,0.17,-0.69,-0.44,0.86,0,14.49,Low (<15),2023
2023-03-29,16977.3,17125.9,16941.15,17116.35,Neutral,Bullish,Neutral,Bullish,Neutral/Unclear,None,Down to Up,N/A,N/A,N/A,0.95,0.88,-0.21,0.82,1.09,1,15.1,Normal (15-20),2023
2023-03-31,17210.35,17381.3,17209.45,17358.3,Neutral,Neutral,Neutral,Neutral,Neutral/Unclear,None,Down to Up,N/A,N/A,N/A,0.86,0.99,-0.01,0.86,1.0,0,13.63,Low (<15),2023
2023-04-03,17427.95,17427.95,17312.9,17399.7,Neutral,Neutral,Neutral,Neutral,Neutral/Unclear,None,Top to Down,N/A,N/A,N/A,0.86,0.0,-0.66,-0.16,0.66,0,13.63,Low (<15),2023
2023-04-05,17422.3,17570.0,17412.15,17561.0,Neutral,Neutral,Neutral,Neutral,Neutral/Unclear,None,Down to Up,N/A,N/A,N/A,0.86,0.85,-0.06,0.8,0.91,0,13.63,Low (<15),2023
2023-04-06,17533.85,17637.7,17503.6,17602.0,Neutral,Neutral,Neutral,Neutral,Neutral/Unclear,None,Down to Up,N/A,N/A,N/A,0.78,0.59,-0.17,0.39,0.76,1,12.41,Low (<15),2023
2023-04-10,17634.9,17693.3,17598.25,17613.05,Neutral,Neutral,Neutral,Neutral,Neutral/Unclear,None,Top to Down,N/A,N/A,N/A,0.78,0.33,-0.21,-0.12,0.54,0,12.41,Low (<15),2023
2023-04-11,17704.8,17748.6,17655.3,17722.25,Neutral,Neutral,Neutral,Neutral,Neutral/Unclear,None,Down to Up,N/A,N/A,N/A,0.78,0.25,-0.28,0.1,0.53,0,12.41,Low (<15),2023
2023-04-12,17759.55,17824.3,17717.8,17817.9,Strong Bullish,Strong Bullish,Bullish,Bullish,Bullish Alignment,Strong Bullish Alignment,Down to Up,Against then Recovered,Worked and Remained,Reversed Before Half,0.78,0.36,-0.24,0.33,0.6,0,12.41,Low (<15),2023
2023-04-13,17807.3,17841.5,17729.7,17828.15,Neutral,Strong Bullish,Neutral,Bullish,Neutral/Unclear,None,Down to Up,N/A,N/A,N/A,0.77,0.19,-0.44,0.12,0.63,1,12.27,Low (<15),2023
2023-04-17,17863.0,17863.0,17574.35,17704.1,Neutral,Neutral,Neutral,Neutral,Neutral/Unclear,None,Top to Down,N/A,N/A,N/A,0.77,0.0,-1.62,-0.89,1.62,0,12.27,Low (<15),2023
2023-04-18,17766.6,17766.6,17610.75,17661.55,Neutral,Neutral,Neutral,Neutral,Neutral/Unclear,None,Top to Down,N/A,N/A,N/A,0.77,0.0,-0.88,-0.59,0.88,0,12.27,Low (<15),2023
2023-04-19,17653.35,17665.6,17580.0,17610.2,Mildly Bearish,Bearish,Bearish,Bearish,Bearish Alignment,None,Top to Down,Against then Recovered,Worked and Remained,Exceeded Half then Reversed,0.77,0.07,-0.42,-0.24,0.48,0,12.27,Low (<15),2023
2023-04-20,17638.6,17683.75,17584.5,17623.9,Mildly Bullish,Neutral,Bullish,Neutral,Neutral/Unclear,None,Top to Down,N/A,N/A,N/A,0.77,0.26,-0.31,-0.08,0.56,1,12.15,Low (<15),2023
2023-04-21,17639.75,17662.5,17554.1,17618.9,Bullish,Bullish,Bullish,Bullish,Bullish Alignment,Strong Bullish Alignment,Top to Down,Worked then Reversed,Reversed by Close,Reversed Before Half,0.75,0.13,-0.49,-0.12,0.61,0,11.94,Low (<15),2023
2023-04-24,17707.55,17754.25,17612.7,17748.0,Bearish,Bearish,Bearish,Bearish,Bearish Alignment,Strong Bearish Alignment,Down to Up,Worked then Reversed,Reversed by Close,Exceeded Half then Reversed,0.75,0.26,-0.54,0.23,0.8,0,11.94,Low (<15),2023
2023-04-25,17761.55,17807.25,17717.3,17761.95,Bullish,Strong Bullish,Bullish,Bullish,Bullish Alignment,Strong Bullish Alignment,Down to Up,Against then Recovered,Reversed by Close,Reversed Before Half,0.75,0.26,-0.25,0.0,0.51,0,11.94,Low (<15),2023
2023-04-26,17767.3,17826.8,17711.95,17817.95,Mildly Bearish,Strong Bearish,Bearish,Bearish,Bearish Alignment,None,Down to Up,Worked then Reversed,Reversed by Close,Reversed Before Half,0.75,0.33,-0.31,0.29,0.65,0,11.94,Low (<15),2023
2023-04-27,17813.1,17931.25,17798.2,17923.2,Bullish,Strong Bullish,Bullish,Bullish,Bullish Alignment,Strong Bullish Alignment,Down to Up,Against then Recovered,Worked and Remained,Exceeded Half then Reversed,0.73,0.66,-0.08,0.62,0.75,1,11.65,Low (<15),2023
2023-04-28,17950.4,18088.8,17885.8,18048.9,Neutral,Strong Bearish,Neutral,Bearish,Neutral/Unclear,None,Down to Up,N/A,N/A,N/A,0.72,0.77,-0.36,0.55,1.13,0,11.43,Low (<15),2023
2023-05-02,18124.8,18179.8,18106.2,18136.05,Neutral,Neutral,Neutral,Neutral,Neutral/Unclear,None,Down to Up,N/A,N/A,N/A,0.72,0.3,-0.1,0.06,0.41,0,11.43,Low (<15),2023
2023-05-03,18113.8,18116.25,18043.35,18082.7,Neutral,Neutral,Neutral,Neutral,Neutral/Unclear,None,Top to Down,N/A,N/A,N/A,0.72,0.01,-0.39,-0.17,0.4,0,11.43,Low (<15),2023
2023-05-04,18081.0,18267.1,18071.25,18238.6,Neutral,Neutral,Neutral,Neutral,Neutral/Unclear,None,Down to Up,N/A,N/A,N/A,0.75,1.03,-0.05,0.87,1.08,1,11.84,Low (<15),2023
2023-05-05,18117.3,18216.95,18055.7,18069.95,Neutral,Neutral,Neutral,Neutral,Neutral/Unclear,None,Top to Down,N/A,N/A,N/A,0.74,0.55,-0.34,-0.26,0.89,0,11.73,Low (<15),2023
2023-05-08,18120.6,18286.7,18102.4,18269.75,Strong Bearish,Strong Bearish,Bearish,Bearish,Bearish Alignment,Strong Bearish Alignment,Down to Up,Worked then Reversed,Reversed by Close,Reversed Before Half,0.74,0.92,-0.1,0.82,1.02,0,11.73,Low (<15),2023
2023-05-09,18303.4,18343.9,18230.45,18258.3,Strong Bullish,Strong Bullish,Bullish,Bullish,Bullish Alignment,Strong Bullish Alignment,Top to Down,Worked then Reversed,Reversed by Close,Reversed Before Half,0.74,0.22,-0.4,-0.25,0.62,0,11.73,Low (<15),2023
2023-05-10,18313.6,18326.3,18212.75,18311.1,Bearish,Strong Bearish,Bearish,Bearish,Bearish Alignment,Strong Bearish Alignment,Top to Down,Against then Recovered,Worked and Remained,Exceeded Half then Reversed,0.74,0.07,-0.55,-0.01,0.62,0,11.73,Low (<15),2023
2023-05-11,18357.8,18357.8,18270.8,18304.5,Bullish,Strong Bullish,Bullish,Bullish,Bullish Alignment,Strong Bullish Alignment,Top to Down,Worked then Reversed,Reversed by Close,Reversed Before Half,0.82,0.0,-0.47,-0.29,0.47,1,13.08,Low (<15),2023
2023-05-12,18273.75,18342.0,18194.85,18312.2,Neutral,Bearish,Neutral,Bearish,Neutral/Unclear,None,Down to Up,N/A,N/A,N/A,0.83,0.37,-0.43,0.21,0.81,0,13.22,Low (<15),2023
2023-05-15,18339.3,18458.25,18291.5,18384.6,Bullish,Strong Bullish,Bullish,Bullish,Bullish Alignment,Strong Bullish Alignment,Down to Up,Against then Recovered,Worked and Remained,Exceeded Half then Reversed,0.83,0.65,-0.26,0.25,0.91,0,13.22,Low (<15),2023
2023-05-16,18432.35,18432.35,18265.05,18276.75,Mildly Bullish,Strong Bullish,Bullish,Bullish,Bullish Alignment,None,Top to Down,Worked then Reversed,Reversed by Close,Reversed Before Half,0.83,0.0,-0.91,-0.84,0.91,0,13.22,Low (<15),2023
2023-05-17,18300.45,18307.4,18115.7,18197.95,Bearish,Strong Bearish,Bearish,Bearish,Bearish Alignment,Strong Bearish Alignment,Top to Down,Against then Recovered,Worked and Remained,Exceeded Half then Reversed,0.83,0.04,-1.01,-0.56,1.05,0,13.22,Low (<15),2023
2023-05-18,18287.5,18296.45,18105.4,18134.65,Strong Bearish,Bearish,Bearish,Bearish,Bearish Alignment,Strong Bearish Alignment,Top to Down,Against then Recovered,Worked and Remained,Exceeded Half then Reversed,0.83,0.05,-1.0,-0.84,1.04,1,13.11,Low (<15),2023
2023-05-19,18186.15,18217.7,18061.15,18205.45,Strong Bullish,Bullish,Bullish,Bullish,Bullish Alignment,Strong Bullish Alignment,Down to Up,Against then Recovered,Worked and Remained,Reversed Before Half,0.81,0.17,-0.69,0.11,0.86,0,12.8,Low (<15),2023
2023-05-23,18362.9,18419.65,18324.45,18333.75,Neutral,Bearish,Neutral,Bearish,Neutral/Unclear,None,Top to Down,N/A,N/A,N/A,0.81,0.31,-0.21,-0.16,0.52,0,12.8,Low (<15),2023
2023-05-24,18294.8,18392.5,18263.9,18287.0,Neutral,Bullish,Neutral,Bullish,Neutral/Unclear,None,Top to Down,N/A,N/A,N/A,0.81,0.53,-0.17,-0.04,0.7,0,12.8,Low (<15),2023
2023-05-25,18268.9,18337.0,18202.8,18335.9,Bearish,Strong Bearish,Bearish,Bearish,Bearish Alignment,Strong Bearish Alignment,Down to Up,Worked then Reversed,Reversed by Close,Reversed Before Half,0.83,0.37,-0.36,0.37,0.73,1,13.11,Low (<15),2023
2023-05-26,18368.35,18508.35,18333.25,18491.9,Strong Bullish,Strong Bullish,Bullish,Bullish,Bullish Alignment,Strong Bullish Alignment,Down to Up,Against then Recovered,Worked and Remained,Exceeded Half then Reversed,0.79,0.76,-0.19,0.67,0.95,0,12.52,Low (<15),2023
2023-05-29,18619.15,18640.35,18582.2,18601.1,Bullish,Strong Bullish,Bullish,Bullish,Bullish Alignment,Strong Bullish Alignment,Top to Down,Worked then Reversed,Reversed by Close,Reversed Before Half,0.79,0.11,-0.2,-0.1,0.31,0,12.52,Low (<15),2023
2023-05-30,18606.65,18661.75,18577.55,18639.95,Bearish,Strong Bearish,Bearish,Bearish,Bearish Alignment,Strong Bearish Alignment,Down to Up,Worked then Reversed,Reversed by Close,Reversed Before Half,0.79,0.3,-0.16,0.18,0.45,0,12.52,Low (<15),2023
2023-05-31,18594.2,18602.4,18484.05,18521.3,Bullish,Strong Bullish,Bullish,Bullish,Bullish Alignment,Strong Bullish Alignment,Top to Down,Worked then Reversed,Reversed by Close,Reversed Before Half,0.79,0.04,-0.59,-0.39,0.64,0,12.52,Low (<15),2023
2023-06-01,18579.4,18580.05,18465.35,18486.1,Strong Bearish,Strong Bearish,Bearish,Bearish,Bearish Alignment,Strong Bearish Alignment,Top to Down,Against then Recovered,Worked and Remained,Exceeded Half then Reversed,0.75,0.0,-0.61,-0.5,0.62,1,11.97,Low (<15),2023
2023-06-02,18550.85,18573.25,18478.5,18525.85,Bearish,Bearish,Bearish,Bearish,Bearish Alignment,Strong Bearish Alignment,Top to Down,Against then Recovered,Worked and Remained,Exceeded Half then Reversed,0.73,0.12,-0.39,-0.13,0.51,0,11.6,Low (<15),2023
2023-06-05,18612.0,18639.4,18583.3,18599.9,Bullish,Mildly Bullish,Bullish,Bullish,Bullish Alignment,None,Top to Down,Worked then Reversed,Reversed by Close,Reversed Before Half,0.73,0.15,-0.15,-0.07,0.3,0,11.6,Low (<15),2023
2023-06-06,18600.8,18622.05,18531.95,18617.1,Bullish,Bullish,Bullish,Bullish,Bullish Alignment,Strong Bullish Alignment,Down to Up,Against then Recovered,Worked and Remained,Reversed Before Half,0.73,0.11,-0.37,0.09,0.48,0,11.6,Low (<15),2023
2023-06-07,18665.6,18738.75,18636.5,18730.35,Bearish,Strong Bullish,Bearish,Bullish,Mixed,None,Down to Up,N/A,N/A,N/A,0.73,0.39,-0.16,0.35,0.55,0,11.6,Low (<15),2023
2023-06-08,18725.35,18777.8,18615.95,18646.9,Bullish,Strong Bullish,Bullish,Bullish,Bullish Alignment,Strong Bullish Alignment,Top to Down,Worked then Reversed,Reversed by Close,Reversed Before Half,0.72,0.28,-0.58,-0.42,0.86,1,11.44,Low (<15),2023
2023-06-09,18655.9,18676.25,18555.7,18567.3,Strong Bearish,Strong Bearish,Bearish,Bearish,Bearish Alignment,Strong Bearish Alignment,Top to Down,Against then Recovered,Worked and Remained,Exceeded Half then Reversed,0.71,0.11,-0.54,-0.47,0.65,0,11.26,Low (<15),2023
2023-06-12,18595.05,18625.1,18560.8,18614.9,Strong Bearish,Strong Bearish,Bearish,Bearish,Bearish Alignment,Strong Bearish Alignment,Down to Up,Worked then Reversed,Reversed by Close,Reversed Before Half,0.71,0.16,-0.18,0.11,0.35,0,11.26,Low (<15),2023
2023-06-13,18631.8,18727.75,18631.8,18718.65,Strong Bullish,Bullish,Bullish,Bullish,Bullish Alignment,Strong Bullish Alignment,Down to Up,Against then Recovered,Worked and Remained,Exceeded Half then Reversed,0.71,0.51,0.0,0.47,0.51,0,11.26,Low (<15),2023
2023-06-14,18744.6,18769.5,18690.6,18749.65,Bullish,Strong Bullish,Bullish,Bullish,Bullish Alignment,Strong Bullish Alignment,Down to Up,Against then Recovered,Worked and Remained,Reversed Before Half,0.71,0.13,-0.29,0.03,0.42,0,11.26,Low (<15),2023
2023-06-15,18774.45,18793.9,18669.2,18682.15,Neutral,Strong Bearish,Neutral,Bearish,Neutral/Unclear,None,Top to Down,N/A,N/A,N/A,0.7,0.1,-0.56,-0.49,0.66,1,11.16,Low (<15),2023
2023-06-16,18723.3,18863.95,18712.7,18823.6,Strong Bearish,Strong Bearish,Bearish,Bearish,Bearish Alignment,Strong Bearish Alignment,Down to Up,Worked then Reversed,Reversed by Close,Reversed Before Half,0.7,0.75,-0.06,0.54,0.81,0,11.08,Low (<15),2023
2023-06-19,18873.3,18879.0,18719.3,18754.2,Strong Bullish,Strong Bullish,Bullish,Bullish,Bullish Alignment,Strong Bullish Alignment,Top to Down,Worked then Reversed,Reversed by Close,Reversed Before Half,0.7,0.03,-0.82,-0.63,0.85,0,11.08,Low (<15),2023
2023-06-20,18752.35,18838.35,18661.15,18833.7,Bearish,Strong Bearish,Bearish,Bearish,Bearish Alignment,Strong Bearish Alignment,Down to Up,Worked then Reversed,Reversed by Close,Exceeded Half then Reversed,0.7,0.46,-0.49,0.43,0.94,0,11.08,Low (<15),2023
2023-06-21,18849.4,18875.65,18794.9,18862.1,Bullish,Strong Bullish,Bullish,Bullish,Bullish Alignment,Strong Bullish Alignment,Down to Up,Against then Recovered,Worked and Remained,Reversed Before Half,0.7,0.14,-0.29,0.07,0.43,0,11.08,Low (<15),2023
2023-06-22,18853.6,18886.05,18760.6,18779.35,Mildly Bullish,Bullish,Bullish,Bullish,Bullish Alignment,None,Top to Down,Worked then Reversed,Reversed by Close,Reversed Before Half,0.71,0.17,-0.49,-0.39,0.67,1,11.29,Low (<15),2023
2023-06-23,18741.85,18751.2,18647.45,18668.55,Bearish,Strong Bearish,Bearish,Bearish,Bearish Alignment,Strong Bearish Alignment,Top to Down,Against then Recovered,Worked and Remained,Exceeded Half then Reversed,0.73,0.05,-0.5,-0.39,0.55,0,11.55,Low (<15),2023
2023-06-26,18682.35,18721.75,18647.65,18694.7,Bearish,Strong Bearish,Bearish,Bearish,Bearish Alignment,Strong Bearish Alignment,Down to Up,Worked then Reversed,Reversed by Close,Reversed Before Half,0.73,0.21,-0.19,0.07,0.4,0,11.55,Low (<15),2023
2023-06-27,18748.55,18829.15,18714.5,18818.6,Mildly Bullish,Bullish,Bullish,Bullish,Bullish Alignment,None,Down to Up,Against then Recovered,Worked and Remained,Exceeded Half then Reversed,0.73,0.43,-0.18,0.37,0.61,0,11.55,Low (<15),2023
2023-06-28,18908.15,19010.4,18861.45,18991.9,Bullish,Strong Bullish,Bullish,Bullish,Bullish Alignment,Strong Bullish Alignment,Down to Up,Against then Recovered,Worked and Remained,Exceeded Half then Reversed,0.68,0.54,-0.25,0.44,0.79,1,10.78,Low (<15),2023
2023-06-30,19076.85,19201.7,19024.6,19183.2,Neutral,Neutral,Neutral,Neutral,Neutral/Unclear,None,Down to Up,N/A,N/A,N/A,0.69,0.65,-0.27,0.56,0.93,0,10.89,Low (<15),2023
2023-07-03,19246.5,19345.1,19234.4,19330.65,Neutral,Neutral,Neutral,Neutral,Neutral/Unclear,None,Down to Up,N/A,N/A,N/A,0.69,0.51,-0.06,0.44,0.58,0,10.89,Low (<15),2023
2023-07-04,19406.6,19434.15,19300.0,19385.55,Neutral,Strong Bearish,Neutral,Bearish,Neutral/Unclear,None,Top to Down,N/A,N/A,N/A,0.69,0.14,-0.55,-0.11,0.69,0,10.89,Low (<15),2023
2023-07-05,19405.95,19421.6,19339.6,19415.3,Neutral,Mildly Bullish,Neutral,Bullish,Neutral/Unclear,None,Down to Up,N/A,N/A,N/A,0.69,0.08,-0.34,0.05,0.42,0,10.89,Low (<15),2023
2023-07-06,19385.7,19512.2,19373.0,19486.25,Neutral,Strong Bearish,Neutral,Bearish,Neutral/Unclear,None,Down to Up,N/A,N/A,N/A,0.75,0.65,-0.07,0.52,0.72,1,11.88,Low (<15),2023
2023-07-07,19422.8,19523.6,19303.6,19324.65,Neutral,Bearish,Neutral,Bearish,Neutral/Unclear,None,Top to Down,N/A,N/A,N/A,0.75,0.52,-0.61,-0.51,1.13,0,11.84,Low (<15),2023
2023-07-10,19400.35,19435.85,19327.1,19367.85,Neutral,Strong Bearish,Neutral,Bearish,Neutral/Unclear,None,Top to Down,N/A,N/A,N/A,0.75,0.18,-0.38,-0.17,0.56,0,11.84,Low (<15),2023
2023-07-11,19427.1,19515.1,19406.45,19448.15,Strong Bearish,Neutral,Bearish,Neutral,Neutral/Unclear,None,Down to Up,N/A,N/A,N/A,0.75,0.45,-0.11,0.11,0.56,0,11.84,Low (<15),2023
2023-07-12,19497.45,19507.7,19361.75,19384.75,Bullish,Bullish,Bullish,Bullish,Bullish Alignment,Strong Bullish Alignment,Top to Down,Worked then Reversed,Reversed by Close,Reversed Before Half,0.75,0.05,-0.7,-0.58,0.75,0,11.84,Low (<15),2023
2023-07-13,19495.2,19567.0,19385.8,19443.2,Bearish,Strong Bearish,Bearish,Bearish,Bearish Alignment,Strong Bearish Alignment,Top to Down,Against then Recovered,Worked and Remained,Exceeded Half then Reversed,0.69,0.37,-0.56,-0.27,0.93,1,10.94,Low (<15),2023
2023-07-14,19493.45,19595.35,19433.5,19587.35,Bullish,Strong Bullish,Bullish,Bullish,Bullish Alignment,Strong Bullish Alignment,Down to Up,Against then Recovered,Worked and Remained,Exceeded Half then Reversed,0.69,0.52,-0.31,0.48,0.83,0,10.94,Low (<15),2023
2023-07-17,19612.15,19731.85,19562.95,19719.1,Neutral,Strong Bullish,Neutral,Bullish,Neutral/Unclear,None,Down to Up,N/A,N/A,N/A,0.69,0.61,-0.25,0.55,0.86,0,10.94,Low (<15),2023
2023-07-18,19787.5,19819.45,19690.2,19751.55,Bullish,Strong Bullish,Bullish,Bullish,Bullish Alignment,Strong Bullish Alignment,Top to Down,Worked then Reversed,Reversed by Close,Reversed Before Half,0.69,0.16,-0.49,-0.18,0.65,0,10.94,Low (<15),2023
2023-07-19,19802.95,19851.7,19727.45,19847.15,Bearish,Strong Bearish,Bearish,Bearish,Bearish Alignment,Strong Bearish Alignment,Down to Up,Worked then Reversed,Reversed by Close,Exceeded Half then Reversed,0.69,0.25,-0.38,0.22,0.63,0,10.94,Low (<15),2023
2023-07-20,19831.7,19991.85,19758.4,19969.95,Bullish,Strong Bullish,Bullish,Bullish,Bullish Alignment,Strong Bullish Alignment,Down to Up,Against then Recovered,Worked and Remained,Exceeded Half then Reversed,0.73,0.81,-0.37,0.7,1.18,1,11.6,Low (<15),2023
2023-07-24,19748.45,19782.75,19658.3,19665.4,Strong Bearish,Strong Bearish,Bearish,Bearish,Bearish Alignment,Strong Bearish Alignment,Top to Down,Against then Recovered,Worked and Remained,Exceeded Half then Reversed,0.73,0.17,-0.46,-0.42,0.63,0,11.6,Low (<15),2023
2023-07-25,19729.35,19729.35,19615.95,19678.85,Bearish,Strong Bearish,Bearish,Bearish,Bearish Alignment,Strong Bearish Alignment,Top to Down,Against then Recovered,Worked and Remained,Exceeded Half then Reversed,0.73,0.0,-0.57,-0.26,0.57,0,11.6,Low (<15),2023
2023-07-26,19733.35,19825.6,19716.7,19773.1,Mildly Bearish,Neutral,Bearish,Neutral,Neutral/Unclear,None,Down to Up,N/A,N/A,N/A,0.73,0.47,-0.08,0.2,0.55,0,11.6,Low (<15),2023
2023-07-27,19850.9,19867.55,19603.55,19700.2,Bullish,Strong Bullish,Bullish,Bullish,Bullish Alignment,Strong Bullish Alignment,Top to Down,Worked then Reversed,Reversed by Close,Reversed Before Half,0.66,0.08,-1.25,-0.76,1.33,1,10.46,Low (<15),2023
2023-07-28,19659.75,19695.9,19563.1,19638.0,Neutral,Strong Bearish,Neutral,Bearish,Neutral/Unclear,None,Top to Down,N/A,N/A,N/A,0.66,0.18,-0.49,-0.11,0.68,0,10.51,Low (<15),2023
2023-07-31,19666.35,19772.75,19597.6,19742.5,Strong Bearish,Bearish,Bearish,Bearish,Bearish Alignment,Strong Bearish Alignment,Down to Up,Worked then Reversed,Reversed by Close,Exceeded Half then Reversed,0.66,0.54,-0.35,0.39,0.89,0,10.51,Low (<15),2023
2023-08-01,19784.0,19795.6,19704.6,19736.1,Bullish,Strong Bullish,Bullish,Bullish,Bullish Alignment,Strong Bullish Alignment,Top to Down,Worked then Reversed,Reversed by Close,Reversed Before Half,0.66,0.06,-0.4,-0.24,0.46,0,10.51,Low (<15),2023
2023-08-02,19655.4,19678.25,19425.7,19514.8,Neutral,Strong Bearish,Neutral,Bearish,Neutral/Unclear,None,Top to Down,N/A,N/A,N/A,0.66,0.12,-1.17,-0.72,1.28,0,10.51,Low (<15),2023
2023-08-03,19463.75,19537.65,19297.85,19394.45,Bearish,Strong Bearish,Bearish,Bearish,Bearish Alignment,Strong Bearish Alignment,Top to Down,Against then Recovered,Worked and Remained,Exceeded Half then Reversed,0.71,0.38,-0.85,-0.36,1.23,1,11.28,Low (<15),2023
2023-08-04,19462.8,19538.85,19436.45,19510.05,Mildly Bearish,Strong Bullish,Bearish,Bullish,Mixed,None,Down to Up,N/A,N/A,N/A,0.7,0.39,-0.14,0.24,0.53,0,11.19,Low (<15),2023
2023-08-07,19576.85,19620.45,19525.55,19597.95,Neutral,Strong Bullish,Neutral,Bullish,Neutral/Unclear,None,Down to Up,N/A,N/A,N/A,0.7,0.22,-0.26,0.11,0.48,0,11.19,Low (<15),2023
2023-08-08,19627.2,19634.4,19533.45,19570.8,Strong Bullish,Neutral,Bullish,Neutral,Neutral/Unclear,None,Top to Down,N/A,N/A,N/A,0.7,0.04,-0.48,-0.29,0.51,0,11.19,Low (<15),2023
2023-08-09,19578.8,19645.5,19468.25,19630.95,Mildly Bearish,Mildly Bullish,Bearish,Bullish,Mixed,None,Down to Up,N/A,N/A,N/A,0.7,0.34,-0.56,0.27,0.91,0,11.19,Low (<15),2023
2023-08-10,19605.55,19621.95,19496.3,19549.2,Neutral,Bullish,Neutral,Bullish,Neutral/Unclear,None,Top to Down,N/A,N/A,N/A,0.7,0.08,-0.56,-0.29,0.64,1,11.14,Low (<15),2023
2023-08-11,19554.25,19555.15,19413.8,19424.25,Bearish,Strong Bearish,Bearish,Bearish,Bearish Alignment,Strong Bearish Alignment,Top to Down,Against then Recovered,Worked and Remained,Exceeded Half then Reversed,0.72,0.0,-0.72,-0.66,0.72,0,11.4,Low (<15),2023
2023-08-14,19383.95,19465.3,19258.2,19413.65,Neutral,Strong Bearish,Neutral,Bearish,Neutral/Unclear,None,Down to Up,N/A,N/A,N/A,0.72,0.42,-0.65,0.15,1.07,0,11.4,Low (<15),2023
2023-08-16,19369.0,19482.75,19319.25,19447.0,Neutral,Neutral,Neutral,Neutral,Neutral/Unclear,None,Down to Up,N/A,N/A,N/A,0.72,0.59,-0.26,0.4,0.84,0,11.4,Low (<15),2023
2023-08-17,19450.55,19461.55,19326.65,19346.2,Neutral,Neutral,Neutral,Neutral,Neutral/Unclear,None,Top to Down,N/A,N/A,N/A,0.76,0.06,-0.64,-0.54,0.69,1,12.13,Low (<15),2023
2023-08-18,19301.75,19373.8,19253.6,19281.5,Bearish,Strong Bearish,Bearish,Bearish,Bearish Alignment,Strong Bearish Alignment,Top to Down,Against then Recovered,Worked and Remained,Reversed Before Half,0.77,0.37,-0.25,-0.1,0.62,0,12.24,Low (<15),2023
2023-08-21,19320.65,19425.95,19296.55,19380.6,Strong Bullish,Bearish,Bullish,Bearish,Mixed,None,Down to Up,N/A,N/A,N/A,0.77,0.55,-0.12,0.31,0.67,0,12.24,Low (<15),2023
2023-08-22,19417.1,19443.5,19382.2,19390.05,Bullish,Strong Bullish,Bullish,Bullish,Bullish Alignment,Strong Bullish Alignment,Top to Down,Worked then Reversed,Reversed by Close,Reversed Before Half,0.77,0.14,-0.18,-0.14,0.32,0,12.24,Low (<15),2023
2023-08-23,19439.2,19472.05,19366.85,19441.55,Strong Bearish,Strong Bearish,Bearish,Bearish,Bearish Alignment,Strong Bearish Alignment,Down to Up,Worked then Reversed,Reversed by Close,Reversed Before Half,0.77,0.17,-0.37,0.01,0.54,0,12.24,Low (<15),2023
2023-08-24,19535.15,19584.45,19369.35,19380.4,Bullish,Strong Bullish,Bullish,Bullish,Bullish Alignment,Strong Bullish Alignment,Top to Down,Worked then Reversed,Reversed by Close,Reversed Before Half,0.74,0.25,-0.85,-0.79,1.1,1,11.73,Low (<15),2023
2023-08-25,19297.4,19339.55,19230.65,19244.3,Bearish,Strong Bearish,Bearish,Bearish,Bearish Alignment,Strong Bearish Alignment,Top to Down,Against then Recovered,Worked and Remained,Reversed Before Half,0.74,0.22,-0.35,-0.28,0.56,0,11.7,Low (<15),2023
2023-08-28,19298.35,19366.85,19250.25,19302.65,Bearish,Strong Bearish,Bearish,Bearish,Bearish Alignment,Strong Bearish Alignment,Down to Up,Worked then Reversed,Reversed by Close,Reversed Before Half,0.74,0.35,-0.25,0.02,0.6,0,11.7,Low (<15),2023
2023-08-29,19374.85,19377.9,19309.95,19352.95,Strong Bullish,Strong Bullish,Bullish,Bullish,Bullish Alignment,Strong Bullish Alignment,Top to Down,Worked then Reversed,Reversed by Close,Reversed Before Half,0.74,0.02,-0.33,-0.11,0.35,0,11.7,Low (<15),2023
2023-08-30,19433.45,19452.8,19335.3,19340.05,Neutral,Strong Bearish,Neutral,Bearish,Neutral/Unclear,None,Top to Down,N/A,N/A,N/A,0.74,0.1,-0.51,-0.48,0.6,0,11.7,Low (<15),2023
2023-08-31,19375.55,19388.2,19224.6,19279.55,Neutral,Strong Bearish,Neutral,Bearish,Neutral/Unclear,None,Top to Down,N/A,N/A,N/A,0.74,0.07,-0.78,-0.5,0.84,1,11.8,Low (<15),2023
2023-09-01,19258.15,19458.55,19258.15,19423.35,Neutral,Strong Bullish,Neutral,Bullish,Neutral/Unclear,None,Down to Up,N/A,N/A,N/A,0.76,1.04,0.0,0.86,1.04,0,12.06,Low (<15),2023
2023-09-04,19525.05,19545.15,19432.85,19535.4,Mildly Bullish,Strong Bullish,Bullish,Bullish,Bullish Alignment,None,Down to Up,Against then Recovered,Worked and Remained,Reversed Before Half,0.76,0.1,-0.47,0.05,0.58,0,12.06,Low (<15),2023
2023-09-05,19564.65,19587.05,19525.75,19577.65,Bullish,Neutral,Bullish,Neutral,Neutral/Unclear,None,Down to Up,N/A,N/A,N/A,0.76,0.11,-0.2,0.07,0.31,0,12.06,Low (<15),2023
2023-09-06,19581.2,19636.45,19491.5,19618.9,Neutral,Strong Bearish,Neutral,Bearish,Neutral/Unclear,None,Down to Up,N/A,N/A,N/A,0.76,0.28,-0.46,0.19,0.74,0,12.06,Low (<15),2023
2023-09-07,19598.65,19737.0,19550.05,19723.25,Strong Bearish,Neutral,Bearish,Neutral,Neutral/Unclear,None,Down to Up,N/A,N/A,N/A,0.67,0.71,-0.25,0.64,0.95,1,10.68,Low (<15),2023
2023-09-08,19774.8,19867.15,19728.7,19820.5,Strong Bullish,Strong Bullish,Bullish,Bullish,Bullish Alignment,Strong Bullish Alignment,Down to Up,Against then Recovered,Worked and Remained,Exceeded Half then Reversed,0.68,0.47,-0.23,0.23,0.7,0,10.87,Low (<15),2023
2023-09-11,19890.0,20008.15,19873.7,20000.0,Mildly Bullish,Bullish,Bullish,Bullish,Bullish Alignment,None,Down to Up,Against then Recovered,Worked and Remained,Exceeded Half then Reversed,0.68,0.59,-0.08,0.55,0.68,0,10.87,Low (<15),2023
2023-09-12,20110.15,20110.35,19914.8,19985.65,Mildly Bullish,Strong Bullish,Bullish,Bullish,Bullish Alignment,None,Top to Down,Worked then Reversed,Reversed by Close,Reversed Before Half,0.68,0.0,-0.97,-0.62,0.97,0,10.87,Low (<15),2023
2023-09-13,19989.5,20096.9,19945.5,20063.35,Neutral,Strong Bearish,Neutral,Bearish,Neutral/Unclear,None,Down to Up,N/A,N/A,N/A,0.68,0.54,-0.22,0.37,0.76,0,10.87,Low (<15),2023
2023-09-14,20127.95,20167.65,20044.7,20101.85,Bullish,Strong Bullish,Bullish,Bullish,Bullish Alignment,Strong Bullish Alignment,Top to Down,Worked then Reversed,Reversed by Close,Reversed Before Half,0.75,0.2,-0.41,-0.13,0.61,1,11.83,Low (<15),2023
2023-09-15,20156.45,20222.45,20130.0,20169.0,Bearish,Strong Bearish,Bearish,Bearish,Bearish Alignment,Strong Bearish Alignment,Down to Up,Worked then Reversed,Reversed by Close,Reversed Before Half,0.71,0.33,-0.13,0.06,0.46,0,11.32,Low (<15),2023
2023-09-18,20155.95,20195.35,20117.8,20123.65,Bullish,Mildly Bullish,Bullish,Bullish,Bullish Alignment,None,Top to Down,Worked then Reversed,Reversed by Close,Reversed Before Half,0.71,0.2,-0.19,-0.16,0.38,0,11.32,Low (<15),2023
2023-09-20,19980.75,20050.65,19879.55,19909.55,Neutral,Neutral,Neutral,Neutral,Neutral/Unclear,None,Top to Down,N/A,N/A,N/A,0.71,0.35,-0.51,-0.36,0.86,0,11.32,Low (<15),2023
2023-09-21,19840.55,19848.75,19711.0,19748.85,Neutral,Neutral,Neutral,Neutral,Neutral/Unclear,None,Top to Down,N/A,N/A,N/A,0.7,0.04,-0.65,-0.46,0.69,1,11.13,Low (<15),2023
2023-09-22,19744.85,19798.65,19658.5,19684.6,Strong Bearish,Strong Bearish,Bearish,Bearish,Bearish Alignment,Strong Bearish Alignment,Top to Down,Against then Recovered,Worked and Remained,Exceeded Half then Reversed,0.68,0.27,-0.44,-0.31,0.71,0,10.82,Low (<15),2023
2023-09-25,19678.2,19734.15,19602.05,19674.85,Mildly Bearish,Bearish,Bearish,Bearish,Bearish Alignment,None,Top to Down,Against then Recovered,Worked and Remained,Exceeded Half then Reversed,0.68,0.28,-0.39,-0.02,0.67,0,10.82,Low (<15),2023
2023-09-26,19682.8,19699.35,19637.45,19673.6,Mildly Bullish,Strong Bullish,Bullish,Bullish,Bullish Alignment,None,Top to Down,Worked then Reversed,Reversed by Close,Reversed Before Half,0.68,0.08,-0.23,-0.05,0.31,0,10.82,Low (<15),2023
2023-09-27,19637.05,19730.7,19554.0,19728.2,Mildly Bearish,Neutral,Bearish,Neutral,Neutral/Unclear,None,Down to Up,N/A,N/A,N/A,0.68,0.48,-0.42,0.46,0.9,0,10.82,Low (<15),2023
2023-09-28,19761.8,19766.65,19492.1,19553.3,Mildly Bullish,Strong Bullish,Bullish,Bullish,Bullish Alignment,None,Top to Down,Worked then Reversed,Reversed by Close,Reversed Before Half,0.73,0.02,-1.36,-1.06,1.39,1,11.59,Low (<15),2023
2023-09-29,19581.2,19726.25,19551.05,19638.2,Mildly Bearish,Strong Bearish,Bearish,Bearish,Bearish Alignment,None,Down to Up,Worked then Reversed,Reversed by Close,Reversed Before Half,0.81,0.74,-0.15,0.29,0.89,0,12.82,Low (<15),2023
2023-10-03,19622.4,19623.2,19479.65,19522.95,Neutral,Neutral,Neutral,Neutral,Neutral/Unclear,None,Top to Down,N/A,N/A,N/A,0.81,0.0,-0.73,-0.51,0.73,0,12.82,Low (<15),2023
2023-10-04,19446.3,19457.8,19333.6,19446.15,Neutral,Neutral,Neutral,Neutral,Neutral/Unclear,None,Top to Down,N/A,N/A,N/A,0.81,0.06,-0.58,-0.0,0.64,0,12.82,Low (<15),2023
2023-10-05,19521.85,19576.95,19487.3,19546.6,Neutral,Bullish,Neutral,Bullish,Neutral/Unclear,None,Down to Up,N/A,N/A,N/A,0.73,0.28,-0.18,0.13,0.46,1,11.66,Low (<15),2023
2023-10-06,19621.2,19675.75,19589.4,19649.9,Neutral,Mildly Bullish,Neutral,Bullish,Neutral/Unclear,None,Down to Up,N/A,N/A,N/A,0.69,0.28,-0.16,0.15,0.44,0,10.94,Low (<15),2023
2023-10-09,19539.45,19588.95,19480.5,19497.5,Bullish,Strong Bullish,Bullish,Bullish,Bullish Alignment,Strong Bullish Alignment,Top to Down,Worked then Reversed,Reversed by Close,Reversed Before Half,0.69,0.25,-0.3,-0.21,0.56,0,10.94,Low (<15),2023
2023-10-10,19565.6,19717.8,19565.45,19691.5,Neutral,Strong Bearish,Neutral,Bearish,Neutral/Unclear,None,Down to Up,N/A,N/A,N/A,0.69,0.78,-0.0,0.64,0.78,0,10.94,Low (<15),2023
2023-10-11,19767.0,19839.2,19756.95,19808.5,Strong Bullish,Strong Bullish,Bullish,Bullish,Bullish Alignment,Strong Bullish Alignment,Down to Up,Against then Recovered,Worked and Remained,Exceeded Half then Reversed,0.69,0.37,-0.05,0.21,0.42,0,10.94,Low (<15),2023
2023-10-12,19822.7,19843.3,19772.65,19782.9,Neutral,Strong Bearish,Neutral,Bearish,Neutral/Unclear,None,Top to Down,N/A,N/A,N/A,0.69,0.1,-0.25,-0.2,0.36,1,10.99,Low (<15),2023
2023-10-13,19654.55,19805.4,19635.3,19730.95,Neutral,Bearish,Neutral,Bearish,Neutral/Unclear,None,Down to Up,N/A,N/A,N/A,0.67,0.77,-0.1,0.39,0.87,0,10.62,Low (<15),2023
2023-10-16,19737.25,19781.3,19691.85,19730.95,Strong Bearish,Strong Bearish,Bearish,Bearish,Bearish Alignment,Strong Bearish Alignment,Top to Down,Against then Recovered,Worked and Remained,Reversed Before Half,0.67,0.22,-0.23,-0.03,0.45,0,10.62,Low (<15),2023
2023-10-17,19843.2,19849.75,19775.65,19818.35,Neutral,Mildly Bullish,Neutral,Bullish,Neutral/Unclear,None,Top to Down,N/A,N/A,N/A,0.67,0.03,-0.34,-0.13,0.37,0,10.62,Low (<15),2023
2023-10-18,19820.45,19840.95,19659.95,19668.25,Neutral,Neutral,Neutral,Neutral,Neutral/Unclear,None,Top to Down,N/A,N/A,N/A,0.67,0.1,-0.81,-0.77,0.91,0,10.62,Low (<15),2023
2023-10-19,19545.2,19681.8,19512.35,19611.9,Neutral,Strong Bearish,Neutral,Bearish,Neutral/Unclear,None,Down to Up,N/A,N/A,N/A,0.69,0.7,-0.17,0.34,0.87,1,10.97,Low (<15),2023
2023-10-20,19542.15,19593.8,19518.7,19541.75,Bearish,Strong Bullish,Bearish,Bullish,Mixed,None,Top to Down,N/A,N/A,N/A,0.69,0.26,-0.12,-0.0,0.38,0,10.9,Low (<15),2023
2023-10-23,19521.6,19556.85,19257.85,19278.45,Bearish,Bearish,Bearish,Bearish,Bearish Alignment,Strong Bearish Alignment,Top to Down,Against then Recovered,Worked and Remained,Exceeded Half then Reversed,0.69,0.18,-1.35,-1.25,1.53,0,10.9,Low (<15),2023
2023-10-25,19286.45,19347.3,19074.15,19125.65,Neutral,Neutral,Neutral,Neutral,Neutral/Unclear,None,Top to Down,N/A,N/A,N/A,0.69,0.32,-1.1,-0.83,1.42,0,10.9,Low (<15),2023
2023-10-26,19027.25,19041.7,18837.85,18848.5,Neutral,Neutral,Neutral,Neutral,Neutral/Unclear,None,Top to Down,N/A,N/A,N/A,0.71,0.08,-1.0,-0.94,1.07,1,11.31,Low (<15),2023
2023-10-27,18928.75,19076.15,18926.65,19060.5,Strong Bearish,Strong Bullish,Bearish,Bullish,Mixed,None,Down to Up,N/A,N/A,N/A,0.74,0.78,-0.01,0.7,0.79,0,11.73,Low (<15),2023
2023-10-30,19053.4,19158.5,18940.0,19148.85,Strong Bullish,Strong Bullish,Bullish,Bullish,Bullish Alignment,Strong Bullish Alignment,Down to Up,Against then Recovered,Worked and Remained,Exceeded Half then Reversed,0.74,0.55,-0.6,0.5,1.15,0,11.73,Low (<15),2023
2023-10-31,19232.95,19233.7,19056.45,19086.55,Neutral,Strong Bullish,Neutral,Bullish,Neutral/Unclear,None,Top to Down,N/A,N/A,N/A,0.74,0.0,-0.92,-0.76,0.92,0,11.73,Low (<15),2023
2023-11-01,19064.05,19096.05,18973.7,18990.4,Bearish,Strong Bearish,Bearish,Bearish,Bearish Alignment,Strong Bearish Alignment,Top to Down,Against then Recovered,Worked and Remained,Exceeded Half then Reversed,0.74,0.17,-0.47,-0.39,0.64,0,11.73,Low (<15),2023
2023-11-02,19120.0,19175.25,19064.15,19144.85,Neutral,Neutral,Neutral,Neutral,Neutral/Unclear,None,Down to Up,N/A,N/A,N/A,0.76,0.29,-0.29,0.13,0.58,1,12.05,Low (<15),2023
2023-11-03,19241.0,19276.25,19210.9,19226.05,Neutral,Strong Bullish,Neutral,Bullish,Neutral/Unclear,None,Top to Down,N/A,N/A,N/A,0.7,0.18,-0.16,-0.08,0.34,0,11.08,Low (<15),2023
2023-11-06,19345.85,19423.0,19309.7,19411.85,Neutral,Bullish,Neutral,Bullish,Neutral/Unclear,None,Down to Up,N/A,N/A,N/A,0.7,0.4,-0.19,0.34,0.59,0,11.08,Low (<15),2023
2023-11-07,19404.05,19423.5,19329.1,19417.2,Strong Bullish,Strong Bullish,Bullish,Bullish,Bullish Alignment,Strong Bullish Alignment,Down to Up,Against then Recovered,Worked and Remained,Reversed Before Half,0.7,0.1,-0.39,0.07,0.49,0,11.08,Low (<15),2023
2023-11-08,19449.6,19464.4,19401.5,19436.45,Neutral,Bullish,Neutral,Bullish,Neutral/Unclear,None,Top to Down,N/A,N/A,N/A,0.7,0.08,-0.25,-0.07,0.32,0,11.08,Low (<15),2023
2023-11-09,19457.4,19463.9,19378.35,19404.0,Bearish,Strong Bearish,Bearish,Bearish,Bearish Alignment,Strong Bearish Alignment,Top to Down,Against then Recovered,Worked and Remained,Exceeded Half then Reversed,0.7,0.03,-0.41,-0.27,0.44,1,11.04,Low (<15),2023
2023-11-10,19351.85,19451.3,19329.45,19443.45,Neutral,Bullish,Neutral,Bullish,Neutral/Unclear,None,Down to Up,N/A,N/A,N/A,0.69,0.51,-0.12,0.47,0.63,0,10.98,Low (<15),2023
2023-11-12,19547.25,19547.25,19510.25,19522.3,Bullish,Strong Bullish,Bullish,Bullish,Bullish Alignment,Strong Bullish Alignment,Top to Down,Worked then Reversed,Reversed by Close,Reversed Before Half,0.69,0.0,-0.19,-0.13,0.19,0,10.98,Low (<15),2023
2023-11-13,19486.75,19494.4,19414.75,19440.15,Bullish,Strong Bullish,Bullish,Bullish,Bullish Alignment,Strong Bullish Alignment,Top to Down,Worked then Reversed,Reversed by Close,Reversed Before Half,0.69,0.04,-0.37,-0.24,0.41,0,10.98,Low (<15),2023
2023-11-15,19651.4,19693.2,19579.65,19676.8,Neutral,Neutral,Neutral,Neutral,Neutral/Unclear,None,Down to Up,N/A,N/A,N/A,0.69,0.21,-0.37,0.13,0.58,0,10.98,Low (<15),2023
2023-11-16,19674.7,19875.25,19627.0,19761.15,Neutral,Neutral,Neutral,Neutral,Neutral/Unclear,None,Down to Up,N/A,N/A,N/A,0.7,1.02,-0.24,0.44,1.26,1,11.14,Low (<15),2023
2023-11-17,19674.75,19806.0,19667.45,19719.7,Neutral,Bearish,Neutral,Bearish,Neutral/Unclear,None,Down to Up,N/A,N/A,N/A,0.73,0.67,-0.04,0.23,0.7,0,11.65,Low (<15),2023
2023-11-20,19731.15,19756.45,19670.5,19693.65,Bearish,Strong Bearish,Bearish,Bearish,Bearish Alignment,Strong Bearish Alignment,Top to Down,Against then Recovered,Worked and Remained,Reversed Before Half,0.73,0.13,-0.31,-0.19,0.44,0,11.65,Low (<15),2023
2023-11-21,19770.9,19829.1,19754.05,19780.8,Neutral,Neutral,Neutral,Neutral,Neutral/Unclear,None,Down to Up,N/A,N/A,N/A,0.73,0.29,-0.09,0.05,0.38,0,11.65,Low (<15),2023
2023-11-22,19784.0,19825.55,19703.85,19810.6,Strong Bullish,Strong Bullish,Bullish,Bullish,Bullish Alignment,Strong Bullish Alignment,Down to Up,Against then Recovered,Worked and Remained,Reversed Before Half,0.73,0.21,-0.41,0.13,0.62,0,11.65,Low (<15),2023
2023-11-23,19828.45,19875.15,19786.75,19811.0,Neutral,Strong Bullish,Neutral,Bullish,Neutral/Unclear,None,Top to Down,N/A,N/A,N/A,0.75,0.24,-0.21,-0.09,0.45,1,11.87,Low (<15),2023
2023-11-24,19809.6,19832.85,19768.85,19788.7,Bearish,Neutral,Bearish,Neutral,Neutral/Unclear,None,Top to Down,N/A,N/A,N/A,0.71,0.12,-0.21,-0.11,0.32,0,11.32,Low (<15),2023
2023-11-28,19844.65,19916.85,19800.0,19908.45,Neutral,Neutral,Neutral,Neutral,Neutral/Unclear,None,Down to Up,N/A,N/A,N/A,0.71,0.36,-0.22,0.32,0.59,0,11.32,Low (<15),2023
2023-11-29,19976.55,20104.65,19956.3,20096.2,Neutral,Neutral,Neutral,Neutral,Neutral/Unclear,None,Down to Up,N/A,N/A,N/A,0.71,0.64,-0.1,0.6,0.74,0,11.32,Low (<15),2023
2023-11-30,20108.5,20158.7,20015.85,20127.2,Strong Bullish,Strong Bullish,Bullish,Bullish,Bullish Alignment,Strong Bullish Alignment,Down to Up,Against then Recovered,Worked and Remained,Reversed Before Half,0.8,0.25,-0.46,0.09,0.71,1,12.71,Low (<15),2023
2023-12-01,20194.1,20291.55,20183.7,20255.75,Bearish,Strong Bearish,Bearish,Bearish,Bearish Alignment,Strong Bearish Alignment,Down to Up,Worked then Reversed,Reversed by Close,Reversed Before Half,0.8,0.48,-0.05,0.31,0.53,0,12.69,Low (<15),2023
2023-12-04,20601.95,20702.65,20507.75,20686.8,Neutral,Bullish,Neutral,Bullish,Neutral/Unclear,None,Down to Up,N/A,N/A,N/A,0.8,0.49,-0.46,0.41,0.95,0,12.69,Low (<15),2023
2023-12-05,20808.9,20864.05,20711.15,20856.7,Strong Bullish,Strong Bullish,Bullish,Bullish,Bullish Alignment,Strong Bullish Alignment,Down to Up,Against then Recovered,Worked and Remained,Reversed Before Half,0.8,0.27,-0.47,0.23,0.73,0,12.69,Low (<15),2023
2023-12-06,20950.75,20961.95,20852.15,20935.9,Bearish,Strong Bearish,Bearish,Bearish,Bearish Alignment,Strong Bearish Alignment,Top to Down,Against then Recovered,Worked and Remained,Exceeded Half then Reversed,0.8,0.05,-0.47,-0.07,0.52,0,12.69,Low (<15),2023
2023-12-07,20932.4,20941.25,20850.8,20916.1,Bullish,Strong Bearish,Bullish,Bearish,Mixed,None,Top to Down,N/A,N/A,N/A,0.87,0.04,-0.39,-0.08,0.43,1,13.74,Low (<15),2023
2023-12-08,20934.1,21006.1,20862.7,20972.1,Bullish,Mildly Bullish,Bullish,Bullish,Bullish Alignment,None,Down to Up,Against then Recovered,Worked and Remained,Reversed Before Half,0.8,0.34,-0.34,0.18,0.69,0,12.67,Low (<15),2023
2023-12-11,20965.3,21026.1,20923.7,20992.8,Mildly Bearish,Bullish,Bearish,Bullish,Mixed,None,Down to Up,N/A,N/A,N/A,0.8,0.29,-0.2,0.13,0.49,0,12.67,Low (<15),2023
2023-12-12,21018.55,21037.9,20867.15,20900.4,Bearish,Strong Bearish,Bearish,Bearish,Bearish Alignment,Strong Bearish Alignment,Top to Down,Against then Recovered,Worked and Remained,Exceeded Half then Reversed,0.8,0.09,-0.72,-0.56,0.81,0,12.67,Low (<15),2023
2023-12-13,20929.75,20950.0,20769.5,20937.45,Neutral,Strong Bearish,Neutral,Bearish,Neutral/Unclear,None,Down to Up,N/A,N/A,N/A,0.8,0.1,-0.77,0.04,0.86,0,12.67,Low (<15),2023
2023-12-14,21110.4,21210.9,21074.45,21195.25,Neutral,Strong Bullish,Neutral,Bullish,Neutral/Unclear,None,Down to Up,N/A,N/A,N/A,0.76,0.48,-0.17,0.4,0.65,1,12.07,Low (<15),2023
2023-12-15,21287.45,21492.3,21235.3,21448.7,Neutral,Bullish,Neutral,Bullish,Neutral/Unclear,None,Down to Up,N/A,N/A,N/A,0.78,0.96,-0.24,0.76,1.21,0,12.32,Low (<15),2023
2023-12-18,21434.8,21482.8,21365.35,21410.8,Neutral,Strong Bullish,Neutral,Bullish,Neutral/Unclear,None,Top to Down,N/A,N/A,N/A,0.78,0.22,-0.32,-0.11,0.55,0,12.32,Low (<15),2023
2023-12-19,21477.65,21505.05,21337.75,21446.0,Bearish,Strong Bearish,Bearish,Bearish,Bearish Alignment,Strong Bearish Alignment,Top to Down,Against then Recovered,Worked and Remained,Exceeded Half then Reversed,0.78,0.13,-0.65,-0.15,0.78,0,12.32,Low (<15),2023
2023-12-20,21543.5,21593.0,21087.35,21101.5,Bullish,Strong Bullish,Bullish,Bullish,Bullish Alignment,Strong Bullish Alignment,Top to Down,Worked then Reversed,Reversed by Close,Reversed Before Half,0.78,0.23,-2.12,-2.05,2.35,0,12.32,Low (<15),2023
2023-12-21,21033.95,21288.35,20976.8,21283.0,Neutral,Strong Bearish,Neutral,Bearish,Neutral/Unclear,None,Down to Up,N/A,N/A,N/A,0.91,1.21,-0.27,1.18,1.48,1,14.45,Low (<15),2023
2023-12-22,21295.85,21390.5,21232.45,21332.35,Mildly Bullish,Strong Bullish,Bullish,Bullish,Bullish Alignment,None,Down to Up,Against then Recovered,Worked and Remained,Exceeded Half then Reversed,0.87,0.44,-0.3,0.17,0.74,0,13.76,Low (<15),2023
2023-12-26,21365.2,21477.15,21329.45,21454.15,Neutral,Neutral,Neutral,Neutral,Neutral/Unclear,None,Down to Up,N/A,N/A,N/A,0.87,0.52,-0.17,0.42,0.69,0,13.76,Low (<15),2023
2023-12-27,21497.65,21675.75,21495.8,21648.95,Neutral,Neutral,Neutral,Neutral,Neutral/Unclear,None,Down to Up,N/A,N/A,N/A,0.87,0.83,-0.01,0.7,0.84,0,13.76,Low (<15),2023
2023-12-28,21715.0,21801.45,21678.0,21773.7,Bearish,Strong Bullish,Bearish,Bullish,Mixed,None,Down to Up,N/A,N/A,N/A,0.98,0.4,-0.17,0.27,0.57,1,15.56,Normal (15-20),2023
2023-12-29,21737.65,21770.3,21676.9,21728.3,Bullish,Strong Bearish,Bullish,Bearish,Mixed,None,Top to Down,N/A,N/A,N/A,0.95,0.15,-0.28,-0.04,0.43,0,15.14,Normal (15-20),2023
2024-01-01,21727.75,21834.35,21680.85,21689.45,Neutral,Strong Bearish,Neutral,Bearish,Neutral/Unclear,None,Top to Down,N/A,N/A,N/A,0.95,0.49,-0.22,-0.18,0.71,0,15.14,Normal (15-20),2024
2024-01-02,21751.35,21755.6,21555.65,21661.5,Neutral,Mildly Bearish,Neutral,Bearish,Neutral/Unclear,None,Top to Down,N/A,N/A,N/A,0.95,0.02,-0.9,-0.41,0.92,0,15.14,Normal (15-20),2024
2024-01-03,21661.1,21677.0,21500.35,21523.7,Bearish,Strong Bearish,Bearish,Bearish,Bearish Alignment,Strong Bearish Alignment,Top to Down,Against then Recovered,Worked and Remained,Exceeded Half then Reversed,0.95,0.07,-0.74,-0.63,0.82,0,15.14,Normal (15-20),2024
2024-01-04,21605.8,21685.65,21564.55,21669.6,Bullish,Strong Bullish,Bullish,Bullish,Bullish Alignment,Strong Bullish Alignment,Down to Up,Against then Recovered,Worked and Remained,Reversed Before Half,0.89,0.37,-0.19,0.3,0.56,1,14.1,Low (<15),2024
2024-01-05,21705.75,21749.6,21629.2,21709.55,Strong Bullish,Strong Bullish,Bullish,Bullish,Bullish Alignment,Strong Bullish Alignment,Down to Up,Against then Recovered,Worked and Remained,Reversed Before Half,0.84,0.2,-0.35,0.02,0.55,0,13.33,Low (<15),2024
2024-01-08,21747.6,21763.95,21492.9,21511.35,Strong Bearish,Strong Bearish,Bearish,Bearish,Bearish Alignment,Strong Bearish Alignment,Top to Down,Against then Recovered,Worked and Remained,Exceeded Half then Reversed,0.84,0.08,-1.17,-1.09,1.25,0,13.33,Low (<15),2024
2024-01-09,21653.6,21724.45,21517.85,21551.95,Mildly Bearish,Strong Bearish,Bearish,Bearish,Bearish Alignment,None,Top to Down,Against then Recovered,Worked and Remained,Exceeded Half then Reversed,0.84,0.33,-0.63,-0.47,0.95,0,13.33,Low (<15),2024
2024-01-10,21529.3,21641.85,21448.65,21625.4,Strong Bullish,Neutral,Bullish,Neutral,Neutral/Unclear,None,Down to Up,N/A,N/A,N/A,0.84,0.52,-0.37,0.45,0.9,0,13.33,Low (<15),2024
2024-01-11,21688.0,21726.5,21593.75,21669.4,Bearish,Strong Bullish,Bearish,Bullish,Mixed,None,Top to Down,N/A,N/A,N/A,0.82,0.18,-0.43,-0.09,0.61,1,12.97,Low (<15),2024
2024-01-12,21773.55,21928.25,21715.15,21908.25,Neutral,Strong Bearish,Neutral,Bearish,Neutral/Unclear,None,Down to Up,N/A,N/A,N/A,0.8,0.71,-0.27,0.62,0.98,0,12.77,Low (<15),2024
2024-01-15,22053.15,22115.55,21963.55,22109.8,Bullish,Strong Bullish,Bullish,Bullish,Bullish Alignment,Strong Bullish Alignment,Down to Up,Against then Recovered,Worked and Remained,Reversed Before Half,0.8,0.28,-0.41,0.26,0.69,0,12.77,Low (<15),2024
2024-01-16,22080.5,22124.15,21969.8,22031.6,Bullish,Strong Bullish,Bullish,Bullish,Bullish Alignment,Strong Bullish Alignment,Top to Down,Worked then Reversed,Reversed by Close,Reversed Before Half,0.8,0.2,-0.5,-0.22,0.7,0,12.77,Low (<15),2024
2024-01-18,21414.2,21539.4,21285.55,21477.25,Bearish,Strong Bearish,Bearish,Bearish,Bearish Alignment,Strong Bearish Alignment,Down to Up,Worked then Reversed,Reversed by Close,Exceeded Half then Reversed,0.95,0.58,-0.6,0.29,1.19,1,15.08,Normal (15-20),2024
2024-01-19,21615.2,21670.6,21575.0,21638.2,Bearish,Strong Bullish,Bearish,Bullish,Mixed,None,Down to Up,N/A,N/A,N/A,0.89,0.26,-0.19,0.11,0.44,0,14.07,Low (<15),2024
2024-01-20,21706.15,21720.3,21541.8,21586.95,Neutral,Bearish,Neutral,Bearish,Neutral/Unclear,None,Top to Down,N/A,N/A,N/A,0.89,0.07,-0.76,-0.55,0.82,0,14.07,Low (<15),2024
2024-01-23,21716.7,21750.25,21192.6,21243.05,Neutral,Neutral,Neutral,Neutral,Neutral/Unclear,None,Top to Down,N/A,N/A,N/A,0.89,0.15,-2.41,-2.18,2.57,0,14.07,Low (<15),2024
2024-01-24,21185.25,21482.35,21137.2,21460.7,Neutral,Neutral,Neutral,Neutral,Neutral/Unclear,None,Down to Up,N/A,N/A,N/A,0.89,1.4,-0.23,1.3,1.63,0,14.07,Low (<15),2024
2024-01-25,21454.6,21459.0,21247.05,21370.75,Mildly Bullish,Strong Bullish,Bullish,Bullish,Bullish Alignment,None,Top to Down,Worked then Reversed,Reversed by Close,Reversed Before Half,0.91,0.02,-0.97,-0.39,0.99,1,14.38,Low (<15),2024
2024-01-29,21433.1,21763.25,21429.6,21744.8,Neutral,Neutral,Neutral,Neutral,Neutral/Unclear,None,Down to Up,N/A,N/A,N/A,0.91,1.54,-0.02,1.45,1.56,0,14.38,Low (<15),2024
2024-01-30,21775.75,21813.05,21501.8,21530.55,Neutral,Neutral,Neutral,Neutral,Neutral/Unclear,None,Top to Down,N/A,N/A,N/A,0.91,0.17,-1.26,-1.13,1.43,0,14.38,Low (<15),2024
2024-01-31,21487.25,21741.35,21448.85,21708.3,Strong Bearish,Strong Bearish,Bearish,Bearish,Bearish Alignment,Strong Bearish Alignment,Down to Up,Worked then Reversed,Reversed by Close,Reversed Before Half,0.91,1.18,-0.18,1.03,1.36,0,14.38,Low (<15),2024
2024-02-01,21780.65,21832.95,21658.75,21690.3,Bullish,Strong Bullish,Bullish,Bullish,Bullish Alignment,Strong Bullish Alignment,Top to Down,Worked then Reversed,Reversed by Close,Reversed Before Half,1.01,0.24,-0.56,-0.41,0.8,1,16.05,Normal (15-20),2024
2024-02-02,21812.75,22126.8,21805.55,21853.3,Neutral,Neutral,Neutral,Neutral,Neutral/Unclear,None,Down to Up,N/A,N/A,N/A,0.91,1.44,-0.03,0.19,1.47,0,14.46,Low (<15),2024
2024-02-05,21921.05,21964.3,21726.95,21761.3,Bullish,Strong Bearish,Bullish,Bearish,Mixed,None,Top to Down,N/A,N/A,N/A,0.91,0.2,-0.89,-0.73,1.08,0,14.46,Low (<15),2024
2024-02-06,21825.2,21951.4,21737.55,21938.8,Bearish,Strong Bearish,Bearish,Bearish,Bearish Alignment,Strong Bearish Alignment,Down to Up,Worked then Reversed,Reversed by Close,Reversed Before Half,0.91,0.58,-0.4,0.52,0.98,0,14.46,Low (<15),2024
2024-02-07,22045.05,22053.3,21860.15,21949.8,Bullish,Strong Bullish,Bullish,Bullish,Bullish Alignment,Strong Bullish Alignment,Top to Down,Worked then Reversed,Reversed by Close,Reversed Before Half,0.91,0.04,-0.84,-0.43,0.88,0,14.46,Low (<15),2024
2024-02-08,22009.65,22011.05,21665.3,21759.7,Mildly Bearish,Bullish,Bearish,Bullish,Mixed,None,Top to Down,N/A,N/A,N/A,0.98,0.01,-1.56,-1.14,1.57,1,15.51,Normal (15-20),2024
2024-02-09,21727.0,21804.45,21629.9,21786.0,Bearish,Strong Bearish,Bearish,Bearish,Bearish Alignment,Strong Bearish Alignment,Down to Up,Worked then Reversed,Reversed by Close,Reversed Before Half,1.0,0.36,-0.45,0.27,0.8,0,15.83,Normal (15-20),2024
2024-02-12,21800.8,21831.7,21574.75,21612.6,Bullish,Strong Bullish,Bullish,Bullish,Bullish Alignment,Strong Bullish Alignment,Top to Down,Worked then Reversed,Reversed by Close,Reversed Before Half,1.0,0.14,-1.04,-0.86,1.18,0,15.83,Normal (15-20),2024
2024-02-13,21664.3,21766.8,21543.35,21728.0,Strong Bearish,Strong Bearish,Bearish,Bearish,Bearish Alignment,Strong Bearish Alignment,Down to Up,Worked then Reversed,Reversed by Close,Exceeded Half then Reversed,1.0,0.47,-0.56,0.29,1.03,0,15.83,Normal (15-20),2024
2024-02-14,21578.15,21870.85,21530.2,21848.7,Bullish,Strong Bullish,Bullish,Bullish,Bullish Alignment,Strong Bullish Alignment,Down to Up,Against then Recovered,Worked and Remained,Exceeded Half then Reversed,1.0,1.36,-0.22,1.25,1.58,0,15.83,Normal (15-20),2024
2024-02-15,21906.55,21953.85,21794.8,21927.05,Mildly Bearish,Mildly Bearish,Bearish,Bearish,Bearish Alignment,None,Down to Up,Worked then Reversed,Reversed by Close,Exceeded Half then Reversed,0.97,0.22,-0.51,0.09,0.73,1,15.44,Normal (15-20),2024
2024-02-16,22020.3,22068.65,21968.95,22033.5,Strong Bullish,Mildly Bearish,Bullish,Bearish,Mixed,None,Down to Up,N/A,N/A,N/A,0.96,0.22,-0.23,0.06,0.45,0,15.23,Normal (15-20),2024
2024-02-19,22103.45,22186.65,22021.05,22116.95,Bearish,Bullish,Bearish,Bullish,Mixed,None,Down to Up,N/A,N/A,N/A,0.96,0.38,-0.37,0.06,0.75,0,15.23,Normal (15-20),2024
2024-02-20,22099.2,22215.6,22045.85,22208.15,Neutral,Neutral,Neutral,Neutral,Neutral/Unclear,None,Down to Up,N/A,N/A,N/A,0.96,0.53,-0.24,0.49,0.77,0,15.23,Normal (15-20),2024
2024-02-21,22248.85,22249.4,21997.95,22028.75,Neutral,Strong Bullish,Neutral,Bullish,Neutral/Unclear,None,Top to Down,N/A,N/A,N/A,0.96,0.0,-1.13,-0.99,1.13,0,15.23,Normal (15-20),2024
2024-02-22,22081.55,22252.5,21875.25,22216.9,Bullish,Strong Bearish,Bullish,Bearish,Mixed,None,Down to Up,N/A,N/A,N/A,1.0,0.77,-0.93,0.61,1.71,1,15.93,Normal (15-20),2024
2024-02-23,22290.0,22297.5,22186.1,22194.25,Neutral,Strong Bullish,Neutral,Bullish,Neutral/Unclear,None,Top to Down,N/A,N/A,N/A,0.96,0.03,-0.47,-0.43,0.5,0,15.2,Normal (15-20),2024
2024-02-26,22169.2,22202.15,22075.15,22117.15,Bearish,Strong Bearish,Bearish,Bearish,Bearish Alignment,Strong Bearish Alignment,Top to Down,Against then Recovered,Worked and Remained,Reversed Before Half,0.96,0.15,-0.42,-0.23,0.57,0,15.2,Normal (15-20),2024
2024-02-27,22090.2,22218.25,22085.65,22194.2,Neutral,Strong Bearish,Neutral,Bearish,Neutral/Unclear,None,Down to Up,N/A,N/A,N/A,0.96,0.58,-0.02,0.47,0.6,0,15.2,Normal (15-20),2024
2024-02-28,22214.1,22229.15,21915.85,21926.25,Neutral,Strong Bullish,Neutral,Bullish,Neutral/Unclear,None,Top to Down,N/A,N/A,N/A,0.96,0.07,-1.34,-1.3,1.41,0,15.2,Normal (15-20),2024
2024-02-29,21935.2,22060.55,21860.65,22042.05,Bearish,Strong Bearish,Bearish,Bearish,Bearish Alignment,Strong Bearish Alignment,Down to Up,Worked then Reversed,Reversed by Close,Reversed Before Half,1.03,0.57,-0.34,0.49,0.91,1,16.33,Normal (15-20),2024
2024-03-01,22048.3,22353.3,22047.75,22326.05,Bullish,Strong Bullish,Bullish,Bullish,Bullish Alignment,Strong Bullish Alignment,Down to Up,Against then Recovered,Worked and Remained,Exceeded Half then Reversed,0.98,1.38,-0.0,1.26,1.39,0,15.57,Normal (15-20),2024
2024-03-02,22406.95,22420.25,22366.95,22373.4,Neutral,Strong Bullish,Neutral,Bullish,Neutral/Unclear,None,Top to Down,N/A,N/A,N/A,0.98,0.06,-0.18,-0.15,0.24,0,15.57,Normal (15-20),2024
2024-03-04,22403.5,22440.9,22358.3,22397.65,Neutral,Strong Bullish,Neutral,Bullish,Neutral/Unclear,None,Top to Down,N/A,N/A,N/A,0.98,0.17,-0.2,-0.03,0.37,0,15.57,Normal (15-20),2024
2024-03-05,22371.25,22416.9,22269.15,22358.5,Strong Bullish,Strong Bearish,Bullish,Bearish,Mixed,None,Top to Down,N/A,N/A,N/A,0.98,0.2,-0.46,-0.06,0.66,0,15.57,Normal (15-20),2024
2024-03-06,22327.5,22497.2,22224.35,22480.05,Bearish,Mildly Bullish,Bearish,Bullish,Mixed,None,Down to Up,N/A,N/A,N/A,0.98,0.76,-0.46,0.68,1.22,0,15.57,Normal (15-20),2024
2024-03-07,22505.3,22525.65,22430.0,22483.5,Neutral,Mildly Bearish,Neutral,Bearish,Neutral/Unclear,None,Top to Down,N/A,N/A,N/A,0.9,0.09,-0.33,-0.1,0.43,1,14.3,Low (<15),2024
2024-03-11,22517.5,22526.6,22307.25,22319.85,Neutral,Neutral,Neutral,Neutral,Neutral/Unclear,None,Top to Down,N/A,N/A,N/A,0.9,0.04,-0.93,-0.88,0.97,0,14.3,Low (<15),2024
2024-03-12,22334.45,22452.55,22256.0,22333.7,Neutral,Neutral,Neutral,Neutral,Neutral/Unclear,None,Top to Down,N/A,N/A,N/A,0.9,0.53,-0.35,-0.0,0.88,0,14.3,Low (<15),2024
2024-03-13,22432.2,22446.75,21905.65,21981.05,Bullish,Strong Bullish,Bullish,Bullish,Bullish Alignment,Strong Bullish Alignment,Top to Down,Worked then Reversed,Reversed by Close,Reversed Before Half,0.9,0.06,-2.35,-2.01,2.41,0,14.3,Low (<15),2024
2024-03-14,21982.55,22204.6,21917.5,22153.05,Bearish,Strong Bearish,Bearish,Bearish,Bearish Alignment,Strong Bearish Alignment,Down to Up,Worked then Reversed,Reversed by Close,Reversed Before Half,0.91,1.01,-0.3,0.78,1.31,1,14.43,Low (<15),2024
2024-03-15,22064.85,22120.9,21931.7,21996.35,Neutral,Strong Bullish,Neutral,Bullish,Neutral/Unclear,None,Top to Down,N/A,N/A,N/A,0.86,0.25,-0.6,-0.31,0.86,0,13.62,Low (<15),2024
2024-03-18,21990.1,22123.7,21916.55,22051.5,Mildly Bullish,Strong Bearish,Bullish,Bearish,Mixed,None,Down to Up,N/A,N/A,N/A,0.86,0.61,-0.33,0.28,0.94,0,13.62,Low (<15),2024
2024-03-19,21946.45,21978.3,21793.1,21810.35,Mildly Bullish,Strong Bullish,Bullish,Bullish,Bullish Alignment,None,Top to Down,Worked then Reversed,Reversed by Close,Reversed Before Half,0.86,0.15,-0.7,-0.62,0.84,0,13.62,Low (<15),2024
2024-03-20,21843.9,21930.9,21710.2,21855.1,Bearish,Strong Bearish,Bearish,Bearish,Bearish Alignment,Strong Bearish Alignment,Down to Up,Worked then Reversed,Reversed by Close,Exceeded Half then Reversed,0.86,0.4,-0.61,0.05,1.01,0,13.62,Low (<15),2024
2024-03-21,21989.9,22080.95,21941.3,22014.6,Neutral,Strong Bullish,Neutral,Bullish,Neutral/Unclear,None,Down to Up,N/A,N/A,N/A,0.85,0.41,-0.22,0.11,0.64,1,13.47,Low (<15),2024
2024-03-22,21932.2,22180.7,21883.3,22080.8,Neutral,Neutral,Neutral,Neutral,Neutral/Unclear,None,Down to Up,N/A,N/A,N/A,0.79,1.13,-0.22,0.68,1.36,0,12.51,Low (<15),2024
2024-03-26,21947.9,22073.2,21947.55,22018.25,Neutral,Neutral,Neutral,Neutral,Neutral/Unclear,None,Down to Up,N/A,N/A,N/A,0.79,0.57,-0.0,0.32,0.57,0,12.51,Low (<15),2024
2024-03-27,22053.95,22193.6,22052.85,22147.2,Neutral,Neutral,Neutral,Neutral,Neutral/Unclear,None,Down to Up,N/A,N/A,N/A,0.79,0.63,-0.0,0.42,0.64,0,12.51,Low (<15),2024
2024-03-28,22163.6,22516.0,22163.6,22343.1,Bearish,Strong Bullish,Bearish,Bullish,Mixed,None,Down to Up,N/A,N/A,N/A,0.8,1.59,0.0,0.81,1.59,1,12.7,Low (<15),2024
2024-04-01,22455.0,22529.95,22427.75,22469.05,Neutral,Neutral,Neutral,Neutral,Neutral/Unclear,None,Down to Up,N/A,N/A,N/A,0.8,0.33,-0.12,0.06,0.46,0,12.7,Low (<15),2024
2024-04-02,22458.8,22497.6,22388.15,22464.3,Neutral,Neutral,Neutral,Neutral,Neutral/Unclear,None,Down to Up,N/A,N/A,N/A,0.8,0.17,-0.31,0.02,0.49,0,12.7,Low (<15),2024
2024-04-03,22385.7,22521.1,22346.5,22445.55,Bearish,Bearish,Bearish,Bearish,Bearish Alignment,Strong Bearish Alignment,Down to Up,Worked then Reversed,Reversed by Close,Reversed Before Half,0.8,0.6,-0.18,0.27,0.78,0,12.7,Low (<15),2024
2024-04-04,22592.1,22619.0,22303.8,22541.2,Mildly Bearish,Neutral,Bearish,Neutral,Neutral/Unclear,None,Top to Down,N/A,N/A,N/A,0.72,0.12,-1.28,-0.23,1.4,1,11.37,Low (<15),2024
2024-04-05,22486.4,22537.6,22427.6,22523.4,Mildly Bullish,Mildly Bullish,Bullish,Bullish,Bullish Alignment,None,Down to Up,Against then Recovered,Worked and Remained,Reversed Before Half,0.71,0.23,-0.26,0.16,0.49,0,11.22,Low (<15),2024
2024-04-08,22578.35,22697.3,22550.35,22661.0,Neutral,Strong Bullish,Neutral,Bullish,Neutral/Unclear,None,Down to Up,N/A,N/A,N/A,0.71,0.53,-0.12,0.37,0.65,0,11.22,Low (<15),2024
2024-04-09,22765.1,22768.4,22612.25,22642.05,Bullish,Strong Bearish,Bullish,Bearish,Mixed,None,Top to Down,N/A,N/A,N/A,0.71,0.01,-0.67,-0.54,0.69,0,11.22,Low (<15),2024
2024-04-10,22720.25,22775.7,22673.7,22735.05,Mildly Bullish,Strong Bearish,Bullish,Bearish,Mixed,None,Down to Up,N/A,N/A,N/A,0.72,0.24,-0.2,0.07,0.45,1,11.36,Low (<15),2024
2024-04-12,22677.4,22726.45,22503.75,22519.4,Neutral,Neutral,Neutral,Neutral,Neutral/Unclear,None,Top to Down,N/A,N/A,N/A,0.7,0.22,-0.77,-0.7,0.98,0,11.11,Low (<15),2024
2024-04-15,22339.05,22427.45,22259.55,22277.45,Neutral,Neutral,Neutral,Neutral,Neutral/Unclear,None,Top to Down,N/A,N/A,N/A,0.7,0.4,-0.36,-0.28,0.75,0,11.11,Low (<15),2024
2024-04-16,22125.3,22213.75,22079.45,22177.45,Strong Bearish,Strong Bearish,Bearish,Bearish,Bearish Alignment,Strong Bearish Alignment,Down to Up,Worked then Reversed,Reversed by Close,Reversed Before Half,0.7,0.4,-0.21,0.24,0.61,0,11.11,Low (<15),2024
2024-04-18,22212.35,22326.5,21961.7,22045.75,Neutral,Neutral,Neutral,Neutral,Neutral/Unclear,None,Top to Down,N/A,N/A,N/A,0.79,0.51,-1.13,-0.75,1.64,1,12.62,Low (<15),2024
2024-04-19,21861.5,22179.55,21777.65,22149.7,Neutral,Neutral,Neutral,Neutral,Neutral/Unclear,None,Down to Up,N/A,N/A,N/A,0.82,1.45,-0.38,1.32,1.84,0,13.04,Low (<15),2024
2024-04-22,22336.9,22375.65,22198.15,22370.5,Neutral,Strong Bullish,Neutral,Bullish,Neutral/Unclear,None,Down to Up,N/A,N/A,N/A,0.82,0.17,-0.62,0.15,0.79,0,13.04,Low (<15),2024
2024-04-23,22447.05,22447.55,22349.45,22361.0,Mildly Bullish,Bullish,Bullish,Bullish,Bullish Alignment,None,Top to Down,Worked then Reversed,Reversed by Close,Reversed Before Half,0.82,0.0,-0.43,-0.38,0.44,0,13.04,Low (<15),2024
2024-04-24,22421.55,22476.45,22384.0,22412.2,Strong Bearish,Strong Bearish,Bearish,Bearish,Bearish Alignment,Strong Bearish Alignment,Top to Down,Against then Recovered,Worked and Remained,Reversed Before Half,0.82,0.24,-0.17,-0.04,0.41,0,13.04,Low (<15),2024
2024-04-25,22316.9,22625.95,22305.25,22559.25,Bullish,Mildly Bullish,Bullish,Bullish,Bullish Alignment,None,Down to Up,Against then Recovered,Worked and Remained,Exceeded Half then Reversed,0.65,1.38,-0.05,1.09,1.44,1,10.28,Low (<15),2024
2024-04-26,22620.4,22620.4,22385.55,22450.2,Strong Bullish,Strong Bullish,Bullish,Bullish,Bullish Alignment,Strong Bullish Alignment,Top to Down,Worked then Reversed,Reversed by Close,Reversed Before Half,0.68,0.0,-1.04,-0.75,1.04,0,10.73,Low (<15),2024
2024-04-29,22475.55,22655.8,22441.9,22633.15,Strong Bearish,Strong Bearish,Bearish,Bearish,Bearish Alignment,Strong Bearish Alignment,Down to Up,Worked then Reversed,Reversed by Close,Reversed Before Half,0.68,0.8,-0.15,0.7,0.95,0,10.73,Low (<15),2024
2024-04-30,22679.65,22783.35,22568.4,22587.75,Strong Bullish,Strong Bullish,Bullish,Bullish,Bullish Alignment,Strong Bullish Alignment,Top to Down,Worked then Reversed,Reversed by Close,Exceeded Half then Reversed,0.68,0.46,-0.49,-0.41,0.95,0,10.73,Low (<15),2024
2024-05-02,22567.85,22710.5,22567.85,22656.75,Neutral,Neutral,Neutral,Neutral,Neutral/Unclear,None,Down to Up,N/A,N/A,N/A,0.81,0.63,0.0,0.39,0.63,1,12.87,Low (<15),2024
2024-05-03,22766.35,22794.7,22348.05,22456.7,Neutral,Neutral,Neutral,Neutral,Neutral/Unclear,None,Top to Down,N/A,N/A,N/A,0.85,0.12,-1.84,-1.36,1.96,0,13.45,Low (<15),2024
2024-05-06,22561.6,22588.8,22409.45,22458.0,Strong Bearish,Strong Bearish,Bearish,Bearish,Bearish Alignment,Strong Bearish Alignment,Top to Down,Against then Recovered,Worked and Remained,Exceeded Half then Reversed,0.85,0.12,-0.67,-0.46,0.79,0,13.45,Low (<15),2024
2024-05-07,22489.75,22499.05,22232.05,22304.5,Mildly Bullish,Neutral,Bullish,Neutral,Neutral/Unclear,None,Top to Down,N/A,N/A,N/A,0.85,0.04,-1.15,-0.82,1.19,0,13.45,Low (<15),2024
2024-05-08,22231.2,22368.65,22185.2,22306.75,Strong Bearish,Strong Bearish,Bearish,Bearish,Bearish Alignment,Strong Bearish Alignment,Down to Up,Worked then Reversed,Reversed by Close,Reversed Before Half,0.85,0.62,-0.21,0.34,0.83,0,13.45,Low (<15),2024
2024-05-09,22224.8,22307.75,21932.4,21968.15,Bullish,Strong Bullish,Bullish,Bullish,Bullish Alignment,Strong Bullish Alignment,Top to Down,Worked then Reversed,Reversed by Close,Reversed Before Half,1.08,0.37,-1.32,-1.15,1.69,1,17.08,Normal (15-20),2024
2024-05-10,21990.95,22131.3,21950.3,22054.0,Strong Bearish,Strong Bearish,Bearish,Bearish,Bearish Alignment,Strong Bearish Alignment,Down to Up,Worked then Reversed,Reversed by Close,Reversed Before Half,1.15,0.64,-0.18,0.29,0.82,0,18.2,Normal (15-20),2024
2024-05-13,22027.95,22131.65,21821.05,22119.4,Neutral,Strong Bullish,Neutral,Bullish,Neutral/Unclear,None,Down to Up,N/A,N/A,N/A,1.15,0.47,-0.94,0.42,1.41,0,18.2,Normal (15-20),2024
2024-05-14,22126.5,22270.05,22081.25,22223.8,Bullish,Strong Bullish,Bullish,Bullish,Bullish Alignment,Strong Bullish Alignment,Down to Up,Against then Recovered,Worked and Remained,Exceeded Half then Reversed,1.15,0.65,-0.2,0.44,0.85,0,18.2,Normal (15-20),2024
2024-05-15,22255.6,22297.55,22151.75,22210.4,Neutral,Neutral,Neutral,Neutral,Neutral/Unclear,None,Top to Down,N/A,N/A,N/A,1.15,0.19,-0.47,-0.2,0.66,0,18.2,Normal (15-20),2024
2024-05-17,22415.25,22502.15,22345.65,22465.55,Neutral,Strong Bullish,Neutral,Bullish,Neutral/Unclear,None,Down to Up,N/A,N/A,N/A,1.26,0.39,-0.31,0.22,0.7,0,20.0,Elevated (20-30),2024
2024-05-18,22512.85,22519.85,22470.1,22506.8,Bullish,Strong Bullish,Bullish,Bullish,Bullish Alignment,Strong Bullish Alignment,Top to Down,Worked then Reversed,Reversed by Close,Reversed Before Half,1.26,0.03,-0.19,-0.03,0.22,0,20.0,Elevated (20-30),2024
2024-05-21,22404.55,22591.1,22404.55,22507.55,Neutral,Neutral,Neutral,Neutral,Neutral/Unclear,None,Down to Up,N/A,N/A,N/A,1.26,0.83,0.0,0.46,0.83,0,20.0,Elevated (20-30),2024
2024-05-22,22576.6,22629.5,22483.15,22620.5,Neutral,Neutral,Neutral,Neutral,Neutral/Unclear,None,Down to Up,N/A,N/A,N/A,1.26,0.23,-0.41,0.19,0.65,0,20.0,Elevated (20-30),2024
2024-05-23,22614.1,22993.6,22577.45,22951.0,Bullish,Strong Bullish,Bullish,Bullish,Bullish Alignment,Strong Bullish Alignment,Down to Up,Against then Recovered,Worked and Remained,Exceeded Half then Reversed,1.35,1.68,-0.16,1.49,1.84,1,21.47,Elevated (20-30),2024
2024-05-24,22930.75,23026.4,22908.0,22952.0,Strong Bullish,Strong Bullish,Bullish,Bullish,Bullish Alignment,Strong Bullish Alignment,Down to Up,Against then Recovered,Worked and Remained,Reversed Before Half,1.35,0.42,-0.1,0.09,0.52,0,21.38,Elevated (20-30),2024
2024-05-27,23038.95,23110.8,22871.2,22931.05,Bullish,Strong Bearish,Bullish,Bearish,Mixed,None,Top to Down,N/A,N/A,N/A,1.35,0.31,-0.73,-0.47,1.04,0,21.38,Elevated (20-30),2024
2024-05-28,22977.15,22998.55,22858.5,22868.65,Neutral,Strong Bearish,Neutral,Bearish,Neutral/Unclear,None,Top to Down,N/A,N/A,N/A,1.35,0.09,-0.52,-0.47,0.61,0,21.38,Elevated (20-30),2024
2024-05-29,22762.75,22825.5,22685.45,22705.8,Mildly Bullish,Strong Bearish,Bullish,Bearish,Mixed,None,Top to Down,N/A,N/A,N/A,1.35,0.28,-0.34,-0.25,0.62,0,21.38,Elevated (20-30),2024
2024-05-30,22617.45,22705.75,22417.0,22557.1,Strong Bearish,Bearish,Bearish,Bearish,Bearish Alignment,Strong Bearish Alignment,Top to Down,Against then Recovered,Worked and Remained,Exceeded Half then Reversed,1.52,0.39,-0.89,-0.27,1.28,1,24.18,Elevated (20-30),2024
2024-05-31,22568.1,22653.75,22465.1,22550.45,Strong Bearish,Neutral,Bearish,Neutral,Neutral/Unclear,None,Top to Down,N/A,N/A,N/A,1.52,0.38,-0.46,-0.08,0.84,0,24.18,Elevated (20-30),2024
2024-06-03,23337.9,23338.7,23062.3,23305.95,Neutral,Mildly Bearish,Neutral,Bearish,Neutral/Unclear,None,Top to Down,N/A,N/A,N/A,1.52,0.0,-1.18,-0.14,1.18,0,24.18,Elevated (20-30),2024
2024-06-04,23179.5,23179.5,21281.45,21996.45,Strong Bullish,Strong Bullish,Bullish,Bullish,Bullish Alignment,Strong Bullish Alignment,Top to Down,Worked then Reversed,Reversed by Close,Reversed Before Half,1.52,0.0,-8.19,-5.1,8.19,0,24.18,Elevated (20-30),2024
2024-06-05,22128.35,22670.4,21791.95,22573.0,Strong Bearish,Strong Bearish,Bearish,Bearish,Bearish Alignment,Strong Bearish Alignment,Down to Up,Worked then Reversed,Reversed by Close,Exceeded Half then Reversed,1.52,2.45,-1.52,2.01,3.97,0,24.18,Elevated (20-30),2024
2024-06-06,22798.6,22910.15,22642.6,22849.05,Strong Bullish,Strong Bullish,Bullish,Bullish,Bullish Alignment,Strong Bullish Alignment,Down to Up,Against then Recovered,Worked and Remained,Reversed Before Half,1.19,0.49,-0.68,0.22,1.17,1,18.89,Normal (15-20),2024
2024-06-07,22821.85,23320.2,22789.05,23270.05,Strong Bullish,Strong Bullish,Bullish,Bullish,Bullish Alignment,Strong Bullish Alignment,Down to Up,Against then Recovered,Worked and Remained,Exceeded Half then Reversed,1.06,2.18,-0.14,1.96,2.33,0,16.8,Normal (15-20),2024
2024-06-10,23319.15,23411.9,23227.15,23234.45,Bullish,Strong Bullish,Bullish,Bullish,Bullish Alignment,Strong Bullish Alignment,Top to Down,Worked then Reversed,Reversed by Close,Reversed Before Half,1.06,0.4,-0.39,-0.36,0.79,0,16.8,Normal (15-20),2024
2024-06-11,23283.75,23389.45,23206.65,23261.8,Strong Bullish,Strong Bearish,Bullish,Bearish,Mixed,None,Top to Down,N/A,N/A,N/A,1.06,0.45,-0.33,-0.09,0.79,0,16.8,Normal (15-20),2024
2024-06-12,23344.45,23441.95,23295.95,23308.4,Bullish,Strong Bullish,Bullish,Bullish,Bullish Alignment,Strong Bullish Alignment,Top to Down,Worked then Reversed,Reversed by Close,Reversed Before Half,1.06,0.42,-0.21,-0.15,0.63,0,16.8,Normal (15-20),2024
2024-06-13,23480.95,23481.05,23353.9,23399.35,Mildly Bullish,Strong Bullish,Bullish,Bullish,Bullish Alignment,None,Top to Down,Worked then Reversed,Reversed by Close,Reversed Before Half,0.91,0.0,-0.54,-0.35,0.54,1,14.39,Low (<15),2024
2024-06-14,23464.95,23490.4,23334.25,23454.15,Bullish,Bearish,Bullish,Bearish,Mixed,None,Top to Down,N/A,N/A,N/A,0.85,0.11,-0.56,-0.05,0.67,0,13.49,Low (<15),2024
2024-06-18,23570.8,23579.05,23499.7,23562.3,Neutral,Neutral,Neutral,Neutral,Neutral/Unclear,None,Top to Down,N/A,N/A,N/A,0.85,0.04,-0.3,-0.04,0.34,0,13.49,Low (<15),2024
2024-06-19,23629.85,23664.0,23412.9,23521.4,Neutral,Neutral,Neutral,Neutral,Neutral/Unclear,None,Top to Down,N/A,N/A,N/A,0.85,0.14,-0.92,-0.46,1.06,0,13.49,Low (<15),2024
2024-06-20,23586.15,23624.0,23442.6,23579.15,Bullish,Strong Bearish,Bullish,Bearish,Mixed,None,Top to Down,N/A,N/A,N/A,0.86,0.16,-0.61,-0.03,0.77,1,13.71,Low (<15),2024
2024-06-21,23661.15,23667.1,23398.2,23453.15,Bullish,Strong Bullish,Bullish,Bullish,Bullish Alignment,Strong Bullish Alignment,Top to Down,Worked then Reversed,Reversed by Close,Reversed Before Half,0.84,0.03,-1.11,-0.88,1.14,0,13.35,Low (<15),2024
2024-06-24,23382.3,23558.1,23350.0,23548.65,Bearish,Strong Bearish,Bearish,Bearish,Bearish Alignment,Strong Bearish Alignment,Down to Up,Worked then Reversed,Reversed by Close,Reversed Before Half,0.84,0.75,-0.14,0.71,0.89,0,13.35,Low (<15),2024
2024-06-25,23577.1,23754.15,23562.05,23721.9,Mildly Bullish,Strong Bullish,Bullish,Bullish,Bullish Alignment,None,Down to Up,Against then Recovered,Worked and Remained,Exceeded Half then Reversed,0.84,0.75,-0.06,0.61,0.81,0,13.35,Low (<15),2024
2024-06-26,23723.1,23889.9,23670.45,23840.25,Neutral,Strong Bullish,Neutral,Bullish,Neutral/Unclear,None,Down to Up,N/A,N/A,N/A,0.84,0.7,-0.22,0.49,0.93,0,13.35,Low (<15),2024
2024-06-27,23881.55,24087.45,23805.4,24036.1,Bullish,Strong Bearish,Bullish,Bearish,Mixed,None,Down to Up,N/A,N/A,N/A,0.89,0.86,-0.32,0.65,1.18,1,14.05,Low (<15),2024
2024-06-28,24085.9,24174.0,23985.8,24009.8,Strong Bullish,Bearish,Bullish,Bearish,Mixed,None,Top to Down,N/A,N/A,N/A,0.89,0.37,-0.42,-0.32,0.78,0,14.15,Low (<15),2024
2024-07-01,23992.95,24164.0,23992.7,24123.15,Mildly Bullish,Strong Bearish,Bullish,Bearish,Mixed,None,Down to Up,N/A,N/A,N/A,0.89,0.71,-0.0,0.54,0.71,0,14.15,Low (<15),2024
2024-07-02,24228.75,24236.35,24056.4,24117.8,Neutral,Strong Bullish,Neutral,Bullish,Neutral/Unclear,None,Top to Down,N/A,N/A,N/A,0.89,0.03,-0.71,-0.46,0.74,0,14.15,Low (<15),2024
2024-07-03,24291.75,24309.15,24207.1,24290.8,Neutral,Strong Bearish,Neutral,Bearish,Neutral/Unclear,None,Top to Down,N/A,N/A,N/A,0.89,0.07,-0.35,-0.0,0.42,0,14.15,Low (<15),2024
2024-07-04,24369.95,24401.0,24281.0,24304.65,Bullish,Strong Bullish,Bullish,Bullish,Bullish Alignment,Strong Bullish Alignment,Top to Down,Worked then Reversed,Reversed by Close,Reversed Before Half,0.83,0.13,-0.36,-0.27,0.49,1,13.21,Low (<15),2024
2024-07-05,24213.35,24363.0,24168.85,24316.75,Neutral,Bearish,Neutral,Bearish,Neutral/Unclear,None,Down to Up,N/A,N/A,N/A,0.81,0.62,-0.18,0.43,0.8,0,12.86,Low (<15),2024
2024-07-08,24329.45,24344.6,24240.55,24331.05,Strong Bearish,Neutral,Bearish,Neutral,Neutral/Unclear,None,Down to Up,N/A,N/A,N/A,0.81,0.06,-0.37,0.01,0.43,0,12.86,Low (<15),2024
2024-07-09,24351.0,24443.6,24331.9,24417.25,Strong Bullish,Strong Bearish,Bullish,Bearish,Mixed,None,Down to Up,N/A,N/A,N/A,0.81,0.38,-0.08,0.27,0.46,0,12.86,Low (<15),2024
2024-07-10,24459.85,24461.05,24141.8,24312.4,Strong Bearish,Strong Bullish,Bearish,Bullish,Mixed,None,Top to Down,N/A,N/A,N/A,0.81,0.0,-1.3,-0.6,1.31,0,12.86,Low (<15),2024
2024-07-11,24396.55,24402.65,24193.75,24338.5,Bearish,Strong Bearish,Bearish,Bearish,Bearish Alignment,Strong Bearish Alignment,Top to Down,Against then Recovered,Worked and Remained,Exceeded Half then Reversed,0.91,0.03,-0.83,-0.24,0.86,1,14.43,Low (<15),2024
2024-07-12,24387.95,24592.2,24331.15,24512.4,Bullish,Strong Bullish,Bullish,Bullish,Bullish Alignment,Strong Bullish Alignment,Down to Up,Against then Recovered,Worked and Remained,Exceeded Half then Reversed,0.88,0.84,-0.23,0.51,1.07,0,14.0,Low (<15),2024
2024-07-16,24615.9,24661.25,24587.65,24601.1,Bullish,Strong Bullish,Bullish,Bullish,Bullish Alignment,Strong Bullish Alignment,Top to Down,Worked then Reversed,Reversed by Close,Reversed Before Half,0.88,0.18,-0.11,-0.06,0.3,0,14.0,Low (<15),2024
2024-07-18,24543.8,24837.75,24504.45,24779.35,Neutral,Neutral,Neutral,Neutral,Neutral/Unclear,None,Down to Up,N/A,N/A,N/A,0.9,1.2,-0.16,0.96,1.36,1,14.22,Low (<15),2024
2024-07-19,24853.8,24854.8,24508.15,24525.85,Neutral,Neutral,Neutral,Neutral,Neutral/Unclear,None,Top to Down,N/A,N/A,N/A,0.91,0.0,-1.39,-1.32,1.39,0,14.51,Low (<15),2024
2024-07-22,24445.75,24595.2,24362.3,24515.9,Strong Bearish,Strong Bearish,Bearish,Bearish,Bearish Alignment,Strong Bearish Alignment,Down to Up,Worked then Reversed,Reversed by Close,Reversed Before Half,0.91,0.61,-0.34,0.29,0.95,0,14.51,Low (<15),2024
2024-07-23,24568.9,24582.55,24074.2,24476.4,Mildly Bullish,Strong Bullish,Bullish,Bullish,Bullish Alignment,None,Top to Down,Worked then Reversed,Reversed by Close,Reversed Before Half,0.91,0.06,-2.01,-0.38,2.07,0,14.51,Low (<15),2024
2024-07-24,24444.95,24504.25,24307.25,24441.9,Strong Bearish,Strong Bearish,Bearish,Bearish,Bearish Alignment,Strong Bearish Alignment,Top to Down,Against then Recovered,Worked and Remained,Exceeded Half then Reversed,0.91,0.24,-0.56,-0.01,0.81,0,14.51,Low (<15),2024
2024-07-25,24230.95,24426.15,24210.8,24415.0,Bearish,Bullish,Bearish,Bullish,Mixed,None,Down to Up,N/A,N/A,N/A,0.74,0.81,-0.08,0.76,0.89,1,11.76,Low (<15),2024
2024-07-26,24423.35,24861.15,24410.9,24851.75,Bullish,Bullish,Bullish,Bullish,Bullish Alignment,Strong Bullish Alignment,Down to Up,Against then Recovered,Worked and Remained,Exceeded Half then Reversed,0.79,1.79,-0.05,1.75,1.84,0,12.62,Low (<15),2024
2024-07-29,24943.3,24999.75,24774.6,24840.95,Mildly Bullish,Strong Bullish,Bullish,Bullish,Bullish Alignment,None,Top to Down,Worked then Reversed,Reversed by Close,Reversed Before Half,0.79,0.23,-0.68,-0.41,0.9,0,12.62,Low (<15),2024
2024-07-30,24839.4,24971.75,24798.65,24840.9,Neutral,Strong Bearish,Neutral,Bearish,Neutral/Unclear,None,Down to Up,N/A,N/A,N/A,0.79,0.53,-0.16,0.01,0.7,0,12.62,Low (<15),2024
2024-07-31,24886.7,24984.6,24856.5,24979.3,Neutral,Strong Bullish,Neutral,Bullish,Neutral/Unclear,None,Down to Up,N/A,N/A,N/A,0.79,0.39,-0.12,0.37,0.51,0,12.62,Low (<15),2024
2024-08-01,25030.95,25078.3,24956.4,25006.0,Strong Bearish,Strong Bullish,Bearish,Bullish,Mixed,None,Top to Down,N/A,N/A,N/A,0.83,0.19,-0.3,-0.1,0.49,1,13.25,Low (<15),2024
2024-08-02,24789.0,24851.9,24686.85,24699.45,Strong Bullish,Strong Bearish,Bullish,Bearish,Mixed,None,Top to Down,N/A,N/A,N/A,0.81,0.25,-0.41,-0.36,0.67,0,12.93,Low (<15),2024
2024-08-05,24302.85,24350.05,23893.7,24051.8,Strong Bearish,Strong Bearish,Bearish,Bearish,Bearish Alignment,Strong Bearish Alignment,Top to Down,Against then Recovered,Worked and Remained,Exceeded Half then Reversed,0.81,0.19,-1.68,-1.03,1.88,0,12.93,Low (<15),2024
2024-08-06,24189.85,24382.6,23960.4,24033.05,Bearish,Strong Bearish,Bearish,Bearish,Bearish Alignment,Strong Bearish Alignment,Top to Down,Against then Recovered,Worked and Remained,Exceeded Half then Reversed,0.81,0.8,-0.95,-0.65,1.75,0,12.93,Low (<15),2024
2024-08-07,24289.4,24337.7,24184.9,24315.25,Bearish,Strong Bearish,Bearish,Bearish,Bearish Alignment,Strong Bearish Alignment,Down to Up,Worked then Reversed,Reversed by Close,Exceeded Half then Reversed,0.81,0.2,-0.43,0.11,0.63,0,12.93,Low (<15),2024
2024-08-08,24248.55,24340.5,24079.7,24098.7,Strong Bearish,Strong Bullish,Bearish,Bullish,Mixed,None,Top to Down,N/A,N/A,N/A,1.02,0.38,-0.7,-0.62,1.08,1,16.17,Normal (15-20),2024
2024-08-09,24386.85,24419.75,24311.2,24364.4,Bearish,Bearish,Bearish,Bearish,Bearish Alignment,Strong Bearish Alignment,Top to Down,Against then Recovered,Worked and Remained,Reversed Before Half,1.05,0.13,-0.31,-0.09,0.45,0,16.6,Normal (15-20),2024
2024-08-12,24320.05,24472.8,24212.1,24348.8,Bullish,Strong Bullish,Bullish,Bullish,Bullish Alignment,Strong Bullish Alignment,Down to Up,Against then Recovered,Worked and Remained,Exceeded Half then Reversed,1.05,0.63,-0.44,0.12,1.07,0,16.6,Normal (15-20),2024
2024-08-13,24342.35,24359.95,24116.5,24141.2,Bullish,Bullish,Bullish,Bullish,Bullish Alignment,Strong Bullish Alignment,Top to Down,Worked then Reversed,Reversed by Close,Reversed Before Half,1.05,0.07,-0.93,-0.83,1.0,0,16.6,Normal (15-20),2024
2024-08-14,24184.4,24196.5,24099.7,24144.5,Strong Bearish,Strong Bearish,Bearish,Bearish,Bearish Alignment,Strong Bearish Alignment,Top to Down,Against then Recovered,Worked and Remained,Reversed Before Half,1.02,0.05,-0.35,-0.16,0.4,1,16.17,Normal (15-20),2024
2024-08-16,24334.85,24563.9,24204.5,24539.2,Neutral,Neutral,Neutral,Neutral,Neutral/Unclear,None,Down to Up,N/A,N/A,N/A,0.97,0.94,-0.54,0.84,1.48,0,15.44,Normal (15-20),2024
2024-08-19,24636.35,24638.8,24522.95,24579.0,Neutral,Neutral,Neutral,Neutral,Neutral/Unclear,None,Top to Down,N/A,N/A,N/A,0.97,0.01,-0.46,-0.23,0.47,0,15.44,Normal (15-20),2024
2024-08-20,24648.9,24734.3,24607.2,24672.85,Strong Bearish,Strong Bearish,Bearish,Bearish,Bearish Alignment,Strong Bearish Alignment,Down to Up,Worked then Reversed,Reversed by Close,Reversed Before Half,0.97,0.35,-0.17,0.1,0.52,0,15.44,Normal (15-20),2024
2024-08-21,24680.55,24787.95,24654.5,24781.9,Bullish,Strong Bullish,Bullish,Bullish,Bullish Alignment,Strong Bullish Alignment,Down to Up,Against then Recovered,Worked and Remained,Reversed Before Half,0.97,0.44,-0.11,0.41,0.54,0,15.44,Normal (15-20),2024
2024-08-22,24863.4,24867.35,24784.45,24810.9,Neutral,Bearish,Neutral,Bearish,Neutral/Unclear,None,Top to Down,N/A,N/A,N/A,0.84,0.02,-0.32,-0.21,0.33,1,13.33,Low (<15),2024
2024-08-23,24845.4,24858.4,24771.65,24831.85,Mildly Bullish,Bearish,Bullish,Bearish,Mixed,None,Top to Down,N/A,N/A,N/A,0.82,0.05,-0.3,-0.05,0.35,0,13.0,Low (<15),2024
2024-08-26,24906.1,25043.8,24874.7,25011.45,Mildly Bearish,Mildly Bearish,Bearish,Bearish,Bearish Alignment,None,Down to Up,Worked then Reversed,Reversed by Close,Reversed Before Half,0.82,0.55,-0.13,0.42,0.68,0,13.0,Low (<15),2024
2024-08-27,25024.8,25073.1,24973.65,24997.05,Neutral,Strong Bullish,Neutral,Bullish,Neutral/Unclear,None,Top to Down,N/A,N/A,N/A,0.82,0.19,-0.2,-0.11,0.4,0,13.0,Low (<15),2024
2024-08-28,25030.8,25129.6,24964.65,25044.85,Mildly Bearish,Bearish,Bearish,Bearish,Bearish Alignment,None,Down to Up,Worked then Reversed,Reversed by Close,Reversed Before Half,0.82,0.39,-0.26,0.06,0.66,0,13.0,Low (<15),2024
2024-08-29,25035.3,25192.9,24998.5,25156.75,Mildly Bullish,Strong Bearish,Bullish,Bearish,Mixed,None,Down to Up,N/A,N/A,N/A,0.88,0.63,-0.15,0.49,0.78,1,13.95,Low (<15),2024
2024-08-30,25249.7,25268.35,25199.4,25247.0,Strong Bullish,Neutral,Bullish,Neutral,Neutral/Unclear,None,Top to Down,N/A,N/A,N/A,0.87,0.07,-0.2,-0.01,0.27,0,13.79,Low (<15),2024
2024-09-02,25333.6,25333.65,25235.5,25273.9,Strong Bullish,Strong Bullish,Bullish,Bullish,Bullish Alignment,Strong Bullish Alignment,Top to Down,Worked then Reversed,Reversed by Close,Reversed Before Half,0.87,0.0,-0.39,-0.24,0.39,0,13.79,Low (<15),2024
2024-09-03,25313.4,25321.7,25235.8,25268.85,Bearish,Strong Bearish,Bearish,Bearish,Bearish Alignment,Strong Bearish Alignment,Top to Down,Against then Recovered,Worked and Remained,Reversed Before Half,0.87,0.03,-0.31,-0.18,0.34,0,13.79,Low (<15),2024
2024-09-04,25089.95,25216.0,25083.8,25206.35,Neutral,Strong Bullish,Neutral,Bullish,Neutral/Unclear,None,Down to Up,N/A,N/A,N/A,0.87,0.5,-0.02,0.46,0.53,0,13.79,Low (<15),2024
2024-09-05,25250.5,25275.45,25127.75,25144.8,Neutral,Strong Bearish,Neutral,Bearish,Neutral/Unclear,None,Top to Down,N/A,N/A,N/A,0.91,0.1,-0.49,-0.42,0.58,1,14.38,Low (<15),2024
2024-09-06,25093.7,25168.75,24801.3,24868.5,Mildly Bullish,Bearish,Bullish,Bearish,Mixed,None,Top to Down,N/A,N/A,N/A,0.9,0.3,-1.17,-0.9,1.46,0,14.21,Low (<15),2024
2024-09-09,24823.4,24957.5,24753.15,24942.25,Strong Bearish,Strong Bearish,Bearish,Bearish,Bearish Alignment,Strong Bearish Alignment,Down to Up,Worked then Reversed,Reversed by Close,Reversed Before Half,0.9,0.54,-0.28,0.48,0.82,0,14.21,Low (<15),2024
2024-09-10,24999.4,25130.5,24896.8,25052.1,Strong Bullish,Strong Bullish,Bullish,Bullish,Bullish Alignment,Strong Bullish Alignment,Down to Up,Against then Recovered,Worked and Remained,Exceeded Half then Reversed,0.9,0.52,-0.41,0.21,0.93,0,14.21,Low (<15),2024
2024-09-11,25034.0,25113.7,24885.15,24951.8,Neutral,Strong Bullish,Neutral,Bullish,Neutral/Unclear,None,Top to Down,N/A,N/A,N/A,0.9,0.32,-0.59,-0.33,0.91,0,14.21,Low (<15),2024
2024-09-12,25059.65,25433.35,24941.45,25314.95,Mildly Bearish,Strong Bearish,Bearish,Bearish,Bearish Alignment,None,Down to Up,Worked then Reversed,Reversed by Close,Exceeded Half then Reversed,0.86,1.49,-0.47,1.02,1.96,1,13.63,Low (<15),2024
2024-09-16,25406.65,25445.7,25336.2,25377.2,Bearish,Strong Bearish,Bearish,Bearish,Bearish Alignment,Strong Bearish Alignment,Top to Down,Against then Recovered,Worked and Remained,Reversed Before Half,0.86,0.15,-0.28,-0.12,0.43,0,13.63,Low (<15),2024
2024-09-17,25416.9,25441.65,25352.25,25407.15,Bullish,Mildly Bullish,Bullish,Bullish,Bullish Alignment,None,Top to Down,Worked then Reversed,Reversed by Close,Reversed Before Half,0.86,0.1,-0.25,-0.04,0.35,0,13.63,Low (<15),2024
2024-09-18,25402.4,25482.2,25285.55,25343.45,Neutral,Neutral,Neutral,Neutral,Neutral/Unclear,None,Top to Down,N/A,N/A,N/A,0.86,0.31,-0.46,-0.23,0.77,0,13.63,Low (<15),2024
2024-09-19,25487.05,25611.95,25376.05,25445.0,Neutral,Strong Bearish,Neutral,Bearish,Neutral/Unclear,None,Top to Down,N/A,N/A,N/A,0.84,0.49,-0.44,-0.16,0.93,1,13.37,Low (<15),2024
2024-09-20,25525.95,25849.25,25426.6,25820.35,Neutral,Neutral,Neutral,Neutral,Neutral/Unclear,None,Down to Up,N/A,N/A,N/A,0.79,1.27,-0.39,1.15,1.66,0,12.47,Low (<15),2024
2024-09-23,25872.55,25956.0,25847.35,25930.15,Strong Bullish,Strong Bullish,Bullish,Bullish,Bullish Alignment,Strong Bullish Alignment,Down to Up,Against then Recovered,Worked and Remained,Reversed Before Half,0.79,0.32,-0.1,0.22,0.42,0,12.47,Low (<15),2024
2024-09-24,25921.45,26011.55,25886.85,25951.9,Neutral,Neutral,Neutral,Neutral,Neutral/Unclear,None,Down to Up,N/A,N/A,N/A,0.79,0.35,-0.13,0.12,0.48,0,12.47,Low (<15),2024
2024-09-25,25899.45,26032.8,25871.35,26013.5,Mildly Bearish,Strong Bearish,Bearish,Bearish,Bearish Alignment,None,Down to Up,Worked then Reversed,Reversed by Close,Reversed Before Half,0.79,0.51,-0.11,0.44,0.62,0,12.47,Low (<15),2024
2024-09-26,26005.4,26250.9,25998.4,26184.65,Neutral,Mildly Bullish,Neutral,Bullish,Neutral/Unclear,None,Down to Up,N/A,N/A,N/A,0.8,0.94,-0.03,0.69,0.97,1,12.74,Low (<15),2024
2024-09-27,26248.25,26277.35,26151.4,26175.0,Bullish,Strong Bearish,Bullish,Bearish,Mixed,None,Top to Down,N/A,N/A,N/A,0.76,0.11,-0.37,-0.28,0.48,0,12.0,Low (<15),2024
2024-09-30,26061.3,26134.7,25794.1,25822.8,Mildly Bullish,Strong Bearish,Bullish,Bearish,Mixed,None,Top to Down,N/A,N/A,N/A,0.76,0.28,-1.03,-0.92,1.31,0,12.0,Low (<15),2024
2024-10-01,25788.45,25907.6,25739.2,25812.55,Strong Bearish,Strong Bearish,Bearish,Bearish,Bearish Alignment,Strong Bearish Alignment,Down to Up,Worked then Reversed,Reversed by Close,Reversed Before Half,0.76,0.46,-0.19,0.09,0.65,0,12.0,Low (<15),2024
2024-10-03,25452.85,25639.45,25230.3,25266.0,Neutral,Neutral,Neutral,Neutral,Neutral/Unclear,None,Top to Down,N/A,N/A,N/A,0.76,0.73,-0.87,-0.73,1.61,1,11.99,Low (<15),2024
2024-10-04,25181.9,25485.05,24966.8,25049.1,Neutral,Neutral,Neutral,Neutral,Neutral/Unclear,None,Top to Down,N/A,N/A,N/A,0.83,1.2,-0.85,-0.53,2.06,0,13.17,Low (<15),2024
2024-10-07,25084.1,25143.0,24694.35,24819.0,Strong Bearish,Neutral,Bearish,Neutral,Neutral/Unclear,None,Top to Down,N/A,N/A,N/A,0.83,0.23,-1.55,-1.06,1.79,0,13.17,Low (<15),2024
2024-10-08,24832.2,25044.0,24756.8,25039.5,Strong Bearish,Strong Bearish,Bearish,Bearish,Bearish Alignment,Strong Bearish Alignment,Down to Up,Worked then Reversed,Reversed by Close,Reversed Before Half,0.83,0.85,-0.3,0.83,1.16,0,13.17,Low (<15),2024
2024-10-09,25065.8,25234.05,24947.7,25019.55,Bearish,Strong Bullish,Bearish,Bullish,Mixed,None,Top to Down,N/A,N/A,N/A,0.83,0.67,-0.47,-0.18,1.14,0,13.17,Low (<15),2024
2024-10-10,25067.05,25134.05,24979.4,25007.55,Bearish,Neutral,Bearish,Neutral,Neutral/Unclear,None,Top to Down,N/A,N/A,N/A,0.89,0.27,-0.35,-0.24,0.62,1,14.12,Low (<15),2024
2024-10-11,24985.3,25028.65,24920.05,24975.05,Bullish,Bullish,Bullish,Bullish,Bullish Alignment,Strong Bullish Alignment,Top to Down,Worked then Reversed,Reversed by Close,Reversed Before Half,0.85,0.17,-0.26,-0.04,0.43,0,13.5,Low (<15),2024
2024-10-14,25023.45,25159.75,25017.5,25142.3,Neutral,Mildly Bearish,Neutral,Bearish,Neutral/Unclear,None,Down to Up,N/A,N/A,N/A,0.85,0.54,-0.02,0.47,0.57,0,13.5,Low (<15),2024
2024-10-15,25186.3,25212.05,25008.15,25065.15,Bullish,Strong Bullish,Bullish,Bullish,Bullish Alignment,Strong Bullish Alignment,Top to Down,Worked then Reversed,Reversed by Close,Reversed Before Half,0.85,0.1,-0.71,-0.48,0.81,0,13.5,Low (<15),2024
2024-10-16,25008.55,25093.4,24908.45,24959.9,Bearish,Strong Bearish,Bearish,Bearish,Bearish Alignment,Strong Bearish Alignment,Top to Down,Against then Recovered,Worked and Remained,Reversed Before Half,0.85,0.34,-0.4,-0.19,0.74,0,13.5,Low (<15),2024
2024-10-17,25027.4,25029.5,24728.9,24750.2,Strong Bearish,Strong Bearish,Bearish,Bearish,Bearish Alignment,Strong Bearish Alignment,Top to Down,Against then Recovered,Worked and Remained,Exceeded Half then Reversed,0.82,0.01,-1.19,-1.11,1.2,1,13.05,Low (<15),2024
2024-10-18,24664.95,24886.2,24567.65,24862.65,Bearish,Bearish,Bearish,Bearish,Bearish Alignment,Strong Bearish Alignment,Down to Up,Worked then Reversed,Reversed by Close,Reversed Before Half,0.84,0.9,-0.39,0.8,1.29,0,13.39,Low (<15),2024
2024-10-21,24956.15,24978.3,24679.6,24739.45,Strong Bullish,Strong Bullish,Bullish,Bullish,Bullish Alignment,Strong Bullish Alignment,Top to Down,Worked then Reversed,Reversed by Close,Reversed Before Half,0.84,0.09,-1.11,-0.87,1.2,0,13.39,Low (<15),2024
2024-10-22,24798.65,24882.0,24445.8,24481.75,Strong Bearish,Strong Bearish,Bearish,Bearish,Bearish Alignment,Strong Bearish Alignment,Top to Down,Against then Recovered,Worked and Remained,Exceeded Half then Reversed,0.84,0.34,-1.42,-1.28,1.76,0,13.39,Low (<15),2024
2024-10-23,24378.15,24604.25,24378.1,24436.0,Bearish,Strong Bearish,Bearish,Bearish,Bearish Alignment,Strong Bearish Alignment,Down to Up,Worked then Reversed,Reversed by Close,Reversed Before Half,0.84,0.93,-0.0,0.24,0.93,0,13.39,Low (<15),2024
2024-10-24,24412.7,24480.65,24341.2,24414.6,Bullish,Strong Bullish,Bullish,Bullish,Bullish Alignment,Strong Bullish Alignment,Down to Up,Against then Recovered,Worked and Remained,Reversed Before Half,0.92,0.28,-0.29,0.01,0.57,1,14.62,Low (<15),2024
2024-10-25,24418.05,24440.25,24073.9,24211.8,Bullish,Strong Bullish,Bullish,Bullish,Bullish Alignment,Strong Bullish Alignment,Top to Down,Worked then Reversed,Reversed by Close,Reversed Before Half,0.88,0.09,-1.41,-0.84,1.5,0,13.97,Low (<15),2024
2024-10-28,24251.1,24492.6,24134.9,24367.7,Strong Bearish,Strong Bearish,Bearish,Bearish,Bearish Alignment,Strong Bearish Alignment,Down to Up,Worked then Reversed,Reversed by Close,Exceeded Half then Reversed,0.88,1.0,-0.48,0.48,1.47,0,13.97,Low (<15),2024
2024-10-29,24328.85,24484.5,24140.85,24454.0,Strong Bullish,Strong Bullish,Bullish,Bullish,Bullish Alignment,Strong Bullish Alignment,Down to Up,Against then Recovered,Worked and Remained,Exceeded Half then Reversed,0.88,0.64,-0.77,0.51,1.41,0,13.97,Low (<15),2024
2024-10-30,24371.45,24498.2,24307.3,24350.3,Neutral,Strong Bullish,Neutral,Bullish,Neutral/Unclear,None,Top to Down,N/A,N/A,N/A,0.88,0.52,-0.26,-0.09,0.78,0,13.97,Low (<15),2024
2024-10-31,24349.85,24372.45,24172.6,24238.5,Strong Bearish,Strong Bearish,Bearish,Bearish,Bearish Alignment,Strong Bearish Alignment,Top to Down,Against then Recovered,Worked and Remained,Exceeded Half then Reversed,0.98,0.09,-0.73,-0.46,0.82,1,15.51,Normal (15-20),2024
2024-11-01,24302.75,24368.25,24280.2,24300.55,Strong Bearish,Bearish,Bearish,Bearish,Bearish Alignment,Strong Bearish Alignment,Top to Down,Against then Recovered,Worked and Remained,Reversed Before Half,0.98,0.27,-0.09,-0.01,0.36,0,15.55,Normal (15-20),2024
2024-11-04,24315.75,24316.75,23816.15,23990.95,Mildly Bullish,Bullish,Bullish,Bullish,Bullish Alignment,None,Top to Down,Worked then Reversed,Reversed by Close,Reversed Before Half,0.98,0.0,-2.05,-1.34,2.06,0,15.55,Normal (15-20),2024
2024-11-05,23916.5,24229.05,23842.75,24198.15,Bullish,Strong Bearish,Bullish,Bearish,Mixed,None,Down to Up,N/A,N/A,N/A,0.98,1.31,-0.31,1.18,1.62,0,15.55,Normal (15-20),2024
2024-11-06,24308.75,24537.6,24204.05,24493.9,Strong Bullish,Strong Bullish,Bullish,Bullish,Bullish Alignment,Strong Bullish Alignment,Down to Up,Against then Recovered,Worked and Remained,Exceeded Half then Reversed,0.98,0.94,-0.43,0.76,1.37,0,15.55,Normal (15-20),2024
2024-11-07,24489.6,24503.35,24179.05,24194.6,Strong Bearish,Strong Bearish,Bearish,Bearish,Bearish Alignment,Strong Bearish Alignment,Top to Down,Against then Recovered,Worked and Remained,Exceeded Half then Reversed,0.94,0.06,-1.27,-1.2,1.32,1,14.87,Low (<15),2024
2024-11-08,24207.7,24276.15,24066.65,24110.35,Strong Bearish,Strong Bearish,Bearish,Bearish,Bearish Alignment,Strong Bearish Alignment,Top to Down,Against then Recovered,Worked and Remained,Exceeded Half then Reversed,0.94,0.28,-0.58,-0.4,0.87,0,14.94,Low (<15),2024
2024-11-11,24087.25,24336.8,24004.6,24122.1,Neutral,Mildly Bearish,Neutral,Bearish,Neutral/Unclear,None,Down to Up,N/A,N/A,N/A,0.94,1.04,-0.34,0.14,1.38,0,14.94,Low (<15),2024
2024-11-13,23822.45,23873.6,23509.6,23602.9,Strong Bearish,Strong Bearish,Bearish,Bearish,Bearish Alignment,Strong Bearish Alignment,Top to Down,Against then Recovered,Worked and Remained,Exceeded Half then Reversed,0.94,0.21,-1.31,-0.92,1.53,0,14.94,Low (<15),2024
2024-11-14,23542.15,23675.9,23484.15,23559.6,Mildly Bearish,Strong Bullish,Bearish,Bullish,Mixed,None,Down to Up,N/A,N/A,N/A,0.97,0.57,-0.25,0.07,0.81,1,15.44,Normal (15-20),2024
2024-11-18,23605.3,23606.8,23350.4,23465.3,Neutral,Neutral,Neutral,Neutral,Neutral/Unclear,None,Top to Down,N/A,N/A,N/A,0.97,0.01,-1.08,-0.59,1.09,0,15.44,Normal (15-20),2024
2024-11-19,23529.55,23780.65,23464.8,23468.7,Neutral,Neutral,Neutral,Neutral,Neutral/Unclear,None,Top to Down,N/A,N/A,N/A,0.97,1.07,-0.28,-0.26,1.34,0,15.44,Normal (15-20),2024
2024-11-21,23488.45,23507.3,23263.15,23346.75,Neutral,Neutral,Neutral,Neutral,Neutral/Unclear,None,Top to Down,N/A,N/A,N/A,0.99,0.08,-0.96,-0.6,1.04,1,15.66,Normal (15-20),2024
2024-11-22,23411.8,23956.1,23359.0,23873.5,Neutral,Neutral,Neutral,Neutral,Neutral/Unclear,None,Down to Up,N/A,N/A,N/A,1.01,2.32,-0.23,1.97,2.55,0,15.99,Normal (15-20),2024
2024-11-25,24253.55,24351.55,24135.45,24250.8,Strong Bullish,Strong Bullish,Bullish,Bullish,Bullish Alignment,Strong Bullish Alignment,Top to Down,Worked then Reversed,Reversed by Close,Reversed Before Half,1.01,0.4,-0.49,-0.01,0.89,0,15.99,Normal (15-20),2024
2024-11-26,24343.3,24343.3,24125.4,24192.95,Strong Bullish,Mildly Bullish,Bullish,Bullish,Bullish Alignment,None,Top to Down,Worked then Reversed,Reversed by Close,Reversed Before Half,1.01,0.0,-0.9,-0.62,0.9,0,15.99,Normal (15-20),2024
2024-11-27,24204.8,24354.55,24145.65,24277.35,Strong Bearish,Strong Bearish,Bearish,Bearish,Bearish Alignment,Strong Bearish Alignment,Down to Up,Worked then Reversed,Reversed by Close,Reversed Before Half,1.01,0.62,-0.24,0.3,0.86,0,15.99,Normal (15-20),2024
2024-11-28,24274.15,24345.75,23873.35,23957.45,Mildly Bullish,Bearish,Bullish,Bearish,Mixed,None,Top to Down,N/A,N/A,N/A,0.92,0.29,-1.65,-1.3,1.95,1,14.63,Low (<15),2024
2024-11-29,23927.15,24188.45,23927.15,24123.65,Strong Bearish,Strong Bearish,Bearish,Bearish,Bearish Alignment,Strong Bearish Alignment,Down to Up,Worked then Reversed,Reversed by Close,Reversed Before Half,0.96,1.09,0.0,0.82,1.09,0,15.21,Normal (15-20),2024
2024-12-02,24140.85,24301.7,24008.65,24275.25,Strong Bullish,Strong Bullish,Bullish,Bullish,Bullish Alignment,Strong Bullish Alignment,Down to Up,Against then Recovered,Worked and Remained,Exceeded Half then Reversed,0.96,0.67,-0.55,0.56,1.21,0,15.21,Normal (15-20),2024
2024-12-03,24367.5,24481.35,24280.0,24445.85,Neutral,Bullish,Neutral,Bullish,Neutral/Unclear,None,Down to Up,N/A,N/A,N/A,0.96,0.47,-0.36,0.32,0.83,0,15.21,Normal (15-20),2024
2024-12-04,24488.75,24573.2,24366.3,24461.55,Bullish,Strong Bullish,Bullish,Bullish,Bullish Alignment,Strong Bullish Alignment,Top to Down,Worked then Reversed,Reversed by Close,Reversed Before Half,0.96,0.34,-0.5,-0.11,0.84,0,15.21,Normal (15-20),2024
2024-12-05,24539.15,24857.75,24295.55,24701.55,Mildly Bullish,Mildly Bearish,Bullish,Bearish,Mixed,None,Down to Up,N/A,N/A,N/A,0.91,1.3,-0.99,0.66,2.29,1,14.45,Low (<15),2024
2024-12-06,24729.45,24751.05,24620.5,24669.0,Neutral,Strong Bearish,Neutral,Bearish,Neutral/Unclear,None,Top to Down,N/A,N/A,N/A,0.92,0.09,-0.44,-0.24,0.53,0,14.53,Low (<15),2024
2024-12-09,24633.9,24705.0,24580.05,24626.6,Neutral,Strong Bearish,Neutral,Bearish,Neutral/Unclear,None,Top to Down,N/A,N/A,N/A,0.92,0.29,-0.22,-0.03,0.51,0,14.53,Low (<15),2024
2024-12-10,24652.65,24677.8,24510.65,24620.5,Mildly Bearish,Strong Bearish,Bearish,Bearish,Bearish Alignment,None,Top to Down,Against then Recovered,Worked and Remained,Exceeded Half then Reversed,0.92,0.1,-0.58,-0.13,0.68,0,14.53,Low (<15),2024
2024-12-11,24620.5,24691.75,24583.85,24629.5,Neutral,Neutral,Neutral,Neutral,Neutral/Unclear,None,Down to Up,N/A,N/A,N/A,0.92,0.29,-0.15,0.04,0.44,0,14.53,Low (<15),2024
2024-12-12,24604.45,24675.25,24527.95,24539.5,Bullish,Neutral,Bullish,Neutral,Neutral/Unclear,None,Top to Down,N/A,N/A,N/A,0.84,0.29,-0.31,-0.26,0.6,1,13.27,Low (<15),2024
2024-12-13,24498.35,24792.3,24180.8,24781.3,Bearish,Bullish,Bearish,Bullish,Mixed,None,Down to Up,N/A,N/A,N/A,0.83,1.2,-1.3,1.15,2.5,0,13.19,Low (<15),2024
2024-12-16,24753.4,24781.25,24601.75,24648.25,Strong Bullish,Strong Bullish,Bullish,Bullish,Bullish Alignment,Strong Bullish Alignment,Top to Down,Worked then Reversed,Reversed by Close,Reversed Before Half,0.83,0.11,-0.61,-0.42,0.73,0,13.19,Low (<15),2024
2024-12-17,24584.8,24624.1,24303.45,24319.35,Strong Bearish,Strong Bearish,Bearish,Bearish,Bearish Alignment,Strong Bearish Alignment,Top to Down,Against then Recovered,Worked and Remained,Exceeded Half then Reversed,0.83,0.16,-1.14,-1.08,1.3,0,13.19,Low (<15),2024
2024-12-18,24297.95,24394.45,24149.85,24214.7,Strong Bearish,Strong Bearish,Bearish,Bearish,Bearish Alignment,Strong Bearish Alignment,Top to Down,Against then Recovered,Worked and Remained,Exceeded Half then Reversed,0.83,0.4,-0.61,-0.34,1.01,0,13.19,Low (<15),2024
2024-12-19,23877.15,24004.9,23870.3,23961.95,Bearish,Strong Bearish,Bearish,Bearish,Bearish Alignment,Strong Bearish Alignment,Down to Up,Worked then Reversed,Reversed by Close,Reversed Before Half,0.91,0.54,-0.03,0.36,0.56,1,14.37,Low (<15),2024
2024-12-20,23960.7,24065.8,23537.35,23631.35,Mildly Bearish,Strong Bullish,Bearish,Bullish,Mixed,None,Top to Down,N/A,N/A,N/A,0.91,0.44,-1.77,-1.37,2.21,0,14.51,Low (<15),2024
2024-12-23,23738.2,23869.55,23647.2,23747.2,Bearish,Bearish,Bearish,Bearish,Bearish Alignment,Strong Bearish Alignment,Down to Up,Worked then Reversed,Reversed by Close,Reversed Before Half,0.91,0.55,-0.38,0.04,0.94,0,14.51,Low (<15),2024
2024-12-24,23769.1,23867.65,23685.15,23730.35,Bullish,Strong Bullish,Bullish,Bullish,Bullish Alignment,Strong Bullish Alignment,Top to Down,Worked then Reversed,Reversed by Close,Reversed Before Half,0.91,0.41,-0.35,-0.16,0.77,0,14.51,Low (<15),2024
2024-12-26,23775.8,23854.5,23653.6,23760.3,Neutral,Neutral,Neutral,Neutral,Neutral/Unclear,None,Top to Down,N/A,N/A,N/A,0.83,0.33,-0.51,-0.07,0.84,1,13.18,Low (<15),2024
2024-12-27,23801.4,23938.85,23800.6,23832.45,Neutral,Neutral,Neutral,Neutral,Neutral/Unclear,None,Down to Up,N/A,N/A,N/A,0.88,0.58,-0.0,0.13,0.58,0,14.04,Low (<15),2024
2024-12-30,23796.9,23915.35,23599.3,23658.65,Neutral,Mildly Bullish,Neutral,Bullish,Neutral/Unclear,None,Top to Down,N/A,N/A,N/A,0.88,0.5,-0.83,-0.58,1.33,0,14.04,Low (<15),2024
2024-12-31,23560.6,23689.85,23460.45,23668.8,Neutral,Bearish,Neutral,Bearish,Neutral/Unclear,None,Down to Up,N/A,N/A,N/A,0.88,0.55,-0.43,0.46,0.97,0,14.04,Low (<15),2024
2025-01-01,23637.65,23822.8,23562.8,23758.7,Strong Bearish,Bullish,Bearish,Bullish,Mixed,None,Down to Up,N/A,N/A,N/A,0.88,0.78,-0.32,0.51,1.1,0,14.04,Low (<15),2025
2025-01-02,23783.0,24226.7,23751.55,24167.95,Bullish,Mildly Bullish,Bullish,Bullish,Bullish Alignment,None,Down to Up,Against then Recovered,Worked and Remained,Exceeded Half then Reversed,0.91,1.87,-0.13,1.62,2.0,1,14.45,Low (<15),2025
2025-01-03,24196.4,24196.45,23976.0,23990.15,Bullish,Strong Bullish,Bullish,Bullish,Bullish Alignment,Strong Bullish Alignment,Top to Down,Worked then Reversed,Reversed by Close,Reversed Before Half,0.91,0.0,-0.91,-0.85,0.91,0,14.45,Low (<15),2025
2025-01-06,24045.8,24089.95,23551.9,23629.6,Bearish,Strong Bearish,Bearish,Bearish,Bearish Alignment,Strong Bearish Alignment,Top to Down,Against then Recovered,Worked and Remained,Exceeded Half then Reversed,0.91,0.18,-2.05,-1.73,2.24,0,14.45,Low (<15),2025
2025-01-07,23679.9,23795.2,23637.8,23694.6,Bullish,Strong Bearish,Bullish,Bearish,Mixed,None,Down to Up,N/A,N/A,N/A,0.99,0.49,-0.18,0.06,0.66,0,15.65,Normal (15-20),2025
2025-01-08,23746.65,23751.85,23496.15,23675.2,Neutral,Strong Bullish,Neutral,Bullish,Neutral/Unclear,None,Top to Down,N/A,N/A,N/A,0.99,0.02,-1.05,-0.3,1.08,0,15.65,Normal (15-20),2025
2025-01-09,23674.75,23689.5,23503.05,23557.2,Bearish,Bearish,Bearish,Bearish,Bearish Alignment,Strong Bearish Alignment,Top to Down,Against then Recovered,Worked and Remained,Exceeded Half then Reversed,0.91,0.06,-0.73,-0.5,0.79,1,14.47,Low (<15),2025
2025-01-10,23551.9,23596.6,23344.35,23437.35,Mildly Bearish,Neutral,Bearish,Neutral,Neutral/Unclear,None,Top to Down,N/A,N/A,N/A,0.91,0.19,-0.88,-0.49,1.07,0,14.47,Low (<15),2025
2025-01-13,23195.4,23340.95,23047.25,23088.7,Mildly Bearish,Bearish,Bearish,Bearish,Bearish Alignment,None,Top to Down,Against then Recovered,Worked and Remained,Exceeded Half then Reversed,0.91,0.63,-0.64,-0.46,1.27,0,14.47,Low (<15),2025
2025-01-14,23165.9,23264.95,23134.15,23206.85,Strong Bearish,Bearish,Bearish,Bearish,Bearish Alignment,Strong Bearish Alignment,Down to Up,Worked then Reversed,Reversed by Close,Reversed Before Half,1.01,0.43,-0.14,0.18,0.56,0,16.0,Normal (15-20),2025
2025-01-15,23250.45,23293.65,23146.45,23228.1,Strong Bullish,Strong Bullish,Bullish,Bullish,Bullish Alignment,Strong Bullish Alignment,Top to Down,Worked then Reversed,Reversed by Close,Reversed Before Half,1.01,0.19,-0.45,-0.1,0.63,0,16.0,Normal (15-20),2025
2025-01-16,23377.25,23391.65,23272.05,23350.8,Neutral,Mildly Bullish,Neutral,Bullish,Neutral/Unclear,None,Top to Down,N/A,N/A,N/A,0.96,0.06,-0.45,-0.11,0.51,1,15.26,Normal (15-20),2025
2025-01-17,23277.1,23292.1,23100.35,23203.1,Neutral,Strong Bullish,Neutral,Bullish,Neutral/Unclear,None,Top to Down,N/A,N/A,N/A,0.96,0.06,-0.76,-0.32,0.82,0,15.26,Normal (15-20),2025
2025-01-20,23298.9,23391.1,23170.65,23337.05,Neutral,Bearish,Neutral,Bearish,Neutral/Unclear,None,Down to Up,N/A,N/A,N/A,0.96,0.4,-0.55,0.16,0.95,0,15.26,Normal (15-20),2025
2025-01-21,23421.65,23426.3,22976.85,23053.05,Mildly Bullish,Strong Bullish,Bullish,Bullish,Bullish Alignment,None,Top to Down,Worked then Reversed,Reversed by Close,Reversed Before Half,1.03,0.02,-1.9,-1.57,1.92,0,16.42,Normal (15-20),2025
2025-01-22,23099.15,23169.55,22981.3,23161.75,Neutral,Strong Bearish,Neutral,Bearish,Neutral/Unclear,None,Down to Up,N/A,N/A,N/A,1.03,0.3,-0.51,0.27,0.81,0,16.42,Normal (15-20),2025
2025-01-23,23128.3,23270.8,23090.65,23216.3,Strong Bullish,Mildly Bullish,Bullish,Bullish,Bullish Alignment,None,Down to Up,Against then Recovered,Worked and Remained,Exceeded Half then Reversed,1.06,0.62,-0.16,0.38,0.78,1,16.77,Normal (15-20),2025
2025-01-24,23183.9,23347.3,23050.0,23090.35,Strong Bullish,Strong Bullish,Bullish,Bullish,Bullish Alignment,Strong Bullish Alignment,Top to Down,Worked then Reversed,Reversed by Close,Exceeded Half then Reversed,1.06,0.7,-0.58,-0.4,1.28,0,16.77,Normal (15-20),2025
2025-01-27,22940.15,23007.45,22786.9,22816.85,Strong Bearish,Neutral,Bearish,Neutral,Neutral/Unclear,None,Top to Down,N/A,N/A,N/A,1.06,0.29,-0.67,-0.54,0.96,0,16.77,Normal (15-20),2025
2025-01-28,22960.45,23137.95,22857.65,22976.3,Strong Bullish,Strong Bearish,Bullish,Bearish,Mixed,None,Down to Up,N/A,N/A,N/A,1.14,0.77,-0.45,0.07,1.22,0,18.13,Normal (15-20),2025
2025-01-29,23026.75,23183.35,22976.5,23176.2,Strong Bullish,Strong Bullish,Bullish,Bullish,Bullish Alignment,Strong Bullish Alignment,Down to Up,Against then Recovered,Worked and Remained,Exceeded Half then Reversed,1.14,0.68,-0.22,0.65,0.9,0,18.13,Normal (15-20),2025
2025-01-30,23169.5,23322.05,23139.2,23297.95,Mildly Bullish,Bullish,Bullish,Bullish,Bullish Alignment,None,Down to Up,Against then Recovered,Worked and Remained,Exceeded Half then Reversed,1.17,0.66,-0.13,0.55,0.79,1,18.64,Normal (15-20),2025
2025-01-31,23296.75,23546.8,23277.4,23533.85,Strong Bearish,Strong Bearish,Bearish,Bearish,Bearish Alignment,Strong Bearish Alignment,Down to Up,Worked then Reversed,Reversed by Close,Reversed Before Half,1.17,1.07,-0.08,1.02,1.16,0,18.64,Normal (15-20),2025
2025-02-01,23528.6,23632.45,23318.3,23495.3,Neutral,Neutral,Neutral,Neutral,Neutral/Unclear,None,Top to Down,N/A,N/A,N/A,1.17,0.44,-0.89,-0.14,1.34,0,18.64,Normal (15-20),2025
2025-02-03,23319.35,23381.6,23222.0,23359.7,Neutral,Neutral,Neutral,Neutral,Neutral/Unclear,None,Down to Up,N/A,N/A,N/A,1.17,0.27,-0.42,0.17,0.68,0,18.64,Normal (15-20),2025
2025-02-04,23509.9,23762.75,23423.15,23707.7,Bearish,Mildly Bearish,Bearish,Bearish,Bearish Alignment,None,Down to Up,Worked then Reversed,Reversed by Close,Reversed Before Half,0.9,1.08,-0.37,0.84,1.44,0,14.35,Low (<15),2025
2025-02-05,23801.75,23807.3,23680.45,23686.75,Strong Bullish,Strong Bullish,Bullish,Bullish,Bullish Alignment,Strong Bullish Alignment,Top to Down,Worked then Reversed,Reversed by Close,Reversed Before Half,0.9,0.02,-0.51,-0.48,0.53,0,14.35,Low (<15),2025
2025-02-06,23761.95,23773.55,23556.25,23628.05,Neutral,Strong Bearish,Neutral,Bearish,Neutral/Unclear,None,Top to Down,N/A,N/A,N/A,0.89,0.05,-0.87,-0.56,0.91,1,14.08,Low (<15),2025
2025-02-07,23649.5,23694.5,23443.2,23563.15,Strong Bearish,Mildly Bearish,Bearish,Bearish,Bearish Alignment,None,Top to Down,Against then Recovered,Worked and Remained,Exceeded Half then Reversed,0.89,0.19,-0.87,-0.37,1.06,0,14.08,Low (<15),2025
2025-02-10,23543.8,23568.6,23316.3,23376.05,Neutral,Neutral,Neutral,Neutral,Neutral/Unclear,None,Top to Down,N/A,N/A,N/A,0.89,0.11,-0.97,-0.71,1.07,0,14.08,Low (<15),2025
2025-02-11,23383.55,23390.05,22986.65,23070.5,Neutral,Mildly Bearish,Neutral,Bearish,Neutral/Unclear,None,Top to Down,N/A,N/A,N/A,0.91,0.03,-1.7,-1.34,1.73,0,14.45,Low (<15),2025
2025-02-12,23050.8,23144.7,22798.35,23057.8,Neutral,Bearish,Neutral,Bearish,Neutral/Unclear,None,Down to Up,N/A,N/A,N/A,0.91,0.41,-1.1,0.03,1.5,0,14.45,Low (<15),2025
2025-02-13,23055.75,23235.5,22992.2,23019.4,Neutral,Neutral,Neutral,Neutral,Neutral/Unclear,None,Top to Down,N/A,N/A,N/A,0.94,0.78,-0.28,-0.16,1.06,1,14.9,Low (<15),2025
2025-02-14,23096.45,23133.7,22774.85,22897.25,Neutral,Neutral,Neutral,Neutral,Neutral/Unclear,None,Top to Down,N/A,N/A,N/A,0.94,0.16,-1.39,-0.86,1.55,0,14.9,Low (<15),2025
2025-02-17,22809.9,22974.2,22725.45,22963.5,Mildly Bearish,Neutral,Bearish,Neutral,Neutral/Unclear,None,Down to Up,N/A,N/A,N/A,0.94,0.72,-0.37,0.67,1.09,0,14.9,Low (<15),2025
2025-02-18,22963.65,22992.5,22801.5,22923.15,Neutral,Strong Bullish,Neutral,Bullish,Neutral/Unclear,None,Top to Down,N/A,N/A,N/A,0.99,0.13,-0.71,-0.18,0.83,0,15.72,Normal (15-20),2025
2025-02-19,22847.25,23049.95,22814.85,22914.4,Neutral,Mildly Bearish,Neutral,Bearish,Neutral/Unclear,None,Down to Up,N/A,N/A,N/A,0.99,0.89,-0.14,0.29,1.03,0,15.72,Normal (15-20),2025
2025-02-20,22821.1,22923.85,22812.75,22906.25,Neutral,Neutral,Neutral,Neutral,Neutral/Unclear,None,Down to Up,N/A,N/A,N/A,0.97,0.45,-0.04,0.37,0.49,1,15.42,Normal (15-20),2025
2025-02-21,22855.8,22921.0,22720.3,22764.35,Neutral,Bearish,Neutral,Bearish,Neutral/Unclear,None,Top to Down,N/A,N/A,N/A,0.97,0.29,-0.59,-0.4,0.88,0,15.42,Normal (15-20),2025
2025-02-24,22611.5,22668.05,22518.8,22548.85,Neutral,Mildly Bearish,Neutral,Bearish,Neutral/Unclear,None,Top to Down,N/A,N/A,N/A,0.97,0.25,-0.41,-0.28,0.66,0,15.42,Normal (15-20),2025
2025-02-25,22516.45,22625.3,22513.9,22526.3,Mildly Bearish,Mildly Bearish,Bearish,Bearish,Bearish Alignment,None,Down to Up,Worked then Reversed,Reversed by Close,Reversed Before Half,0.91,0.48,-0.01,0.04,0.49,0,14.44,Low (<15),2025
2025-02-27,22568.95,22613.3,22508.4,22510.85,Neutral,Neutral,Neutral,Neutral,Neutral/Unclear,None,Top to Down,N/A,N/A,N/A,0.86,0.2,-0.27,-0.26,0.46,1,13.72,Low (<15),2025
2025-02-28,22433.4,22450.35,22104.85,22127.4,Neutral,Neutral,Neutral,Neutral,Neutral/Unclear,None,Top to Down,N/A,N/A,N/A,0.86,0.08,-1.46,-1.36,1.54,0,13.72,Low (<15),2025
2025-03-03,22194.55,22261.55,22004.7,22143.15,Neutral,Bearish,Neutral,Bearish,Neutral/Unclear,None,Top to Down,N/A,N/A,N/A,0.86,0.3,-0.86,-0.23,1.16,0,13.72,Low (<15),2025
2025-03-04,21974.45,22105.05,21964.6,22080.3,Neutral,Strong Bullish,Neutral,Bullish,Neutral/Unclear,None,Down to Up,N/A,N/A,N/A,0.87,0.59,-0.04,0.48,0.64,0,13.76,Low (<15),2025
2025-03-05,22073.05,22394.9,22067.8,22346.65,Neutral,Neutral,Neutral,Neutral,Neutral/Unclear,None,Down to Up,N/A,N/A,N/A,0.87,1.46,-0.02,1.24,1.48,0,13.76,Low (<15),2025
2025-03-06,22476.35,22556.45,22245.85,22529.2,Mildly Bullish,Bullish,Bullish,Bullish,Bullish Alignment,None,Down to Up,Against then Recovered,Worked and Remained,Reversed Before Half,0.86,0.36,-1.03,0.24,1.38,1,13.67,Low (<15),2025
2025-03-07,22508.65,22633.8,22464.75,22536.95,Mildly Bullish,Bearish,Bullish,Bearish,Mixed,None,Down to Up,N/A,N/A,N/A,0.86,0.56,-0.2,0.13,0.75,0,13.67,Low (<15),2025
2025-03-10,22521.85,22676.75,22429.05,22441.1,Neutral,Neutral,Neutral,Neutral,Neutral/Unclear,None,Top to Down,N/A,N/A,N/A,0.86,0.69,-0.41,-0.36,1.1,0,13.67,Low (<15),2025
2025-03-11,22345.95,22522.1,22314.7,22522.1,Neutral,Strong Bearish,Neutral,Bearish,Neutral/Unclear,None,Down to Up,N/A,N/A,N/A,0.88,0.79,-0.14,0.79,0.93,0,13.99,Low (<15),2025
2025-03-13,22541.5,22558.05,22377.35,22383.3,Neutral,Mildly Bearish,Neutral,Bearish,Neutral/Unclear,None,Top to Down,N/A,N/A,N/A,0.86,0.07,-0.73,-0.7,0.8,1,13.69,Low (<15),2025
2025-03-17,22353.15,22577.0,22353.15,22515.25,Neutral,Neutral,Neutral,Neutral,Neutral/Unclear,None,Down to Up,N/A,N/A,N/A,0.86,1.0,0.0,0.73,1.0,0,13.69,Low (<15),2025
2025-03-18,22662.25,22857.8,22599.2,22848.75,Neutral,Neutral,Neutral,Neutral,Neutral/Unclear,None,Down to Up,N/A,N/A,N/A,0.85,0.86,-0.28,0.82,1.14,0,13.42,Low (<15),2025
2025-03-19,22874.95,22940.7,22807.95,22911.8,Bullish,Strong Bullish,Bullish,Bullish,Bullish Alignment,Strong Bullish Alignment,Down to Up,Against then Recovered,Worked and Remained,Reversed Before Half,0.85,0.29,-0.29,0.16,0.58,0,13.42,Low (<15),2025
2025-03-20,23036.6,23216.7,22973.95,23165.7,Mildly Bullish,Bearish,Bullish,Bearish,Mixed,None,Down to Up,N/A,N/A,N/A,0.84,0.78,-0.27,0.56,1.05,1,13.3,Low (<15),2025
2025-03-21,23168.25,23402.7,23132.8,23355.65,Neutral,Bearish,Neutral,Bearish,Neutral/Unclear,None,Down to Up,N/A,N/A,N/A,0.84,1.01,-0.15,0.81,1.16,0,13.3,Low (<15),2025
2025-03-24,23515.4,23708.75,23433.5,23674.15,Bullish,Mildly Bullish,Bullish,Bullish,Bullish Alignment,None,Down to Up,Against then Recovered,Worked and Remained,Exceeded Half then Reversed,0.84,0.82,-0.35,0.68,1.17,0,13.3,Low (<15),2025
2025-03-25,23751.5,23869.6,23601.4,23605.95,Neutral,Neutral,Neutral,Neutral,Neutral/Unclear,None,Top to Down,N/A,N/A,N/A,0.86,0.5,-0.63,-0.61,1.13,0,13.7,Low (<15),2025
2025-03-26,23700.95,23736.5,23451.7,23464.3,Bearish,Strong Bearish,Bearish,Bearish,Bearish Alignment,Strong Bearish Alignment,Top to Down,Against then Recovered,Worked and Remained,Exceeded Half then Reversed,0.86,0.15,-1.05,-1.0,1.2,0,13.7,Low (<15),2025
2025-03-27,23433.95,23646.45,23412.2,23601.05,Neutral,Bearish,Neutral,Bearish,Neutral/Unclear,None,Down to Up,N/A,N/A,N/A,0.85,0.91,-0.09,0.71,1.0,1,13.47,Low (<15),2025
2025-03-28,23600.4,23649.2,23450.2,23495.15,Mildly Bullish,Neutral,Bullish,Neutral,Neutral/Unclear,None,Top to Down,N/A,N/A,N/A,0.85,0.21,-0.64,-0.45,0.84,0,13.47,Low (<15),2025
2025-04-01,23341.1,23565.15,23136.4,23179.7,Neutral,Neutral,Neutral,Neutral,Neutral/Unclear,None,Top to Down,N/A,N/A,N/A,0.8,0.96,-0.88,-0.69,1.84,0,12.72,Low (<15),2025
2025-04-02,23192.6,23350.0,23158.45,23330.8,Neutral,Neutral,Neutral,Neutral,Neutral/Unclear,None,Down to Up,N/A,N/A,N/A,0.8,0.68,-0.15,0.6,0.83,0,12.72,Low (<15),2025
2025-04-03,23150.3,23306.5,23145.8,23241.6,Bullish,Strong Bullish,Bullish,Bullish,Bullish Alignment,Strong Bullish Alignment,Down to Up,Against then Recovered,Worked and Remained,Exceeded Half then Reversed,0.86,0.67,-0.02,0.39,0.69,1,13.72,Low (<15),2025
2025-04-04,23190.4,23214.7,22857.45,22912.05,Mildly Bullish,Neutral,Bullish,Neutral,Neutral/Unclear,None,Top to Down,N/A,N/A,N/A,0.86,0.1,-1.44,-1.2,1.54,0,13.72,Low (<15),2025
2025-04-07,21758.4,22254.0,21743.65,22238.0,Bearish,Bearish,Bearish,Bearish,Bearish Alignment,Strong Bearish Alignment,Down to Up,Worked then Reversed,Reversed by Close,Reversed Before Half,0.86,2.28,-0.07,2.2,2.35,0,13.72,Low (<15),2025
2025-04-08,22446.75,22697.2,22270.85,22547.2,Neutral,Mildly Bullish,Neutral,Bullish,Neutral/Unclear,None,Down to Up,N/A,N/A,N/A,1.44,1.12,-0.78,0.45,1.9,0,22.79,Elevated (20-30),2025
2025-04-09,22460.3,22468.7,22353.25,22420.4,Neutral,Mildly Bearish,Neutral,Bearish,Neutral/Unclear,None,Top to Down,N/A,N/A,N/A,1.29,0.04,-0.48,-0.18,0.51,1,20.44,Elevated (20-30),2025
2025-04-11,22695.4,22923.9,22695.4,22844.5,Neutral,Neutral,Neutral,Neutral,Neutral/Unclear,None,Down to Up,N/A,N/A,N/A,1.29,1.01,0.0,0.66,1.01,0,20.44,Elevated (20-30),2025
2025-04-15,23368.35,23368.35,23207.0,23344.1,Neutral,Neutral,Neutral,Neutral,Neutral/Unclear,None,Top to Down,N/A,N/A,N/A,1.27,0.0,-0.69,-0.1,0.69,0,20.11,Elevated (20-30),2025
2025-04-16,23344.1,23452.2,23273.05,23433.3,Neutral,Neutral,Neutral,Neutral,Neutral/Unclear,None,Down to Up,N/A,N/A,N/A,1.27,0.46,-0.3,0.38,0.77,0,20.11,Elevated (20-30),2025
2025-04-17,23401.85,23872.35,23298.55,23837.75,Neutral,Bullish,Neutral,Bullish,Neutral/Unclear,None,Down to Up,N/A,N/A,N/A,1.0,2.01,-0.44,1.86,2.45,1,15.87,Normal (15-20),2025
2025-04-21,23949.15,24189.55,23903.65,24121.2,Neutral,Neutral,Neutral,Neutral,Neutral/Unclear,None,Down to Up,N/A,N/A,N/A,1.0,1.0,-0.19,0.72,1.19,0,15.87,Normal (15-20),2025
2025-04-22,24185.4,24242.6,24072.0,24134.05,Neutral,Neutral,Neutral,Neutral,Neutral/Unclear,None,Top to Down,N/A,N/A,N/A,0.98,0.24,-0.47,-0.21,0.71,0,15.52,Normal (15-20),2025
2025-04-23,24357.6,24359.3,24119.95,24300.85,Neutral,Neutral,Neutral,Neutral,Neutral/Unclear,None,Top to Down,N/A,N/A,N/A,0.98,0.01,-0.98,-0.23,0.98,0,15.52,Normal (15-20),2025
2025-04-24,24277.9,24347.85,24216.15,24245.05,Bullish,Mildly Bearish,Bullish,Bearish,Mixed,None,Top to Down,N/A,N/A,N/A,1.01,0.29,-0.25,-0.14,0.54,1,15.96,Normal (15-20),2025
2025-04-25,24289.0,24365.45,23847.85,23991.65,Neutral,Bearish,Neutral,Bearish,Neutral/Unclear,None,Top to Down,N/A,N/A,N/A,1.01,0.31,-1.82,-1.22,2.13,0,15.96,Normal (15-20),2025
2025-04-28,24070.25,24355.1,24054.05,24312.9,Neutral,Neutral,Neutral,Neutral,Neutral/Unclear,None,Down to Up,N/A,N/A,N/A,1.01,1.18,-0.07,1.01,1.25,0,15.96,Normal (15-20),2025
2025-04-29,24370.7,24457.65,24290.75,24325.45,Bullish,Strong Bullish,Bullish,Bullish,Bullish Alignment,Strong Bullish Alignment,Top to Down,Worked then Reversed,Reversed by Close,Reversed Before Half,1.07,0.36,-0.33,-0.19,0.68,0,16.94,Normal (15-20),2025
2025-04-30,24342.05,24396.15,24198.75,24246.25,Mildly Bearish,Bearish,Bearish,Bearish,Bearish Alignment,None,Top to Down,Against then Recovered,Worked and Remained,Exceeded Half then Reversed,1.09,0.22,-0.59,-0.39,0.81,1,17.37,Normal (15-20),2025
2025-05-02,24311.9,24589.15,24238.5,24313.65,Neutral,Neutral,Neutral,Neutral,Neutral/Unclear,None,Down to Up,N/A,N/A,N/A,1.09,1.14,-0.3,0.01,1.44,0,17.37,Normal (15-20),2025
2025-05-05,24419.5,24526.4,24400.65,24459.5,Neutral,Neutral,Neutral,Neutral,Neutral/Unclear,None,Down to Up,N/A,N/A,N/A,1.09,0.44,-0.08,0.16,0.51,0,17.37,Normal (15-20),2025
2025-05-06,24500.75,24509.65,24331.8,24335.9,Mildly Bullish,Bullish,Bullish,Bullish,Bullish Alignment,None,Top to Down,Worked then Reversed,Reversed by Close,Reversed Before Half,1.16,0.04,-0.69,-0.67,0.73,0,18.34,Normal (15-20),2025
2025-05-07,24233.3,24449.6,24220.0,24409.3,Mildly Bearish,Mildly Bearish,Bearish,Bearish,Bearish Alignment,None,Down to Up,Worked then Reversed,Reversed by Close,Reversed Before Half,1.16,0.89,-0.05,0.73,0.95,0,18.34,Normal (15-20),2025
2025-05-08,24431.5,24447.25,24150.2,24154.1,Neutral,Bullish,Neutral,Bullish,Neutral/Unclear,None,Top to Down,N/A,N/A,N/A,1.2,0.06,-1.15,-1.14,1.22,1,19.06,Normal (15-20),2025
2025-05-09,23935.75,24164.25,23935.75,24038.65,Neutral,Mildly Bearish,Neutral,Bearish,Neutral/Unclear,None,Down to Up,N/A,N/A,N/A,1.2,0.95,0.0,0.43,0.95,0,19.06,Normal (15-20),2025
2025-05-12,24420.1,24944.8,24378.85,24920.25,Mildly Bearish,Mildly Bullish,Bearish,Bullish,Mixed,None,Down to Up,N/A,N/A,N/A,1.2,2.15,-0.17,2.05,2.32,0,19.06,Normal (15-20),2025
2025-05-13,24864.05,24973.8,24547.5,24593.65,Mildly Bullish,Neutral,Bullish,Neutral,Neutral/Unclear,None,Top to Down,N/A,N/A,N/A,1.16,0.44,-1.27,-1.09,1.71,0,18.39,Normal (15-20),2025
2025-05-14,24613.8,24767.55,24535.55,24685.75,Strong Bearish,Strong Bearish,Bearish,Bearish,Bearish Alignment,Strong Bearish Alignment,Down to Up,Worked then Reversed,Reversed by Close,Reversed Before Half,1.16,0.62,-0.32,0.29,0.94,0,18.39,Normal (15-20),2025
2025-05-15,24694.45,25116.25,24494.45,25035.3,Mildly Bullish,Strong Bullish,Bullish,Bullish,Bullish Alignment,None,Down to Up,Against then Recovered,Worked and Remained,Exceeded Half then Reversed,1.09,1.71,-0.81,1.38,2.52,1,17.23,Normal (15-20),2025
2025-05-16,25064.65,25070.0,24953.05,25013.1,Neutral,Neutral,Neutral,Neutral,Neutral/Unclear,None,Top to Down,N/A,N/A,N/A,1.09,0.02,-0.45,-0.21,0.47,0,17.23,Normal (15-20),2025
2025-05-19,25005.35,25062.95,24916.65,24935.35,Neutral,Mildly Bearish,Neutral,Bearish,Neutral/Unclear,None,Top to Down,N/A,N/A,N/A,1.09,0.23,-0.35,-0.28,0.59,0,17.23,Normal (15-20),2025
2025-05-20,24996.2,25010.35,24669.7,24713.85,Neutral,Mildly Bearish,Neutral,Bearish,Neutral/Unclear,None,Top to Down,N/A,N/A,N/A,1.09,0.06,-1.31,-1.13,1.36,0,17.36,Normal (15-20),2025
2025-05-21,24744.25,24946.2,24685.35,24800.95,Neutral,Neutral,Neutral,Neutral,Neutral/Unclear,None,Down to Up,N/A,N/A,N/A,1.09,0.82,-0.24,0.23,1.05,0,17.36,Normal (15-20),2025
2025-05-22,24733.95,24737.5,24462.4,24637.0,Neutral,Bullish,Neutral,Bullish,Neutral/Unclear,None,Top to Down,N/A,N/A,N/A,1.11,0.01,-1.1,-0.39,1.11,1,17.55,Normal (15-20),2025
2025-05-23,24639.5,24909.05,24614.05,24845.15,Bearish,Strong Bearish,Bearish,Bearish,Bearish Alignment,Strong Bearish Alignment,Down to Up,Worked then Reversed,Reversed by Close,Reversed Before Half,1.11,1.09,-0.1,0.83,1.2,0,17.55,Normal (15-20),2025
2025-05-26,24919.35,25079.2,24900.5,24996.35,Bullish,Strong Bullish,Bullish,Bullish,Bullish Alignment,Strong Bullish Alignment,Down to Up,Against then Recovered,Worked and Remained,Exceeded Half then Reversed,1.11,0.64,-0.08,0.31,0.72,0,17.55,Normal (15-20),2025
2025-05-27,24956.65,25062.9,24704.1,24837.7,Neutral,Mildly Bearish,Neutral,Bearish,Neutral/Unclear,None,Top to Down,N/A,N/A,N/A,1.14,0.43,-1.01,-0.48,1.44,0,18.02,Normal (15-20),2025
2025-05-28,24832.5,24864.25,24737.05,24757.15,Bearish,Mildly Bearish,Bearish,Bearish,Bearish Alignment,None,Top to Down,Against then Recovered,Worked and Remained,Reversed Before Half,1.14,0.13,-0.38,-0.3,0.51,0,18.02,Normal (15-20),2025
2025-05-29,24825.1,24892.6,24677.3,24880.85,Neutral,Bearish,Neutral,Bearish,Neutral/Unclear,None,Down to Up,N/A,N/A,N/A,1.14,0.27,-0.6,0.22,0.87,1,18.02,Normal (15-20),2025
2025-05-30,24812.6,24863.95,24717.4,24736.65,Neutral,Bearish,Neutral,Bearish,Neutral/Unclear,None,Top to Down,N/A,N/A,N/A,1.14,0.21,-0.38,-0.31,0.59,0,18.02,Normal (15-20),2025
2025-06-02,24669.7,24754.4,24526.15,24690.35,Neutral,Neutral,Neutral,Neutral,Neutral/Unclear,None,Down to Up,N/A,N/A,N/A,1.14,0.34,-0.58,0.08,0.93,0,18.02,Normal (15-20),2025
2025-06-03,24786.3,24845.1,24502.15,24538.4,Neutral,Strong Bullish,Neutral,Bullish,Neutral/Unclear,None,Top to Down,N/A,N/A,N/A,1.08,0.24,-1.15,-1.0,1.38,0,17.16,Normal (15-20),2025
2025-06-04,24560.45,24644.25,24530.45,24612.0,Neutral,Bearish,Neutral,Bearish,Neutral/Unclear,None,Down to Up,N/A,N/A,N/A,1.08,0.34,-0.12,0.21,0.46,0,17.16,Normal (15-20),2025
2025-06-05,24691.2,24899.85,24613.1,24761.1,Mildly Bullish,Bullish,Bullish,Bullish,Bullish Alignment,None,Down to Up,Against then Recovered,Worked and Remained,Exceeded Half then Reversed,0.99,0.85,-0.32,0.28,1.16,1,15.75,Normal (15-20),2025
2025-06-06,24748.7,25029.5,24671.45,25000.3,Neutral,Strong Bearish,Neutral,Bearish,Neutral/Unclear,None,Down to Up,N/A,N/A,N/A,0.99,1.13,-0.31,1.02,1.45,0,15.75,Normal (15-20),2025
2025-06-09,25160.1,25160.1,25077.15,25103.1,Bullish,Strong Bullish,Bullish,Bullish,Bullish Alignment,Strong Bullish Alignment,Top to Down,Worked then Reversed,Reversed by Close,Reversed Before Half,0.99,0.0,-0.33,-0.23,0.33,0,15.75,Normal (15-20),2025
2025-06-10,25196.05,25199.3,25055.45,25091.5,Neutral,Neutral,Neutral,Neutral,Neutral/Unclear,None,Top to Down,N/A,N/A,N/A,0.93,0.01,-0.56,-0.41,0.57,0,14.69,Low (<15),2025
2025-06-11,25134.15,25222.4,25081.3,25126.8,Neutral,Bearish,Neutral,Bearish,Neutral/Unclear,None,Top to Down,N/A,N/A,N/A,0.93,0.35,-0.21,-0.03,0.56,0,14.69,Low (<15),2025
2025-06-12,25164.45,25196.2,24825.9,24856.0,Neutral,Neutral,Neutral,Neutral,Neutral/Unclear,None,Top to Down,N/A,N/A,N/A,0.86,0.13,-1.35,-1.23,1.47,1,13.67,Low (<15),2025
2025-06-13,24473.0,24754.35,24473.0,24735.55,Bearish,Strong Bearish,Bearish,Bearish,Bearish Alignment,Strong Bearish Alignment,Down to Up,Worked then Reversed,Reversed by Close,Reversed Before Half,0.86,1.15,0.0,1.07,1.15,0,13.67,Low (<15),2025
2025-06-16,24732.35,24967.1,24703.6,24940.95,Neutral,Strong Bullish,Neutral,Bullish,Neutral/Unclear,None,Down to Up,N/A,N/A,N/A,0.86,0.95,-0.12,0.84,1.07,0,13.67,Low (<15),2025
2025-06-17,24977.85,24982.05,24813.7,24841.5,Neutral,Strong Bullish,Neutral,Bullish,Neutral/Unclear,None,Top to Down,N/A,N/A,N/A,0.93,0.02,-0.66,-0.55,0.67,0,14.84,Low (<15),2025
2025-06-18,24788.35,24947.55,24750.45,24798.75,Neutral,Strong Bearish,Neutral,Bearish,Neutral/Unclear,None,Down to Up,N/A,N/A,N/A,0.93,0.64,-0.15,0.04,0.8,0,14.84,Low (<15),2025
2025-06-19,24803.25,24863.1,24733.4,24744.7,Neutral,Neutral,Neutral,Neutral,Neutral/Unclear,None,Top to Down,N/A,N/A,N/A,0.9,0.24,-0.28,-0.24,0.52,1,14.28,Low (<15),2025
2025-06-20,24787.65,25136.2,24783.65,25079.75,Neutral,Neutral,Neutral,Neutral,Neutral/Unclear,None,Down to Up,N/A,N/A,N/A,0.9,1.41,-0.02,1.18,1.42,0,14.28,Low (<15),2025
2025-06-23,24939.75,25057.0,24824.85,24958.9,Neutral,Strong Bullish,Neutral,Bullish,Neutral/Unclear,None,Down to Up,N/A,N/A,N/A,0.9,0.47,-0.46,0.08,0.93,0,14.28,Low (<15),2025
2025-06-24,25179.9,25317.7,24999.7,25071.55,Mildly Bearish,Bearish,Bearish,Bearish,Bearish Alignment,None,Top to Down,Against then Recovered,Worked and Remained,Exceeded Half then Reversed,0.89,0.55,-0.72,-0.43,1.26,0,14.05,Low (<15),2025
2025-06-25,25150.35,25266.8,25125.05,25236.35,Neutral,Neutral,Neutral,Neutral,Neutral/Unclear,None,Down to Up,N/A,N/A,N/A,0.89,0.46,-0.1,0.34,0.56,0,14.05,Low (<15),2025
2025-06-26,25268.95,25565.3,25259.9,25530.4,Mildly Bullish,Mildly Bullish,Bullish,Bullish,Bullish Alignment,None,Down to Up,Against then Recovered,Worked and Remained,Exceeded Half then Reversed,0.82,1.17,-0.04,1.03,1.21,1,12.96,Low (<15),2025
2025-06-27,25576.65,25654.2,25523.55,25632.45,Bullish,Strong Bearish,Bullish,Bearish,Mixed,None,Down to Up,N/A,N/A,N/A,0.82,0.3,-0.21,0.22,0.51,0,12.96,Low (<15),2025
2025-06-30,25661.65,25669.35,25473.3,25507.45,Neutral,Strong Bullish,Neutral,Bullish,Neutral/Unclear,None,Top to Down,N/A,N/A,N/A,0.82,0.03,-0.73,-0.6,0.76,0,12.96,Low (<15),2025
2025-07-01,25551.35,25593.4,25501.8,25533.0,Neutral,Bearish,Neutral,Bearish,Neutral/Unclear,None,Top to Down,N/A,N/A,N/A,0.81,0.16,-0.19,-0.07,0.36,0,12.79,Low (<15),2025
2025-07-02,25588.3,25608.1,25378.75,25442.85,Bearish,Bearish,Bearish,Bearish,Bearish Alignment,Strong Bearish Alignment,Top to Down,Against then Recovered,Worked and Remained,Exceeded Half then Reversed,0.81,0.08,-0.82,-0.57,0.9,0,12.79,Low (<15),2025
2025-07-03,25505.1,25587.5,25384.35,25397.4,Strong Bearish,Bearish,Bearish,Bearish,Bearish Alignment,Strong Bearish Alignment,Top to Down,Against then Recovered,Worked and Remained,Exceeded Half then Reversed,0.78,0.32,-0.47,-0.42,0.8,1,12.45,Low (<15),2025
2025-07-04,25428.85,25470.25,25331.65,25467.8,Bullish,Strong Bearish,Bullish,Bearish,Mixed,None,Down to Up,N/A,N/A,N/A,0.78,0.16,-0.38,0.15,0.55,0,12.45,Low (<15),2025
2025-07-07,25450.45,25489.8,25407.25,25454.95,Neutral,Strong Bullish,Neutral,Bullish,Neutral/Unclear,None,Down to Up,N/A,N/A,N/A,0.78,0.15,-0.17,0.02,0.32,0,12.45,Low (<15),2025
2025-07-08,25427.85,25548.05,25424.15,25523.1,Neutral,Bearish,Neutral,Bearish,Neutral/Unclear,None,Down to Up,N/A,N/A,N/A,0.79,0.47,-0.01,0.37,0.49,0,12.56,Low (<15),2025
2025-07-09,25514.6,25548.7,25424.35,25464.65,Neutral,Mildly Bullish,Neutral,Bullish,Neutral/Unclear,None,Top to Down,N/A,N/A,N/A,0.79,0.13,-0.35,-0.2,0.49,0,12.56,Low (<15),2025
2025-07-11,25255.5,25322.45,25129.0,25140.55,Neutral,Neutral,Neutral,Neutral,Neutral/Unclear,None,Top to Down,N/A,N/A,N/A,0.79,0.27,-0.5,-0.46,0.77,0,12.56,Low (<15),2025
2025-07-14,25149.5,25151.1,25001.95,25087.1,Bearish,Bearish,Bearish,Bearish,Bearish Alignment,Strong Bearish Alignment,Top to Down,Against then Recovered,Worked and Remained,Exceeded Half then Reversed,0.79,0.01,-0.59,-0.25,0.59,0,12.56,Low (<15),2025
2025-07-15,25089.5,25245.2,25088.45,25219.65,Neutral,Mildly Bullish,Neutral,Bullish,Neutral/Unclear,None,Down to Up,N/A,N/A,N/A,0.75,0.62,-0.0,0.52,0.62,0,11.98,Low (<15),2025
2025-07-16,25196.6,25255.3,25121.05,25198.55,Neutral,Bullish,Neutral,Bullish,Neutral/Unclear,None,Down to Up,N/A,N/A,N/A,0.75,0.23,-0.3,0.01,0.53,0,11.98,Low (<15),2025
2025-07-17,25230.75,25238.35,25101.0,25109.5,Neutral,Neutral,Neutral,Neutral,Neutral/Unclear,None,Top to Down,N/A,N/A,N/A,0.71,0.03,-0.51,-0.48,0.54,1,11.24,Low (<15),2025
2025-07-18,25108.55,25144.6,24918.65,24967.45,Neutral,Bearish,Neutral,Bearish,Neutral/Unclear,None,Top to Down,N/A,N/A,N/A,0.71,0.14,-0.76,-0.56,0.9,0,11.24,Low (<15),2025
2025-07-21,24999.0,25111.4,24882.3,25093.3,Bearish,Neutral,Bearish,Neutral,Neutral/Unclear,None,Down to Up,N/A,N/A,N/A,0.71,0.45,-0.47,0.38,0.92,0,11.24,Low (<15),2025
2025-07-22,25166.65,25182.0,25035.55,25064.9,Mildly Bullish,Strong Bullish,Bullish,Bullish,Bullish Alignment,None,Top to Down,Worked then Reversed,Reversed by Close,Reversed Before Half,0.71,0.06,-0.52,-0.4,0.58,0,11.2,Low (<15),2025
2025-07-23,25139.35,25233.5,25085.5,25209.2,Mildly Bearish,Strong Bearish,Bearish,Bearish,Bearish Alignment,None,Down to Up,Worked then Reversed,Reversed by Close,Reversed Before Half,0.71,0.37,-0.21,0.28,0.59,0,11.2,Low (<15),2025
2025-07-24,25243.3,25246.25,25018.7,25051.9,Bullish,Strong Bullish,Bullish,Bullish,Bullish Alignment,Strong Bullish Alignment,Top to Down,Worked then Reversed,Reversed by Close,Reversed Before Half,0.66,0.01,-0.89,-0.76,0.9,1,10.52,Low (<15),2025
2025-07-25,25010.35,25010.35,24806.35,24832.2,Mildly Bearish,Strong Bearish,Bearish,Bearish,Bearish Alignment,None,Top to Down,Against then Recovered,Worked and Remained,Exceeded Half then Reversed,0.66,0.0,-0.82,-0.71,0.82,0,10.52,Low (<15),2025
2025-07-28,24782.45,24889.2,24646.6,24673.95,Strong Bearish,Bearish,Bearish,Bearish,Bearish Alignment,Strong Bearish Alignment,Top to Down,Against then Recovered,Worked and Remained,Exceeded Half then Reversed,0.66,0.43,-0.55,-0.44,0.98,0,10.52,Low (<15),2025
2025-07-29,24609.65,24847.15,24598.6,24830.4,Bearish,Neutral,Bearish,Neutral,Neutral/Unclear,None,Down to Up,N/A,N/A,N/A,0.76,0.97,-0.04,0.9,1.01,0,12.06,Low (<15),2025
2025-07-30,24890.4,24902.3,24771.95,24844.55,Bullish,Strong Bullish,Bullish,Bullish,Bullish Alignment,Strong Bullish Alignment,Top to Down,Worked then Reversed,Reversed by Close,Reversed Before Half,0.76,0.05,-0.48,-0.18,0.52,0,12.06,Low (<15),2025
2025-07-31,24642.25,24956.5,24635.0,24765.6,Neutral,Bearish,Neutral,Bearish,Neutral/Unclear,None,Down to Up,N/A,N/A,N/A,0.71,1.28,-0.03,0.5,1.3,1,11.21,Low (<15),2025
2025-08-01,24734.9,24784.15,24535.05,24572.15,Neutral,Mildly Bullish,Neutral,Bullish,Neutral/Unclear,None,Top to Down,N/A,N/A,N/A,0.71,0.2,-0.81,-0.66,1.01,0,11.21,Low (<15),2025
2025-08-04,24596.05,24736.25,24554.0,24726.9,Bearish,Strong Bearish,Bearish,Bearish,Bearish Alignment,Strong Bearish Alignment,Down to Up,Worked then Reversed,Reversed by Close,Reversed Before Half,0.71,0.57,-0.17,0.53,0.74,0,11.21,Low (<15),2025
2025-08-05,24720.25,24733.1,24590.3,24649.5,Bullish,Strong Bullish,Bullish,Bullish,Bullish Alignment,Strong Bullish Alignment,Top to Down,Worked then Reversed,Reversed by Close,Reversed Before Half,0.75,0.05,-0.53,-0.29,0.58,0,11.97,Low (<15),2025
2025-08-06,24641.35,24671.4,24539.2,24569.6,Mildly Bearish,Strong Bearish,Bearish,Bearish,Bearish Alignment,None,Top to Down,Against then Recovered,Worked and Remained,Exceeded Half then Reversed,0.75,0.12,-0.41,-0.29,0.54,0,11.97,Low (<15),2025
2025-08-07,24464.2,24634.2,24344.15,24626.65,Bearish,Mildly Bearish,Bearish,Bearish,Bearish Alignment,None,Down to Up,Worked then Reversed,Reversed by Close,Exceeded Half then Reversed,0.75,0.69,-0.49,0.66,1.19,1,11.96,Low (<15),2025
2025-08-08,24544.25,24585.5,24337.5,24350.85,Neutral,Strong Bullish,Neutral,Bullish,Neutral/Unclear,None,Top to Down,N/A,N/A,N/A,0.75,0.17,-0.84,-0.79,1.01,0,11.96,Low (<15),2025
2025-08-11,24371.5,24600.85,24347.45,24562.15,Bearish,Strong Bearish,Bearish,Bearish,Bearish Alignment,Strong Bearish Alignment,Down to Up,Worked then Reversed,Reversed by Close,Reversed Before Half,0.75,0.94,-0.1,0.78,1.04,0,11.96,Low (<15),2025
2025-08-12,24563.35,24702.6,24465.65,24485.85,Bullish,Strong Bullish,Bullish,Bullish,Bullish Alignment,Strong Bullish Alignment,Top to Down,Worked then Reversed,Reversed by Close,Exceeded Half then Reversed,0.77,0.57,-0.4,-0.32,0.96,0,12.22,Low (<15),2025
2025-08-13,24586.2,24664.55,24535.25,24630.4,Mildly Bearish,Strong Bearish,Bearish,Bearish,Bearish Alignment,None,Down to Up,Worked then Reversed,Reversed by Close,Reversed Before Half,0.77,0.32,-0.21,0.18,0.53,0,12.22,Low (<15),2025
2025-08-14,24607.25,24673.65,24596.9,24616.05,Bullish,Bullish,Bullish,Bullish,Bullish Alignment,Strong Bullish Alignment,Down to Up,Against then Recovered,Worked and Remained,Reversed Before Half,0.76,0.27,-0.04,0.04,0.31,1,12.14,Low (<15),2025
2025-08-18,24938.2,25022.0,24852.85,24884.05,Neutral,Neutral,Neutral,Neutral,Neutral/Unclear,None,Top to Down,N/A,N/A,N/A,0.76,0.34,-0.34,-0.22,0.68,0,12.14,Low (<15),2025
2025-08-19,24891.35,25012.65,24873.95,24989.7,Neutral,Neutral,Neutral,Neutral,Neutral/Unclear,None,Down to Up,N/A,N/A,N/A,0.78,0.49,-0.07,0.4,0.56,0,12.34,Low (<15),2025
2025-08-20,24965.8,25088.7,24929.7,25047.15,Neutral,Strong Bullish,Neutral,Bullish,Neutral/Unclear,None,Down to Up,N/A,N/A,N/A,0.78,0.49,-0.14,0.33,0.64,0,12.34,Low (<15),2025
2025-08-21,25142.0,25153.65,25054.9,25076.95,Neutral,Neutral,Neutral,Neutral,Neutral/Unclear,None,Top to Down,N/A,N/A,N/A,0.74,0.05,-0.35,-0.26,0.39,1,11.79,Low (<15),2025
2025-08-22,25064.15,25084.85,24859.15,24869.45,Neutral,Bearish,Neutral,Bearish,Neutral/Unclear,None,Top to Down,N/A,N/A,N/A,0.74,0.08,-0.82,-0.78,0.9,0,11.79,Low (<15),2025
2025-08-25,24949.15,25021.55,24894.35,24978.55,Bearish,Bearish,Bearish,Bearish,Bearish Alignment,Strong Bearish Alignment,Down to Up,Worked then Reversed,Reversed by Close,Reversed Before Half,0.74,0.29,-0.22,0.12,0.51,0,11.79,Low (<15),2025
2025-08-26,24899.5,24919.65,24689.6,24710.7,Mildly Bullish,Strong Bullish,Bullish,Bullish,Bullish Alignment,None,Top to Down,Worked then Reversed,Reversed by Close,Reversed Before Half,0.74,0.08,-0.84,-0.76,0.92,0,11.76,Low (<15),2025
2025-08-28,24695.8,24702.65,24481.6,24533.1,Neutral,Neutral,Neutral,Neutral,Neutral/Unclear,None,Top to Down,N/A,N/A,N/A,0.77,0.03,-0.87,-0.66,0.9,1,12.19,Low (<15),2025
2025-08-29,24466.7,24572.45,24404.7,24433.65,Neutral,Neutral,Neutral,Neutral,Neutral/Unclear,None,Top to Down,N/A,N/A,N/A,0.77,0.43,-0.25,-0.14,0.69,0,12.19,Low (<15),2025
2025-09-01,24432.7,24635.6,24432.7,24624.3,Neutral,Bearish,Neutral,Bearish,Neutral/Unclear,None,Down to Up,N/A,N/A,N/A,0.77,0.83,0.0,0.78,0.83,0,12.19,Low (<15),2025
2025-09-02,24653.0,24756.1,24522.35,24575.0,Strong Bullish,Bullish,Bullish,Bullish,Bullish Alignment,Strong Bullish Alignment,Top to Down,Worked then Reversed,Reversed by Close,Exceeded Half then Reversed,0.71,0.42,-0.53,-0.32,0.95,1,11.29,Low (<15),2025
2025-09-03,24616.5,24737.05,24533.2,24713.6,Bearish,Neutral,Bearish,Neutral,Neutral/Unclear,None,Down to Up,N/A,N/A,N/A,0.71,0.49,-0.34,0.39,0.83,0,11.29,Low (<15),2025
2025-09-04,24980.75,24980.75,24708.2,24739.8,Bullish,Strong Bullish,Bullish,Bullish,Bullish Alignment,Strong Bullish Alignment,Top to Down,Worked then Reversed,Reversed by Close,Reversed Before Half,0.69,0.0,-1.09,-0.96,1.09,0,10.93,Low (<15),2025
2025-09-05,24818.85,24832.35,24621.6,24743.95,Bearish,Strong Bearish,Bearish,Bearish,Bearish Alignment,Strong Bearish Alignment,Top to Down,Against then Recovered,Worked and Remained,Exceeded Half then Reversed,0.69,0.05,-0.79,-0.3,0.85,0,10.93,Low (<15),2025
2025-09-09,24864.1,24891.8,24814.0,24878.8,Mildly Bullish,Bearish,Bullish,Bearish,Mixed,None,Down to Up,N/A,N/A,N/A,0.68,0.11,-0.2,0.06,0.31,1,10.84,Low (<15),2025
2025-09-10,24991.0,25035.7,24915.05,24977.55,Neutral,Bullish,Neutral,Bullish,Neutral/Unclear,None,Top to Down,N/A,N/A,N/A,0.68,0.18,-0.3,-0.05,0.48,0,10.84,Low (<15),2025
2025-09-11,24945.5,25037.3,24940.15,25008.1,Neutral,Neutral,Neutral,Neutral,Neutral/Unclear,None,Down to Up,N/A,N/A,N/A,0.66,0.37,-0.02,0.25,0.39,0,10.54,Low (<15),2025
2025-09-12,25074.45,25139.45,25038.05,25107.7,Neutral,Strong Bullish,Neutral,Bullish,Neutral/Unclear,None,Down to Up,N/A,N/A,N/A,0.66,0.26,-0.15,0.13,0.4,0,10.54,Low (<15),2025
2025-09-15,25118.9,25138.45,25048.75,25069.7,Neutral,Bullish,Neutral,Bullish,Neutral/Unclear,None,Top to Down,N/A,N/A,N/A,0.66,0.08,-0.28,-0.2,0.36,0,10.54,Low (<15),2025
2025-09-16,25073.6,25261.4,25070.45,25254.45,Mildly Bearish,Strong Bearish,Bearish,Bearish,Bearish Alignment,None,Down to Up,Worked then Reversed,Reversed by Close,Reversed Before Half,0.66,0.75,-0.01,0.72,0.76,1,10.4,Low (<15),2025
2025-09-17,25276.6,25346.5,25275.35,25330.15,Bullish,Strong Bullish,Bullish,Bullish,Bullish Alignment,Strong Bullish Alignment,Down to Up,Against then Recovered,Worked and Remained,Reversed Before Half,0.66,0.28,-0.0,0.21,0.28,0,10.4,Low (<15),2025
2025-09-18,25441.05,25448.95,25329.75,25420.75,Neutral,Neutral,Neutral,Neutral,Neutral/Unclear,None,Top to Down,N/A,N/A,N/A,0.65,0.03,-0.44,-0.08,0.47,0,10.25,Low (<15),2025
2025-09-19,25410.2,25428.75,25286.3,25352.5,Neutral,Mildly Bearish,Neutral,Bearish,Neutral/Unclear,None,Top to Down,N/A,N/A,N/A,0.65,0.07,-0.49,-0.23,0.56,0,10.25,Low (<15),2025
2025-09-22,25238.1,25331.7,25151.05,25200.2,Neutral,Bearish,Neutral,Bearish,Neutral/Unclear,None,Top to Down,N/A,N/A,N/A,0.65,0.37,-0.34,-0.15,0.72,0,10.25,Low (<15),2025
2025-09-23,25209.0,25261.9,25084.65,25185.8,Bearish,Mildly Bearish,Bearish,Bearish,Bearish Alignment,None,Top to Down,Against then Recovered,Worked and Remained,Exceeded Half then Reversed,0.67,0.21,-0.49,-0.09,0.7,1,10.56,Low (<15),2025
2025-09-24,25108.75,25149.85,25027.45,25060.9,Neutral,Strong Bullish,Neutral,Bullish,Neutral/Unclear,None,Top to Down,N/A,N/A,N/A,0.67,0.16,-0.32,-0.19,0.49,0,10.56,Low (<15),2025
2025-09-25,25034.5,25092.7,24878.3,24904.55,Mildly Bearish,Bearish,Bearish,Bearish,Bearish Alignment,None,Top to Down,Against then Recovered,Worked and Remained,Exceeded Half then Reversed,0.66,0.23,-0.62,-0.52,0.86,0,10.52,Low (<15),2025
2025-09-26,24818.55,24868.6,24629.45,24673.1,Bearish,Mildly Bearish,Bearish,Bearish,Bearish Alignment,None,Top to Down,Against then Recovered,Worked and Remained,Exceeded Half then Reversed,0.66,0.2,-0.76,-0.59,0.96,0,10.52,Low (<15),2025
2025-09-29,24728.55,24791.3,24606.2,24677.55,Neutral,Bullish,Neutral,Bullish,Neutral/Unclear,None,Top to Down,N/A,N/A,N/A,0.66,0.25,-0.49,-0.21,0.75,0,10.52,Low (<15),2025
2025-09-30,24691.95,24731.8,24587.7,24633.6,Mildly Bullish,Neutral,Bullish,Neutral,Neutral/Unclear,None,Top to Down,N/A,N/A,N/A,0.72,0.16,-0.42,-0.24,0.58,1,11.37,Low (<15),2025
2025-10-01,24620.55,24867.95,24605.95,24853.4,Neutral,Neutral,Neutral,Neutral,Neutral/Unclear,None,Down to Up,N/A,N/A,N/A,0.72,1.0,-0.06,0.95,1.06,0,11.37,Low (<15),2025
2025-10-03,24759.55,24904.8,24747.55,24895.0,Neutral,Neutral,Neutral,Neutral,Neutral/Unclear,None,Down to Up,N/A,N/A,N/A,0.72,0.59,-0.05,0.55,0.64,0,11.37,Low (<15),2025
2025-10-06,24916.55,25095.95,24881.65,25072.55,Neutral,Neutral,Neutral,Neutral,Neutral/Unclear,None,Down to Up,N/A,N/A,N/A,0.72,0.72,-0.14,0.63,0.86,0,11.37,Low (<15),2025
2025-10-07,25085.3,25220.9,25076.3,25112.8,Mildly Bullish,Neutral,Bullish,Neutral,Neutral/Unclear,None,Down to Up,N/A,N/A,N/A,0.64,0.54,-0.04,0.11,0.58,1,10.19,Low (<15),2025
2025-10-08,25079.75,25192.5,25008.5,25023.8,Neutral,Bearish,Neutral,Bearish,Neutral/Unclear,None,Top to Down,N/A,N/A,N/A,0.64,0.45,-0.28,-0.22,0.73,0,10.19,Low (<15),2025
2025-10-09,25074.3,25199.25,25024.3,25170.3,Mildly Bearish,Mildly Bearish,Bearish,Bearish,Bearish Alignment,None,Down to Up,Worked then Reversed,Reversed by Close,Reversed Before Half,0.65,0.5,-0.2,0.38,0.7,0,10.31,Low (<15),2025
2025-10-10,25167.65,25330.75,25156.85,25278.2,Mildly Bullish,Strong Bullish,Bullish,Bullish,Bullish Alignment,None,Down to Up,Against then Recovered,Worked and Remained,Exceeded Half then Reversed,0.65,0.65,-0.04,0.44,0.69,0,10.31,Low (<15),2025
2025-10-13,25177.3,25267.3,25152.3,25237.15,Neutral,Mildly Bearish,Neutral,Bearish,Neutral/Unclear,None,Down to Up,N/A,N/A,N/A,0.65,0.36,-0.1,0.24,0.46,0,10.31,Low (<15),2025
2025-10-14,25277.55,25310.35,25060.55,25123.35,Bearish,Strong Bearish,Bearish,Bearish,Bearish Alignment,Strong Bearish Alignment,Top to Down,Against then Recovered,Worked and Remained,Exceeded Half then Reversed,0.69,0.13,-0.86,-0.61,0.99,1,11.01,Low (<15),2025
2025-10-15,25181.95,25365.15,25159.35,25327.75,Neutral,Bearish,Neutral,Bearish,Neutral/Unclear,None,Down to Up,N/A,N/A,N/A,0.69,0.73,-0.09,0.58,0.82,0,11.01,Low (<15),2025
2025-10-16,25394.9,25625.4,25376.85,25566.3,Bullish,Strong Bullish,Bullish,Bullish,Bullish Alignment,Strong Bullish Alignment,Down to Up,Against then Recovered,Worked and Remained,Exceeded Half then Reversed,0.66,0.91,-0.07,0.67,0.98,0,10.53,Low (<15),2025
2025-10-17,25546.85,25781.5,25508.6,25704.7,Bullish,Neutral,Bullish,Neutral,Neutral/Unclear,None,Down to Up,N/A,N/A,N/A,0.66,0.92,-0.15,0.62,1.07,0,10.53,Low (<15),2025
2025-10-20,25824.6,25926.2,25788.5,25850.7,Neutral,Strong Bearish,Neutral,Bearish,Neutral/Unclear,None,Down to Up,N/A,N/A,N/A,0.66,0.39,-0.14,0.1,0.53,0,10.53,Low (<15),2025
2025-10-21,25901.2,25934.35,25826.3,25833.3,Neutral,Strong Bullish,Neutral,Bullish,Neutral/Unclear,None,Top to Down,N/A,N/A,N/A,0.72,0.13,-0.29,-0.26,0.42,1,11.36,Low (<15),2025
2025-10-23,26057.2,26104.2,25862.45,25870.3,Neutral,Neutral,Neutral,Neutral,Neutral/Unclear,None,Top to Down,N/A,N/A,N/A,0.71,0.18,-0.75,-0.72,0.93,0,11.3,Low (<15),2025
2025-10-24,25935.1,25944.15,25718.2,25797.45,Neutral,Neutral,Neutral,Neutral,Neutral/Unclear,None,Top to Down,N/A,N/A,N/A,0.71,0.03,-0.84,-0.53,0.87,0,11.3,Low (<15),2025
2025-10-27,25843.2,26005.95,25827.0,25974.0,Neutral,Strong Bullish,Neutral,Bullish,Neutral/Unclear,None,Down to Up,N/A,N/A,N/A,0.71,0.63,-0.06,0.51,0.69,0,11.3,Low (<15),2025
2025-10-28,25939.95,26041.7,25810.05,25965.4,Neutral,Strong Bullish,Neutral,Bullish,Neutral/Unclear,None,Down to Up,N/A,N/A,N/A,0.75,0.39,-0.5,0.1,0.89,1,11.86,Low (<15),2025
2025-10-29,25982.0,26097.85,25960.3,26068.3,Neutral,Strong Bearish,Neutral,Bearish,Neutral/Unclear,None,Down to Up,N/A,N/A,N/A,0.75,0.45,-0.08,0.33,0.53,0,11.86,Low (<15),2025
2025-10-30,25984.4,26032.05,25845.25,25891.2,Mildly Bullish,Strong Bullish,Bullish,Bullish,Bullish Alignment,None,Top to Down,Worked then Reversed,Reversed by Close,Reversed Before Half,0.75,0.18,-0.54,-0.36,0.72,0,11.97,Low (<15),2025
2025-10-31,25863.8,25953.75,25711.2,25732.55,Strong Bearish,Strong Bearish,Bearish,Bearish,Bearish Alignment,Strong Bearish Alignment,Top to Down,Against then Recovered,Worked and Remained,Exceeded Half then Reversed,0.75,0.35,-0.59,-0.51,0.94,0,11.97,Low (<15),2025
2025-11-03,25696.85,25803.1,25645.5,25774.3,Neutral,Bearish,Neutral,Bearish,Neutral/Unclear,None,Down to Up,N/A,N/A,N/A,0.75,0.41,-0.2,0.3,0.61,0,11.97,Low (<15),2025
2025-11-04,25744.75,25787.4,25578.4,25586.25,Neutral,Bullish,Neutral,Bullish,Neutral/Unclear,None,Top to Down,N/A,N/A,N/A,0.8,0.17,-0.65,-0.62,0.81,1,12.67,Low (<15),2025
2025-11-06,25593.35,25679.15,25491.55,25519.95,Neutral,Neutral,Neutral,Neutral,Neutral/Unclear,None,Top to Down,N/A,N/A,N/A,0.8,0.34,-0.4,-0.29,0.73,0,12.65,Low (<15),2025
2025-11-10,25503.5,25653.45,25503.5,25574.25,Neutral,Strong Bullish,Neutral,Bullish,Neutral/Unclear,None,Down to Up,N/A,N/A,N/A,0.8,0.59,0.0,0.28,0.59,0,12.65,Low (<15),2025
2025-11-11,25617.0,25715.8,25449.25,25705.55,Neutral,Neutral,Neutral,Neutral,Neutral/Unclear,None,Down to Up,N/A,N/A,N/A,0.77,0.39,-0.65,0.35,1.04,1,12.3,Low (<15),2025
2025-11-12,25834.3,25934.55,25781.15,25874.0,Mildly Bullish,Neutral,Bullish,Neutral,Neutral/Unclear,None,Down to Up,N/A,N/A,N/A,0.77,0.39,-0.21,0.15,0.59,0,12.3,Low (<15),2025
2025-11-13,25906.1,26010.7,25808.4,25884.1,Bullish,Bullish,Bullish,Bullish,Bullish Alignment,Strong Bullish Alignment,Top to Down,Worked then Reversed,Reversed by Close,Exceeded Half then Reversed,0.76,0.4,-0.38,-0.08,0.78,0,12.11,Low (<15),2025
2025-11-14,25767.9,25940.2,25740.8,25916.8,Mildly Bearish,Mildly Bearish,Bearish,Bearish,Bearish Alignment,None,Down to Up,Worked then Reversed,Reversed by Close,Reversed Before Half,0.76,0.67,-0.11,0.58,0.77,0,12.11,Low (<15),2025
2025-11-17,25948.2,26024.2,25906.35,26014.3,Bearish,Mildly Bearish,Bearish,Bearish,Bearish Alignment,None,Down to Up,Worked then Reversed,Reversed by Close,Reversed Before Half,0.76,0.29,-0.16,0.25,0.45,0,12.11,Low (<15),2025
2025-11-18,26021.8,26029.85,25876.5,25894.7,Mildly Bullish,Bullish,Bullish,Bullish,Bullish Alignment,None,Top to Down,Worked then Reversed,Reversed by Close,Reversed Before Half,0.74,0.03,-0.56,-0.49,0.59,1,11.79,Low (<15),2025
2025-11-19,25918.1,26074.65,25856.2,26052.7,Mildly Bearish,Bearish,Bearish,Bearish,Bearish Alignment,None,Down to Up,Worked then Reversed,Reversed by Close,Reversed Before Half,0.74,0.6,-0.24,0.52,0.84,0,11.79,Low (<15),2025
2025-11-20,26132.1,26246.65,26063.2,26197.4,Strong Bullish,Strong Bullish,Bullish,Bullish,Bullish Alignment,Strong Bullish Alignment,Down to Up,Against then Recovered,Worked and Remained,Exceeded Half then Reversed,0.75,0.44,-0.26,0.25,0.7,0,11.97,Low (<15),2025
2025-11-21,26109.55,26179.2,26052.2,26063.95,Neutral,Neutral,Neutral,Neutral,Neutral/Unclear,None,Top to Down,N/A,N/A,N/A,0.75,0.27,-0.22,-0.17,0.49,0,11.97,Low (<15),2025
2025-11-24,26122.8,26142.8,25912.15,25943.35,Strong Bearish,Strong Bearish,Bearish,Bearish,Bearish Alignment,Strong Bearish Alignment,Top to Down,Against then Recovered,Worked and Remained,Exceeded Half then Reversed,0.75,0.08,-0.81,-0.69,0.88,0,11.97,Low (<15),2025
2025-11-25,25998.5,26032.6,25857.5,25860.3,Mildly Bearish,Strong Bearish,Bearish,Bearish,Bearish Alignment,None,Top to Down,Against then Recovered,Worked and Remained,Exceeded Half then Reversed,0.83,0.13,-0.54,-0.53,0.67,1,13.24,Low (<15),2025
2025-11-26,25842.95,26215.15,25842.95,26203.5,Mildly Bullish,Strong Bullish,Bullish,Bullish,Bullish Alignment,None,Down to Up,Against then Recovered,Worked and Remained,Exceeded Half then Reversed,0.83,1.44,0.0,1.4,1.44,0,13.24,Low (<15),2025
2025-11-27,26261.25,26310.45,26141.9,26219.85,Strong Bullish,Strong Bullish,Bullish,Bullish,Bullish Alignment,Strong Bullish Alignment,Top to Down,Worked then Reversed,Reversed by Close,Reversed Before Half,0.75,0.19,-0.45,-0.16,0.64,0,11.97,Low (<15),2025
2025-11-28,26237.45,26280.75,26172.4,26204.55,Mildly Bearish,Bearish,Bearish,Bearish,Bearish Alignment,None,Top to Down,Against then Recovered,Worked and Remained,Reversed Before Half,0.75,0.17,-0.25,-0.13,0.41,0,11.97,Low (<15),2025
2025-12-01,26325.8,26325.8,26124.2,26175.95,Bearish,Bearish,Bearish,Bearish,Bearish Alignment,Strong Bearish Alignment,Top to Down,Against then Recovered,Worked and Remained,Exceeded Half then Reversed,0.75,0.0,-0.77,-0.57,0.77,0,11.97,Low (<15),2025
2025-12-02,26087.95,26154.6,25997.85,26057.0,Neutral,Strong Bearish,Neutral,Bearish,Neutral/Unclear,None,Top to Down,N/A,N/A,N/A,0.73,0.26,-0.35,-0.12,0.6,1,11.63,Low (<15),2025
2025-12-03,26004.9,26066.45,25891.0,25985.1,Neutral,Neutral,Neutral,Neutral,Neutral/Unclear,None,Top to Down,N/A,N/A,N/A,0.73,0.24,-0.44,-0.08,0.67,0,11.63,Low (<15),2025
2025-12-04,25981.85,26098.25,25938.95,26017.1,Neutral,Neutral,Neutral,Neutral,Neutral/Unclear,None,Down to Up,N/A,N/A,N/A,0.71,0.45,-0.17,0.14,0.61,0,11.21,Low (<15),2025
2025-12-05,25999.8,26202.6,25985.35,26176.65,Mildly Bearish,Mildly Bullish,Bearish,Bullish,Mixed,None,Down to Up,N/A,N/A,N/A,0.71,0.78,-0.06,0.68,0.84,0,11.21,Low (<15),2025
2025-12-08,26159.8,26178.7,25892.25,25932.8,Bullish,Strong Bullish,Bullish,Bullish,Bullish Alignment,Strong Bullish Alignment,Top to Down,Worked then Reversed,Reversed by Close,Reversed Before Half,0.71,0.07,-1.02,-0.87,1.1,0,11.21,Low (<15),2025
2025-12-09,25867.1,25923.65,25728.0,25841.75,Strong Bearish,Strong Bearish,Bearish,Bearish,Bearish Alignment,Strong Bearish Alignment,Top to Down,Against then Recovered,Worked and Remained,Exceeded Half then Reversed,0.7,0.22,-0.54,-0.1,0.76,1,11.13,Low (<15),2025
2025-12-10,25864.05,25947.65,25734.55,25742.65,Bullish,Strong Bullish,Bullish,Bullish,Bullish Alignment,Strong Bullish Alignment,Top to Down,Worked then Reversed,Reversed by Close,Reversed Before Half,0.7,0.32,-0.5,-0.47,0.82,0,11.13,Low (<15),2025
2025-12-11,25771.4,25922.8,25693.25,25898.4,Neutral,Strong Bearish,Neutral,Bearish,Neutral/Unclear,None,Down to Up,N/A,N/A,N/A,0.69,0.59,-0.3,0.49,0.89,0,10.91,Low (<15),2025
2025-12-12,25971.2,26057.6,25938.45,26043.0,Bullish,Strong Bullish,Bullish,Bullish,Bullish Alignment,Strong Bullish Alignment,Down to Up,Against then Recovered,Worked and Remained,Reversed Before Half,0.69,0.33,-0.13,0.28,0.46,0,10.91,Low (<15),2025
2025-12-15,25930.05,26047.15,25904.75,26014.0,Bullish,Neutral,Bullish,Neutral,Neutral/Unclear,None,Down to Up,N/A,N/A,N/A,0.69,0.45,-0.1,0.32,0.55,0,10.91,Low (<15),2025
2025-12-16,25951.5,25980.75,25834.35,25851.35,Neutral,Bullish,Neutral,Bullish,Neutral/Unclear,None,Top to Down,N/A,N/A,N/A,0.65,0.11,-0.45,-0.39,0.56,1,10.25,Low (<15),2025
2025-12-17,25902.4,25929.15,25770.35,25821.8,Bearish,Strong Bearish,Bearish,Bearish,Bearish Alignment,Strong Bearish Alignment,Top to Down,Against then Recovered,Worked and Remained,Exceeded Half then Reversed,0.65,0.1,-0.51,-0.31,0.61,0,10.25,Low (<15),2025
2025-12-18,25764.7,25902.35,25726.3,25815.65,Neutral,Neutral,Neutral,Neutral,Neutral/Unclear,None,Down to Up,N/A,N/A,N/A,0.62,0.53,-0.15,0.2,0.68,0,9.84,Low (<15),2025
2025-12-19,25911.5,25993.35,25880.45,25961.4,Neutral,Bullish,Neutral,Bullish,Neutral/Unclear,None,Down to Up,N/A,N/A,N/A,0.62,0.32,-0.12,0.19,0.44,0,9.84,Low (<15),2025
2025-12-22,26055.85,26180.7,26047.8,26162.75,Strong Bullish,Strong Bullish,Bullish,Bullish,Bullish Alignment,Strong Bullish Alignment,Down to Up,Against then Recovered,Worked and Remained,Exceeded Half then Reversed,0.62,0.48,-0.03,0.41,0.51,0,9.84,Low (<15),2025
2025-12-23,26205.2,26233.55,26119.05,26165.95,Bullish,Strong Bullish,Bullish,Bullish,Bullish Alignment,Strong Bullish Alignment,Top to Down,Worked then Reversed,Reversed by Close,Reversed Before Half,0.61,0.11,-0.33,-0.15,0.44,1,9.68,Low (<15),2025
2025-12-24,26170.65,26236.4,26123.0,26141.65,Neutral,Strong Bearish,Neutral,Bearish,Neutral/Unclear,None,Top to Down,N/A,N/A,N/A,0.61,0.25,-0.18,-0.11,0.43,0,9.68,Low (<15),2025
2025-12-26,26121.25,26144.2,26008.6,26047.65,Neutral,Neutral,Neutral,Neutral,Neutral/Unclear,None,Top to Down,N/A,N/A,N/A,0.61,0.09,-0.43,-0.28,0.52,0,9.68,Low (<15),2025
2025-12-29,26063.35,26106.8,25920.3,25949.8,Neutral,Neutral,Neutral,Neutral,Neutral/Unclear,None,Top to Down,N/A,N/A,N/A,0.61,0.17,-0.55,-0.44,0.72,0,9.68,Low (<15),2025
2025-12-30,25940.9,25976.75,25878.0,25970.55,Neutral,Neutral,Neutral,Neutral,Neutral/Unclear,None,Down to Up,N/A,N/A,N/A,0.61,0.14,-0.24,0.11,0.38,1,9.72,Low (<15),2025
2025-12-31,25971.05,26187.95,25969.0,26141.85,Mildly Bullish,Strong Bullish,Bullish,Bullish,Bullish Alignment,None,Down to Up,Against then Recovered,Worked and Remained,Exceeded Half then Reversed,0.61,0.84,-0.01,0.66,0.84,0,9.72,Low (<15),2025
2026-01-01,26173.3,26197.55,26113.4,26140.25,Mildly Bullish,Strong Bullish,Bullish,Bullish,Bullish Alignment,None,Top to Down,Worked then Reversed,Reversed by Close,Reversed Before Half,0.61,0.09,-0.23,-0.13,0.32,0,9.68,Low (<15),2026
2026-01-02,26155.1,26340.0,26118.4,26335.7,Neutral,Strong Bearish,Neutral,Bearish,Neutral/Unclear,None,Down to Up,N/A,N/A,N/A,0.61,0.71,-0.14,0.69,0.85,0,9.68,Low (<15),2026
2026-01-05,26333.7,26373.2,26210.05,26244.65,Strong Bullish,Strong Bullish,Bullish,Bullish,Bullish Alignment,Strong Bullish Alignment,Top to Down,Worked then Reversed,Reversed by Close,Reversed Before Half,0.61,0.15,-0.47,-0.34,0.62,0,9.68,Low (<15),2026
2026-01-07,26143.1,26187.15,26067.9,26142.9,Neutral,Bullish,Neutral,Bullish,Neutral/Unclear,None,Top to Down,N/A,N/A,N/A,0.61,0.17,-0.29,-0.0,0.46,0,9.68,Low (<15),2026
2026-01-08,26106.5,26133.2,25858.45,25868.9,Neutral,Strong Bearish,Neutral,Bearish,Neutral/Unclear,None,Top to Down,N/A,N/A,N/A,0.63,0.1,-0.95,-0.91,1.05,0,9.95,Low (<15),2026
2026-01-09,25840.4,25940.6,25623.0,25703.7,Strong Bearish,Strong Bearish,Bearish,Bearish,Bearish Alignment,Strong Bearish Alignment,Top to Down,Against then Recovered,Worked and Remained,Exceeded Half then Reversed,0.63,0.39,-0.84,-0.53,1.23,0,9.95,Low (<15),2026
2026-01-12,25669.05,25813.15,25473.4,25806.1,Neutral,Neutral,Neutral,Neutral,Neutral/Unclear,None,Down to Up,N/A,N/A,N/A,0.63,0.56,-0.76,0.53,1.32,0,9.95,Low (<15),2026
2026-01-13,25897.35,25899.8,25603.3,25714.2,Mildly Bullish,Bullish,Bullish,Bullish,Bullish Alignment,None,Top to Down,Worked then Reversed,Reversed by Close,Reversed Before Half,0.72,0.01,-1.14,-0.71,1.14,1,11.37,Low (<15),2026
2026-01-14,25648.55,25791.75,25603.95,25669.1,Mildly Bearish,Neutral,Bearish,Neutral,Neutral/Unclear,None,Down to Up,N/A,N/A,N/A,0.72,0.56,-0.17,0.08,0.73,0,11.37,Low (<15),2026
2026-01-16,25696.05,25873.5,25662.4,25701.9,Neutral,Neutral,Neutral,Neutral,Neutral/Unclear,None,Down to Up,N/A,N/A,N/A,0.72,0.69,-0.13,0.02,0.82,0,11.37,Low (<15),2026
2026-01-19,25653.1,25653.3,25494.35,25555.5,Neutral,Neutral,Neutral,Neutral,Neutral/Unclear,None,Top to Down,N/A,N/A,N/A,0.72,0.0,-0.62,-0.38,0.62,0,11.37,Low (<15),2026
2026-01-20,25580.3,25585.0,25171.35,25225.35,Neutral,Neutral,Neutral,Neutral,Neutral/Unclear,None,Top to Down,N/A,N/A,N/A,0.75,0.02,-1.6,-1.39,1.62,1,11.83,Low (<15),2026
2026-01-21,25141.0,25300.95,24919.8,25168.1,Mildly Bearish,Bearish,Bearish,Bearish,Bearish Alignment,None,Down to Up,Worked then Reversed,Reversed by Close,Exceeded Half then Reversed,0.75,0.64,-0.88,0.11,1.52,0,11.83,Low (<15),2026
2026-01-22,25344.15,25435.75,25168.5,25320.45,Bearish,Strong Bullish,Bearish,Bullish,Mixed,None,Top to Down,N/A,N/A,N/A,0.87,0.36,-0.69,-0.09,1.05,0,13.78,Low (<15),2026
2026-01-23,25344.6,25347.95,25025.3,25064.75,Neutral,Bearish,Neutral,Bearish,Neutral/Unclear,None,Top to Down,N/A,N/A,N/A,0.87,0.01,-1.26,-1.1,1.27,0,13.78,Low (<15),2026
2026-01-27,25063.35,25246.65,24932.55,25234.1,Neutral,Neutral,Neutral,Neutral,Neutral/Unclear,None,Down to Up,N/A,N/A,N/A,0.89,0.73,-0.52,0.68,1.25,1,14.19,Low (<15),2026
2026-01-28,25258.85,25372.1,25187.65,25348.05,Neutral,Neutral,Neutral,Neutral,Neutral/Unclear,None,Down to Up,N/A,N/A,N/A,0.89,0.45,-0.28,0.35,0.73,0,14.19,Low (<15),2026
2026-01-29,25345.0,25458.15,25159.8,25422.1,Mildly Bearish,Neutral,Bearish,Neutral,Neutral/Unclear,None,Down to Up,N/A,N/A,N/A,0.85,0.45,-0.73,0.3,1.18,0,13.53,Low (<15),2026
2026-01-30,25247.55,25370.7,25213.65,25315.8,Neutral,Bullish,Neutral,Bullish,Neutral/Unclear,None,Down to Up,N/A,N/A,N/A,0.85,0.49,-0.13,0.27,0.62,0,13.53,Low (<15),2026
2026-02-01,25333.75,25440.9,24571.75,24768.0,Mildly Bearish,Strong Bearish,Bearish,Bearish,Bearish Alignment,None,Top to Down,Against then Recovered,Worked and Remained,Exceeded Half then Reversed,0.85,0.42,-3.01,-2.23,3.43,0,13.53,Low (<15),2026
2026-02-02,24796.5,25108.1,24679.4,25079.9,Mildly Bearish,Strong Bearish,Bearish,Bearish,Bearish Alignment,None,Down to Up,Worked then Reversed,Reversed by Close,Exceeded Half then Reversed,0.85,1.26,-0.47,1.14,1.73,0,13.53,Low (<15),2026
2026-02-03,26308.05,26341.2,25641.3,25714.8,Bearish,Neutral,Bearish,Neutral,Neutral/Unclear,None,Top to Down,N/A,N/A,N/A,0.87,0.13,-2.53,-2.26,2.66,1,13.87,Low (<15),2026
2026-02-04,25675.05,25818.55,25563.95,25737.5,Strong Bullish,Bullish,Bullish,Bullish,Bullish Alignment,Strong Bullish Alignment,Down to Up,Against then Recovered,Worked and Remained,Exceeded Half then Reversed,0.87,0.56,-0.43,0.24,0.99,0,13.87,Low (<15),2026
2026-02-05,25755.9,25757.65,25579.5,25641.6,Bullish,Strong Bullish,Bullish,Bullish,Bullish Alignment,Strong Bullish Alignment,Top to Down,Worked then Reversed,Reversed by Close,Reversed Before Half,0.77,0.01,-0.68,-0.44,0.69,0,12.25,Low (<15),2026
2026-02-06,25605.8,25703.95,25491.9,25673.6,Bearish,Strong Bearish,Bearish,Bearish,Bearish Alignment,Strong Bearish Alignment,Down to Up,Worked then Reversed,Reversed by Close,Exceeded Half then Reversed,0.77,0.38,-0.44,0.26,0.83,0,12.25,Low (<15),2026
2026-02-09,25888.7,25922.25,25780.9,25863.3,Neutral,Strong Bullish,Neutral,Bullish,Neutral/Unclear,None,Top to Down,N/A,N/A,N/A,0.77,0.13,-0.42,-0.1,0.55,0,12.25,Low (<15),2026
2026-02-10,25922.65,25989.45,25870.45,25916.8,Bullish,Strong Bearish,Bullish,Bearish,Mixed,None,Top to Down,N/A,N/A,N/A,0.77,0.26,-0.2,-0.02,0.46,1,12.19,Low (<15),2026
2026-02-11,25997.45,26009.4,25899.8,25945.35,Mildly Bullish,Strong Bullish,Bullish,Bullish,Bullish Alignment,None,Top to Down,Worked then Reversed,Reversed by Close,Reversed Before Half,0.77,0.05,-0.38,-0.2,0.42,0,12.19,Low (<15),2026
2026-02-12,25906.7,25906.7,25752.4,25796.15,Neutral,Neutral,Neutral,Neutral,Neutral/Unclear,None,Top to Down,N/A,N/A,N/A,0.73,0.0,-0.6,-0.43,0.6,0,11.55,Low (<15),2026
2026-02-13,25571.15,25630.35,25444.3,25460.55,Mildly Bearish,Strong Bearish,Bearish,Bearish,Bearish Alignment,None,Top to Down,Against then Recovered,Worked and Remained,Exceeded Half then Reversed,0.73,0.23,-0.5,-0.43,0.73,0,11.55,Low (<15),2026
2026-02-16,25423.6,25697.0,25372.7,25682.45,Bearish,Bearish,Bearish,Bearish,Bearish Alignment,Strong Bearish Alignment,Down to Up,Worked then Reversed,Reversed by Close,Reversed Before Half,0.73,1.08,-0.2,1.02,1.28,0,11.55,Low (<15),2026
2026-02-17,25637.95,25764.4,25570.3,25716.0,Bullish,Strong Bullish,Bullish,Bullish,Bullish Alignment,Strong Bullish Alignment,Down to Up,Against then Recovered,Worked and Remained,Exceeded Half then Reversed,0.84,0.49,-0.26,0.3,0.76,1,13.33,Low (<15),2026
2026-02-18,25752.65,25828.05,25645.15,25805.7,Neutral,Bullish,Neutral,Bullish,Neutral/Unclear,None,Down to Up,N/A,N/A,N/A,0.84,0.29,-0.42,0.21,0.71,0,13.33,Low (<15),2026
2026-02-19,25873.35,25885.3,25388.75,25416.45,Mildly Bullish,Bullish,Bullish,Bullish,Bullish Alignment,None,Top to Down,Worked then Reversed,Reversed by Close,Reversed Before Half,0.77,0.05,-1.87,-1.77,1.92,0,12.22,Low (<15),2026
2026-02-20,25406.55,25663.55,25379.75,25565.9,Strong Bearish,Strong Bearish,Bearish,Bearish,Bearish Alignment,Strong Bearish Alignment,Down to Up,Worked then Reversed,Reversed by Close,Reversed Before Half,0.77,1.01,-0.11,0.63,1.12,0,12.22,Low (<15),2026
2026-02-23,25678.4,25771.45,25609.35,25704.0,Strong Bullish,Strong Bullish,Bullish,Bullish,Bullish Alignment,Strong Bullish Alignment,Down to Up,Against then Recovered,Worked and Remained,Reversed Before Half,0.77,0.36,-0.27,0.1,0.63,0,12.22,Low (<15),2026
2026-02-24,25641.8,25641.8,25327.6,25460.25,Mildly Bearish,Strong Bearish,Bearish,Bearish,Bearish Alignment,None,Top to Down,Against then Recovered,Worked and Remained,Exceeded Half then Reversed,0.89,0.0,-1.23,-0.71,1.23,1,14.17,Low (<15),2026
2026-02-25,25512.6,25652.6,25428.2,25478.65,Bearish,Neutral,Bearish,Neutral,Neutral/Unclear,None,Top to Down,N/A,N/A,N/A,0.89,0.55,-0.33,-0.13,0.88,0,14.17,Low (<15),2026
2026-02-26,25556.3,25572.95,25400.95,25493.3,Neutral,Neutral,Neutral,Neutral,Neutral/Unclear,None,Top to Down,N/A,N/A,N/A,0.85,0.07,-0.61,-0.25,0.67,0,13.49,Low (<15),2026
2026-02-27,25459.85,25476.4,25141.3,25181.8,Neutral,Neutral,Neutral,Neutral,Neutral/Unclear,None,Top to Down,N/A,N/A,N/A,0.85,0.07,-1.25,-1.09,1.32,0,13.49,Low (<15),2026
2026-03-02,24659.25,24989.35,24603.5,24849.75,Strong Bearish,Strong Bearish,Bearish,Bearish,Bearish Alignment,Strong Bearish Alignment,Down to Up,Worked then Reversed,Reversed by Close,Reversed Before Half,0.86,1.34,-0.23,0.77,1.56,1,13.7,Low (<15),2026
2026-03-04,24388.8,24602.45,24305.4,24473.95,Neutral,Neutral,Neutral,Neutral,Neutral/Unclear,None,Down to Up,N/A,N/A,N/A,0.86,0.88,-0.34,0.35,1.22,0,13.7,Low (<15),2026
2026-03-05,24615.95,24854.2,24529.4,24737.45,Neutral,Neutral,Neutral,Neutral,Neutral/Unclear,None,Down to Up,N/A,N/A,N/A,1.33,0.97,-0.35,0.49,1.32,0,21.14,Elevated (20-30),2026
2026-03-06,24656.4,24700.9,24415.75,24469.4,Bearish,Neutral,Bearish,Neutral,Neutral/Unclear,None,Top to Down,N/A,N/A,N/A,1.33,0.18,-0.98,-0.76,1.16,0,21.14,Elevated (20-30),2026
2026-03-09,23868.05,24078.15,23697.8,24005.8,Strong Bearish,Strong Bearish,Bearish,Bearish,Bearish Alignment,Strong Bearish Alignment,Down to Up,Worked then Reversed,Reversed by Close,Exceeded Half then Reversed,1.33,0.88,-0.71,0.58,1.59,0,21.14,Elevated (20-30),2026
2026-03-10,24280.8,24303.8,24079.95,24286.15,Bullish,Bullish,Bullish,Bullish,Bullish Alignment,Strong Bullish Alignment,Down to Up,Against then Recovered,Worked and Remained,Reversed Before Half,1.47,0.09,-0.83,0.02,0.92,1,23.36,Elevated (20-30),2026
2026-03-11,24231.85,24299.0,23834.3,23848.2,Neutral,Bullish,Neutral,Bullish,Neutral/Unclear,None,Top to Down,N/A,N/A,N/A,1.47,0.28,-1.64,-1.58,1.92,0,23.36,Elevated (20-30),2026
2026-03-12,23674.85,23833.15,23556.3,23639.35,Strong Bearish,Strong Bearish,Bearish,Bearish,Bearish Alignment,Strong Bearish Alignment,Top to Down,Against then Recovered,Worked and Remained,Reversed Before Half,1.33,0.67,-0.5,-0.15,1.17,0,21.06,Elevated (20-30),2026
2026-03-13,23462.5,23492.4,23112.0,23170.9,Neutral,Mildly Bullish,Neutral,Bullish,Neutral/Unclear,None,Top to Down,N/A,N/A,N/A,1.33,0.13,-1.49,-1.24,1.62,0,21.06,Elevated (20-30),2026
2026-03-16,23116.1,23502.0,22955.25,23355.6,Strong Bearish,Bullish,Bearish,Bullish,Mixed,None,Down to Up,N/A,N/A,N/A,1.33,1.67,-0.7,1.04,2.37,0,21.06,Elevated (20-30),2026
2026-03-17,23493.2,23656.8,23346.6,23558.8,Bullish,Neutral,Bullish,Neutral,Neutral/Unclear,None,Down to Up,N/A,N/A,N/A,1.36,0.7,-0.62,0.28,1.32,1,21.6,Elevated (20-30),2026
2026-03-18,23632.9,23862.25,23618.45,23764.1,Strong Bullish,Strong Bullish,Bullish,Bullish,Bullish Alignment,Strong Bullish Alignment,Down to Up,Against then Recovered,Worked and Remained,Exceeded Half then Reversed,1.36,0.97,-0.06,0.56,1.03,0,21.6,Elevated (20-30),2026
2026-03-19,23197.75,23378.7,22930.35,23087.85,Neutral,Neutral,Neutral,Neutral,Neutral/Unclear,None,Top to Down,N/A,N/A,N/A,1.18,0.78,-1.15,-0.47,1.93,0,18.72,Normal (15-20),2026
2026-03-20,23110.15,23345.15,23067.6,23134.65,Bearish,Strong Bearish,Bearish,Bearish,Bearish Alignment,Strong Bearish Alignment,Down to Up,Worked then Reversed,Reversed by Close,Reversed Before Half,1.18,1.02,-0.18,0.11,1.2,0,18.72,Normal (15-20),2026
2026-03-23,22824.35,22851.7,22471.25,22492.65,Bearish,Neutral,Bearish,Neutral,Neutral/Unclear,None,Top to Down,N/A,N/A,N/A,1.18,0.12,-1.55,-1.45,1.67,0,18.72,Normal (15-20),2026
2026-03-24,22878.45,23057.3,22624.2,22958.4,Neutral,Neutral,Neutral,Neutral,Neutral/Unclear,None,Down to Up,N/A,N/A,N/A,1.68,0.78,-1.11,0.35,1.89,1,26.73,Elevated (20-30),2026
2026-03-25,23064.4,23465.35,23063.2,23309.0,Neutral,Mildly Bullish,Neutral,Bullish,Neutral/Unclear,None,Down to Up,N/A,N/A,N/A,1.68,1.74,-0.01,1.06,1.74,0,26.73,Elevated (20-30),2026
2026-03-27,23173.55,23186.1,22804.55,22839.5,Neutral,Neutral,Neutral,Neutral,Neutral/Unclear,None,Top to Down,N/A,N/A,N/A,1.68,0.05,-1.59,-1.44,1.65,0,26.73,Elevated (20-30),2026
2026-03-30,22549.65,22714.1,22283.85,22379.2,Neutral,Neutral,Neutral,Neutral,Neutral/Unclear,None,Top to Down,N/A,N/A,N/A,1.69,0.73,-1.18,-0.76,1.91,1,26.8,Elevated (20-30),2026
2026-04-01,22899.0,22941.3,22618.6,22703.15,Neutral,Neutral,Neutral,Neutral,Neutral/Unclear,None,Top to Down,N/A,N/A,N/A,1.69,0.18,-1.22,-0.86,1.41,0,26.8,Elevated (20-30),2026
2026-04-02,22383.4,22782.3,22182.55,22700.7,Neutral,Neutral,Neutral,Neutral,Neutral/Unclear,None,Down to Up,N/A,N/A,N/A,1.58,1.78,-0.9,1.42,2.68,0,25.01,Elevated (20-30),2026
2026-04-06,22780.3,22998.35,22542.95,22959.45,Neutral,Neutral,Neutral,Neutral,Neutral/Unclear,None,Down to Up,N/A,N/A,N/A,1.58,0.96,-1.04,0.79,2.0,0,25.01,Elevated (20-30),2026
2026-04-07,22838.7,23153.85,22719.3,23129.95,Neutral,Neutral,Neutral,Neutral,Neutral/Unclear,None,Down to Up,N/A,N/A,N/A,1.6,1.38,-0.52,1.28,1.9,1,25.47,Elevated (20-30),2026
2026-04-08,23855.15,24025.15,23828.5,24012.35,Mildly Bullish,Mildly Bearish,Bullish,Bearish,Mixed,None,Down to Up,N/A,N/A,N/A,1.6,0.71,-0.11,0.66,0.82,0,25.47,Elevated (20-30),2026
2026-04-09,23909.05,23990.75,23682.8,23766.05,Bullish,Mildly Bullish,Bullish,Bullish,Bullish Alignment,None,Top to Down,Worked then Reversed,Reversed by Close,Reversed Before Half,1.24,0.34,-0.95,-0.6,1.29,0,19.7,Normal (15-20),2026
2026-04-10,23880.55,24074.05,23856.35,24050.5,Bearish,Strong Bearish,Bearish,Bearish,Bearish Alignment,Strong Bearish Alignment,Down to Up,Worked then Reversed,Reversed by Close,Reversed Before Half,1.24,0.81,-0.1,0.71,0.91,0,19.7,Normal (15-20),2026
2026-04-13,23589.6,23907.4,23555.6,23818.9,Bullish,Bullish,Bullish,Bullish,Bullish Alignment,Strong Bullish Alignment,Down to Up,Against then Recovered,Worked and Remained,Exceeded Half then Reversed,1.19,1.35,-0.14,0.97,1.49,1,18.85,Normal (15-20),2026
2026-04-15,24163.8,24280.9,24145.8,24211.9,Neutral,Neutral,Neutral,Neutral,Neutral/Unclear,None,Down to Up,N/A,N/A,N/A,1.19,0.48,-0.07,0.2,0.56,0,18.85,Normal (15-20),2026
2026-04-16,24385.2,24400.95,24102.8,24188.4,Neutral,Neutral,Neutral,Neutral,Neutral/Unclear,None,Top to Down,N/A,N/A,N/A,1.18,0.06,-1.16,-0.81,1.22,0,18.67,Normal (15-20),2026
2026-04-17,24165.9,24371.9,24096.05,24366.9,Bearish,Strong Bearish,Bearish,Bearish,Bearish Alignment,Strong Bearish Alignment,Down to Up,Worked then Reversed,Reversed by Close,Reversed Before Half,1.18,0.85,-0.29,0.83,1.14,0,18.67,Normal (15-20),2026
2026-04-20,24391.5,24480.65,24241.25,24330.9,Strong Bullish,Strong Bullish,Bullish,Bullish,Bullish Alignment,Strong Bullish Alignment,Top to Down,Worked then Reversed,Reversed by Close,Reversed Before Half,1.18,0.37,-0.62,-0.25,0.98,0,18.67,Normal (15-20),2026
2026-04-21,24374.55,24601.7,24354.9,24580.6,Neutral,Bearish,Neutral,Bearish,Neutral/Unclear,None,Down to Up,N/A,N/A,N/A,1.18,0.93,-0.08,0.85,1.01,1,18.79,Normal (15-20),2026
2026-04-22,24470.85,24515.95,24352.9,24367.65,Bullish,Strong Bullish,Bullish,Bullish,Bullish Alignment,Strong Bullish Alignment,Top to Down,Worked then Reversed,Reversed by Close,Reversed Before Half,1.18,0.18,-0.48,-0.42,0.67,0,18.79,Normal (15-20),2026
2026-04-23,24202.35,24310.2,24134.8,24156.05,Strong Bearish,Strong Bearish,Bearish,Bearish,Bearish Alignment,Strong Bearish Alignment,Top to Down,Against then Recovered,Worked and Remained,Reversed Before Half,1.15,0.45,-0.28,-0.19,0.72,0,18.3,Normal (15-20),2026
2026-04-24,24100.55,24206.0,23813.65,23903.95,Bearish,Strong Bearish,Bearish,Bearish,Bearish Alignment,Strong Bearish Alignment,Top to Down,Against then Recovered,Worked and Remained,Exceeded Half then Reversed,1.15,0.44,-1.19,-0.82,1.63,0,18.3,Normal (15-20),2026
2026-04-27,23945.45,24130.7,23936.2,24110.2,Neutral,Bearish,Neutral,Bearish,Neutral/Unclear,None,Down to Up,N/A,N/A,N/A,1.15,0.77,-0.04,0.69,0.81,0,18.3,Normal (15-20),2026
2026-04-28,24049.9,24181.8,23957.05,24016.5,Bullish,Strong Bullish,Bullish,Bullish,Bullish Alignment,Strong Bullish Alignment,Top to Down,Worked then Reversed,Reversed by Close,Reversed Before Half,1.16,0.55,-0.39,-0.14,0.93,1,18.38,Normal (15-20),2026
2026-04-29,24096.9,24334.7,24059.95,24163.6,Neutral,Bearish,Neutral,Bearish,Neutral/Unclear,None,Down to Up,N/A,N/A,N/A,1.16,0.99,-0.15,0.28,1.14,0,18.38,Normal (15-20),2026
2026-04-30,23996.95,24087.45,23796.85,24043.7,Neutral,Bullish,Neutral,Bullish,Neutral/Unclear,None,Down to Up,N/A,N/A,N/A,1.1,0.38,-0.83,0.19,1.21,0,17.44,Normal (15-20),2026
2026-05-04,24063.55,24290.2,24004.75,24123.8,Neutral,Neutral,Neutral,Neutral,Neutral/Unclear,None,Down to Up,N/A,N/A,N/A,1.1,0.94,-0.24,0.25,1.19,0,17.44,Normal (15-20),2026
2026-05-05,24052.6,24081.7,23882.05,24052.15,Neutral,Neutral,Neutral,Neutral,Neutral/Unclear,None,Top to Down,N/A,N/A,N/A,1.15,0.12,-0.71,-0.0,0.83,1,18.3,Normal (15-20),2026
2026-05-07,24398.5,24482.1,24284.0,24336.4,Mildly Bullish,Strong Bullish,Bullish,Bullish,Bullish Alignment,None,Top to Down,Worked then Reversed,Reversed by Close,Reversed Before Half,1.05,0.34,-0.47,-0.25,0.81,0,16.68,Normal (15-20),2026
2026-05-08,24233.65,24253.8,24126.65,24179.8,Bearish,Strong Bearish,Bearish,Bearish,Bearish Alignment,Strong Bearish Alignment,Top to Down,Against then Recovered,Worked and Remained,Reversed Before Half,1.05,0.08,-0.44,-0.22,0.52,0,16.68,Normal (15-20),2026
2026-05-11,23970.1,23997.45,23799.1,23820.35,Neutral,Bearish,Neutral,Bearish,Neutral/Unclear,None,Top to Down,N/A,N/A,N/A,1.05,0.11,-0.71,-0.62,0.83,0,16.68,Normal (15-20),2026
2026-05-12,23722.6,23757.55,23348.4,23430.55,Bearish,Mildly Bearish,Bearish,Bearish,Bearish Alignment,None,Top to Down,Against then Recovered,Worked and Remained,Exceeded Half then Reversed,1.17,0.15,-1.58,-1.23,1.72,1,18.55,Normal (15-20),2026
2026-05-13,23362.45,23582.95,23262.55,23428.7,Mildly Bearish,Bearish,Bearish,Bearish,Bearish Alignment,None,Down to Up,Worked then Reversed,Reversed by Close,Reversed Before Half,1.17,0.94,-0.43,0.28,1.37,0,18.55,Normal (15-20),2026
2026-05-14,23530.25,23777.2,23426.55,23713.75,Neutral,Strong Bullish,Neutral,Bullish,Neutral/Unclear,None,Down to Up,N/A,N/A,N/A,1.22,1.05,-0.44,0.78,1.49,0,19.43,Normal (15-20),2026
2026-05-15,23731.4,23839.3,23610.3,23659.35,Bullish,Strong Bullish,Bullish,Bullish,Bullish Alignment,Strong Bullish Alignment,Top to Down,Worked then Reversed,Reversed by Close,Reversed Before Half,1.22,0.45,-0.51,-0.3,0.96,0,19.43,Normal (15-20),2026
2026-05-18,23482.2,23695.65,23317.1,23644.45,Neutral,Neutral,Neutral,Neutral,Neutral/Unclear,None,Down to Up,N/A,N/A,N/A,1.22,0.91,-0.7,0.69,1.61,0,19.43,Normal (15-20),2026
2026-05-19,23675.3,23782.3,23587.2,23606.2,Mildly Bullish,Strong Bullish,Bullish,Bullish,Bullish Alignment,None,Top to Down,Worked then Reversed,Reversed by Close,Reversed Before Half,1.24,0.45,-0.37,-0.29,0.82,1,19.63,Normal (15-20),2026
2026-05-20,23457.25,23690.9,23397.3,23664.15,Neutral,Strong Bearish,Neutral,Bearish,Neutral/Unclear,None,Down to Up,N/A,N/A,N/A,1.24,1.0,-0.26,0.88,1.25,0,19.63,Normal (15-20),2026
2026-05-21,23830.05,23859.9,23596.6,23648.6,Neutral,Strong Bullish,Neutral,Bullish,Neutral/Unclear,None,Top to Down,N/A,N/A,N/A,1.16,0.13,-0.98,-0.76,1.1,0,18.44,Normal (15-20),2026
2026-05-22,23671.2,23835.65,23671.0,23748.85,Bearish,Strong Bearish,Bearish,Bearish,Bearish Alignment,Strong Bearish Alignment,Down to Up,Worked then Reversed,Reversed by Close,Reversed Before Half,1.16,0.69,-0.0,0.33,0.7,0,18.44,Normal (15-20),2026
2026-05-25,23940.25,24054.45,23922.85,24049.9,Strong Bullish,Strong Bullish,Bullish,Bullish,Bullish Alignment,Strong Bullish Alignment,Down to Up,Against then Recovered,Worked and Remained,Reversed Before Half,1.16,0.48,-0.07,0.46,0.55,0,18.44,Normal (15-20),2026
2026-05-26,24004.1,24089.8,23885.45,23933.75,Strong Bullish,Neutral,Bullish,Neutral,Neutral/Unclear,None,Top to Down,N/A,N/A,N/A,1.05,0.36,-0.49,-0.29,0.85,1,16.7,Normal (15-20),2026
2026-05-27,23880.35,23983.2,23858.25,23920.65,Strong Bearish,Strong Bearish,Bearish,Bearish,Bearish Alignment,Strong Bearish Alignment,Down to Up,Worked then Reversed,Reversed by Close,Reversed Before Half,1.05,0.43,-0.09,0.17,0.52,0,16.7,Normal (15-20),2026
2026-05-29,23902.15,24002.8,23484.75,23609.3,Neutral,Neutral,Neutral,Neutral,Neutral/Unclear,None,Top to Down,N/A,N/A,N/A,1.05,0.42,-1.75,-1.23,2.17,0,16.7,Normal (15-20),2026
2026-06-01,23654.5,23733.7,23357.95,23379.2,Neutral,Neutral,Neutral,Neutral,Neutral/Unclear,None,Top to Down,N/A,N/A,N/A,1.05,0.33,-1.25,-1.16,1.59,0,16.7,Normal (15-20),2026
2026-06-02,23229.15,23556.95,23229.15,23523.3,Mildly Bearish,Strong Bearish,Bearish,Bearish,Bearish Alignment,None,Down to Up,Worked then Reversed,Reversed by Close,Reversed Before Half,1.04,1.41,0.0,1.27,1.41,1,16.54,Normal (15-20),2026
2026-06-03,23415.95,23459.65,23151.5,23396.95,Mildly Bearish,Bullish,Bearish,Bullish,Mixed,None,Top to Down,N/A,N/A,N/A,1.04,0.19,-1.13,-0.08,1.32,0,16.54,Normal (15-20),2026
2026-06-04,23282.45,23465.3,23247.3,23438.0,Mildly Bearish,Strong Bullish,Bearish,Bullish,Mixed,None,Down to Up,N/A,N/A,N/A,1.03,0.79,-0.15,0.67,0.94,0,16.28,Normal (15-20),2026
2026-06-05,23478.95,23516.35,23282.65,23368.85,Neutral,Neutral,Neutral,Neutral,Neutral/Unclear,None,Top to Down,N/A,N/A,N/A,1.03,0.16,-0.84,-0.47,1.0,0,16.28,Normal (15-20),2026
2026-06-08,23080.7,23267.3,23070.15,23103.7,Neutral,Mildly Bullish,Neutral,Bullish,Neutral/Unclear,None,Down to Up,N/A,N/A,N/A,1.03,0.81,-0.05,0.1,0.85,0,16.28,Normal (15-20),2026
2026-06-09,23259.05,23279.4,23104.45,23257.75,Mildly Bearish,Bearish,Bearish,Bearish,Bearish Alignment,None,Top to Down,Against then Recovered,Worked and Remained,Exceeded Half then Reversed,1.07,0.09,-0.66,-0.01,0.75,1,17.03,Normal (15-20),2026
2026-06-10,23233.95,23425.35,23184.6,23216.1,Bullish,Neutral,Bullish,Neutral,Neutral/Unclear,None,Top to Down,N/A,N/A,N/A,1.07,0.82,-0.21,-0.08,1.04,0,17.03,Normal (15-20),2026
2026-06-11,23104.4,23327.45,23072.05,23186.55,Neutral,Neutral,Neutral,Neutral,Neutral/Unclear,None,Down to Up,N/A,N/A,N/A,0.98,0.97,-0.14,0.36,1.11,0,15.63,Normal (15-20),2026
2026-06-12,23412.55,23645.35,23313.9,23631.75,Neutral,Mildly Bullish,Neutral,Bullish,Neutral/Unclear,None,Down to Up,N/A,N/A,N/A,0.98,0.99,-0.42,0.94,1.42,0,15.63,Normal (15-20),2026
2026-06-15,23984.85,24011.4,23817.8,23856.55,Strong Bullish,Strong Bullish,Bullish,Bullish,Bullish Alignment,Strong Bullish Alignment,Top to Down,Worked then Reversed,Reversed by Close,Reversed Before Half,0.98,0.11,-0.7,-0.53,0.81,0,15.63,Normal (15-20),2026
2026-06-16,23923.9,24002.6,23888.2,23995.0,Mildly Bearish,Bearish,Bearish,Bearish,Bearish Alignment,None,Down to Up,Worked then Reversed,Reversed by Close,Reversed Before Half,0.9,0.33,-0.15,0.3,0.48,1,14.35,Low (<15),2026
2026-06-17,24044.5,24108.2,23969.7,24081.95,Neutral,Neutral,Neutral,Neutral,Neutral/Unclear,None,Down to Up,N/A,N/A,N/A,0.9,0.26,-0.31,0.16,0.58,0,14.35,Low (<15),2026
2026-06-18,24073.8,24189.25,24036.95,24179.4,Neutral,Bullish,Neutral,Bullish,Neutral/Unclear,None,Down to Up,N/A,N/A,N/A,0.83,0.48,-0.15,0.44,0.63,0,13.19,Low (<15),2026
2026-06-19,23991.2,24047.2,23901.9,24042.7,Neutral,Neutral,Neutral,Neutral,Neutral/Unclear,None,Down to Up,N/A,N/A,N/A,0.83,0.23,-0.37,0.21,0.61,0,13.19,Low (<15),2026
2026-06-22,24106.6,24168.05,24073.15,24086.85,Strong Bearish,Mildly Bearish,Bearish,Bearish,Bearish Alignment,None,Top to Down,Against then Recovered,Worked and Remained,Reversed Before Half,0.83,0.25,-0.14,-0.08,0.39,0,13.19,Low (<15),2026
2026-06-23,24071.3,24135.5,23784.95,23795.25,Neutral,Mildly Bullish,Neutral,Bullish,Neutral/Unclear,None,Top to Down,N/A,N/A,N/A,0.81,0.27,-1.19,-1.15,1.46,1,12.84,Low (<15),2026
2026-06-24,23795.8,24090.05,23789.25,24013.15,Neutral,Strong Bearish,Neutral,Bearish,Neutral/Unclear,None,Down to Up,N/A,N/A,N/A,0.81,1.24,-0.03,0.91,1.26,0,12.84,Low (<15),2026
2026-06-25,24125.85,24261.6,24039.0,24052.95,Bullish,Strong Bullish,Bullish,Bullish,Bullish Alignment,Strong Bullish Alignment,Top to Down,Worked then Reversed,Reversed by Close,Exceeded Half then Reversed,0.84,0.56,-0.36,-0.3,0.92,0,13.39,Low (<15),2026
2026-06-29,24061.75,24120.0,23924.55,23978.5,Neutral,Neutral,Neutral,Neutral,Neutral/Unclear,None,Top to Down,N/A,N/A,N/A,0.84,0.24,-0.57,-0.35,0.81,0,13.39,Low (<15),2026
2026-06-30,24032.05,24035.55,23829.2,23917.75,Neutral,Neutral,Neutral,Neutral,Neutral/Unclear,None,Top to Down,N/A,N/A,N/A,0.86,0.01,-0.84,-0.48,0.86,1,13.61,Low (<15),2026
2026-07-01,23897.65,24049.9,23895.1,23987.95,Bullish,Neutral,Bullish,Neutral,Neutral/Unclear,None,Down to Up,N/A,N/A,N/A,0.86,0.64,-0.01,0.38,0.65,0,13.61,Low (<15),2026
2026-07-02,24062.2,24194.55,24058.8,24167.2,Neutral,Bullish,Neutral,Bullish,Neutral/Unclear,None,Down to Up,N/A,N/A,N/A,0.83,0.55,-0.01,0.44,0.56,0,13.24,Low (<15),2026
2026-07-03,24375.65,24378.15,24252.35,24271.2,Bullish,Strong Bullish,Bullish,Bullish,Bullish Alignment,Strong Bullish Alignment,Top to Down,Worked then Reversed,Reversed by Close,Reversed Before Half,0.83,0.01,-0.51,-0.43,0.52,0,13.24,Low (<15),2026
2026-07-06,24306.85,24458.65,24287.1,24423.95,Mildly Bearish,Neutral,Bearish,Neutral,Neutral/Unclear,None,Down to Up,N/A,N/A,N/A,0.83,0.62,-0.08,0.48,0.71,0,13.24,Low (<15),2026
2026-07-07,24464.45,24530.9,24348.95,24355.1,Bullish,Bullish,Bullish,Bullish,Bullish Alignment,Strong Bullish Alignment,Top to Down,Worked then Reversed,Reversed by Close,Reversed Before Half,0.74,0.27,-0.47,-0.45,0.74,1,11.82,Low (<15),2026
2026-07-08,24259.55,24300.0,23805.2,23895.7,Neutral,Strong Bearish,Neutral,Bearish,Neutral/Unclear,None,Top to Down,N/A,N/A,N/A,0.74,0.17,-1.87,-1.5,2.04,0,11.82,Low (<15),2026
2026-07-09,23928.95,24134.7,23925.7,23981.9,Strong Bearish,Mildly Bearish,Bearish,Bearish,Bearish Alignment,None,Down to Up,Worked then Reversed,Reversed by Close,Reversed Before Half,0.92,0.86,-0.01,0.22,0.87,0,14.68,Low (<15),2026
2026-07-10,24124.7,24228.45,24120.35,24211.65,Bullish,Bullish,Bullish,Bullish,Bullish Alignment,Strong Bullish Alignment,Down to Up,Against then Recovered,Worked and Remained,Reversed Before Half,0.92,0.43,-0.02,0.36,0.45,0,14.68,Low (<15),2026
2026-07-13,24039.4,24259.8,24000.2,24211.15,Bullish,Bullish,Bullish,Bullish,Bullish Alignment,Strong Bullish Alignment,Down to Up,Against then Recovered,Worked and Remained,Exceeded Half then Reversed,0.92,0.92,-0.16,0.71,1.08,0,14.68,Low (<15),2026
2026-07-14,24068.0,24157.1,24023.7,24035.15,Bullish,Neutral,Bullish,Neutral,Neutral/Unclear,None,Top to Down,N/A,N/A,N/A,0.84,0.37,-0.18,-0.14,0.55,1,13.28,Low (<15),2026
2026-07-15,24085.85,24220.35,24010.55,24073.45,Bearish,Bearish,Bearish,Bearish,Bearish Alignment,Strong Bearish Alignment,Top to Down,Against then Recovered,Worked and Remained,Reversed Before Half,0.84,0.56,-0.31,-0.05,0.87,0,13.28,Low (<15),2026
2026-07-16,24142.1,24186.5,24050.0,24081.1,Bearish,Mildly Bullish,Bearish,Bullish,Mixed,None,Top to Down,N/A,N/A,N/A,0.84,0.18,-0.38,-0.25,0.57,0,13.27,Low (<15),2026
2026-07-17,24127.6,24367.3,24099.05,24346.7,Mildly Bullish,Neutral,Bullish,Neutral,Neutral/Unclear,None,Down to Up,N/A,N/A,N/A,0.84,0.99,-0.12,0.91,1.11,0,13.27,Low (<15),2026
2026-07-20,24190.05,24266.1,24135.85,24239.5,Strong Bullish,Strong Bullish,Bullish,Bullish,Bullish Alignment,Strong Bullish Alignment,Down to Up,Against then Recovered,Worked and Remained,Reversed Before Half,0.84,0.31,-0.22,0.2,0.54,0,13.27,Low (<15),2026
2026-07-21,24216.05,24262.2,24135.65,24193.05,Bearish,Strong Bearish,Bearish,Bearish,Bearish Alignment,Strong Bearish Alignment,Top to Down,Against then Recovered,Worked and Remained,Reversed Before Half,0.82,0.19,-0.33,-0.09,0.52,1,12.98,Low (<15),2026
2026-07-22,24150.45,24166.3,23961.4,23991.05,Strong Bearish,Strong Bearish,Bearish,Bearish,Bearish Alignment,Strong Bearish Alignment,Top to Down,Against then Recovered,Worked and Remained,Exceeded Half then Reversed,0.82,0.07,-0.78,-0.66,0.85,0,12.98,Low (<15),2026
2026-07-23,23904.8,23990.75,23807.2,23871.7,Strong Bearish,Neutral,Bearish,Neutral,Neutral/Unclear,None,Top to Down,N/A,N/A,N/A,0.84,0.36,-0.41,-0.14,0.77,0,13.29,Low (<15),2026
2026-07-24,23666.35,23823.6,23606.3,23787.0,Bearish,Neutral,Bearish,Neutral,Neutral/Unclear,None,Down to Up,N/A,N/A,N/A,0.84,0.66,-0.25,0.51,0.92,0,13.29,Low (<15),2026
2026-07-27,23928.4,24011.6,23891.55,24003.65,Bullish,Strong Bullish,Bullish,Bullish,Bullish Alignment,Strong Bullish Alignment,Down to Up,Against then Recovered,Worked and Remained,Reversed Before Half,0.84,0.35,-0.15,0.31,0.5,0,13.29,Low (<15),2026
2026-07-28,23971.25,24041.15,23954.6,23987.8,Bullish,Mildly Bearish,Bullish,Bearish,Mixed,None,Down to Up,N/A,N/A,N/A,0.8,0.29,-0.07,0.07,0.36,1,12.66,Low (<15),2026
2026-07-29,24176.65,24283.55,24136.75,24242.0,Neutral,Bearish,Neutral,Bearish,Neutral/Unclear,None,Down to Up,N/A,N/A,N/A,0.8,0.44,-0.17,0.27,0.61,0,12.66,Low (<15),2026
2026-07-30,24249.55,24342.95,24187.1,24296.6,Strong Bullish,Strong Bullish,Bullish,Bullish,Bullish Alignment,Strong Bullish Alignment,Down to Up,Against then Recovered,Worked and Remained,Exceeded Half then Reversed,0.76,0.39,-0.26,0.19,0.64,0,12.01,Low (<15),2026
2026-07-31,24361.45,24429.4,24299.7,24366.7,Neutral,Neutral,Neutral,Neutral,Neutral/Unclear,None,Down to Up,N/A,N/A,N/A,0.76,0.28,-0.25,0.02,0.53,0,12.01,Low (<15),2026
2026-08-03,24572.7,24774.3,24515.15,24774.3,Neutral,Strong Bearish,Neutral,Bearish,Neutral/Unclear,None,Down to Up,N/A,N/A,N/A,0.76,0.82,-0.23,0.82,1.05,0,12.01,Low (<15),2026
2026-08-04,24703.9,24703.9,24427.95,24614.9,Bullish,Strong Bullish,Bullish,Bullish,Bullish Alignment,Strong Bullish Alignment,Top to Down,Worked then Reversed,Reversed by Close,Reversed Before Half,0.75,0.0,-1.12,-0.36,1.12,1,11.93,Low (<15),2026
2026-08-05,24669.2,24677.6,24497.95,24624.65,Bearish,Bearish,Bearish,Bearish,Bearish Alignment,Strong Bearish Alignment,Top to Down,Against then Recovered,Worked and Remained,Exceeded Half then Reversed,0.75,0.03,-0.69,-0.18,0.73,0,11.93,Low (<15),2026
2026-08-06,24641.0,24677.05,24604.15,24636.0,Mildly Bearish,Bullish,Bearish,Bullish,Mixed,None,Top to Down,N/A,N/A,N/A,0.76,0.15,-0.15,-0.02,0.3,0,12.06,Low (<15),2026
2026-08-07,24538.9,24630.4,24522.75,24570.65,Strong Bullish,Strong Bullish,Bullish,Bullish,Bullish Alignment,Strong Bullish Alignment,Down to Up,Against then Recovered,Worked and Remained,Reversed Before Half,0.76,0.37,-0.07,0.13,0.44,0,12.06,Low (<15),2026
2026-08-10,24581.25,24620.95,24511.1,24583.8,Bearish,Bearish,Bearish,Bearish,Bearish Alignment,Strong Bearish Alignment,Down to Up,Worked then Reversed,Reversed by Close,Reversed Before Half,0.76,0.16,-0.29,0.01,0.45,0,12.06,Low (<15),2026
2026-08-11,24575.1,24576.85,24429.25,24471.7,Neutral,Neutral,Neutral,Neutral,Neutral/Unclear,None,Top to Down,N/A,N/A,N/A,0.77,0.01,-0.59,-0.42,0.6,1,12.25,Low (<15),2026
2026-08-12,24472.45,24473.3,24265.95,24435.95,Bearish,Strong Bearish,Bearish,Bearish,Bearish Alignment,Strong Bearish Alignment,Top to Down,Against then Recovered,Worked and Remained,Exceeded Half then Reversed,0.77,0.0,-0.84,-0.15,0.85,0,12.25,Low (<15),2026
2026-08-13,24431.6,24431.6,24311.4,24395.85,Bearish,Mildly Bullish,Bearish,Bullish,Mixed,None,Top to Down,N/A,N/A,N/A,0.74,0.0,-0.49,-0.15,0.49,0,11.69,Low (<15),2026
2026-08-14,24361.9,24405.2,24296.8,24366.0,Mildly Bearish,Bullish,Bearish,Bullish,Mixed,None,Down to Up,N/A,N/A,N/A,0.74,0.18,-0.27,0.02,0.44,0,11.69,Low (<15),2026
2026-08-17,24343.45,24360.1,24226.95,24287.65,Neutral,Mildly Bearish,Neutral,Bearish,Neutral/Unclear,None,Top to Down,N/A,N/A,N/A,0.74,0.07,-0.48,-0.23,0.55,0,11.69,Low (<15),2026
2026-08-18,24223.85,24269.65,24154.9,24154.9,Mildly Bullish,Bearish,Bullish,Bearish,Mixed,None,Top to Down,N/A,N/A,N/A,0.71,0.19,-0.28,-0.28,0.47,1,11.33,Low (<15),2026
2026-08-19,24152.05,24172.85,24025.65,24078.3,Strong Bearish,Strong Bearish,Bearish,Bearish,Bearish Alignment,Strong Bearish Alignment,Top to Down,Against then Recovered,Worked and Remained,Exceeded Half then Reversed,0.71,0.09,-0.52,-0.31,0.61,0,11.33,Low (<15),2026
2026-08-20,24225.45,24265.15,24184.55,24231.85,Bearish,Bullish,Bearish,Bullish,Mixed,None,Down to Up,N/A,N/A,N/A,0.71,0.16,-0.17,0.03,0.33,0,11.32,Low (<15),2026
2026-08-21,24284.05,24284.05,24206.8,24252.0,Strong Bullish,Neutral,Bullish,Neutral,Neutral/Unclear,None,Top to Down,N/A,N/A,N/A,0.71,0.0,-0.32,-0.13,0.32,0,11.32,Low (<15),2026
2026-08-24,24285.05,24313.0,24144.3,24219.05,Neutral,Neutral,Neutral,Neutral,Neutral/Unclear,None,Top to Down,N/A,N/A,N/A,0.71,0.12,-0.58,-0.27,0.69,0,11.32,Low (<15),2026
2026-08-25,24175.75,24334.55,24115.45,24334.55,Strong Bearish,Strong Bearish,Bearish,Bearish,Bearish Alignment,Strong Bearish Alignment,Down to Up,Worked then Reversed,Reversed by Close,Reversed Before Half,0.73,0.66,-0.25,0.66,0.91,1,11.52,Low (<15),2026
2026-08-26,24341.95,24378.6,24207.75,24207.75,Bullish,Strong Bullish,Bullish,Bullish,Bullish Alignment,Strong Bullish Alignment,Top to Down,Worked then Reversed,Reversed by Close,Reversed Before Half,0.73,0.15,-0.55,-0.55,0.7,0,11.52,Low (<15),2026
2026-08-27,24277.6,24297.45,24090.85,24090.85,Mildly Bearish,Strong Bearish,Bearish,Bearish,Bearish Alignment,None,Top to Down,Against then Recovered,Worked and Remained,Exceeded Half then Reversed,0.73,0.08,-0.77,-0.77,0.85,0,11.52,Low (<15),2026
2026-08-31,24117.55,24128.7,23993.6,24080.4,Bullish,Strong Bullish,Bullish,Bullish,Bullish Alignment,Strong Bullish Alignment,Top to Down,Worked then Reversed,Reversed by Close,Reversed Before Half,0.73,0.05,-0.51,-0.15,0.56,0,11.52,Low (<15),2026
2026-09-01,24077.55,24143.15,23952.55,24055.8,Mildly Bullish,Strong Bearish,Bullish,Bearish,Mixed,None,Top to Down,N/A,N/A,N/A,0.7,0.27,-0.52,-0.09,0.79,1,11.19,Low (<15),2026
