date,nifty_open,nifty_high,nifty_low,nifty_close,result,change_pct,vix_vs_actual_diff,up_from_open,down_from_open,fii_view,pro_view,fii_bucket,pro_bucket,alignment,strong_alignment,move_direction,outcome_classification,close_outcome,vix_exhaustion,vix_predicted_move_pct,intraday_high_pct,intraday_low_pct,actual_open_close_pct,actual_range_pct,is_nifty_expiry,vix_open,vix_regime,year,cum_t1_fii_fut_daily,cum_t1_fii_call_daily,cum_t1_fii_put_daily,cum_t1_pro_fut_daily,cum_t1_pro_call_daily,cum_t1_pro_put_daily,fii_pos_view,pro_pos_view,fii_view_matches_cum,pro_view_matches_cum,both_views_match_cum
2023-09-25,19678.2,19734.15,19602.05,19674.85,Red,-0.02%,0.11,55.95,76.15,Mildly Bearish,Bearish,Bearish,Bearish,Bearish Alignment,None,Top to Down,Against then Recovered,Worked and Remained,Exceeded Half then Reversed,0.56,0.28,-0.39,-0.02,0.67,0.0,10.66,Low (<15),2023,53969.0,237687.0,506451.0,-35133.0,-1013840.0,-75289.0,Bullish,Bearish,False,True,False
2023-09-26,19682.8,19699.35,19637.45,19673.6,Red,-0.05%,-0.26,16.55,45.35,Mildly Bullish,Strong Bullish,Bullish,Bullish,Bullish Alignment,None,Top to Down,Worked then Reversed,Reversed by Close,Reversed Before Half,0.57,0.08,-0.23,-0.05,0.31,0.0,10.9,Low (<15),2023,38335.0,283450.0,490159.0,-38823.0,-935977.0,-125115.0,Bullish,Bearish,True,False,False
2023-09-27,19637.05,19730.7,19554.0,19728.2,Green,+0.46%,0.31,93.65,83.05,Mildly Bearish,Neutral,Bearish,Neutral,Neutral/Unclear,None,Down to Up,N/A,N/A,N/A,0.59,0.48,-0.42,0.46,0.9,0.0,11.19,Low (<15),2023,34858.0,239606.0,487317.0,-35494.0,-926612.0,-92032.0,Bullish,Bearish,False,False,False
2023-09-28,19761.8,19766.65,19492.1,19553.3,Red,-1.06%,0.78,4.85,269.7,Mildly Bullish,Strong Bullish,Bullish,Bullish,Bullish Alignment,None,Top to Down,Worked then Reversed,Reversed by Close,Reversed Before Half,0.61,0.02,-1.36,-1.06,1.39,1.0,11.59,Low (<15),2023,21029.0,270861.0,465044.0,-36877.0,-953373.0,-319741.0,Bullish,Bearish,True,False,False
2023-09-29,19581.2,19726.25,19551.05,19638.2,Green,+0.29%,0.22,145.05,30.15,Mildly Bearish,Strong Bearish,Bearish,Bearish,Bearish Alignment,None,Down to Up,Worked then Reversed,Reversed by Close,Reversed Before Half,0.67,0.74,-0.15,0.29,0.89,0.0,12.82,Low (<15),2023,-15402.0,301734.0,499785.0,-585.0,-890232.0,-66706.0,Bearish,Bearish,True,True,True
2023-10-03,19622.4,19623.2,19479.65,19522.95,Red,-0.51%,0.13,0.8,142.75,Bullish,Strong Bullish,Bullish,Bullish,Bullish Alignment,Strong Bullish Alignment,Top to Down,Worked then Reversed,Reversed by Close,Reversed Before Half,0.6,0.0,-0.73,-0.51,0.73,0.0,11.45,Low (<15),2023,-23428.0,244670.0,375656.0,-9272.0,-658028.0,-93693.0,Bearish,Bearish,False,False,False
2023-10-04,19446.3,19457.8,19333.6,19446.15,Flat,-0.0%,0.02,11.5,112.7,Strong Bearish,Strong Bearish,Bearish,Bearish,Bearish Alignment,Strong Bearish Alignment,Top to Down,Against then Recovered,Reversed by Close,Exceeded Half then Reversed,0.62,0.06,-0.58,-0.0,0.64,0.0,11.79,Low (<15),2023,-44016.0,486472.0,720518.0,-8082.0,-905332.0,-148055.0,Bearish,Bearish,True,True,True
2023-10-05,19521.85,19576.95,19487.3,19546.6,Green,+0.13%,-0.15,55.1,34.55,Neutral,Bullish,Neutral,Bullish,Neutral/Unclear,None,Down to Up,N/A,N/A,N/A,0.61,0.28,-0.18,0.13,0.46,1.0,11.66,Low (<15),2023,-50351.0,474344.0,687301.0,1472.0,-831655.0,-161670.0,Bearish,Bullish,False,True,False
2023-10-06,19621.2,19675.75,19589.4,19649.9,Green,+0.15%,-0.13,54.55,31.8,Neutral,Mildly Bullish,Neutral,Bullish,Neutral/Unclear,None,Down to Up,N/A,N/A,N/A,0.57,0.28,-0.16,0.15,0.44,0.0,10.94,Low (<15),2023,-46434.0,343346.0,574305.0,2197.0,-716443.0,-78018.0,Bearish,Bullish,False,True,False
2023-10-09,19539.45,19588.95,19480.5,19497.5,Red,-0.21%,0.02,49.5,58.95,Bullish,Strong Bullish,Bullish,Bullish,Bullish Alignment,Strong Bullish Alignment,Top to Down,Worked then Reversed,Reversed by Close,Reversed Before Half,0.54,0.25,-0.3,-0.21,0.56,0.0,10.3,Low (<15),2023,-42491.0,392154.0,557125.0,1828.0,-362595.0,-70599.0,Bearish,Bullish,False,True,False
2023-10-10,19565.6,19717.8,19565.45,19691.5,Green,+0.64%,0.18,152.2,0.15,Neutral,Strong Bearish,Neutral,Bearish,Neutral/Unclear,None,Down to Up,N/A,N/A,N/A,0.6,0.78,-0.0,0.64,0.78,0.0,11.4,Low (<15),2023,-45942.0,376474.0,541719.0,2945.0,-837988.0,-58361.0,Bearish,Bullish,False,False,False
2023-10-11,19767.0,19839.2,19756.95,19808.5,Green,+0.21%,-0.17,72.2,10.05,Strong Bullish,Strong Bullish,Bullish,Bullish,Bullish Alignment,Strong Bullish Alignment,Down to Up,Against then Recovered,Worked and Remained,Exceeded Half then Reversed,0.59,0.37,-0.05,0.21,0.42,0.0,11.27,Low (<15),2023,-43797.0,283693.0,335449.0,-10697.0,-581702.0,-368370.0,Bearish,Bearish,False,False,False
2023-10-12,19822.7,19843.3,19772.65,19782.9,Red,-0.2%,-0.22,20.6,50.05,Neutral,Strong Bearish,Neutral,Bearish,Neutral/Unclear,None,Top to Down,N/A,N/A,N/A,0.58,0.1,-0.25,-0.2,0.36,1.0,10.99,Low (<15),2023,-31916.0,426186.0,502636.0,-6737.0,-801235.0,-270366.0,Bearish,Bearish,False,True,False
2023-10-13,19654.55,19805.4,19635.3,19730.95,Green,+0.39%,0.31,150.85,19.25,Neutral,Bearish,Neutral,Bearish,Neutral/Unclear,None,Down to Up,N/A,N/A,N/A,0.56,0.77,-0.1,0.39,0.87,0.0,10.62,Low (<15),2023,-28770.0,369947.0,456476.0,-1863.0,-713962.0,-121343.0,Bearish,Bearish,False,True,False
2023-10-16,19737.25,19781.3,19691.85,19730.95,Red,-0.03%,-0.11,44.05,45.4,Strong Bearish,Strong Bearish,Bearish,Bearish,Bearish Alignment,Strong Bearish Alignment,Top to Down,Against then Recovered,Worked and Remained,Reversed Before Half,0.56,0.22,-0.23,-0.03,0.45,0.0,10.62,Low (<15),2023,-39200.0,220173.0,465966.0,-198.0,-808343.0,-46086.0,Bearish,Bearish,True,True,True
2023-10-17,19843.2,19849.75,19775.65,19818.35,Red,-0.13%,-0.21,6.55,67.55,Neutral,Mildly Bullish,Neutral,Bullish,Neutral/Unclear,None,Top to Down,N/A,N/A,N/A,0.58,0.03,-0.34,-0.13,0.37,0.0,11.07,Low (<15),2023,-36947.0,181521.0,445266.0,1570.0,-846017.0,-116350.0,Bearish,Bullish,False,True,False
2023-10-18,19820.45,19840.95,19659.95,19668.25,Red,-0.77%,0.35,20.5,160.5,Neutral,Neutral,Neutral,Neutral,Neutral/Unclear,None,Top to Down,N/A,N/A,N/A,0.56,0.1,-0.81,-0.77,0.91,0.0,10.7,Low (<15),2023,-30399.0,470579.0,714778.0,714.0,-990349.0,-274896.0,Bearish,Bullish,False,False,False
2023-10-19,19545.2,19681.8,19512.35,19611.9,Green,+0.34%,0.3,136.6,32.85,Neutral,Strong Bearish,Neutral,Bearish,Neutral/Unclear,None,Down to Up,N/A,N/A,N/A,0.57,0.7,-0.17,0.34,0.87,1.0,10.97,Low (<15),2023,-38333.0,324871.0,575637.0,22919.0,-934702.0,-47792.0,Bearish,Bullish,False,False,False
2023-10-20,19542.15,19593.8,19518.7,19541.75,Flat,-0.0%,-0.19,51.65,23.45,Bearish,Strong Bullish,Bearish,Bullish,Mixed,None,Top to Down,N/A,N/A,N/A,0.57,0.26,-0.12,-0.0,0.38,0.0,10.9,Low (<15),2023,-41050.0,297896.0,601938.0,19661.0,-903418.0,-124532.0,Bearish,Bullish,True,True,True
2023-10-23,19521.6,19556.85,19257.85,19278.45,Red,-1.25%,0.96,35.25,263.75,Bearish,Bearish,Bearish,Bearish,Bearish Alignment,Strong Bearish Alignment,Top to Down,Against then Recovered,Worked and Remained,Exceeded Half then Reversed,0.57,0.18,-1.35,-1.25,1.53,0.0,10.82,Low (<15),2023,-47641.0,315124.0,676389.0,21654.0,-905115.0,-30135.0,Bearish,Bullish,True,False,False
2023-10-25,19286.45,19347.3,19074.15,19125.65,Red,-0.83%,0.85,60.85,212.3,Bullish,Strong Bearish,Bullish,Bearish,Mixed,None,Top to Down,N/A,N/A,N/A,0.57,0.32,-1.1,-0.83,1.42,0.0,10.91,Low (<15),2023,-48635.0,287503.0,561023.0,7490.0,-1080138.0,-45904.0,Bearish,Bullish,False,False,False
2023-10-26,19027.25,19041.7,18837.85,18848.5,Red,-0.94%,0.48,14.45,189.4,Neutral,Strong Bearish,Neutral,Bearish,Neutral/Unclear,None,Top to Down,N/A,N/A,N/A,0.59,0.08,-1.0,-0.94,1.07,1.0,11.31,Low (<15),2023,-50443.0,464056.0,763864.0,-7460.0,-1405655.0,-271810.0,Bearish,Bearish,False,True,False
2023-10-27,18928.75,19076.15,18926.65,19060.5,Green,+0.7%,0.18,147.4,2.1,Strong Bearish,Strong Bullish,Bearish,Bullish,Mixed,None,Down to Up,N/A,N/A,N/A,0.61,0.78,-0.01,0.7,0.79,0.0,11.73,Low (<15),2023,-110183.0,267836.0,636286.0,-3098.0,-994284.0,-160102.0,Bearish,Bearish,True,False,False
2023-10-30,19053.4,19158.5,18940.0,19148.85,Green,+0.5%,0.58,105.1,113.4,Strong Bullish,Strong Bullish,Bullish,Bullish,Bullish Alignment,Strong Bullish Alignment,Down to Up,Against then Recovered,Worked and Remained,Exceeded Half then Reversed,0.57,0.55,-0.6,0.5,1.15,0.0,10.91,Low (<15),2023,-110913.0,319034.0,562733.0,161.0,-840134.0,-268428.0,Bearish,Bullish,False,True,False
2023-10-31,19232.95,19233.7,19056.45,19086.55,Red,-0.76%,0.32,0.75,176.5,Neutral,Strong Bullish,Neutral,Bullish,Neutral/Unclear,None,Top to Down,N/A,N/A,N/A,0.6,0.0,-0.92,-0.76,0.92,0.0,11.49,Low (<15),2023,-115965.0,209268.0,456010.0,1812.0,-763852.0,-446602.0,Bearish,Bullish,False,True,False
2023-11-01,19064.05,19096.05,18973.7,18990.4,Red,-0.39%,0.02,32.0,90.35,Bearish,Strong Bearish,Bearish,Bearish,Bearish Alignment,Strong Bearish Alignment,Top to Down,Against then Recovered,Worked and Remained,Exceeded Half then Reversed,0.62,0.17,-0.47,-0.39,0.64,0.0,11.83,Low (<15),2023,-115449.0,273082.0,598160.0,5211.0,-1031814.0,-240815.0,Bearish,Bullish,True,False,False
2023-11-02,19120.0,19175.25,19064.15,19144.85,Green,+0.13%,-0.05,55.25,55.85,Neutral,Neutral,Neutral,Neutral,Neutral/Unclear,None,Down to Up,N/A,N/A,N/A,0.63,0.29,-0.29,0.13,0.58,1.0,12.05,Low (<15),2023,-120292.0,467985.0,760751.0,4384.0,-915966.0,-139441.0,Bearish,Bullish,False,False,False
2023-11-03,19241.0,19276.25,19210.9,19226.05,Red,-0.08%,-0.24,35.25,30.1,Neutral,Strong Bullish,Neutral,Bullish,Neutral/Unclear,None,Top to Down,N/A,N/A,N/A,0.58,0.18,-0.16,-0.08,0.34,0.0,11.08,Low (<15),2023,-133821.0,330649.0,629505.0,1255.0,-828007.0,-156965.0,Bearish,Bullish,False,True,False
2023-11-06,19345.85,19423.0,19309.7,19411.85,Green,+0.34%,0.02,77.15,36.15,Neutral,Bullish,Neutral,Bullish,Neutral/Unclear,None,Down to Up,N/A,N/A,N/A,0.57,0.4,-0.19,0.34,0.59,0.0,10.88,Low (<15),2023,-120817.0,290733.0,579655.0,-328.0,-752962.0,-180265.0,Bearish,Bearish,False,False,False
2023-11-07,19404.05,19423.5,19329.1,19417.2,Green,+0.07%,-0.09,19.45,74.95,Strong Bullish,Strong Bullish,Bullish,Bullish,Bullish Alignment,Strong Bullish Alignment,Down to Up,Against then Recovered,Worked and Remained,Reversed Before Half,0.58,0.1,-0.39,0.07,0.49,0.0,11.11,Low (<15),2023,-105493.0,280783.0,479771.0,-8107.0,-717715.0,-389959.0,Bearish,Bearish,False,False,False
2023-11-08,19449.6,19464.4,19401.5,19436.45,Red,-0.07%,-0.27,14.8,48.1,Neutral,Bullish,Neutral,Bullish,Neutral/Unclear,None,Top to Down,N/A,N/A,N/A,0.59,0.08,-0.25,-0.07,0.32,0.0,11.19,Low (<15),2023,-104504.0,280741.0,481535.0,-2769.0,-702225.0,-428712.0,Bearish,Bearish,False,False,False
2023-11-09,19457.4,19463.9,19378.35,19404.0,Red,-0.27%,-0.14,6.5,79.05,Bearish,Strong Bearish,Bearish,Bearish,Bearish Alignment,Strong Bearish Alignment,Top to Down,Against then Recovered,Worked and Remained,Exceeded Half then Reversed,0.58,0.03,-0.41,-0.27,0.44,1.0,11.04,Low (<15),2023,-109565.0,355981.0,631465.0,7151.0,-890011.0,-174641.0,Bearish,Bullish,True,False,False
2023-11-10,19351.85,19451.3,19329.45,19443.45,Green,+0.47%,0.06,99.45,22.4,Neutral,Bullish,Neutral,Bullish,Neutral/Unclear,None,Down to Up,N/A,N/A,N/A,0.57,0.51,-0.12,0.47,0.63,0.0,10.98,Low (<15),2023,-109986.0,366520.0,662567.0,10621.0,-848567.0,-201636.0,Bearish,Bullish,False,True,False
2023-11-12,19547.25,19547.25,19510.25,19522.3,Red,-0.13%,-0.39,0.0,37.0,Bullish,Strong Bullish,Bullish,Bullish,Bullish Alignment,Strong Bullish Alignment,Top to Down,Worked then Reversed,Reversed by Close,Reversed Before Half,0.58,0.0,-0.19,-0.13,0.19,0.0,11.11,Low (<15),2023,-114951.0,380944.0,589470.0,18925.0,-780262.0,-233160.0,Bearish,Bullish,False,True,False
2023-11-13,19486.75,19494.4,19414.75,19440.15,Red,-0.24%,-0.18,7.65,72.0,Bullish,Strong Bullish,Bullish,Bullish,Bullish Alignment,Strong Bullish Alignment,Top to Down,Worked then Reversed,Reversed by Close,Reversed Before Half,0.59,0.04,-0.37,-0.24,0.41,0.0,11.35,Low (<15),2023,-119916.0,395368.0,516373.0,27229.0,-711957.0,-264684.0,Bearish,Bullish,False,True,False
2023-11-15,19651.4,19693.2,19579.65,19676.8,Green,+0.13%,-0.01,41.8,71.75,Neutral,Neutral,Neutral,Neutral,Neutral/Unclear,None,Down to Up,N/A,N/A,N/A,0.59,0.21,-0.37,0.13,0.58,0.0,11.19,Low (<15),2023,-110531.0,388258.0,518174.0,20894.0,-692725.0,-233638.0,Bearish,Bullish,False,False,False
2023-11-16,19674.7,19875.25,19627.0,19761.15,Green,+0.44%,0.68,200.55,47.7,Neutral,Strong Bullish,Neutral,Bullish,Neutral/Unclear,None,Down to Up,N/A,N/A,N/A,0.58,1.02,-0.24,0.44,1.26,1.0,11.14,Low (<15),2023,-106315.0,320486.0,479003.0,20227.0,-641289.0,-291193.0,Bearish,Bullish,False,True,False
2023-11-17,19674.75,19806.0,19667.45,19719.7,Green,+0.23%,0.09,131.25,7.3,Neutral,Bearish,Neutral,Bearish,Neutral/Unclear,None,Down to Up,N/A,N/A,N/A,0.61,0.67,-0.04,0.23,0.7,0.0,11.65,Low (<15),2023,-90168.0,318973.0,478870.0,20299.0,-681596.0,-246483.0,Bearish,Bullish,False,False,False
2023-11-20,19731.15,19756.45,19670.5,19693.65,Red,-0.19%,-0.18,25.3,60.65,Bearish,Strong Bearish,Bearish,Bearish,Bearish Alignment,Strong Bearish Alignment,Top to Down,Against then Recovered,Worked and Remained,Reversed Before Half,0.62,0.13,-0.31,-0.19,0.44,0.0,11.83,Low (<15),2023,-99504.0,176012.0,408263.0,21934.0,-984332.0,-63869.0,Bearish,Bullish,True,False,False
2023-11-21,19770.9,19829.1,19754.05,19780.8,Green,+0.05%,-0.26,58.2,16.85,Neutral,Neutral,Neutral,Neutral,Neutral/Unclear,None,Down to Up,N/A,N/A,N/A,0.64,0.29,-0.09,0.05,0.38,0.0,12.15,Low (<15),2023,-99199.0,85315.0,333176.0,16727.0,-1105730.0,-200435.0,Bearish,Bullish,False,False,False
2023-11-22,19784.0,19825.55,19703.85,19810.6,Green,+0.13%,-0.02,41.55,80.15,Strong Bullish,Strong Bullish,Bullish,Bullish,Bullish Alignment,Strong Bullish Alignment,Down to Up,Against then Recovered,Worked and Remained,Reversed Before Half,0.64,0.21,-0.41,0.13,0.62,0.0,12.23,Low (<15),2023,-93201.0,289663.0,411971.0,15032.0,-954827.0,-265257.0,Bearish,Bullish,False,True,False
2023-11-23,19828.45,19875.15,19786.75,19811.0,Red,-0.09%,-0.17,46.7,41.7,Neutral,Strong Bullish,Neutral,Bullish,Neutral/Unclear,None,Top to Down,N/A,N/A,N/A,0.62,0.24,-0.21,-0.09,0.45,1.0,11.87,Low (<15),2023,-89836.0,300158.0,422815.0,15332.0,-722486.0,-254006.0,Bearish,Bullish,False,True,False
2023-11-24,19809.6,19832.85,19768.85,19788.7,Red,-0.11%,-0.27,23.25,40.75,Bearish,Neutral,Bearish,Neutral,Neutral/Unclear,None,Top to Down,N/A,N/A,N/A,0.59,0.12,-0.21,-0.11,0.32,0.0,11.32,Low (<15),2023,-95130.0,285555.0,454942.0,19416.0,-723890.0,-235585.0,Bearish,Bullish,True,False,False
2023-11-28,19844.65,19916.85,19800.0,19908.45,Green,+0.32%,0.0,72.2,44.65,Neutral,Bullish,Neutral,Bullish,Neutral/Unclear,None,Down to Up,N/A,N/A,N/A,0.59,0.36,-0.22,0.32,0.59,0.0,11.33,Low (<15),2023,-93117.0,289571.0,462416.0,4842.0,-646569.0,-228122.0,Bearish,Bullish,False,True,False
2023-11-29,19976.55,20104.65,19956.3,20096.2,Green,+0.6%,0.1,128.1,20.25,Strong Bullish,Strong Bullish,Bullish,Bullish,Bullish Alignment,Strong Bullish Alignment,Down to Up,Against then Recovered,Worked and Remained,Exceeded Half then Reversed,0.64,0.64,-0.1,0.6,0.74,0.0,12.18,Low (<15),2023,-92059.0,368406.0,432894.0,5648.0,-526050.0,-350960.0,Bearish,Bullish,False,True,False
2023-11-30,20108.5,20158.7,20015.85,20127.2,Green,+0.09%,0.04,50.2,92.65,Strong Bullish,Strong Bullish,Bullish,Bullish,Bullish Alignment,Strong Bullish Alignment,Down to Up,Against then Recovered,Worked and Remained,Reversed Before Half,0.67,0.25,-0.46,0.09,0.71,1.0,12.71,Low (<15),2023,-79006.0,412782.0,359390.0,33844.0,-484265.0,-757508.0,Bearish,Bullish,False,True,False
2023-12-01,20194.1,20291.55,20183.7,20255.75,Green,+0.31%,-0.13,97.45,10.4,Bearish,Strong Bearish,Bearish,Bearish,Bearish Alignment,Strong Bearish Alignment,Down to Up,Worked then Reversed,Reversed by Close,Reversed Before Half,0.66,0.48,-0.05,0.31,0.53,0.0,12.69,Low (<15),2023,-20036.0,313670.0,369989.0,11328.0,-637430.0,-246062.0,Bearish,Bullish,True,False,False
2023-12-04,20601.95,20702.65,20507.75,20686.8,Green,+0.41%,0.3,100.7,94.2,Neutral,Bullish,Neutral,Bullish,Neutral/Unclear,None,Down to Up,N/A,N/A,N/A,0.65,0.49,-0.46,0.41,0.95,0.0,12.38,Low (<15),2023,-10249.0,203943.0,296838.0,5953.0,-610052.0,-276597.0,Bearish,Bullish,False,True,False
2023-12-05,20808.9,20864.05,20711.15,20856.7,Green,+0.23%,0.05,55.15,97.75,Strong Bullish,Strong Bullish,Bullish,Bullish,Bullish Alignment,Strong Bullish Alignment,Down to Up,Against then Recovered,Worked and Remained,Reversed Before Half,0.68,0.27,-0.47,0.23,0.73,0.0,12.99,Low (<15),2023,11554.0,441908.0,315742.0,-12808.0,-630750.0,-812240.0,Bullish,Bearish,True,False,False
2023-12-06,20950.75,20961.95,20852.15,20935.9,Red,-0.07%,-0.18,11.2,98.6,Bearish,Strong Bearish,Bearish,Bearish,Bearish Alignment,Strong Bearish Alignment,Top to Down,Against then Recovered,Worked and Remained,Exceeded Half then Reversed,0.7,0.05,-0.47,-0.07,0.52,0.0,13.46,Low (<15),2023,33194.0,276061.0,251323.0,-9754.0,-845628.0,-688433.0,Bullish,Bearish,False,True,False
2023-12-07,20932.4,20941.25,20850.8,20916.1,Red,-0.08%,-0.29,8.85,81.6,Bullish,Strong Bearish,Bullish,Bearish,Mixed,None,Top to Down,N/A,N/A,N/A,0.72,0.04,-0.39,-0.08,0.43,1.0,13.74,Low (<15),2023,59866.0,478011.0,419730.0,-21519.0,-776374.0,-449389.0,Bullish,Bearish,True,True,True
2023-12-08,20934.1,21006.1,20862.7,20972.1,Green,+0.18%,0.03,72.0,71.4,Bullish,Mildly Bullish,Bullish,Bullish,Bullish Alignment,None,Down to Up,Against then Recovered,Worked and Remained,Exceeded Half then Reversed,0.66,0.34,-0.34,0.18,0.69,0.0,12.67,Low (<15),2023,68461.0,339627.0,233985.0,-24416.0,-744606.0,-453123.0,Bullish,Bearish,True,False,False
2023-12-11,20965.3,21026.1,20923.7,20992.8,Green,+0.13%,-0.16,60.8,41.6,Mildly Bearish,Bullish,Bearish,Bullish,Mixed,None,Down to Up,N/A,N/A,N/A,0.65,0.29,-0.2,0.13,0.49,0.0,12.47,Low (<15),2023,72964.0,384465.0,319705.0,-31493.0,-651139.0,-438076.0,Bullish,Bearish,False,False,False
2023-12-12,21018.55,21037.9,20867.15,20900.4,Red,-0.56%,0.14,19.35,151.4,Bearish,Strong Bearish,Bearish,Bearish,Bearish Alignment,Strong Bearish Alignment,Top to Down,Against then Recovered,Worked and Remained,Exceeded Half then Reversed,0.67,0.09,-0.72,-0.56,0.81,0.0,12.76,Low (<15),2023,70106.0,302130.0,287588.0,-33583.0,-835164.0,-449086.0,Bullish,Bearish,False,True,False
2023-12-13,20929.75,20950.0,20769.5,20937.45,Green,+0.04%,0.19,20.25,160.25,Neutral,Strong Bearish,Neutral,Bearish,Neutral/Unclear,None,Down to Up,N/A,N/A,N/A,0.67,0.1,-0.77,0.04,0.86,0.0,12.71,Low (<15),2023,87140.0,320522.0,303471.0,-39702.0,-870648.0,-220116.0,Bullish,Bearish,False,True,False
2023-12-14,21110.4,21210.9,21074.45,21195.25,Green,+0.4%,0.02,100.5,35.95,Neutral,Strong Bullish,Neutral,Bullish,Neutral/Unclear,None,Down to Up,N/A,N/A,N/A,0.63,0.48,-0.17,0.4,0.65,1.0,12.07,Low (<15),2023,75607.0,459651.0,410331.0,-39767.0,-722770.0,-307351.0,Bullish,Bearish,False,False,False
2023-12-15,21287.45,21492.3,21235.3,21448.7,Green,+0.76%,0.56,204.85,52.15,Neutral,Bullish,Neutral,Bullish,Neutral/Unclear,None,Down to Up,N/A,N/A,N/A,0.65,0.96,-0.24,0.76,1.21,0.0,12.32,Low (<15),2023,72275.0,268015.0,227768.0,-30313.0,-705268.0,-362485.0,Bullish,Bearish,False,False,False
2023-12-18,21434.8,21482.8,21365.35,21410.8,Red,-0.11%,-0.14,48.0,69.45,Neutral,Strong Bullish,Neutral,Bullish,Neutral/Unclear,None,Top to Down,N/A,N/A,N/A,0.69,0.22,-0.32,-0.11,0.55,0.0,13.13,Low (<15),2023,87123.0,227211.0,193958.0,-39351.0,-470019.0,-380938.0,Bullish,Bearish,False,False,False
2023-12-19,21477.65,21505.05,21337.75,21446.0,Red,-0.15%,0.05,27.4,139.9,Bearish,Strong Bearish,Bearish,Bearish,Bearish Alignment,Strong Bearish Alignment,Top to Down,Against then Recovered,Worked and Remained,Exceeded Half then Reversed,0.73,0.13,-0.65,-0.15,0.78,0.0,13.9,Low (<15),2023,88317.0,195425.0,260726.0,-41210.0,-870452.0,-330826.0,Bullish,Bearish,False,True,False
2023-12-20,21543.5,21593.0,21087.35,21101.5,Red,-2.05%,1.62,49.5,456.15,Bullish,Strong Bullish,Bullish,Bullish,Bullish Alignment,Strong Bullish Alignment,Top to Down,Worked then Reversed,Reversed by Close,Reversed Before Half,0.73,0.23,-2.12,-2.05,2.35,0.0,13.87,Low (<15),2023,102320.0,494604.0,494166.0,-38725.0,-791913.0,-439789.0,Bullish,Bearish,True,False,False
2023-12-21,21033.95,21288.35,20976.8,21283.0,Green,+1.18%,0.72,254.4,57.15,Neutral,Strong Bearish,Neutral,Bearish,Neutral/Unclear,None,Down to Up,N/A,N/A,N/A,0.76,1.21,-0.27,1.18,1.48,1.0,14.45,Low (<15),2023,122361.0,360990.0,357765.0,-43228.0,-933065.0,-219546.0,Bullish,Bearish,False,True,False
2023-12-22,21295.85,21390.5,21232.45,21332.35,Green,+0.17%,0.02,94.65,63.4,Mildly Bullish,Strong Bullish,Bullish,Bullish,Bullish Alignment,None,Down to Up,Against then Recovered,Worked and Remained,Exceeded Half then Reversed,0.72,0.44,-0.3,0.17,0.74,0.0,13.76,Low (<15),2023,126694.0,337204.0,302381.0,-37350.0,-673919.0,-424917.0,Bullish,Bearish,True,False,False
2023-12-26,21365.2,21477.15,21329.45,21454.15,Green,+0.42%,-0.03,111.95,35.75,Mildly Bearish,Strong Bearish,Bearish,Bearish,Bearish Alignment,None,Down to Up,Worked then Reversed,Reversed by Close,Reversed Before Half,0.72,0.52,-0.17,0.42,0.69,0.0,13.71,Low (<15),2023,121602.0,427409.0,425283.0,-34248.0,-753335.0,-302474.0,Bullish,Bearish,False,True,False
2023-12-27,21497.65,21675.75,21495.8,21648.95,Green,+0.7%,0.07,178.1,1.85,Bullish,Strong Bullish,Bullish,Bullish,Bullish Alignment,Strong Bullish Alignment,Down to Up,Against then Recovered,Worked and Remained,Exceeded Half then Reversed,0.77,0.83,-0.01,0.7,0.84,0.0,14.68,Low (<15),2023,114488.0,683657.0,592294.0,-27416.0,-710005.0,-503896.0,Bullish,Bearish,True,False,False
2023-12-28,21715.0,21801.45,21678.0,21773.7,Green,+0.27%,-0.24,86.45,37.0,Bearish,Strong Bullish,Bearish,Bullish,Mixed,None,Down to Up,N/A,N/A,N/A,0.81,0.4,-0.17,0.27,0.57,1.0,15.56,Normal (15-20),2023,111164.0,742630.0,736127.0,-28993.0,-619301.0,-802246.0,Bullish,Bearish,False,False,False
2023-12-29,21737.65,21770.3,21676.9,21728.3,Red,-0.04%,-0.36,32.65,60.75,Bullish,Strong Bearish,Bullish,Bearish,Mixed,None,Top to Down,N/A,N/A,N/A,0.79,0.15,-0.28,-0.04,0.43,0.0,15.14,Normal (15-20),2023,118550.0,254145.0,179931.0,-42703.0,-586757.0,-224404.0,Bullish,Bearish,True,True,True
2024-01-01,21727.75,21834.35,21680.85,21689.45,Red,-0.18%,-0.05,106.6,46.9,Neutral,Strong Bearish,Neutral,Bearish,Neutral/Unclear,None,Top to Down,N/A,N/A,N/A,0.76,0.49,-0.22,-0.18,0.71,0.0,14.5,Low (<15),2024,121001.0,438206.0,336861.0,-38131.0,-687943.0,-192934.0,Bullish,Bearish,False,True,False
2024-01-02,21751.35,21755.6,21555.65,21661.5,Red,-0.41%,0.15,4.25,195.7,Neutral,Mildly Bearish,Neutral,Bearish,Neutral/Unclear,None,Top to Down,N/A,N/A,N/A,0.77,0.02,-0.9,-0.41,0.92,0.0,14.68,Low (<15),2024,118269.0,648571.0,565100.0,-35433.0,-814900.0,-274636.0,Bullish,Bearish,False,True,False
2024-01-03,21661.1,21677.0,21500.35,21523.7,Red,-0.63%,0.06,15.9,160.75,Bearish,Strong Bearish,Bearish,Bearish,Bearish Alignment,Strong Bearish Alignment,Top to Down,Against then Recovered,Worked and Remained,Exceeded Half then Reversed,0.76,0.07,-0.74,-0.63,0.82,0.0,14.58,Low (<15),2024,116377.0,607806.0,594072.0,-35571.0,-1063864.0,-220220.0,Bullish,Bearish,False,True,False
2024-01-04,21605.8,21685.65,21564.55,21669.6,Green,+0.3%,-0.18,79.85,41.25,Bullish,Strong Bullish,Bullish,Bullish,Bullish Alignment,Strong Bullish Alignment,Down to Up,Against then Recovered,Worked and Remained,Reversed Before Half,0.74,0.37,-0.19,0.3,0.56,1.0,14.1,Low (<15),2024,107510.0,435433.0,359651.0,-31483.0,-749831.0,-133453.0,Bullish,Bearish,True,False,False
2024-01-05,21705.75,21749.6,21629.2,21709.55,Green,+0.02%,-0.15,43.85,76.55,Strong Bullish,Strong Bullish,Bullish,Bullish,Bullish Alignment,Strong Bullish Alignment,Down to Up,Against then Recovered,Worked and Remained,Reversed Before Half,0.7,0.2,-0.35,0.02,0.55,0.0,13.33,Low (<15),2024,108979.0,415026.0,234971.0,-31590.0,-534120.0,-246343.0,Bullish,Bearish,True,False,False
2024-01-08,21747.6,21763.95,21492.9,21511.35,Red,-1.09%,0.59,16.35,254.7,Strong Bearish,Strong Bearish,Bearish,Bearish,Bearish Alignment,Strong Bearish Alignment,Top to Down,Against then Recovered,Worked and Remained,Exceeded Half then Reversed,0.66,0.08,-1.17,-1.09,1.25,0.0,12.63,Low (<15),2024,113165.0,486624.0,456276.0,-33243.0,-457950.0,-62982.0,Bullish,Bearish,False,True,False
2024-01-09,21653.6,21724.45,21517.85,21551.95,Red,-0.47%,0.25,70.85,135.75,Mildly Bearish,Strong Bearish,Bearish,Bearish,Bearish Alignment,None,Top to Down,Against then Recovered,Worked and Remained,Exceeded Half then Reversed,0.7,0.33,-0.63,-0.47,0.95,0.0,13.46,Low (<15),2024,95894.0,225318.0,219887.0,-13687.0,-996706.0,-55236.0,Bullish,Bearish,False,True,False
2024-01-10,21529.3,21641.85,21448.65,21625.4,Green,+0.45%,0.21,112.55,80.65,Strong Bullish,Neutral,Bullish,Neutral,Neutral/Unclear,None,Down to Up,N/A,N/A,N/A,0.69,0.52,-0.37,0.45,0.9,0.0,13.26,Low (<15),2024,110800.0,329531.0,225928.0,-18107.0,-987549.0,-65235.0,Bullish,Bearish,True,False,False
2024-01-11,21688.0,21726.5,21593.75,21669.4,Red,-0.09%,-0.07,38.5,94.25,Bearish,Strong Bullish,Bearish,Bullish,Mixed,None,Top to Down,N/A,N/A,N/A,0.68,0.18,-0.43,-0.09,0.61,1.0,12.97,Low (<15),2024,102899.0,313949.0,272882.0,-16719.0,-540885.0,-133997.0,Bullish,Bearish,False,False,False
2024-01-12,21773.55,21928.25,21715.15,21908.25,Green,+0.62%,0.31,154.7,58.4,Neutral,Strong Bearish,Neutral,Bearish,Neutral/Unclear,None,Down to Up,N/A,N/A,N/A,0.67,0.71,-0.27,0.62,0.98,0.0,12.77,Low (<15),2024,103532.0,258499.0,233660.0,-11333.0,-597951.0,24974.0,Bullish,Bearish,False,True,False
2024-01-15,22053.15,22115.55,21963.55,22109.8,Green,+0.26%,0.0,62.4,89.6,Bullish,Strong Bullish,Bullish,Bullish,Bullish Alignment,Strong Bullish Alignment,Down to Up,Against then Recovered,Worked and Remained,Reversed Before Half,0.69,0.28,-0.41,0.26,0.69,0.0,13.1,Low (<15),2024,103531.0,429350.0,328963.0,-9513.0,-456420.0,-203848.0,Bullish,Bearish,True,False,False
2024-01-16,22080.5,22124.15,21969.8,22031.6,Red,-0.22%,-0.02,43.65,110.7,Bullish,Strong Bullish,Bullish,Bullish,Bullish Alignment,Strong Bullish Alignment,Top to Down,Worked then Reversed,Reversed by Close,Reversed Before Half,0.72,0.2,-0.5,-0.22,0.7,0.0,13.79,Low (<15),2024,118607.0,467616.0,312200.0,-12508.0,-602961.0,-548328.0,Bullish,Bearish,True,False,False
2024-01-18,21414.2,21539.4,21285.55,21477.25,Green,+0.29%,0.4,125.2,128.65,Bearish,Strong Bearish,Bearish,Bearish,Bearish Alignment,Strong Bearish Alignment,Down to Up,Worked then Reversed,Reversed by Close,Exceeded Half then Reversed,0.79,0.58,-0.6,0.29,1.19,1.0,15.08,Normal (15-20),2024,59662.0,15033.0,-105003.0,-25248.0,-797933.0,-193970.0,Bullish,Bearish,False,True,False
2024-01-19,21615.2,21670.6,21575.0,21638.2,Green,+0.11%,-0.3,55.4,40.2,Bearish,Strong Bullish,Bearish,Bullish,Mixed,None,Down to Up,N/A,N/A,N/A,0.74,0.26,-0.19,0.11,0.44,0.0,14.07,Low (<15),2024,34349.0,70787.0,18357.0,-34529.0,-753623.0,-290981.0,Bullish,Bearish,False,False,False
2024-01-20,21706.15,21720.3,21541.8,21586.95,Red,-0.55%,0.09,14.15,164.35,Neutral,Bearish,Neutral,Bearish,Neutral/Unclear,None,Top to Down,N/A,N/A,N/A,0.73,0.07,-0.76,-0.55,0.82,0.0,13.88,Low (<15),2024,22768.0,83427.0,35950.0,-28750.0,-812919.0,-278726.0,Bullish,Bearish,False,True,False
2024-01-23,21716.7,21750.25,21192.6,21243.05,Red,-2.18%,1.85,33.55,524.1,Neutral,Bearish,Neutral,Bearish,Neutral/Unclear,None,Top to Down,N/A,N/A,N/A,0.72,0.15,-2.41,-2.18,2.57,0.0,13.8,Low (<15),2024,11187.0,96067.0,53543.0,-22971.0,-872215.0,-266471.0,Bullish,Bearish,False,True,False
2024-01-24,21185.25,21482.35,21137.2,21460.7,Green,+1.3%,0.85,297.1,48.05,Strong Bullish,Bearish,Bullish,Bearish,Mixed,None,Down to Up,N/A,N/A,N/A,0.78,1.4,-0.23,1.3,1.63,0.0,14.85,Low (<15),2024,8598.0,140806.0,-5704.0,-19703.0,-1014239.0,-329102.0,Bullish,Bearish,True,True,True
2024-01-25,21454.6,21459.0,21247.05,21370.75,Red,-0.39%,0.24,4.4,207.55,Mildly Bullish,Strong Bullish,Bullish,Bullish,Bullish Alignment,None,Top to Down,Worked then Reversed,Reversed by Close,Reversed Before Half,0.75,0.02,-0.97,-0.39,0.99,1.0,14.38,Low (<15),2024,18871.0,113253.0,-68468.0,-13927.0,-906959.0,-484350.0,Bullish,Bearish,True,False,False
2024-01-29,21433.1,21763.25,21429.6,21744.8,Green,+1.45%,0.83,330.15,3.5,Strong Bearish,Bullish,Bearish,Bullish,Mixed,None,Down to Up,N/A,N/A,N/A,0.73,1.54,-0.02,1.45,1.56,0.0,13.87,Low (<15),2024,-81456.0,89620.0,-24040.0,35661.0,-598298.0,-221069.0,Bearish,Bullish,True,True,True
2024-01-30,21775.75,21813.05,21501.8,21530.55,Red,-1.13%,0.61,37.3,273.95,Mildly Bullish,Strong Bullish,Bullish,Bullish,Bullish Alignment,None,Top to Down,Worked then Reversed,Reversed by Close,Reversed Before Half,0.82,0.17,-1.26,-1.13,1.43,0.0,15.68,Normal (15-20),2024,-71693.0,34551.0,-113459.0,25384.0,-566404.0,-331374.0,Bearish,Bullish,False,True,False
2024-01-31,21487.25,21741.35,21448.85,21708.3,Green,+1.03%,0.52,254.1,38.4,Strong Bearish,Strong Bearish,Bearish,Bearish,Bearish Alignment,Strong Bearish Alignment,Down to Up,Worked then Reversed,Reversed by Close,Reversed Before Half,0.84,1.18,-0.18,1.03,1.36,0.0,16.1,Normal (15-20),2024,-72529.0,-65657.0,-90707.0,15053.0,-661529.0,-135084.0,Bearish,Bullish,True,False,False
2024-02-01,21780.65,21832.95,21658.75,21690.3,Red,-0.41%,-0.04,52.3,121.9,Bullish,Strong Bullish,Bullish,Bullish,Bullish Alignment,Strong Bullish Alignment,Top to Down,Worked then Reversed,Reversed by Close,Reversed Before Half,0.84,0.24,-0.56,-0.41,0.8,1.0,16.05,Normal (15-20),2024,-59924.0,-128116.0,-203068.0,20834.0,-666310.0,-375835.0,Bearish,Bullish,False,True,False
2024-02-02,21812.75,22126.8,21805.55,21853.3,Green,+0.19%,0.71,314.05,7.2,Neutral,Neutral,Neutral,Neutral,Neutral/Unclear,None,Down to Up,N/A,N/A,N/A,0.76,1.44,-0.03,0.19,1.47,0.0,14.46,Low (<15),2024,-52913.0,-5268.0,-98041.0,18478.0,-674969.0,-366271.0,Bearish,Bullish,False,False,False
2024-02-05,21921.05,21964.3,21726.95,21761.3,Red,-0.73%,0.31,43.25,194.1,Bullish,Strong Bearish,Bullish,Bearish,Mixed,None,Top to Down,N/A,N/A,N/A,0.77,0.2,-0.89,-0.73,1.08,0.0,14.7,Low (<15),2024,-47470.0,-11853.0,-178953.0,9264.0,-671445.0,-250980.0,Bearish,Bullish,False,False,False
2024-02-06,21825.2,21951.4,21737.55,21938.8,Green,+0.52%,0.16,126.2,87.65,Bearish,Strong Bearish,Bearish,Bearish,Bearish Alignment,Strong Bearish Alignment,Down to Up,Worked then Reversed,Reversed by Close,Reversed Before Half,0.82,0.58,-0.4,0.52,0.98,0.0,15.62,Normal (15-20),2024,-34571.0,-124886.0,-208663.0,1574.0,-793850.0,-249457.0,Bearish,Bullish,True,False,False
2024-02-07,22045.05,22053.3,21860.15,21949.8,Red,-0.43%,0.05,8.25,184.9,Bullish,Strong Bullish,Bullish,Bullish,Bullish Alignment,Strong Bullish Alignment,Top to Down,Worked then Reversed,Reversed by Close,Reversed Before Half,0.83,0.04,-0.84,-0.43,0.88,0.0,15.79,Normal (15-20),2024,-32848.0,-7115.0,-173099.0,15749.0,-657443.0,-378980.0,Bearish,Bullish,False,True,False
2024-02-08,22009.65,22011.05,21665.3,21759.7,Red,-1.14%,0.76,1.4,344.35,Mildly Bearish,Bullish,Bearish,Bullish,Mixed,None,Top to Down,N/A,N/A,N/A,0.81,0.01,-1.56,-1.14,1.57,1.0,15.51,Normal (15-20),2024,-52924.0,77329.0,-71175.0,27403.0,-488272.0,-281919.0,Bearish,Bullish,True,True,True
2024-02-09,21727.0,21804.45,21629.9,21786.0,Green,+0.27%,-0.03,77.45,97.1,Bearish,Strong Bearish,Bearish,Bearish,Bearish Alignment,Strong Bearish Alignment,Down to Up,Worked then Reversed,Reversed by Close,Exceeded Half then Reversed,0.83,0.36,-0.45,0.27,0.8,0.0,15.83,Normal (15-20),2024,-65333.0,45630.0,-37027.0,25531.0,-677783.0,-128995.0,Bearish,Bullish,True,False,False
2024-02-12,21800.8,21831.7,21574.75,21612.6,Red,-0.86%,0.37,30.9,226.05,Bullish,Strong Bullish,Bullish,Bullish,Bullish Alignment,Strong Bullish Alignment,Top to Down,Worked then Reversed,Reversed by Close,Reversed Before Half,0.81,0.14,-1.04,-0.86,1.18,0.0,15.45,Normal (15-20),2024,-56426.0,61944.0,-90911.0,27057.0,-454233.0,-259578.0,Bearish,Bullish,False,True,False
2024-02-13,21664.3,21766.8,21543.35,21728.0,Green,+0.29%,0.19,102.5,120.95,Strong Bearish,Strong Bearish,Bearish,Bearish,Bearish Alignment,Strong Bearish Alignment,Down to Up,Worked then Reversed,Reversed by Close,Exceeded Half then Reversed,0.84,0.47,-0.56,0.29,1.03,0.0,16.06,Normal (15-20),2024,-58908.0,-45579.0,-100639.0,13765.0,-812396.0,-174583.0,Bearish,Bullish,True,False,False
2024-02-14,21578.15,21870.85,21530.2,21848.7,Green,+1.25%,0.75,292.7,47.95,Bullish,Strong Bullish,Bullish,Bullish,Bullish Alignment,Strong Bullish Alignment,Down to Up,Against then Recovered,Worked and Remained,Exceeded Half then Reversed,0.83,1.36,-0.22,1.25,1.58,0.0,15.81,Normal (15-20),2024,-54848.0,17983.0,-100355.0,33858.0,-271841.0,-322113.0,Bearish,Bullish,False,True,False
2024-02-15,21906.55,21953.85,21794.8,21927.05,Green,+0.09%,-0.08,47.3,111.75,Mildly Bearish,Mildly Bearish,Bearish,Bearish,Bearish Alignment,None,Down to Up,Worked then Reversed,Reversed by Close,Exceeded Half then Reversed,0.81,0.22,-0.51,0.09,0.73,1.0,15.44,Normal (15-20),2024,-53103.0,125647.0,42015.0,33425.0,-387607.0,-398817.0,Bearish,Bullish,True,False,False
2024-02-16,22020.3,22068.65,21968.95,22033.5,Green,+0.06%,-0.35,48.35,51.35,Strong Bullish,Mildly Bearish,Bullish,Bearish,Mixed,None,Down to Up,N/A,N/A,N/A,0.8,0.22,-0.23,0.06,0.45,0.0,15.23,Normal (15-20),2024,-47771.0,88296.0,-98645.0,19291.0,-361861.0,-340849.0,Bearish,Bullish,False,False,False
2024-02-19,22103.45,22186.65,22021.05,22116.95,Green,+0.06%,-0.05,83.2,82.4,Bearish,Bullish,Bearish,Bullish,Mixed,None,Down to Up,N/A,N/A,N/A,0.8,0.38,-0.37,0.06,0.75,0.0,15.22,Normal (15-20),2024,-41363.0,5649.0,-117914.0,13983.0,-355466.0,-394118.0,Bearish,Bullish,True,True,True
2024-02-20,22099.2,22215.6,22045.85,22208.15,Green,+0.49%,-0.07,116.4,53.35,Neutral,Neutral,Neutral,Neutral,Neutral/Unclear,None,Down to Up,N/A,N/A,N/A,0.84,0.53,-0.24,0.49,0.77,0.0,16.02,Normal (15-20),2024,-36382.0,-53078.0,-188885.0,12656.0,-415971.0,-468510.0,Bearish,Bullish,False,False,False
2024-02-21,22248.85,22249.4,21997.95,22028.75,Red,-0.99%,0.29,0.55,250.9,Neutral,Strong Bullish,Neutral,Bullish,Neutral/Unclear,None,Top to Down,N/A,N/A,N/A,0.84,0.0,-1.13,-0.99,1.13,0.0,16.07,Normal (15-20),2024,-27387.0,-61480.0,-175000.0,9310.0,-209860.0,-649094.0,Bearish,Bullish,False,True,False
2024-02-22,22081.55,22252.5,21875.25,22216.9,Green,+0.61%,0.88,170.95,206.3,Bullish,Strong Bearish,Bullish,Bearish,Mixed,None,Down to Up,N/A,N/A,N/A,0.83,0.77,-0.93,0.61,1.71,1.0,15.93,Normal (15-20),2024,-20003.0,95580.0,-64883.0,-1999.0,-544000.0,-224585.0,Bearish,Bearish,False,True,False
2024-02-23,22290.0,22297.5,22186.1,22194.25,Red,-0.43%,-0.3,7.5,103.9,Neutral,Strong Bullish,Neutral,Bullish,Neutral/Unclear,None,Top to Down,N/A,N/A,N/A,0.8,0.03,-0.47,-0.43,0.5,0.0,15.2,Normal (15-20),2024,-7242.0,141934.0,6244.0,-12071.0,-439142.0,-266456.0,Bearish,Bearish,False,False,False
2024-02-26,22169.2,22202.15,22075.15,22117.15,Red,-0.23%,-0.21,32.95,94.05,Bearish,Strong Bearish,Bearish,Bearish,Bearish Alignment,Strong Bearish Alignment,Top to Down,Against then Recovered,Worked and Remained,Exceeded Half then Reversed,0.78,0.15,-0.42,-0.23,0.57,0.0,14.97,Low (<15),2024,-9631.0,84569.0,16716.0,-14187.0,-529238.0,-189535.0,Bearish,Bearish,True,True,True
2024-02-27,22090.2,22218.25,22085.65,22194.2,Green,+0.47%,-0.22,128.05,4.55,Neutral,Strong Bearish,Neutral,Bearish,Neutral/Unclear,None,Down to Up,N/A,N/A,N/A,0.82,0.58,-0.02,0.47,0.6,0.0,15.6,Normal (15-20),2024,-1710.0,23004.0,-51319.0,-30596.0,-587068.0,-119862.0,Bearish,Bearish,False,True,False
2024-02-28,22214.1,22229.15,21915.85,21926.25,Red,-1.3%,0.59,15.05,298.25,Neutral,Strong Bullish,Neutral,Bullish,Neutral/Unclear,None,Top to Down,N/A,N/A,N/A,0.82,0.07,-1.34,-1.3,1.41,0.0,15.73,Normal (15-20),2024,385.0,60805.0,-32600.0,-31353.0,-491671.0,-166756.0,Bullish,Bearish,False,False,False
2024-02-29,21935.2,22060.55,21860.65,22042.05,Green,+0.49%,0.06,125.35,74.55,Bearish,Strong Bearish,Bearish,Bearish,Bearish Alignment,Strong Bearish Alignment,Down to Up,Worked then Reversed,Reversed by Close,Reversed Before Half,0.85,0.57,-0.34,0.49,0.91,1.0,16.33,Normal (15-20),2024,-2540.0,-178161.0,-187486.0,-22642.0,-1024814.0,-105067.0,Bearish,Bearish,True,True,True
2024-03-01,22048.3,22353.3,22047.75,22326.05,Green,+1.26%,0.57,305.0,0.55,Bullish,Strong Bullish,Bullish,Bullish,Bullish Alignment,Strong Bullish Alignment,Down to Up,Against then Recovered,Worked and Remained,Exceeded Half then Reversed,0.82,1.38,-0.0,1.26,1.39,0.0,15.57,Normal (15-20),2024,-31541.0,129675.0,-3598.0,-2687.0,-454274.0,-274136.0,Bearish,Bearish,False,False,False
2024-03-02,22406.95,22420.25,22366.95,22373.4,Red,-0.15%,-0.56,13.3,40.0,Neutral,Strong Bullish,Neutral,Bullish,Neutral/Unclear,None,Top to Down,N/A,N/A,N/A,0.8,0.06,-0.18,-0.15,0.24,0.0,15.24,Normal (15-20),2024,-35334.0,64368.0,-65271.0,-5245.0,-219067.0,-516585.0,Bearish,Bearish,False,False,False
2024-03-04,22403.5,22440.9,22358.3,22397.65,Red,-0.03%,-0.41,37.4,45.2,Neutral,Strong Bullish,Neutral,Bullish,Neutral/Unclear,None,Top to Down,N/A,N/A,N/A,0.78,0.17,-0.2,-0.03,0.37,0.0,14.99,Low (<15),2024,-39127.0,-939.0,-126944.0,-7803.0,16140.0,-759034.0,Bearish,Bearish,False,False,False
2024-03-05,22371.25,22416.9,22269.15,22358.5,Red,-0.06%,-0.12,45.65,102.1,Strong Bullish,Strong Bearish,Bullish,Bearish,Mixed,None,Top to Down,N/A,N/A,N/A,0.78,0.2,-0.46,-0.06,0.66,0.0,14.92,Low (<15),2024,-26413.0,-36027.0,-297208.0,-19819.0,-132866.0,-785490.0,Bearish,Bearish,False,True,False
2024-03-06,22327.5,22497.2,22224.35,22480.05,Green,+0.68%,0.47,169.7,103.15,Bearish,Mildly Bullish,Bearish,Bullish,Mixed,None,Down to Up,N/A,N/A,N/A,0.75,0.76,-0.46,0.68,1.22,0.0,14.38,Low (<15),2024,-41307.0,-106520.0,-295577.0,-4395.0,-79735.0,-752496.0,Bearish,Bearish,True,False,False
2024-03-07,22505.3,22525.65,22430.0,22483.5,Red,-0.1%,-0.32,20.35,75.3,Neutral,Mildly Bearish,Neutral,Bearish,Neutral/Unclear,None,Top to Down,N/A,N/A,N/A,0.75,0.09,-0.33,-0.1,0.43,1.0,14.3,Low (<15),2024,-22707.0,54758.0,-132204.0,8442.0,-86610.0,-699547.0,Bearish,Bullish,False,False,False
2024-03-11,22517.5,22526.6,22307.25,22319.85,Red,-0.88%,0.26,9.1,210.25,Mildly Bullish,Strong Bearish,Bullish,Bearish,Mixed,None,Top to Down,N/A,N/A,N/A,0.71,0.04,-0.93,-0.88,0.97,0.0,13.61,Low (<15),2024,-10161.0,88520.0,-133739.0,-11377.0,-246775.0,-551445.0,Bearish,Bearish,False,True,False
2024-03-12,22334.45,22452.55,22256.0,22333.7,Flat,-0.0%,0.15,118.1,78.45,Mildly Bearish,Strong Bearish,Bearish,Bearish,Bearish Alignment,None,Top to Down,Against then Recovered,Reversed by Close,Reversed Before Half,0.73,0.53,-0.35,-0.0,0.88,0.0,14.0,Low (<15),2024,-11341.0,-3588.0,-188595.0,-24757.0,-446508.0,-393541.0,Bearish,Bearish,True,True,True
2024-03-13,22432.2,22446.75,21905.65,21981.05,Red,-2.01%,1.7,14.55,526.55,Bullish,Strong Bullish,Bullish,Bullish,Bullish Alignment,Strong Bullish Alignment,Top to Down,Worked then Reversed,Reversed by Close,Reversed Before Half,0.71,0.06,-2.35,-2.01,2.41,0.0,13.64,Low (<15),2024,-6687.0,20212.0,-212512.0,-28603.0,-247013.0,-421857.0,Bearish,Bearish,False,False,False
2024-03-14,21982.55,22204.6,21917.5,22153.05,Green,+0.78%,0.55,222.05,65.05,Bearish,Strong Bearish,Bearish,Bearish,Bearish Alignment,Strong Bearish Alignment,Down to Up,Worked then Reversed,Reversed by Close,Reversed Before Half,0.76,1.01,-0.3,0.78,1.31,1.0,14.43,Low (<15),2024,-20186.0,23927.0,-134088.0,-34811.0,-475451.0,-427995.0,Bearish,Bearish,True,True,True
2024-03-15,22064.85,22120.9,21931.7,21996.35,Red,-0.31%,0.15,56.05,133.15,Neutral,Strong Bullish,Neutral,Bullish,Neutral/Unclear,None,Top to Down,N/A,N/A,N/A,0.71,0.25,-0.6,-0.31,0.86,0.0,13.62,Low (<15),2024,-27357.0,73050.0,-79720.0,-20173.0,-294047.0,-509344.0,Bearish,Bearish,False,False,False
2024-03-18,21990.1,22123.7,21916.55,22051.5,Green,+0.28%,0.22,133.6,73.55,Mildly Bullish,Strong Bearish,Bullish,Bearish,Mixed,None,Down to Up,N/A,N/A,N/A,0.72,0.61,-0.33,0.28,0.94,0.0,13.69,Low (<15),2024,-33756.0,44015.0,-150475.0,-25185.0,-350183.0,-460750.0,Bearish,Bearish,False,True,False
2024-03-19,21946.45,21978.3,21793.1,21810.35,Red,-0.62%,0.11,31.85,153.35,Mildly Bullish,Strong Bullish,Bullish,Bullish,Bullish Alignment,None,Top to Down,Worked then Reversed,Reversed by Close,Reversed Before Half,0.73,0.15,-0.7,-0.62,0.84,0.0,13.9,Low (<15),2024,-37681.0,22214.0,-206360.0,-27742.0,-287006.0,-528929.0,Bearish,Bearish,False,False,False
2024-03-20,21843.9,21930.9,21710.2,21855.1,Green,+0.05%,0.27,87.0,133.7,Bearish,Strong Bearish,Bearish,Bearish,Bearish Alignment,Strong Bearish Alignment,Down to Up,Worked then Reversed,Reversed by Close,Exceeded Half then Reversed,0.74,0.4,-0.61,0.05,1.01,0.0,14.11,Low (<15),2024,-61725.0,-79946.0,-261025.0,-29916.0,-524742.0,-405755.0,Bearish,Bearish,True,True,True
2024-03-21,21989.9,22080.95,21941.3,22014.6,Green,+0.11%,-0.07,91.05,48.6,Neutral,Strong Bullish,Neutral,Bullish,Neutral/Unclear,None,Down to Up,N/A,N/A,N/A,0.71,0.41,-0.22,0.11,0.64,1.0,13.47,Low (<15),2024,-71590.0,27088.0,-148072.0,-27389.0,-258916.0,-505993.0,Bearish,Bearish,False,False,False
2024-03-22,21932.2,22180.7,21883.3,22080.8,Green,+0.68%,0.71,248.5,48.9,Neutral,Neutral,Neutral,Neutral,Neutral/Unclear,None,Down to Up,N/A,N/A,N/A,0.65,1.13,-0.22,0.68,1.36,0.0,12.51,Low (<15),2024,-65715.0,70292.0,-124297.0,-33463.0,-279221.0,-547545.0,Bearish,Bearish,False,False,False
2024-03-26,21947.9,22073.2,21947.55,22018.25,Green,+0.32%,-0.07,125.3,0.35,Neutral,Strong Bullish,Neutral,Bullish,Neutral/Unclear,None,Down to Up,N/A,N/A,N/A,0.64,0.57,-0.0,0.32,0.57,0.0,12.22,Low (<15),2024,-48745.0,15454.0,-174663.0,-32338.0,-114814.0,-604040.0,Bearish,Bearish,False,False,False
2024-03-27,22053.95,22193.6,22052.85,22147.2,Green,+0.42%,-0.03,139.65,1.1,Neutral,Strong Bearish,Neutral,Bearish,Neutral/Unclear,None,Down to Up,N/A,N/A,N/A,0.67,0.63,-0.0,0.42,0.64,0.0,12.82,Low (<15),2024,-51770.0,-15414.0,-191075.0,-38167.0,-306358.0,-585631.0,Bearish,Bearish,False,True,False
2024-03-28,22163.6,22516.0,22163.6,22343.1,Green,+0.81%,0.93,352.4,0.0,Bearish,Strong Bullish,Bearish,Bullish,Mixed,None,Down to Up,N/A,N/A,N/A,0.66,1.59,0.0,0.81,1.59,1.0,12.7,Low (<15),2024,-67162.0,61443.0,-60963.0,-14303.0,-181593.0,-607869.0,Bearish,Bearish,True,False,False
2024-04-01,22455.0,22529.95,22427.75,22469.05,Green,+0.06%,-0.21,74.95,27.25,Strong Bullish,Bearish,Bullish,Bearish,Mixed,None,Down to Up,N/A,N/A,N/A,0.67,0.33,-0.12,0.06,0.46,0.0,12.83,Low (<15),2024,-217.0,32187.0,-166003.0,-25941.0,-250688.0,-594909.0,Bearish,Bearish,False,True,False
2024-04-02,22458.8,22497.6,22388.15,22464.3,Green,+0.02%,-0.14,38.8,70.65,Neutral,Bullish,Neutral,Bullish,Neutral/Unclear,None,Down to Up,N/A,N/A,N/A,0.63,0.17,-0.31,0.02,0.49,0.0,12.08,Low (<15),2024,2047.0,-14288.0,-230405.0,-18347.0,-208809.0,-643654.0,Bullish,Bearish,False,False,False
2024-04-03,22385.7,22521.1,22346.5,22445.55,Green,+0.27%,0.17,135.4,39.2,Bearish,Bearish,Bearish,Bearish,Bearish Alignment,Strong Bearish Alignment,Down to Up,Worked then Reversed,Reversed by Close,Reversed Before Half,0.61,0.6,-0.18,0.27,0.78,0.0,11.65,Low (<15),2024,8207.0,-103432.0,-238772.0,-25061.0,-307432.0,-653246.0,Bullish,Bearish,False,True,False
2024-04-04,22592.1,22619.0,22303.8,22541.2,Red,-0.23%,0.8,26.9,288.3,Mildly Bearish,Neutral,Bearish,Neutral,Neutral/Unclear,None,Top to Down,N/A,N/A,N/A,0.6,0.12,-1.28,-0.23,1.4,1.0,11.37,Low (<15),2024,-8123.0,12867.0,-95817.0,-10862.0,-262631.0,-590741.0,Bearish,Bearish,True,False,False
2024-04-05,22486.4,22537.6,22427.6,22523.4,Green,+0.16%,-0.1,51.2,58.8,Mildly Bullish,Mildly Bullish,Bullish,Bullish,Bullish Alignment,None,Down to Up,Against then Recovered,Worked and Remained,Reversed Before Half,0.59,0.23,-0.26,0.16,0.49,0.0,11.22,Low (<15),2024,-9994.0,74443.0,-84849.0,-1360.0,-186617.0,-552491.0,Bearish,Bearish,False,False,False
2024-04-08,22578.35,22697.3,22550.35,22661.0,Green,+0.37%,0.06,118.95,28.0,Neutral,Strong Bullish,Neutral,Bullish,Neutral/Unclear,None,Down to Up,N/A,N/A,N/A,0.59,0.53,-0.12,0.37,0.65,0.0,11.34,Low (<15),2024,-11556.0,139234.0,-20594.0,4284.0,177763.0,-656982.0,Bearish,Bullish,False,True,False
2024-04-09,22765.1,22768.4,22612.25,22642.05,Red,-0.54%,0.08,3.3,152.85,Bullish,Strong Bearish,Bullish,Bearish,Mixed,None,Top to Down,N/A,N/A,N/A,0.61,0.01,-0.67,-0.54,0.69,0.0,11.61,Low (<15),2024,-2.0,66527.0,-177916.0,1919.0,-171416.0,-806000.0,Bearish,Bullish,False,False,False
2024-04-10,22720.25,22775.7,22673.7,22735.05,Green,+0.07%,-0.14,55.45,46.55,Mildly Bullish,Strong Bearish,Bullish,Bearish,Mixed,None,Down to Up,N/A,N/A,N/A,0.59,0.24,-0.2,0.07,0.45,1.0,11.36,Low (<15),2024,27657.0,234428.0,-15521.0,-4753.0,-364478.0,-800452.0,Bullish,Bearish,True,True,True
2024-04-12,22677.4,22726.45,22503.75,22519.4,Red,-0.7%,0.4,49.05,173.65,Neutral,Neutral,Neutral,Neutral,Neutral/Unclear,None,Top to Down,N/A,N/A,N/A,0.58,0.22,-0.77,-0.7,0.98,0.0,11.11,Low (<15),2024,74916.0,137068.0,-73877.0,-28427.0,-148653.0,-608955.0,Bullish,Bearish,False,False,False
2024-04-15,22339.05,22427.45,22259.55,22277.45,Red,-0.28%,0.15,88.4,79.5,Bearish,Strong Bearish,Bearish,Bearish,Bearish Alignment,Strong Bearish Alignment,Top to Down,Against then Recovered,Worked and Remained,Exceeded Half then Reversed,0.6,0.4,-0.36,-0.28,0.75,0.0,11.53,Low (<15),2024,57082.0,36566.0,-100347.0,-33295.0,-309859.0,-404232.0,Bullish,Bearish,False,True,False
2024-04-16,22125.3,22213.75,22079.45,22177.45,Green,+0.24%,-0.04,88.45,45.85,Strong Bearish,Strong Bearish,Bearish,Bearish,Bearish Alignment,Strong Bearish Alignment,Down to Up,Worked then Reversed,Reversed by Close,Reversed Before Half,0.65,0.4,-0.21,0.24,0.61,0.0,12.47,Low (<15),2024,18627.0,-109395.0,-180786.0,-32964.0,-636353.0,-513027.0,Bullish,Bearish,False,True,False
2024-04-18,22212.35,22326.5,21961.7,22045.75,Red,-0.75%,0.98,114.15,250.65,Neutral,Strong Bullish,Neutral,Bullish,Neutral/Unclear,None,Top to Down,N/A,N/A,N/A,0.66,0.51,-1.13,-0.75,1.64,1.0,12.62,Low (<15),2024,-12757.0,102667.0,-1932.0,-38896.0,-283375.0,-520936.0,Bearish,Bearish,False,False,False
2024-04-19,21861.5,22179.55,21777.65,22149.7,Green,+1.32%,1.16,318.05,83.85,Mildly Bearish,Strong Bearish,Bearish,Bearish,Bearish Alignment,None,Down to Up,Worked then Reversed,Reversed by Close,Exceeded Half then Reversed,0.68,1.45,-0.38,1.32,1.84,0.0,13.04,Low (<15),2024,-83852.0,220456.0,90396.0,-17112.0,-332641.0,-435248.0,Bearish,Bearish,True,True,True
2024-04-22,22336.9,22375.65,22198.15,22370.5,Green,+0.15%,0.09,38.75,138.75,Neutral,Strong Bullish,Neutral,Bullish,Neutral/Unclear,None,Down to Up,N/A,N/A,N/A,0.7,0.17,-0.62,0.15,0.79,0.0,13.46,Low (<15),2024,-79398.0,276731.0,160789.0,-13310.0,-200595.0,-653608.0,Bearish,Bearish,False,False,False
2024-04-23,22447.05,22447.55,22349.45,22361.0,Red,-0.38%,-0.22,0.5,97.6,Mildly Bullish,Bullish,Bullish,Bullish,Bullish Alignment,None,Top to Down,Worked then Reversed,Reversed by Close,Reversed Before Half,0.66,0.0,-0.43,-0.38,0.44,0.0,12.7,Low (<15),2024,-85299.0,223394.0,54861.0,-8254.0,-224537.0,-737569.0,Bearish,Bearish,False,False,False
2024-04-24,22421.55,22476.45,22384.0,22412.2,Red,-0.04%,-0.12,54.9,37.55,Strong Bearish,Strong Bearish,Bearish,Bearish,Bearish Alignment,Strong Bearish Alignment,Top to Down,Against then Recovered,Worked and Remained,Reversed Before Half,0.53,0.24,-0.17,-0.04,0.41,0.0,10.2,Low (<15),2024,-85321.0,138718.0,104461.0,-9956.0,-392681.0,-720677.0,Bearish,Bearish,True,True,True
2024-04-25,22316.9,22625.95,22305.25,22559.25,Green,+1.09%,0.9,309.05,11.65,Bullish,Mildly Bullish,Bullish,Bullish,Bullish Alignment,None,Down to Up,Against then Recovered,Worked and Remained,Exceeded Half then Reversed,0.54,1.38,-0.05,1.09,1.44,1.0,10.28,Low (<15),2024,-100759.0,237285.0,115477.0,-1403.0,-279417.0,-638927.0,Bearish,Bearish,False,False,False
2024-04-26,22620.4,22620.4,22385.55,22450.2,Red,-0.75%,0.48,0.0,234.85,Strong Bullish,Strong Bullish,Bullish,Bullish,Bullish Alignment,Strong Bullish Alignment,Top to Down,Worked then Reversed,Reversed by Close,Reversed Before Half,0.56,0.0,-1.04,-0.75,1.04,0.0,10.73,Low (<15),2024,-29888.0,251472.0,88069.0,-16557.0,-143852.0,-625142.0,Bearish,Bearish,False,False,False
2024-04-29,22475.55,22655.8,22441.9,22633.15,Green,+0.7%,0.38,180.25,33.65,Strong Bearish,Strong Bearish,Bearish,Bearish,Bearish Alignment,Strong Bearish Alignment,Down to Up,Worked then Reversed,Reversed by Close,Reversed Before Half,0.57,0.8,-0.15,0.7,0.95,0.0,10.93,Low (<15),2024,-75443.0,377955.0,402800.0,-25465.0,-227028.0,-310040.0,Bearish,Bearish,True,True,True
2024-04-30,22679.65,22783.35,22568.4,22587.75,Red,-0.41%,0.31,103.7,111.25,Strong Bullish,Strong Bullish,Bullish,Bullish,Bullish Alignment,Strong Bullish Alignment,Top to Down,Worked then Reversed,Reversed by Close,Exceeded Half then Reversed,0.64,0.46,-0.49,-0.41,0.95,0.0,12.24,Low (<15),2024,-22350.0,432765.0,373743.0,-31287.0,4506.0,-889056.0,Bearish,Bearish,False,False,False
2024-05-02,22567.85,22710.5,22567.85,22656.75,Green,+0.39%,-0.04,142.65,0.0,Neutral,Strong Bearish,Neutral,Bearish,Neutral/Unclear,None,Down to Up,N/A,N/A,N/A,0.67,0.63,0.0,0.39,0.63,1.0,12.87,Low (<15),2024,40060.0,532103.0,523352.0,-39473.0,-199589.0,-622022.0,Bullish,Bearish,False,True,False
2024-05-03,22766.35,22794.7,22348.05,22456.7,Red,-1.36%,1.26,28.35,418.3,Neutral,Bearish,Neutral,Bearish,Neutral/Unclear,None,Top to Down,N/A,N/A,N/A,0.7,0.12,-1.84,-1.36,1.96,0.0,13.45,Low (<15),2024,49249.0,407225.0,415227.0,-37270.0,-266801.0,-619122.0,Bullish,Bearish,False,True,False
2024-05-06,22561.6,22588.8,22409.45,22458.0,Red,-0.46%,0.02,27.2,152.15,Strong Bearish,Strong Bearish,Bearish,Bearish,Bearish Alignment,Strong Bearish Alignment,Top to Down,Against then Recovered,Worked and Remained,Exceeded Half then Reversed,0.77,0.12,-0.67,-0.46,0.79,0.0,14.62,Low (<15),2024,-23085.0,314799.0,391850.0,-27738.0,-391153.0,-241376.0,Bearish,Bearish,True,True,True
2024-05-07,22489.75,22499.05,22232.05,22304.5,Red,-0.82%,0.32,9.3,257.7,Mildly Bullish,Neutral,Bullish,Neutral,Neutral/Unclear,None,Top to Down,N/A,N/A,N/A,0.87,0.04,-1.15,-0.82,1.19,0.0,16.6,Normal (15-20),2024,-11404.0,273581.0,325011.0,-29701.0,-433003.0,-304199.0,Bearish,Bearish,False,False,False
2024-05-08,22231.2,22368.65,22185.2,22306.75,Green,+0.34%,-0.06,137.45,46.0,Strong Bearish,Strong Bearish,Bearish,Bearish,Bearish Alignment,Strong Bearish Alignment,Down to Up,Worked then Reversed,Reversed by Close,Reversed Before Half,0.89,0.62,-0.21,0.34,0.83,0.0,17.01,Normal (15-20),2024,-41084.0,245653.0,424974.0,-34892.0,-743707.0,-365656.0,Bearish,Bearish,True,True,True
2024-05-09,22224.8,22307.75,21932.4,21968.15,Red,-1.15%,0.8,82.95,292.4,Bullish,Strong Bullish,Bullish,Bullish,Bullish Alignment,Strong Bullish Alignment,Top to Down,Worked then Reversed,Reversed by Close,Reversed Before Half,0.89,0.37,-1.32,-1.15,1.69,1.0,17.08,Normal (15-20),2024,-67614.0,229199.0,311432.0,-49888.0,-429451.0,-390086.0,Bearish,Bearish,False,False,False
2024-05-10,21990.95,22131.3,21950.3,22054.0,Green,+0.29%,-0.13,140.35,40.65,Strong Bearish,Strong Bearish,Bearish,Bearish,Bearish Alignment,Strong Bearish Alignment,Down to Up,Worked then Reversed,Reversed by Close,Reversed Before Half,0.95,0.64,-0.18,0.29,0.82,0.0,18.2,Normal (15-20),2024,-133228.0,50214.0,268986.0,-42432.0,-557225.0,-300238.0,Bearish,Bearish,True,True,True
2024-05-13,22027.95,22131.65,21821.05,22119.4,Green,+0.42%,0.44,103.7,206.9,Neutral,Strong Bullish,Neutral,Bullish,Neutral/Unclear,None,Down to Up,N/A,N/A,N/A,0.97,0.47,-0.94,0.42,1.41,0.0,18.47,Normal (15-20),2024,-135240.0,2656.0,204675.0,-54296.0,-409811.0,-340963.0,Bearish,Bearish,False,False,False
2024-05-14,22126.5,22270.05,22081.25,22223.8,Green,+0.44%,-0.23,143.55,45.25,Bullish,Strong Bullish,Bullish,Bullish,Bullish Alignment,Strong Bullish Alignment,Down to Up,Against then Recovered,Worked and Remained,Exceeded Half then Reversed,1.08,0.65,-0.2,0.44,0.85,0.0,20.6,Elevated (20-30),2024,-150067.0,-19600.0,75528.0,-61697.0,-256082.0,-555400.0,Bearish,Bearish,False,False,False
2024-05-15,22255.6,22297.55,22151.75,22210.4,Red,-0.2%,-0.4,41.95,103.85,Neutral,Neutral,Neutral,Neutral,Neutral/Unclear,None,Top to Down,N/A,N/A,N/A,1.06,0.19,-0.47,-0.2,0.66,0.0,20.2,Elevated (20-30),2024,-189590.0,159878.0,215429.0,-44795.0,-314668.0,-625018.0,Bearish,Bearish,False,False,False
2024-05-17,22415.25,22502.15,22345.65,22465.55,Green,+0.22%,-0.35,86.9,69.6,Neutral,Strong Bullish,Neutral,Bullish,Neutral/Unclear,None,Down to Up,N/A,N/A,N/A,1.05,0.39,-0.31,0.22,0.7,0.0,20.0,Elevated (20-30),2024,-203874.0,149852.0,219981.0,-30031.0,-231042.0,-635124.0,Bearish,Bearish,False,False,False
2024-05-18,22512.85,22519.85,22470.1,22506.8,Red,-0.03%,-0.82,7.0,42.75,Bullish,Strong Bullish,Bullish,Bullish,Bullish Alignment,Strong Bullish Alignment,Top to Down,Worked then Reversed,Reversed by Close,Reversed Before Half,1.04,0.03,-0.19,-0.03,0.22,0.0,19.8,Normal (15-20),2024,-193105.0,163257.0,170637.0,-38109.0,-204511.0,-736186.0,Bearish,Bearish,False,False,False
2024-05-21,22404.55,22591.1,22404.55,22507.55,Green,+0.46%,-0.24,186.55,0.0,Bullish,Strong Bullish,Bullish,Bullish,Bullish Alignment,Strong Bullish Alignment,Down to Up,Against then Recovered,Worked and Remained,Exceeded Half then Reversed,1.07,0.83,0.0,0.46,0.83,0.0,20.53,Elevated (20-30),2024,-182336.0,176662.0,121293.0,-46187.0,-177980.0,-837248.0,Bearish,Bearish,False,False,False
2024-05-22,22576.6,22629.5,22483.15,22620.5,Green,+0.19%,-0.49,52.9,93.45,Neutral,Strong Bearish,Neutral,Bearish,Neutral/Unclear,None,Down to Up,N/A,N/A,N/A,1.14,0.23,-0.41,0.19,0.65,0.0,21.81,Elevated (20-30),2024,-145474.0,184989.0,150620.0,-46659.0,-255823.0,-777436.0,Bearish,Bearish,False,True,False
2024-05-23,22614.1,22993.6,22577.45,22951.0,Green,+1.49%,0.72,379.5,36.65,Bullish,Strong Bullish,Bullish,Bullish,Bullish Alignment,Strong Bullish Alignment,Down to Up,Against then Recovered,Worked and Remained,Exceeded Half then Reversed,1.12,1.68,-0.16,1.49,1.84,1.0,21.47,Elevated (20-30),2024,-153255.0,272389.0,160983.0,-33883.0,-130222.0,-839652.0,Bearish,Bearish,False,False,False
2024-05-24,22930.75,23026.4,22908.0,22952.0,Green,+0.09%,-0.6,95.65,22.75,Strong Bullish,Strong Bullish,Bullish,Bullish,Bullish Alignment,Strong Bullish Alignment,Down to Up,Against then Recovered,Worked and Remained,Reversed Before Half,1.12,0.42,-0.1,0.09,0.52,0.0,21.38,Elevated (20-30),2024,-31840.0,218620.0,82093.0,-44138.0,-97241.0,-1020006.0,Bearish,Bearish,False,False,False
2024-05-27,23038.95,23110.8,22871.2,22931.05,Red,-0.47%,-0.1,71.85,167.75,Bullish,Strong Bearish,Bullish,Bearish,Mixed,None,Top to Down,N/A,N/A,N/A,1.14,0.31,-0.73,-0.47,1.04,0.0,21.71,Elevated (20-30),2024,50653.0,184181.0,32478.0,-75564.0,-276914.0,-1020140.0,Bullish,Bearish,True,True,True
2024-05-28,22977.15,22998.55,22858.5,22868.65,Red,-0.47%,-0.6,21.4,118.65,Neutral,Strong Bearish,Neutral,Bearish,Neutral/Unclear,None,Top to Down,N/A,N/A,N/A,1.21,0.09,-0.52,-0.47,0.61,0.0,23.19,Elevated (20-30),2024,88573.0,47393.0,-85374.0,-91345.0,-380193.0,-964357.0,Bullish,Bearish,False,True,False
2024-05-29,22762.75,22825.5,22685.45,22705.8,Red,-0.25%,-0.65,62.75,77.3,Mildly Bullish,Strong Bearish,Bullish,Bearish,Mixed,None,Top to Down,N/A,N/A,N/A,1.27,0.28,-0.34,-0.25,0.62,0.0,24.2,Elevated (20-30),2024,113970.0,104875.0,-40350.0,-123740.0,-523402.0,-1007486.0,Bullish,Bearish,True,True,True
2024-05-30,22617.45,22705.75,22417.0,22557.1,Red,-0.27%,0.01,88.3,200.45,Strong Bearish,Bearish,Bearish,Bearish,Bearish Alignment,Strong Bearish Alignment,Top to Down,Against then Recovered,Worked and Remained,Exceeded Half then Reversed,1.27,0.39,-0.89,-0.27,1.28,1.0,24.18,Elevated (20-30),2024,61305.0,272003.0,194781.0,-128992.0,-461189.0,-873003.0,Bullish,Bearish,False,True,False
2024-05-31,22568.1,22653.75,22465.1,22550.45,Red,-0.08%,-0.43,85.65,103.0,Strong Bearish,Neutral,Bearish,Neutral,Neutral/Unclear,None,Top to Down,N/A,N/A,N/A,1.27,0.38,-0.46,-0.08,0.84,0.0,24.18,Elevated (20-30),2024,-231287.0,-273637.0,-199314.0,-36856.0,-426627.0,-741755.0,Bearish,Bearish,True,False,False
2024-06-03,23337.9,23338.7,23062.3,23305.95,Red,-0.14%,-0.11,0.8,275.6,Neutral,Mildly Bearish,Neutral,Bearish,Neutral/Unclear,None,Top to Down,N/A,N/A,N/A,1.29,0.0,-1.18,-0.14,1.18,0.0,24.6,Elevated (20-30),2024,-251856.0,-512857.0,-479333.0,-32898.0,-526879.0,-792143.0,Bearish,Bearish,False,True,False
2024-06-04,23179.5,23179.5,21281.45,21996.45,Red,-5.1%,7.09,0.0,1898.05,Strong Bullish,Strong Bullish,Bullish,Bullish,Bullish Alignment,Strong Bullish Alignment,Top to Down,Worked then Reversed,Reversed by Close,Reversed Before Half,1.1,0.0,-8.19,-5.1,8.19,0.0,20.94,Elevated (20-30),2024,-130433.0,-644103.0,-680274.0,-40157.0,-637275.0,-1043298.0,Bearish,Bearish,False,False,False
2024-06-05,22128.35,22670.4,21791.95,22573.0,Green,+2.01%,2.57,542.05,336.4,Strong Bearish,Strong Bearish,Bearish,Bearish,Bearish Alignment,Strong Bearish Alignment,Down to Up,Worked then Reversed,Reversed by Close,Exceeded Half then Reversed,1.4,2.45,-1.52,2.01,3.97,0.0,26.75,Elevated (20-30),2024,-288868.0,-710399.0,-537798.0,-27917.0,-1164491.0,-998695.0,Bearish,Bearish,True,True,True
2024-06-06,22798.6,22910.15,22642.6,22849.05,Green,+0.22%,0.18,111.55,156.0,Strong Bullish,Strong Bullish,Bullish,Bullish,Bullish Alignment,Strong Bullish Alignment,Down to Up,Against then Recovered,Worked and Remained,Reversed Before Half,0.99,0.49,-0.68,0.22,1.17,1.0,18.89,Normal (15-20),2024,-245096.0,-240034.0,-240719.0,16029.0,-787326.0,-981054.0,Bearish,Bullish,False,True,False
2024-06-07,22821.85,23320.2,22789.05,23270.05,Green,+1.96%,1.45,498.35,32.8,Strong Bullish,Strong Bullish,Bullish,Bullish,Bullish Alignment,Strong Bullish Alignment,Down to Up,Against then Recovered,Worked and Remained,Exceeded Half then Reversed,0.88,2.18,-0.14,1.96,2.33,0.0,16.8,Normal (15-20),2024,-220915.0,46777.0,-167372.0,30594.0,-538463.0,-824752.0,Bearish,Bullish,False,True,False
2024-06-10,23319.15,23411.9,23227.15,23234.45,Red,-0.36%,-0.09,92.75,92.0,Bullish,Strong Bullish,Bullish,Bullish,Bullish Alignment,Strong Bullish Alignment,Top to Down,Worked then Reversed,Reversed by Close,Reversed Before Half,0.88,0.4,-0.39,-0.36,0.79,0.0,16.88,Normal (15-20),2024,-126331.0,67051.0,-104462.0,22765.0,-383637.0,-999197.0,Bearish,Bullish,False,True,False
2024-06-11,23283.75,23389.45,23206.65,23261.8,Red,-0.09%,-0.07,105.7,77.1,Strong Bullish,Strong Bearish,Bullish,Bearish,Mixed,None,Top to Down,N/A,N/A,N/A,0.86,0.45,-0.33,-0.09,0.79,0.0,16.4,Normal (15-20),2024,-77393.0,36175.0,-196529.0,5457.0,-607522.0,-978426.0,Bearish,Bullish,False,False,False
2024-06-12,23344.45,23441.95,23295.95,23308.4,Red,-0.15%,-0.14,97.5,48.5,Bullish,Strong Bullish,Bullish,Bullish,Bullish Alignment,Strong Bullish Alignment,Top to Down,Worked then Reversed,Reversed by Close,Exceeded Half then Reversed,0.77,0.42,-0.21,-0.15,0.63,0.0,14.77,Low (<15),2024,-59253.0,28987.0,-281591.0,-3091.0,-552993.0,-1056932.0,Bearish,Bearish,False,False,False
2024-06-13,23480.95,23481.05,23353.9,23399.35,Red,-0.35%,-0.21,0.1,127.05,Mildly Bullish,Strong Bullish,Bullish,Bullish,Bullish Alignment,None,Top to Down,Worked then Reversed,Reversed by Close,Reversed Before Half,0.75,0.0,-0.54,-0.35,0.54,1.0,14.39,Low (<15),2024,-13527.0,191656.0,-123034.0,-7782.0,-394040.0,-1035970.0,Bearish,Bearish,False,False,False
2024-06-14,23464.95,23490.4,23334.25,23454.15,Red,-0.05%,-0.04,25.45,130.7,Bullish,Bearish,Bullish,Bearish,Mixed,None,Top to Down,N/A,N/A,N/A,0.71,0.11,-0.56,-0.05,0.67,0.0,13.49,Low (<15),2024,31671.0,219822.0,-120662.0,-24145.0,-338228.0,-934210.0,Bullish,Bearish,True,True,True
2024-06-18,23570.8,23579.05,23499.7,23562.3,Red,-0.04%,-0.33,8.25,71.1,Neutral,Strong Bullish,Neutral,Bullish,Neutral/Unclear,None,Top to Down,N/A,N/A,N/A,0.67,0.04,-0.3,-0.04,0.34,0.0,12.82,Low (<15),2024,42096.0,357502.0,21662.0,-17415.0,-254521.0,-978672.0,Bullish,Bearish,False,False,False
2024-06-19,23629.85,23664.0,23412.9,23521.4,Red,-0.46%,0.38,34.15,216.95,Neutral,Strong Bullish,Neutral,Bullish,Neutral/Unclear,None,Top to Down,N/A,N/A,N/A,0.68,0.14,-0.92,-0.46,1.06,0.0,12.97,Low (<15),2024,53659.0,563173.0,223546.0,-19207.0,-155910.0,-1137836.0,Bullish,Bearish,False,False,False
2024-06-20,23586.15,23624.0,23442.6,23579.15,Red,-0.03%,0.05,37.85,143.55,Bullish,Strong Bearish,Bullish,Bearish,Mixed,None,Top to Down,N/A,N/A,N/A,0.72,0.16,-0.61,-0.03,0.77,1.0,13.71,Low (<15),2024,110570.0,530633.0,187676.0,-12247.0,-190546.0,-953748.0,Bullish,Bearish,True,True,True
2024-06-21,23661.15,23667.1,23398.2,23453.15,Red,-0.88%,0.44,5.95,262.95,Bullish,Strong Bullish,Bullish,Bullish,Bullish Alignment,Strong Bullish Alignment,Top to Down,Worked then Reversed,Reversed by Close,Reversed Before Half,0.7,0.03,-1.11,-0.88,1.14,0.0,13.35,Low (<15),2024,138976.0,311878.0,-97154.0,-3319.0,-141352.0,-1024988.0,Bullish,Bearish,True,False,False
2024-06-24,23382.3,23558.1,23350.0,23548.65,Green,+0.71%,0.2,175.8,32.3,Bearish,Strong Bearish,Bearish,Bearish,Bearish Alignment,Strong Bearish Alignment,Down to Up,Worked then Reversed,Reversed by Close,Reversed Before Half,0.69,0.75,-0.14,0.71,0.89,0.0,13.18,Low (<15),2024,140502.0,238184.0,-104600.0,-13961.0,-215747.0,-798962.0,Bullish,Bearish,False,True,False
2024-06-25,23577.1,23754.15,23562.05,23721.9,Green,+0.61%,0.07,177.05,15.05,Mildly Bullish,Strong Bullish,Bullish,Bullish,Bullish Alignment,None,Down to Up,Against then Recovered,Worked and Remained,Exceeded Half then Reversed,0.74,0.75,-0.06,0.61,0.81,0.0,14.06,Low (<15),2024,168181.0,298755.0,-46563.0,-14961.0,-107477.0,-1084354.0,Bullish,Bearish,True,False,False
2024-06-26,23723.1,23889.9,23670.45,23840.25,Green,+0.49%,0.18,166.8,52.65,Neutral,Strong Bullish,Neutral,Bullish,Neutral/Unclear,None,Down to Up,N/A,N/A,N/A,0.75,0.7,-0.22,0.49,0.93,0.0,14.31,Low (<15),2024,207346.0,596696.0,281837.0,-267.0,-155994.0,-1387633.0,Bullish,Bearish,False,False,False
2024-06-27,23881.55,24087.45,23805.4,24036.1,Green,+0.65%,0.44,205.9,76.15,Bullish,Strong Bearish,Bullish,Bearish,Mixed,None,Down to Up,N/A,N/A,N/A,0.74,0.86,-0.32,0.65,1.18,1.0,14.05,Low (<15),2024,269301.0,539950.0,198927.0,-39282.0,-168241.0,-1105398.0,Bullish,Bearish,True,True,True
2024-06-28,24085.9,24174.0,23985.8,24009.8,Red,-0.32%,0.04,88.1,100.1,Strong Bullish,Bearish,Bullish,Bearish,Mixed,None,Top to Down,N/A,N/A,N/A,0.74,0.37,-0.42,-0.32,0.78,0.0,14.15,Low (<15),2024,385626.0,295624.0,-118303.0,-60310.0,-152742.0,-1017616.0,Bullish,Bearish,True,True,True
2024-07-01,23992.95,24164.0,23992.7,24123.15,Green,+0.54%,-0.01,171.05,0.25,Mildly Bullish,Strong Bearish,Bullish,Bearish,Mixed,None,Down to Up,N/A,N/A,N/A,0.72,0.71,-0.0,0.54,0.71,0.0,13.8,Low (<15),2024,413394.0,333588.0,-89736.0,-74057.0,-443200.0,-922712.0,Bullish,Bearish,True,True,True
2024-07-02,24228.75,24236.35,24056.4,24117.8,Red,-0.46%,0.02,7.6,172.35,Neutral,Strong Bullish,Neutral,Bullish,Neutral/Unclear,None,Top to Down,N/A,N/A,N/A,0.72,0.03,-0.71,-0.46,0.74,0.0,13.83,Low (<15),2024,416584.0,229573.0,-212196.0,-75000.0,-270398.0,-1128802.0,Bullish,Bearish,False,False,False
2024-07-03,24291.75,24309.15,24207.1,24290.8,Flat,-0.0%,-0.29,17.4,84.65,Neutral,Strong Bearish,Neutral,Bearish,Neutral/Unclear,None,Top to Down,N/A,N/A,N/A,0.71,0.07,-0.35,-0.0,0.42,0.0,13.64,Low (<15),2024,413464.0,171516.0,-271442.0,-74220.0,-332740.0,-966833.0,Bullish,Bearish,False,True,False
2024-07-04,24369.95,24401.0,24281.0,24304.65,Red,-0.27%,-0.2,31.05,88.95,Bullish,Strong Bullish,Bullish,Bullish,Bullish Alignment,Strong Bullish Alignment,Top to Down,Worked then Reversed,Reversed by Close,Reversed Before Half,0.69,0.13,-0.36,-0.27,0.49,1.0,13.21,Low (<15),2024,445306.0,335112.0,-154374.0,-69466.0,-129137.0,-1049150.0,Bullish,Bearish,True,False,False
2024-07-05,24213.35,24363.0,24168.85,24316.75,Green,+0.43%,0.13,149.65,44.5,Neutral,Bearish,Neutral,Bearish,Neutral/Unclear,None,Down to Up,N/A,N/A,N/A,0.67,0.62,-0.18,0.43,0.8,0.0,12.86,Low (<15),2024,458668.0,511757.0,11702.0,-73068.0,-210138.0,-1054439.0,Bullish,Bearish,False,True,False
2024-07-08,24329.45,24344.6,24240.55,24331.05,Green,+0.01%,-0.23,15.15,88.9,Strong Bearish,Neutral,Bearish,Neutral,Neutral/Unclear,None,Down to Up,N/A,N/A,N/A,0.66,0.06,-0.37,0.01,0.43,0.0,12.7,Low (<15),2024,450845.0,730963.0,329570.0,-79902.0,-41164.0,-894911.0,Bullish,Bearish,False,False,False
2024-07-09,24351.0,24443.6,24331.9,24417.25,Green,+0.27%,-0.25,92.6,19.1,Strong Bullish,Strong Bearish,Bullish,Bearish,Mixed,None,Down to Up,N/A,N/A,N/A,0.71,0.38,-0.08,0.27,0.46,0.0,13.6,Low (<15),2024,443522.0,717759.0,201499.0,-82728.0,-432018.0,-956900.0,Bullish,Bearish,True,True,True
2024-07-10,24459.85,24461.05,24141.8,24312.4,Red,-0.6%,0.56,1.2,318.05,Strong Bearish,Strong Bullish,Bearish,Bullish,Mixed,None,Top to Down,N/A,N/A,N/A,0.75,0.0,-1.3,-0.6,1.31,0.0,14.28,Low (<15),2024,452454.0,459605.0,59092.0,-75715.0,-297927.0,-1014743.0,Bullish,Bearish,False,False,False
2024-07-11,24396.55,24402.65,24193.75,24338.5,Red,-0.24%,0.1,6.1,202.8,Bearish,Strong Bearish,Bearish,Bearish,Bearish Alignment,Strong Bearish Alignment,Top to Down,Against then Recovered,Worked and Remained,Exceeded Half then Reversed,0.76,0.03,-0.83,-0.24,0.86,1.0,14.43,Low (<15),2024,404717.0,476356.0,95203.0,-73846.0,-220221.0,-801722.0,Bullish,Bearish,False,True,False
2024-07-12,24387.95,24592.2,24331.15,24512.4,Green,+0.51%,0.34,204.25,56.8,Bullish,Strong Bullish,Bullish,Bullish,Bullish Alignment,Strong Bullish Alignment,Down to Up,Against then Recovered,Worked and Remained,Exceeded Half then Reversed,0.73,0.84,-0.23,0.51,1.07,0.0,14.0,Low (<15),2024,373003.0,178403.0,-302823.0,-61402.0,-3335.0,-799879.0,Bullish,Bearish,True,False,False
2024-07-16,24615.9,24661.25,24587.65,24601.1,Red,-0.06%,-0.44,45.35,28.25,Bullish,Strong Bullish,Bullish,Bullish,Bullish Alignment,Strong Bullish Alignment,Top to Down,Worked then Reversed,Reversed by Close,Reversed Before Half,0.74,0.18,-0.11,-0.06,0.3,0.0,14.19,Low (<15),2024,393576.0,346551.0,-174702.0,-75270.0,16468.0,-1013756.0,Bullish,Bearish,True,False,False
2024-07-18,24543.8,24837.75,24504.45,24779.35,Green,+0.96%,0.62,293.95,39.35,Neutral,Strong Bearish,Neutral,Bearish,Neutral/Unclear,None,Down to Up,N/A,N/A,N/A,0.74,1.2,-0.16,0.96,1.36,1.0,14.22,Low (<15),2024,393091.0,478207.0,-64557.0,-79597.0,-47880.0,-837096.0,Bullish,Bearish,False,True,False
2024-07-19,24853.8,24854.8,24508.15,24525.85,Red,-1.32%,0.63,1.0,345.65,Bullish,Bullish,Bullish,Bullish,Bullish Alignment,Strong Bullish Alignment,Top to Down,Worked then Reversed,Reversed by Close,Reversed Before Half,0.76,0.0,-1.39,-1.32,1.39,0.0,14.51,Low (<15),2024,435835.0,386844.0,-210165.0,-82688.0,-101200.0,-945202.0,Bullish,Bearish,True,False,False
2024-07-22,24445.75,24595.2,24362.3,24515.9,Green,+0.29%,0.17,149.45,83.45,Strong Bearish,Strong Bearish,Bearish,Bearish,Bearish Alignment,Strong Bearish Alignment,Down to Up,Worked then Reversed,Reversed by Close,Reversed Before Half,0.78,0.61,-0.34,0.29,0.95,0.0,14.83,Low (<15),2024,403768.0,391728.0,-2630.0,-92738.0,-470328.0,-772791.0,Bullish,Bearish,False,True,False
2024-07-23,24568.9,24582.55,24074.2,24476.4,Red,-0.38%,1.26,13.65,494.7,Mildly Bullish,Strong Bullish,Bullish,Bullish,Bullish Alignment,None,Top to Down,Worked then Reversed,Reversed by Close,Reversed Before Half,0.81,0.06,-2.01,-0.38,2.07,0.0,15.44,Normal (15-20),2024,383672.0,490066.0,44996.0,-106072.0,-639446.0,-1103630.0,Bullish,Bearish,True,False,False
2024-07-24,24444.95,24504.25,24307.25,24441.9,Red,-0.01%,0.14,59.3,137.7,Strong Bearish,Strong Bearish,Bearish,Bearish,Bearish Alignment,Strong Bearish Alignment,Top to Down,Against then Recovered,Worked and Remained,Exceeded Half then Reversed,0.67,0.24,-0.56,-0.01,0.81,0.0,12.75,Low (<15),2024,328901.0,330731.0,-18177.0,-113812.0,-848091.0,-1053222.0,Bullish,Bearish,False,True,False
2024-07-25,24230.95,24426.15,24210.8,24415.0,Green,+0.76%,0.27,195.2,20.15,Bearish,Bullish,Bearish,Bullish,Mixed,None,Down to Up,N/A,N/A,N/A,0.62,0.81,-0.08,0.76,0.89,1.0,11.76,Low (<15),2024,285843.0,508052.0,178089.0,-137663.0,-717043.0,-1036160.0,Bullish,Bearish,False,False,False
2024-07-26,24423.35,24861.15,24410.9,24851.75,Green,+1.75%,1.18,437.8,12.45,Bullish,Bullish,Bullish,Bullish,Bullish Alignment,Strong Bullish Alignment,Down to Up,Against then Recovered,Worked and Remained,Exceeded Half then Reversed,0.66,1.79,-0.05,1.75,1.84,0.0,12.62,Low (<15),2024,108164.0,359804.0,-225563.0,-21707.0,-494029.0,-761584.0,Bullish,Bearish,True,False,False
2024-07-29,24943.3,24999.75,24774.6,24840.95,Red,-0.41%,0.26,56.45,168.7,Mildly Bullish,Strong Bullish,Bullish,Bullish,Bullish Alignment,None,Top to Down,Worked then Reversed,Reversed by Close,Reversed Before Half,0.64,0.23,-0.68,-0.41,0.9,0.0,12.25,Low (<15),2024,177925.0,478343.0,-81693.0,-28994.0,-201869.0,-1004388.0,Bullish,Bearish,True,False,False
2024-07-30,24839.4,24971.75,24798.65,24840.9,Green,+0.01%,0.02,132.35,40.75,Neutral,Strong Bearish,Neutral,Bearish,Neutral/Unclear,None,Down to Up,N/A,N/A,N/A,0.68,0.53,-0.16,0.01,0.7,0.0,12.95,Low (<15),2024,197185.0,405180.0,-112577.0,-55664.0,-628108.0,-949834.0,Bullish,Bearish,False,True,False
2024-07-31,24886.7,24984.6,24856.5,24979.3,Green,+0.37%,-0.16,97.9,30.2,Neutral,Strong Bullish,Neutral,Bullish,Neutral/Unclear,None,Down to Up,N/A,N/A,N/A,0.67,0.39,-0.12,0.37,0.51,0.0,12.88,Low (<15),2024,203265.0,469867.0,-62877.0,-53991.0,-515892.0,-1064349.0,Bullish,Bearish,False,False,False
2024-08-01,25030.95,25078.3,24956.4,25006.0,Red,-0.1%,-0.2,47.35,74.55,Strong Bearish,Strong Bullish,Bearish,Bullish,Mixed,None,Top to Down,N/A,N/A,N/A,0.69,0.19,-0.3,-0.1,0.49,1.0,13.25,Low (<15),2024,189968.0,515325.0,136587.0,-23813.0,-415755.0,-1163633.0,Bullish,Bearish,False,False,False
2024-08-02,24789.0,24851.9,24686.85,24699.45,Red,-0.36%,-0.01,62.9,102.15,Strong Bullish,Strong Bearish,Bullish,Bearish,Mixed,None,Top to Down,N/A,N/A,N/A,0.68,0.25,-0.41,-0.36,0.67,0.0,12.93,Low (<15),2024,212027.0,324863.0,-144597.0,-27380.0,-411518.0,-877902.0,Bullish,Bearish,True,True,True
2024-08-05,24302.85,24350.05,23893.7,24051.8,Red,-1.03%,1.13,47.2,409.15,Strong Bearish,Strong Bearish,Bearish,Bearish,Bearish Alignment,Strong Bearish Alignment,Top to Down,Against then Recovered,Worked and Remained,Exceeded Half then Reversed,0.75,0.19,-1.68,-1.03,1.88,0.0,14.32,Low (<15),2024,190857.0,519611.0,186339.0,-34744.0,-542049.0,-813784.0,Bullish,Bearish,False,True,False
2024-08-06,24189.85,24382.6,23960.4,24033.05,Red,-0.65%,0.68,192.75,229.45,Bearish,Strong Bearish,Bearish,Bearish,Bearish Alignment,Strong Bearish Alignment,Top to Down,Against then Recovered,Worked and Remained,Exceeded Half then Reversed,1.07,0.8,-0.95,-0.65,1.75,0.0,20.37,Elevated (20-30),2024,155933.0,360537.0,82220.0,-25676.0,-996038.0,-1015836.0,Bullish,Bearish,False,True,False
2024-08-07,24289.4,24337.7,24184.9,24315.25,Green,+0.11%,-0.35,48.3,104.5,Bearish,Strong Bearish,Bearish,Bearish,Bearish Alignment,Strong Bearish Alignment,Down to Up,Worked then Reversed,Reversed by Close,Reversed Before Half,0.98,0.2,-0.43,0.11,0.63,0.0,18.74,Normal (15-20),2024,124467.0,677668.0,463086.0,-33485.0,-1153261.0,-1066979.0,Bullish,Bearish,False,True,False
2024-08-08,24248.55,24340.5,24079.7,24098.7,Red,-0.62%,0.23,91.95,168.85,Strong Bearish,Strong Bullish,Bearish,Bullish,Mixed,None,Top to Down,N/A,N/A,N/A,0.85,0.38,-0.7,-0.62,1.08,1.0,16.17,Normal (15-20),2024,109729.0,798166.0,670790.0,-22376.0,-777698.0,-1138123.0,Bullish,Bearish,False,False,False
2024-08-09,24386.85,24419.75,24311.2,24364.4,Red,-0.09%,-0.42,32.9,75.65,Bearish,Bearish,Bearish,Bearish,Bearish Alignment,Strong Bearish Alignment,Top to Down,Against then Recovered,Worked and Remained,Reversed Before Half,0.87,0.13,-0.31,-0.09,0.45,0.0,16.6,Normal (15-20),2024,60641.0,349840.0,225681.0,-14669.0,-523717.0,-785265.0,Bullish,Bearish,False,True,False
2024-08-12,24320.05,24472.8,24212.1,24348.8,Green,+0.12%,0.27,152.75,107.95,Bullish,Strong Bullish,Bullish,Bullish,Bullish Alignment,Strong Bullish Alignment,Down to Up,Against then Recovered,Worked and Remained,Exceeded Half then Reversed,0.8,0.63,-0.44,0.12,1.07,0.0,15.34,Normal (15-20),2024,68025.0,369584.0,202798.0,-8091.0,-438936.0,-824464.0,Bullish,Bearish,True,False,False
2024-08-13,24342.35,24359.95,24116.5,24141.2,Red,-0.83%,0.17,17.6,225.85,Bullish,Bullish,Bullish,Bullish,Bullish Alignment,Strong Bullish Alignment,Top to Down,Worked then Reversed,Reversed by Close,Reversed Before Half,0.83,0.07,-0.93,-0.83,1.0,0.0,15.87,Normal (15-20),2024,60803.0,315180.0,74156.0,-18686.0,-403480.0,-858172.0,Bullish,Bearish,True,False,False
2024-08-14,24184.4,24196.5,24099.7,24144.5,Red,-0.16%,-0.45,12.1,84.7,Strong Bearish,Strong Bearish,Bearish,Bearish,Bearish Alignment,Strong Bearish Alignment,Top to Down,Against then Recovered,Worked and Remained,Reversed Before Half,0.85,0.05,-0.35,-0.16,0.4,1.0,16.17,Normal (15-20),2024,24512.0,404448.0,236824.0,-11505.0,-915663.0,-810868.0,Bullish,Bearish,False,True,False
2024-08-16,24334.85,24563.9,24204.5,24539.2,Green,+0.84%,0.67,229.05,130.35,Neutral,Strong Bullish,Neutral,Bullish,Neutral/Unclear,None,Down to Up,N/A,N/A,N/A,0.81,0.94,-0.54,0.84,1.48,0.0,15.44,Normal (15-20),2024,15201.0,408049.0,224133.0,-3830.0,-478852.0,-708123.0,Bullish,Bearish,False,False,False
2024-08-19,24636.35,24638.8,24522.95,24579.0,Red,-0.23%,-0.28,2.45,113.4,Strong Bullish,Strong Bullish,Bullish,Bullish,Bullish Alignment,Strong Bullish Alignment,Top to Down,Worked then Reversed,Reversed by Close,Reversed Before Half,0.75,0.01,-0.46,-0.23,0.47,0.0,14.4,Low (<15),2024,50007.0,425302.0,108545.0,-8054.0,-112911.0,-1002065.0,Bullish,Bearish,True,False,False
2024-08-20,24648.9,24734.3,24607.2,24672.85,Green,+0.1%,-0.23,85.4,41.7,Strong Bearish,Strong Bearish,Bearish,Bearish,Bearish Alignment,Strong Bearish Alignment,Down to Up,Worked then Reversed,Reversed by Close,Reversed Before Half,0.75,0.35,-0.17,0.1,0.52,0.0,14.32,Low (<15),2024,45398.0,225984.0,58916.0,-28354.0,-359902.0,-927048.0,Bullish,Bearish,False,True,False
2024-08-21,24680.55,24787.95,24654.5,24781.9,Green,+0.41%,-0.18,107.4,26.05,Bullish,Strong Bullish,Bullish,Bullish,Bullish Alignment,Strong Bullish Alignment,Down to Up,Against then Recovered,Worked and Remained,Exceeded Half then Reversed,0.72,0.44,-0.11,0.41,0.54,0.0,13.82,Low (<15),2024,71982.0,326840.0,109914.0,-25006.0,-270452.0,-1128866.0,Bullish,Bearish,True,False,False
2024-08-22,24863.4,24867.35,24784.45,24810.9,Red,-0.21%,-0.37,3.95,78.95,Neutral,Bearish,Neutral,Bearish,Neutral/Unclear,None,Top to Down,N/A,N/A,N/A,0.7,0.02,-0.32,-0.21,0.33,1.0,13.33,Low (<15),2024,63516.0,447922.0,195314.0,-21230.0,-328930.0,-1091474.0,Bullish,Bearish,False,True,False
2024-08-23,24845.4,24858.4,24771.65,24831.85,Red,-0.05%,-0.33,13.0,73.75,Mildly Bullish,Bearish,Bullish,Bearish,Mixed,None,Top to Down,N/A,N/A,N/A,0.68,0.05,-0.3,-0.05,0.35,0.0,13.0,Low (<15),2024,70617.0,443181.0,153905.0,-24395.0,-335828.0,-1002210.0,Bullish,Bearish,True,True,True
2024-08-26,24906.1,25043.8,24874.7,25011.45,Green,+0.42%,-0.03,137.7,31.4,Mildly Bearish,Mildly Bearish,Bearish,Bearish,Bearish Alignment,None,Down to Up,Worked then Reversed,Reversed by Close,Reversed Before Half,0.71,0.55,-0.13,0.42,0.68,0.0,13.55,Low (<15),2024,71365.0,363489.0,115640.0,-22374.0,-279122.0,-895986.0,Bullish,Bearish,False,True,False
2024-08-27,25024.8,25073.1,24973.65,24997.05,Red,-0.11%,-0.32,48.3,51.15,Neutral,Strong Bullish,Neutral,Bullish,Neutral/Unclear,None,Top to Down,N/A,N/A,N/A,0.72,0.19,-0.2,-0.11,0.4,0.0,13.8,Low (<15),2024,103097.0,412899.0,224811.0,-36542.0,-156185.0,-1135987.0,Bullish,Bearish,False,False,False
2024-08-28,25030.8,25129.6,24964.65,25044.85,Green,+0.06%,-0.05,98.8,66.15,Mildly Bearish,Bearish,Bearish,Bearish,Bearish Alignment,None,Down to Up,Worked then Reversed,Reversed by Close,Reversed Before Half,0.71,0.39,-0.26,0.06,0.66,0.0,13.63,Low (<15),2024,132034.0,327145.0,200511.0,-53194.0,-201230.0,-1120101.0,Bullish,Bearish,False,True,False
2024-08-29,25035.3,25192.9,24998.5,25156.75,Green,+0.49%,0.05,157.6,36.8,Mildly Bullish,Strong Bearish,Bullish,Bearish,Mixed,None,Down to Up,N/A,N/A,N/A,0.73,0.63,-0.15,0.49,0.78,1.0,13.95,Low (<15),2024,179914.0,387547.0,259112.0,-56910.0,-224569.0,-1009561.0,Bullish,Bearish,True,True,True
2024-08-30,25249.7,25268.35,25199.4,25247.0,Red,-0.01%,-0.45,18.65,50.3,Strong Bullish,Neutral,Bullish,Neutral,Neutral/Unclear,None,Top to Down,N/A,N/A,N/A,0.72,0.07,-0.2,-0.01,0.27,0.0,13.79,Low (<15),2024,255892.0,345591.0,94159.0,-61855.0,-125161.0,-903114.0,Bullish,Bearish,True,False,False
2024-09-02,25333.6,25333.65,25235.5,25273.9,Red,-0.24%,-0.31,0.05,98.1,Strong Bullish,Strong Bullish,Bullish,Bullish,Bullish Alignment,Strong Bullish Alignment,Top to Down,Worked then Reversed,Reversed by Close,Reversed Before Half,0.7,0.0,-0.39,-0.24,0.39,0.0,13.39,Low (<15),2024,289173.0,530567.0,148069.0,-77223.0,-159411.0,-1075218.0,Bullish,Bearish,True,False,False
2024-09-03,25313.4,25321.7,25235.8,25268.85,Red,-0.18%,-0.4,8.3,77.6,Bearish,Strong Bearish,Bearish,Bearish,Bearish Alignment,Strong Bearish Alignment,Top to Down,Against then Recovered,Worked and Remained,Reversed Before Half,0.74,0.03,-0.31,-0.18,0.34,0.0,14.06,Low (<15),2024,278986.0,455822.0,156619.0,-89775.0,-315646.0,-1042969.0,Bullish,Bearish,False,True,False
2024-09-04,25089.95,25216.0,25083.8,25206.35,Green,+0.46%,-0.19,126.05,6.15,Neutral,Strong Bullish,Neutral,Bullish,Neutral/Unclear,None,Down to Up,N/A,N/A,N/A,0.72,0.5,-0.02,0.46,0.53,0.0,13.84,Low (<15),2024,284203.0,456031.0,157048.0,-78772.0,-106078.0,-1126730.0,Bullish,Bearish,False,False,False
2024-09-05,25250.5,25275.45,25127.75,25144.8,Red,-0.42%,-0.17,24.95,122.75,Neutral,Strong Bearish,Neutral,Bearish,Neutral/Unclear,None,Top to Down,N/A,N/A,N/A,0.75,0.1,-0.49,-0.42,0.58,1.0,14.38,Low (<15),2024,265463.0,632665.0,306229.0,-92313.0,-339017.0,-1044944.0,Bullish,Bearish,False,True,False
2024-09-06,25093.7,25168.75,24801.3,24868.5,Red,-0.9%,0.72,75.05,292.4,Mildly Bullish,Bearish,Bullish,Bearish,Mixed,None,Top to Down,N/A,N/A,N/A,0.74,0.3,-1.17,-0.9,1.46,0.0,14.21,Low (<15),2024,255083.0,503713.0,120382.0,-85732.0,-267068.0,-878439.0,Bullish,Bearish,True,True,True
2024-09-09,24823.4,24957.5,24753.15,24942.25,Green,+0.48%,0.02,134.1,70.25,Strong Bearish,Strong Bearish,Bearish,Bearish,Bearish Alignment,Strong Bearish Alignment,Down to Up,Worked then Reversed,Reversed by Close,Reversed Before Half,0.8,0.54,-0.28,0.48,0.82,0.0,15.22,Normal (15-20),2024,207856.0,412091.0,155228.0,-97770.0,-753415.0,-764438.0,Bullish,Bearish,False,True,False
2024-09-10,24999.4,25130.5,24896.8,25052.1,Green,+0.21%,0.18,131.1,102.6,Strong Bullish,Strong Bullish,Bullish,Bullish,Bullish Alignment,Strong Bullish Alignment,Down to Up,Against then Recovered,Worked and Remained,Exceeded Half then Reversed,0.75,0.52,-0.41,0.21,0.93,0.0,14.24,Low (<15),2024,201783.0,687456.0,323129.0,-88045.0,-497304.0,-1052888.0,Bullish,Bearish,True,False,False
2024-09-11,25034.0,25113.7,24885.15,24951.8,Red,-0.33%,0.21,79.7,148.85,Neutral,Strong Bullish,Neutral,Bullish,Neutral/Unclear,None,Top to Down,N/A,N/A,N/A,0.7,0.32,-0.59,-0.33,0.91,0.0,13.36,Low (<15),2024,203492.0,672052.0,317776.0,-79607.0,-420009.0,-1093961.0,Bullish,Bearish,False,False,False
2024-09-12,25059.65,25433.35,24941.45,25314.95,Green,+1.02%,1.25,373.7,118.2,Mildly Bearish,Strong Bearish,Bearish,Bearish,Bearish Alignment,None,Down to Up,Worked then Reversed,Reversed by Close,Exceeded Half then Reversed,0.71,1.49,-0.47,1.02,1.96,1.0,13.63,Low (<15),2024,197206.0,583327.0,256774.0,-72002.0,-570453.0,-790286.0,Bullish,Bearish,False,True,False
2024-09-16,25406.65,25445.7,25336.2,25377.2,Red,-0.12%,-0.23,39.05,70.45,Bearish,Strong Bearish,Bearish,Bearish,Bearish Alignment,Strong Bearish Alignment,Top to Down,Against then Recovered,Worked and Remained,Reversed Before Half,0.66,0.15,-0.28,-0.12,0.43,0.0,12.55,Low (<15),2024,215710.0,512186.0,267393.0,-93297.0,-795460.0,-879151.0,Bullish,Bearish,False,True,False
2024-09-17,25416.9,25441.65,25352.25,25407.15,Red,-0.04%,-0.3,24.75,64.65,Bullish,Mildly Bullish,Bullish,Bullish,Bullish Alignment,None,Top to Down,Worked then Reversed,Reversed by Close,Reversed Before Half,0.65,0.1,-0.25,-0.04,0.35,0.0,12.46,Low (<15),2024,219851.0,409022.0,111451.0,-90905.0,-801119.0,-928570.0,Bullish,Bearish,True,False,False
2024-09-18,25402.4,25482.2,25285.55,25343.45,Red,-0.23%,0.11,79.8,116.85,Neutral,Neutral,Neutral,Neutral,Neutral/Unclear,None,Top to Down,N/A,N/A,N/A,0.66,0.31,-0.46,-0.23,0.77,0.0,12.59,Low (<15),2024,226651.0,366311.0,69026.0,-77565.0,-799515.0,-910756.0,Bullish,Bearish,False,False,False
2024-09-19,25487.05,25611.95,25376.05,25445.0,Red,-0.16%,0.23,124.9,111.0,Neutral,Strong Bearish,Neutral,Bearish,Neutral/Unclear,None,Top to Down,N/A,N/A,N/A,0.7,0.49,-0.44,-0.16,0.93,1.0,13.37,Low (<15),2024,243886.0,467665.0,192183.0,-82198.0,-865724.0,-725698.0,Bullish,Bearish,False,True,False
2024-09-20,25525.95,25849.25,25426.6,25820.35,Green,+1.15%,1.01,323.3,99.35,Neutral,Neutral,Neutral,Neutral,Neutral/Unclear,None,Down to Up,N/A,N/A,N/A,0.65,1.27,-0.39,1.15,1.66,0.0,12.47,Low (<15),2024,229860.0,609795.0,328466.0,-78409.0,-805806.0,-678221.0,Bullish,Bearish,False,False,False
2024-09-23,25872.55,25956.0,25847.35,25930.15,Green,+0.22%,-0.25,83.45,25.2,Strong Bullish,Strong Bullish,Bullish,Bullish,Bullish Alignment,Strong Bullish Alignment,Down to Up,Against then Recovered,Worked and Remained,Reversed Before Half,0.67,0.32,-0.1,0.22,0.42,0.0,12.79,Low (<15),2024,365461.0,930881.0,546621.0,-107516.0,-588149.0,-1036117.0,Bullish,Bearish,True,False,False
2024-09-24,25921.45,26011.55,25886.85,25951.9,Green,+0.12%,-0.24,90.1,34.6,Neutral,Neutral,Neutral,Neutral,Neutral/Unclear,None,Down to Up,N/A,N/A,N/A,0.72,0.35,-0.13,0.12,0.48,0.0,13.79,Low (<15),2024,366204.0,992449.0,598404.0,-108444.0,-871347.0,-1320135.0,Bullish,Bearish,False,False,False
2024-09-25,25899.45,26032.8,25871.35,26013.5,Green,+0.44%,-0.08,133.35,28.1,Mildly Bearish,Strong Bearish,Bearish,Bearish,Bearish Alignment,None,Down to Up,Worked then Reversed,Reversed by Close,Reversed Before Half,0.7,0.51,-0.11,0.44,0.62,0.0,13.39,Low (<15),2024,344957.0,877932.0,507367.0,-100040.0,-1037202.0,-1179637.0,Bullish,Bearish,False,True,False
2024-09-26,26005.4,26250.9,25998.4,26184.65,Green,+0.69%,0.3,245.5,7.0,Neutral,Mildly Bullish,Neutral,Bullish,Neutral/Unclear,None,Down to Up,N/A,N/A,N/A,0.67,0.94,-0.03,0.69,0.97,1.0,12.74,Low (<15),2024,358450.0,854970.0,502386.0,-121754.0,-709308.0,-918826.0,Bullish,Bearish,False,False,False
2024-09-27,26248.25,26277.35,26151.4,26175.0,Red,-0.28%,-0.15,29.1,96.85,Bullish,Strong Bearish,Bullish,Bearish,Mixed,None,Top to Down,N/A,N/A,N/A,0.63,0.11,-0.37,-0.28,0.48,0.0,12.0,Low (<15),2024,342446.0,599534.0,142271.0,-93782.0,-633045.0,-697435.0,Bullish,Bearish,True,True,True
2024-09-30,26061.3,26134.7,25794.1,25822.8,Red,-0.92%,0.68,73.4,267.2,Mildly Bullish,Strong Bearish,Bullish,Bearish,Mixed,None,Top to Down,N/A,N/A,N/A,0.63,0.28,-1.03,-0.92,1.31,0.0,11.96,Low (<15),2024,367446.0,931851.0,452505.0,-106295.0,-981107.0,-673898.0,Bullish,Bearish,True,True,True
2024-10-01,25788.45,25907.6,25739.2,25812.55,Green,+0.09%,-0.02,119.15,49.25,Strong Bearish,Strong Bearish,Bearish,Bearish,Bearish Alignment,Strong Bearish Alignment,Down to Up,Worked then Reversed,Reversed by Close,Reversed Before Half,0.67,0.46,-0.19,0.09,0.65,0.0,12.79,Low (<15),2024,344826.0,768719.0,368481.0,-138870.0,-1376259.0,-584046.0,Bullish,Bearish,False,True,False
2024-10-03,25452.85,25639.45,25230.3,25266.0,Red,-0.73%,0.98,186.6,222.55,Strong Bearish,Strong Bullish,Bearish,Bullish,Mixed,None,Top to Down,N/A,N/A,N/A,0.63,0.73,-0.87,-0.73,1.61,1.0,11.99,Low (<15),2024,324536.0,741546.0,424463.0,-130798.0,-988873.0,-537909.0,Bullish,Bearish,False,False,False
2024-10-04,25181.9,25485.05,24966.8,25049.1,Red,-0.53%,1.37,303.15,215.1,Strong Bearish,Strong Bearish,Bearish,Bearish,Bearish Alignment,Strong Bearish Alignment,Top to Down,Against then Recovered,Worked and Remained,Exceeded Half then Reversed,0.69,1.2,-0.85,-0.53,2.06,0.0,13.17,Low (<15),2024,169254.0,558752.0,349962.0,-105169.0,-1105688.0,-387343.0,Bullish,Bearish,False,True,False
2024-10-07,25084.1,25143.0,24694.35,24819.0,Red,-1.06%,1.05,58.9,389.75,Strong Bearish,Neutral,Bearish,Neutral,Neutral/Unclear,None,Top to Down,N/A,N/A,N/A,0.74,0.23,-1.55,-1.06,1.79,0.0,14.13,Low (<15),2024,89386.0,841127.0,655907.0,-86226.0,-1070951.0,-309712.0,Bullish,Bearish,False,False,False
2024-10-08,24832.2,25044.0,24756.8,25039.5,Green,+0.83%,0.37,211.8,75.4,Strong Bearish,Strong Bearish,Bearish,Bearish,Bearish Alignment,Strong Bearish Alignment,Down to Up,Worked then Reversed,Reversed by Close,Reversed Before Half,0.79,0.85,-0.3,0.83,1.16,0.0,15.08,Normal (15-20),2024,-28325.0,806621.0,725247.0,-43477.0,-1367134.0,-409408.0,Bearish,Bearish,True,True,True
2024-10-09,25065.8,25234.05,24947.7,25019.55,Red,-0.18%,0.38,168.25,118.1,Bearish,Strong Bullish,Bearish,Bullish,Mixed,None,Top to Down,N/A,N/A,N/A,0.76,0.67,-0.47,-0.18,1.14,0.0,14.59,Low (<15),2024,-68596.0,935208.0,889905.0,-40944.0,-1305164.0,-685238.0,Bearish,Bearish,True,False,False
2024-10-10,25067.05,25134.05,24979.4,25007.55,Red,-0.24%,-0.12,67.0,87.65,Bearish,Neutral,Bearish,Neutral,Neutral/Unclear,None,Top to Down,N/A,N/A,N/A,0.74,0.27,-0.35,-0.24,0.62,1.0,14.12,Low (<15),2024,-122310.0,775047.0,742301.0,-24430.0,-1173063.0,-513469.0,Bearish,Bearish,True,False,False
2024-10-11,24985.3,25028.65,24920.05,24975.05,Red,-0.04%,-0.28,43.35,65.25,Bullish,Bullish,Bullish,Bullish,Bullish Alignment,Strong Bullish Alignment,Top to Down,Worked then Reversed,Reversed by Close,Reversed Before Half,0.71,0.17,-0.26,-0.04,0.43,0.0,13.5,Low (<15),2024,-149047.0,401513.0,260318.0,-10478.0,-956692.0,-359995.0,Bearish,Bearish,False,False,False
2024-10-14,25023.45,25159.75,25017.5,25142.3,Green,+0.47%,-0.12,136.3,5.95,Neutral,Mildly Bearish,Neutral,Bearish,Neutral/Unclear,None,Down to Up,N/A,N/A,N/A,0.69,0.54,-0.02,0.47,0.57,0.0,13.22,Low (<15),2024,-143898.0,583054.0,423580.0,-21692.0,-1037085.0,-416274.0,Bearish,Bearish,False,True,False
2024-10-15,25186.3,25212.05,25008.15,25065.15,Red,-0.48%,0.13,25.75,178.15,Bullish,Strong Bullish,Bullish,Bullish,Bullish Alignment,Strong Bullish Alignment,Top to Down,Worked then Reversed,Reversed by Close,Reversed Before Half,0.68,0.1,-0.71,-0.48,0.81,0.0,13.0,Low (<15),2024,-143788.0,611726.0,382408.0,-22648.0,-948156.0,-612429.0,Bearish,Bearish,False,False,False
2024-10-16,25008.55,25093.4,24908.45,24959.9,Red,-0.19%,0.06,84.85,100.1,Bearish,Strong Bearish,Bearish,Bearish,Bearish Alignment,Strong Bearish Alignment,Top to Down,Against then Recovered,Worked and Remained,Exceeded Half then Reversed,0.68,0.34,-0.4,-0.19,0.74,0.0,13.0,Low (<15),2024,-151270.0,591470.0,418078.0,-16174.0,-1060715.0,-523295.0,Bearish,Bearish,True,True,True
2024-10-17,25027.4,25029.5,24728.9,24750.2,Red,-1.11%,0.52,2.1,298.5,Strong Bearish,Strong Bearish,Bearish,Bearish,Bearish Alignment,Strong Bearish Alignment,Top to Down,Against then Recovered,Worked and Remained,Exceeded Half then Reversed,0.68,0.01,-1.19,-1.11,1.2,1.0,13.05,Low (<15),2024,-161705.0,764010.0,737478.0,-10568.0,-1131639.0,-467901.0,Bearish,Bearish,True,True,True
2024-10-18,24664.95,24886.2,24567.65,24862.65,Green,+0.8%,0.59,221.25,97.3,Bearish,Bearish,Bearish,Bearish,Bearish Alignment,Strong Bearish Alignment,Down to Up,Worked then Reversed,Reversed by Close,Exceeded Half then Reversed,0.7,0.9,-0.39,0.8,1.29,0.0,13.39,Low (<15),2024,-163421.0,447455.0,504408.0,-22243.0,-1087091.0,-345856.0,Bearish,Bearish,True,True,True
2024-10-21,24956.15,24978.3,24679.6,24739.45,Red,-0.87%,0.52,22.15,276.55,Strong Bullish,Strong Bullish,Bullish,Bullish,Bullish Alignment,Strong Bullish Alignment,Top to Down,Worked then Reversed,Reversed by Close,Reversed Before Half,0.68,0.09,-1.11,-0.87,1.2,0.0,13.04,Low (<15),2024,-155609.0,552635.0,374747.0,-34974.0,-824669.0,-605060.0,Bearish,Bearish,False,False,False
2024-10-22,24798.65,24882.0,24445.8,24481.75,Red,-1.28%,1.04,83.35,352.85,Strong Bearish,Strong Bearish,Bearish,Bearish,Bearish Alignment,Strong Bearish Alignment,Top to Down,Against then Recovered,Worked and Remained,Exceeded Half then Reversed,0.72,0.34,-1.42,-1.28,1.76,0.0,13.76,Low (<15),2024,-161315.0,460028.0,450198.0,-42117.0,-1194054.0,-524729.0,Bearish,Bearish,True,True,True
2024-10-23,24378.15,24604.25,24378.1,24436.0,Green,+0.24%,0.18,226.1,0.05,Bearish,Strong Bearish,Bearish,Bearish,Bearish Alignment,Strong Bearish Alignment,Down to Up,Worked then Reversed,Reversed by Close,Reversed Before Half,0.75,0.93,-0.0,0.24,0.93,0.0,14.4,Low (<15),2024,-164417.0,407751.0,473277.0,-32920.0,-1318454.0,-374904.0,Bearish,Bearish,True,True,True
2024-10-24,24412.7,24480.65,24341.2,24414.6,Green,+0.01%,-0.2,67.95,71.5,Bullish,Strong Bullish,Bullish,Bullish,Bullish Alignment,Strong Bullish Alignment,Down to Up,Against then Recovered,Worked and Remained,Reversed Before Half,0.77,0.28,-0.29,0.01,0.57,1.0,14.62,Low (<15),2024,-163536.0,562515.0,572293.0,-40903.0,-1117300.0,-523995.0,Bearish,Bearish,False,False,False
2024-10-25,24418.05,24440.25,24073.9,24211.8,Red,-0.84%,0.77,22.2,344.15,Bullish,Strong Bullish,Bullish,Bullish,Bullish Alignment,Strong Bullish Alignment,Top to Down,Worked then Reversed,Reversed by Close,Reversed Before Half,0.73,0.09,-1.41,-0.84,1.5,0.0,13.97,Low (<15),2024,-140832.0,463229.0,398256.0,-74990.0,-927594.0,-494076.0,Bearish,Bearish,False,False,False
2024-10-28,24251.1,24492.6,24134.9,24367.7,Green,+0.48%,0.7,241.5,116.2,Strong Bearish,Strong Bearish,Bearish,Bearish,Bearish Alignment,Strong Bearish Alignment,Down to Up,Worked then Reversed,Reversed by Close,Exceeded Half then Reversed,0.77,1.0,-0.48,0.48,1.47,0.0,14.63,Low (<15),2024,-123078.0,446092.0,546280.0,-111922.0,-1030847.0,-508820.0,Bearish,Bearish,True,True,True
2024-10-29,24328.85,24484.5,24140.85,24454.0,Green,+0.51%,0.66,155.65,188.0,Strong Bullish,Strong Bullish,Bullish,Bullish,Bullish Alignment,Strong Bullish Alignment,Down to Up,Against then Recovered,Worked and Remained,Exceeded Half then Reversed,0.75,0.64,-0.77,0.51,1.41,0.0,14.29,Low (<15),2024,-87393.0,755384.0,731271.0,-121875.0,-1042788.0,-777185.0,Bearish,Bearish,False,False,False
2024-10-30,24371.45,24498.2,24307.3,24350.3,Red,-0.09%,0.02,126.75,64.15,Neutral,Strong Bullish,Neutral,Bullish,Neutral/Unclear,None,Top to Down,N/A,N/A,N/A,0.76,0.52,-0.26,-0.09,0.78,0.0,14.52,Low (<15),2024,-85002.0,758271.0,742591.0,-100804.0,-917266.0,-998043.0,Bearish,Bearish,False,False,False
2024-10-31,24349.85,24372.45,24172.6,24238.5,Red,-0.46%,0.01,22.6,177.25,Strong Bearish,Strong Bearish,Bearish,Bearish,Bearish Alignment,Strong Bearish Alignment,Top to Down,Against then Recovered,Worked and Remained,Exceeded Half then Reversed,0.81,0.09,-0.73,-0.46,0.82,1.0,15.51,Normal (15-20),2024,-115625.0,630259.0,697408.0,-87195.0,-1081094.0,-588962.0,Bearish,Bearish,True,True,True
2024-11-01,24302.75,24368.25,24280.2,24300.55,Red,-0.01%,-0.45,65.5,22.55,Strong Bearish,Bearish,Bearish,Bearish,Bearish Alignment,Strong Bearish Alignment,Top to Down,Against then Recovered,Worked and Remained,Reversed Before Half,0.81,0.27,-0.09,-0.01,0.36,0.0,15.55,Normal (15-20),2024,-146828.0,423636.0,571977.0,-77401.0,-882814.0,-308388.0,Bearish,Bearish,True,True,True
2024-11-04,24315.75,24316.75,23816.15,23990.95,Red,-1.34%,1.23,1.0,499.6,Mildly Bullish,Bullish,Bullish,Bullish,Bullish Alignment,None,Top to Down,Worked then Reversed,Reversed by Close,Reversed Before Half,0.83,0.0,-2.05,-1.34,2.06,0.0,15.9,Normal (15-20),2024,-145208.0,438207.0,546805.0,-72523.0,-792684.0,-303998.0,Bearish,Bearish,False,False,False
2024-11-05,23916.5,24229.05,23842.75,24198.15,Green,+1.18%,0.75,312.55,73.75,Bullish,Strong Bearish,Bullish,Bearish,Mixed,None,Down to Up,N/A,N/A,N/A,0.87,1.31,-0.31,1.18,1.62,0.0,16.69,Normal (15-20),2024,-154488.0,521203.0,524453.0,-89410.0,-1166327.0,-507300.0,Bearish,Bearish,False,True,False
2024-11-06,24308.75,24537.6,24204.05,24493.9,Green,+0.76%,0.53,228.85,104.7,Strong Bullish,Strong Bullish,Bullish,Bullish,Bullish Alignment,Strong Bullish Alignment,Down to Up,Against then Recovered,Worked and Remained,Exceeded Half then Reversed,0.84,0.94,-0.43,0.76,1.37,0.0,16.12,Normal (15-20),2024,-144450.0,727564.0,638744.0,-92773.0,-1022338.0,-854107.0,Bearish,Bearish,False,False,False
2024-11-07,24489.6,24503.35,24179.05,24194.6,Red,-1.2%,0.54,13.75,310.55,Strong Bearish,Strong Bearish,Bearish,Bearish,Bearish Alignment,Strong Bearish Alignment,Top to Down,Against then Recovered,Worked and Remained,Exceeded Half then Reversed,0.78,0.06,-1.27,-1.2,1.32,1.0,14.87,Low (<15),2024,-148990.0,742424.0,773919.0,-90741.0,-1273045.0,-917528.0,Bearish,Bearish,True,True,True
2024-11-08,24207.7,24276.15,24066.65,24110.35,Red,-0.4%,0.09,68.45,141.05,Strong Bearish,Strong Bearish,Bearish,Bearish,Bearish Alignment,Strong Bearish Alignment,Top to Down,Against then Recovered,Worked and Remained,Exceeded Half then Reversed,0.78,0.28,-0.58,-0.4,0.87,0.0,14.94,Low (<15),2024,-167683.0,404885.0,566376.0,-98293.0,-1169511.0,-566510.0,Bearish,Bearish,True,True,True
2024-11-11,24087.25,24336.8,24004.6,24122.1,Green,+0.14%,0.62,249.55,82.65,Neutral,Mildly Bearish,Neutral,Bearish,Neutral/Unclear,None,Down to Up,N/A,N/A,N/A,0.76,1.04,-0.34,0.14,1.38,0.0,14.47,Low (<15),2024,-172499.0,481789.0,651755.0,-88666.0,-1224568.0,-578499.0,Bearish,Bearish,False,True,False
2024-11-13,23822.45,23873.6,23509.6,23602.9,Red,-0.92%,0.77,51.15,312.85,Strong Bearish,Strong Bearish,Bearish,Bearish,Bearish Alignment,Strong Bearish Alignment,Top to Down,Against then Recovered,Worked and Remained,Exceeded Half then Reversed,0.76,0.21,-1.31,-0.92,1.53,0.0,14.59,Low (<15),2024,-183165.0,376869.0,687924.0,-86016.0,-1517807.0,-399477.0,Bearish,Bearish,True,True,True
2024-11-14,23542.15,23675.9,23484.15,23559.6,Green,+0.07%,0.0,133.75,58.0,Mildly Bearish,Strong Bullish,Bearish,Bullish,Mixed,None,Down to Up,N/A,N/A,N/A,0.81,0.57,-0.25,0.07,0.81,1.0,15.44,Normal (15-20),2024,-210367.0,468917.0,783440.0,-100288.0,-1409485.0,-457722.0,Bearish,Bearish,True,False,False
2024-11-18,23605.3,23606.8,23350.4,23465.3,Red,-0.59%,0.32,1.5,254.9,Bullish,Strong Bullish,Bullish,Bullish,Bullish Alignment,Strong Bullish Alignment,Top to Down,Worked then Reversed,Reversed by Close,Reversed Before Half,0.77,0.01,-1.08,-0.59,1.09,0.0,14.78,Low (<15),2024,-219143.0,464157.0,699666.0,-108890.0,-1122979.0,-343934.0,Bearish,Bearish,False,False,False
2024-11-19,23529.55,23780.65,23464.8,23468.7,Red,-0.26%,0.55,251.1,64.75,Bullish,Strong Bullish,Bullish,Bullish,Bullish Alignment,Strong Bullish Alignment,Top to Down,Worked then Reversed,Reversed by Close,Exceeded Half then Reversed,0.79,1.07,-0.28,-0.26,1.34,0.0,15.17,Normal (15-20),2024,-215685.0,388125.0,573986.0,-119156.0,-1021915.0,-408086.0,Bearish,Bearish,False,False,False
2024-11-21,23488.45,23507.3,23263.15,23346.75,Red,-0.6%,0.22,18.85,225.3,Bullish,Neutral,Bullish,Neutral,Neutral/Unclear,None,Top to Down,N/A,N/A,N/A,0.82,0.08,-0.96,-0.6,1.04,1.0,15.66,Normal (15-20),2024,-189330.0,610753.0,749869.0,-134372.0,-867915.0,-242616.0,Bearish,Bearish,False,False,False
2024-11-22,23411.8,23956.1,23359.0,23873.5,Green,+1.97%,1.71,544.3,52.8,Bearish,Bullish,Bearish,Bullish,Mixed,None,Down to Up,N/A,N/A,N/A,0.84,2.32,-0.23,1.97,2.55,0.0,15.99,Normal (15-20),2024,-198854.0,295159.0,494941.0,-119098.0,-989597.0,-425689.0,Bearish,Bearish,True,False,False
2024-11-25,24253.55,24351.55,24135.45,24250.8,Red,-0.01%,0.05,98.0,118.1,Strong Bullish,Strong Bullish,Bullish,Bullish,Bullish Alignment,Strong Bullish Alignment,Top to Down,Worked then Reversed,Reversed by Close,Reversed Before Half,0.84,0.4,-0.49,-0.01,0.89,0.0,16.1,Normal (15-20),2024,-152142.0,649583.0,640483.0,-123997.0,-678157.0,-653666.0,Bearish,Bearish,False,False,False
2024-11-26,24343.3,24343.3,24125.4,24192.95,Red,-0.62%,0.1,0.0,217.9,Strong Bullish,Mildly Bullish,Bullish,Bullish,Bullish Alignment,None,Top to Down,Worked then Reversed,Reversed by Close,Reversed Before Half,0.8,0.0,-0.9,-0.62,0.9,0.0,15.3,Normal (15-20),2024,-106480.0,671526.0,530916.0,-116389.0,-927957.0,-929899.0,Bearish,Bearish,False,False,False
2024-11-27,24204.8,24354.55,24145.65,24277.35,Green,+0.3%,0.06,149.75,59.15,Strong Bearish,Strong Bearish,Bearish,Bearish,Bearish Alignment,Strong Bearish Alignment,Down to Up,Worked then Reversed,Reversed by Close,Reversed Before Half,0.8,0.62,-0.24,0.3,0.86,0.0,15.31,Normal (15-20),2024,-120857.0,638258.0,586495.0,-97672.0,-939733.0,-787347.0,Bearish,Bearish,True,True,True
2024-11-28,24274.15,24345.75,23873.35,23957.45,Red,-1.3%,1.18,71.6,400.8,Mildly Bullish,Bearish,Bullish,Bearish,Mixed,None,Top to Down,N/A,N/A,N/A,0.77,0.29,-1.65,-1.3,1.95,1.0,14.63,Low (<15),2024,-133716.0,691083.0,594515.0,-87286.0,-861655.0,-612464.0,Bearish,Bearish,False,True,False
2024-11-29,23927.15,24188.45,23927.15,24123.65,Green,+0.82%,0.29,261.3,0.0,Strong Bearish,Strong Bearish,Bearish,Bearish,Bearish Alignment,Strong Bearish Alignment,Down to Up,Worked then Reversed,Reversed by Close,Reversed Before Half,0.8,1.09,0.0,0.82,1.09,0.0,15.21,Normal (15-20),2024,-116298.0,202641.0,434420.0,-119581.0,-985193.0,-343666.0,Bearish,Bearish,True,True,True
2024-12-02,24140.85,24301.7,24008.65,24275.25,Green,+0.56%,0.45,160.85,132.2,Strong Bullish,Strong Bullish,Bullish,Bullish,Bullish Alignment,Strong Bullish Alignment,Down to Up,Against then Recovered,Worked and Remained,Exceeded Half then Reversed,0.76,0.67,-0.55,0.56,1.21,0.0,14.43,Low (<15),2024,-112806.0,267366.0,386266.0,-121009.0,-666435.0,-476408.0,Bearish,Bearish,False,False,False
2024-12-03,24367.5,24481.35,24280.0,24445.85,Green,+0.32%,0.06,113.85,87.5,Neutral,Bullish,Neutral,Bullish,Neutral/Unclear,None,Down to Up,N/A,N/A,N/A,0.77,0.47,-0.36,0.32,0.83,0.0,14.7,Low (<15),2024,-122147.0,638731.0,722712.0,-111475.0,-679155.0,-570729.0,Bearish,Bearish,False,False,False
2024-12-04,24488.75,24573.2,24366.3,24461.55,Red,-0.11%,0.09,84.45,122.45,Bullish,Strong Bullish,Bullish,Bullish,Bullish Alignment,Strong Bullish Alignment,Top to Down,Worked then Reversed,Reversed by Close,Reversed Before Half,0.75,0.34,-0.5,-0.11,0.84,0.0,14.37,Low (<15),2024,-95180.0,706529.0,740468.0,-116123.0,-579308.0,-689286.0,Bearish,Bearish,False,False,False
2024-12-05,24539.15,24857.75,24295.55,24701.55,Green,+0.66%,1.53,318.6,243.6,Mildly Bullish,Mildly Bearish,Bullish,Bearish,Mixed,None,Down to Up,N/A,N/A,N/A,0.76,1.3,-0.99,0.66,2.29,1.0,14.45,Low (<15),2024,-80356.0,782439.0,783451.0,-110541.0,-633105.0,-688407.0,Bearish,Bearish,False,True,False
2024-12-06,24729.45,24751.05,24620.5,24669.0,Red,-0.24%,-0.23,21.6,108.95,Neutral,Strong Bearish,Neutral,Bearish,Neutral/Unclear,None,Top to Down,N/A,N/A,N/A,0.76,0.09,-0.44,-0.24,0.53,0.0,14.53,Low (<15),2024,-43190.0,411633.0,473255.0,-110143.0,-853481.0,-763947.0,Bearish,Bearish,False,True,False
2024-12-09,24633.9,24705.0,24580.05,24626.6,Red,-0.03%,-0.23,71.1,53.85,Neutral,Strong Bearish,Neutral,Bearish,Neutral/Unclear,None,Top to Down,N/A,N/A,N/A,0.74,0.29,-0.22,-0.03,0.51,0.0,14.14,Low (<15),2024,-37234.0,418849.0,498883.0,-126694.0,-999237.0,-755841.0,Bearish,Bearish,False,True,False
2024-12-10,24652.65,24677.8,24510.65,24620.5,Red,-0.13%,-0.06,25.15,142.0,Mildly Bearish,Strong Bearish,Bearish,Bearish,Bearish Alignment,None,Top to Down,Against then Recovered,Worked and Remained,Exceeded Half then Reversed,0.74,0.1,-0.58,-0.13,0.68,0.0,14.11,Low (<15),2024,-35487.0,345791.0,469996.0,-138180.0,-1224434.0,-741360.0,Bearish,Bearish,True,True,True
2024-12-11,24620.5,24691.75,24583.85,24629.5,Green,+0.04%,-0.28,71.25,36.65,Neutral,Neutral,Neutral,Neutral,Neutral/Unclear,None,Down to Up,N/A,N/A,N/A,0.72,0.29,-0.15,0.04,0.44,0.0,13.78,Low (<15),2024,-44545.0,210198.0,311987.0,-135205.0,-1183941.0,-670173.0,Bearish,Bearish,False,False,False
2024-12-12,24604.45,24675.25,24527.95,24539.5,Red,-0.26%,-0.09,70.8,76.5,Bullish,Neutral,Bullish,Neutral,Neutral/Unclear,None,Top to Down,N/A,N/A,N/A,0.69,0.29,-0.31,-0.26,0.6,1.0,13.27,Low (<15),2024,-45561.0,235786.0,279839.0,-134386.0,-1530477.0,-1026899.0,Bearish,Bearish,False,False,False
2024-12-13,24498.35,24792.3,24180.8,24781.3,Green,+1.15%,1.81,293.95,317.55,Bearish,Bullish,Bearish,Bullish,Mixed,None,Down to Up,N/A,N/A,N/A,0.69,1.2,-1.3,1.15,2.5,0.0,13.19,Low (<15),2024,-65874.0,239999.0,327251.0,-125231.0,-932973.0,-472892.0,Bearish,Bearish,True,False,False
2024-12-16,24753.4,24781.25,24601.75,24648.25,Red,-0.42%,0.05,27.85,151.65,Strong Bullish,Strong Bullish,Bullish,Bullish,Bullish Alignment,Strong Bullish Alignment,Top to Down,Worked then Reversed,Reversed by Close,Reversed Before Half,0.68,0.11,-0.61,-0.42,0.73,0.0,13.05,Low (<15),2024,-58351.0,742432.0,635090.0,-115897.0,-786656.0,-674683.0,Bearish,Bearish,False,False,False
2024-12-17,24584.8,24624.1,24303.45,24319.35,Red,-1.08%,0.57,39.3,281.35,Strong Bearish,Strong Bearish,Bearish,Bearish,Bearish Alignment,Strong Bearish Alignment,Top to Down,Against then Recovered,Worked and Remained,Exceeded Half then Reversed,0.73,0.16,-1.14,-1.08,1.3,0.0,14.02,Low (<15),2024,-72831.0,593914.0,653389.0,-130346.0,-834446.0,-392767.0,Bearish,Bearish,True,True,True
2024-12-18,24297.95,24394.45,24149.85,24214.7,Red,-0.34%,0.25,96.5,148.1,Strong Bearish,Strong Bearish,Bearish,Bearish,Bearish Alignment,Strong Bearish Alignment,Top to Down,Against then Recovered,Worked and Remained,Exceeded Half then Reversed,0.76,0.4,-0.61,-0.34,1.01,0.0,14.49,Low (<15),2024,-88891.0,248915.0,478910.0,-134575.0,-1390764.0,-462946.0,Bearish,Bearish,True,True,True
2024-12-19,23877.15,24004.9,23870.3,23961.95,Green,+0.36%,-0.19,127.75,6.85,Bearish,Strong Bearish,Bearish,Bearish,Bearish Alignment,Strong Bearish Alignment,Down to Up,Worked then Reversed,Reversed by Close,Reversed Before Half,0.75,0.54,-0.03,0.36,0.56,1.0,14.37,Low (<15),2024,-99135.0,69718.0,379770.0,-158484.0,-1588488.0,-576347.0,Bearish,Bearish,True,True,True
2024-12-20,23960.7,24065.8,23537.35,23631.35,Red,-1.37%,1.45,105.1,423.35,Mildly Bearish,Strong Bullish,Bearish,Bullish,Mixed,None,Top to Down,N/A,N/A,N/A,0.76,0.44,-1.77,-1.37,2.21,0.0,14.51,Low (<15),2024,-123137.0,70954.0,396154.0,-145187.0,-1062278.0,-362080.0,Bearish,Bearish,True,False,False
2024-12-23,23738.2,23869.55,23647.2,23747.2,Green,+0.04%,0.15,131.35,91.0,Bearish,Bearish,Bearish,Bearish,Bearish Alignment,Strong Bearish Alignment,Down to Up,Worked then Reversed,Reversed by Close,Reversed Before Half,0.79,0.55,-0.38,0.04,0.94,0.0,15.07,Normal (15-20),2024,-146171.0,-33851.0,332632.0,-132208.0,-1059957.0,-251504.0,Bearish,Bearish,True,True,True
2024-12-24,23769.1,23867.65,23685.15,23730.35,Red,-0.16%,0.06,98.55,83.95,Bullish,Strong Bullish,Bullish,Bullish,Bullish Alignment,Strong Bullish Alignment,Top to Down,Worked then Reversed,Reversed by Close,Exceeded Half then Reversed,0.71,0.41,-0.35,-0.16,0.77,0.0,13.52,Low (<15),2024,-154780.0,-128712.0,130799.0,-112017.0,-1273853.0,-612172.0,Bearish,Bearish,False,False,False
2024-12-26,23775.8,23854.5,23653.6,23760.3,Red,-0.07%,0.15,78.7,122.2,Bullish,Strong Bullish,Bullish,Bullish,Bullish Alignment,Strong Bullish Alignment,Top to Down,Worked then Reversed,Reversed by Close,Reversed Before Half,0.69,0.33,-0.51,-0.07,0.84,1.0,13.18,Low (<15),2024,-170226.0,356972.0,519755.0,-86433.0,-1052802.0,-577567.0,Bearish,Bearish,False,False,False
2024-12-27,23801.4,23938.85,23800.6,23832.45,Green,+0.13%,-0.16,137.45,0.8,Mildly Bullish,Strong Bearish,Bullish,Bearish,Mixed,None,Down to Up,N/A,N/A,N/A,0.74,0.58,-0.0,0.13,0.58,0.0,14.04,Low (<15),2024,-152671.0,117554.0,257978.0,-107749.0,-1004125.0,-312346.0,Bearish,Bearish,False,True,False
2024-12-30,23796.9,23915.35,23599.3,23658.65,Red,-0.58%,0.64,118.45,197.6,Neutral,Mildly Bullish,Neutral,Bullish,Neutral/Unclear,None,Top to Down,N/A,N/A,N/A,0.69,0.5,-0.83,-0.58,1.33,0.0,13.24,Low (<15),2024,-172341.0,172908.0,264007.0,-111419.0,-1003428.0,-361836.0,Bearish,Bearish,False,False,False
2024-12-31,23560.6,23689.85,23460.45,23668.8,Green,+0.46%,0.24,129.25,100.15,Neutral,Bearish,Neutral,Bearish,Neutral/Unclear,None,Down to Up,N/A,N/A,N/A,0.73,0.55,-0.43,0.46,0.97,0.0,13.97,Low (<15),2024,-195060.0,272387.0,334202.0,-96804.0,-1078550.0,-323284.0,Bearish,Bearish,False,True,False
2025-01-01,23637.65,23822.8,23562.8,23758.7,Green,+0.51%,0.34,185.15,74.85,Strong Bearish,Bullish,Bearish,Bullish,Mixed,None,Down to Up,N/A,N/A,N/A,0.76,0.78,-0.32,0.51,1.1,0.0,14.45,Low (<15),2025,-219855.0,461606.0,651507.0,-84201.0,-1093779.0,-419013.0,Bearish,Bearish,True,False,False
2025-01-02,23783.0,24226.7,23751.55,24167.95,Green,+1.62%,1.24,443.7,31.45,Bullish,Mildly Bullish,Bullish,Bullish,Bullish Alignment,None,Down to Up,Against then Recovered,Worked and Remained,Exceeded Half then Reversed,0.76,1.87,-0.13,1.62,2.0,1.0,14.45,Low (<15),2025,-231989.0,526422.0,623638.0,-88560.0,-1037688.0,-417045.0,Bearish,Bearish,False,False,False
2025-01-03,24196.4,24196.45,23976.0,23990.15,Red,-0.85%,0.19,0.05,220.4,Bullish,Strong Bullish,Bullish,Bullish,Bullish Alignment,Strong Bullish Alignment,Top to Down,Worked then Reversed,Reversed by Close,Reversed Before Half,0.72,0.0,-0.91,-0.85,0.91,0.0,13.74,Low (<15),2025,-200139.0,224581.0,301174.0,-84695.0,-858472.0,-397020.0,Bearish,Bearish,False,False,False
2025-01-06,24045.8,24089.95,23551.9,23629.6,Red,-1.73%,1.53,44.15,493.9,Bearish,Strong Bearish,Bearish,Bearish,Bearish Alignment,Strong Bearish Alignment,Top to Down,Against then Recovered,Worked and Remained,Exceeded Half then Reversed,0.71,0.18,-2.05,-1.73,2.24,0.0,13.54,Low (<15),2025,-227787.0,158198.0,298591.0,-88327.0,-800705.0,-173820.0,Bearish,Bearish,True,True,True
2025-01-07,23679.9,23795.2,23637.8,23694.6,Green,+0.06%,-0.16,115.3,42.1,Bullish,Strong Bearish,Bullish,Bearish,Mixed,None,Down to Up,N/A,N/A,N/A,0.82,0.49,-0.18,0.06,0.66,0.0,15.65,Normal (15-20),2025,-220270.0,255565.0,332040.0,-85829.0,-1181479.0,-202919.0,Bearish,Bearish,False,True,False
2025-01-08,23746.65,23751.85,23496.15,23675.2,Red,-0.3%,0.31,5.2,250.5,Neutral,Strong Bullish,Neutral,Bullish,Neutral/Unclear,None,Top to Down,N/A,N/A,N/A,0.77,0.02,-1.05,-0.3,1.08,0.0,14.66,Low (<15),2025,-218810.0,194258.0,266059.0,-79396.0,-1178964.0,-310797.0,Bearish,Bearish,False,False,False
2025-01-09,23674.75,23689.5,23503.05,23557.2,Red,-0.5%,0.03,14.75,171.7,Bearish,Bearish,Bearish,Bearish,Bearish Alignment,Strong Bearish Alignment,Top to Down,Against then Recovered,Worked and Remained,Exceeded Half then Reversed,0.76,0.06,-0.73,-0.5,0.79,1.0,14.47,Low (<15),2025,-236114.0,125594.0,236513.0,-90062.0,-1287556.0,-339309.0,Bearish,Bearish,True,True,True
2025-01-10,23551.9,23596.6,23344.35,23437.35,Red,-0.49%,0.3,44.7,207.55,Mildly Bearish,Neutral,Bearish,Neutral,Neutral/Unclear,None,Top to Down,N/A,N/A,N/A,0.77,0.19,-0.88,-0.49,1.07,0.0,14.66,Low (<15),2025,-265622.0,121465.0,233954.0,-83019.0,-1222396.0,-280536.0,Bearish,Bearish,True,False,False
2025-01-13,23195.4,23340.95,23047.25,23088.7,Red,-0.46%,0.49,145.55,148.15,Mildly Bearish,Bearish,Bearish,Bearish,Bearish Alignment,None,Top to Down,Against then Recovered,Worked and Remained,Exceeded Half then Reversed,0.78,0.63,-0.64,-0.46,1.27,0.0,14.92,Low (<15),2025,-275603.0,110051.0,258321.0,-99665.0,-1252345.0,-254253.0,Bearish,Bearish,True,True,True
2025-01-14,23165.9,23264.95,23134.15,23206.85,Green,+0.18%,-0.28,99.05,31.75,Strong Bearish,Bearish,Bearish,Bearish,Bearish Alignment,Strong Bearish Alignment,Down to Up,Worked then Reversed,Reversed by Close,Reversed Before Half,0.84,0.43,-0.14,0.18,0.56,0.0,16.0,Normal (15-20),2025,-293003.0,187160.0,427038.0,-93323.0,-1501513.0,-418593.0,Bearish,Bearish,True,True,True
2025-01-15,23250.45,23293.65,23146.45,23228.1,Red,-0.1%,-0.18,43.2,104.0,Strong Bullish,Strong Bullish,Bullish,Bullish,Bullish Alignment,Strong Bullish Alignment,Top to Down,Worked then Reversed,Reversed by Close,Reversed Before Half,0.81,0.19,-0.45,-0.1,0.63,0.0,15.47,Normal (15-20),2025,-292630.0,330117.0,468893.0,-90926.0,-1423554.0,-497256.0,Bearish,Bearish,False,False,False
2025-01-16,23377.25,23391.65,23272.05,23350.8,Red,-0.11%,-0.29,14.4,105.2,Neutral,Mildly Bullish,Neutral,Bullish,Neutral/Unclear,None,Top to Down,N/A,N/A,N/A,0.8,0.06,-0.45,-0.11,0.51,1.0,15.26,Normal (15-20),2025,-287997.0,151362.0,284978.0,-88971.0,-1391879.0,-511876.0,Bearish,Bearish,False,False,False
2025-01-17,23277.1,23292.1,23100.35,23203.1,Red,-0.32%,0.01,15.0,176.75,Neutral,Strong Bullish,Neutral,Bullish,Neutral/Unclear,None,Top to Down,N/A,N/A,N/A,0.81,0.06,-0.76,-0.32,0.82,0.0,15.47,Normal (15-20),2025,-295289.0,332535.0,455147.0,-91829.0,-1254147.0,-498958.0,Bearish,Bearish,False,False,False
2025-01-20,23298.9,23391.1,23170.65,23337.05,Green,+0.16%,0.13,92.2,128.25,Neutral,Bearish,Neutral,Bearish,Neutral/Unclear,None,Down to Up,N/A,N/A,N/A,0.82,0.4,-0.55,0.16,0.95,0.0,15.75,Normal (15-20),2025,-324631.0,271334.0,378887.0,-81702.0,-1286579.0,-441466.0,Bearish,Bearish,False,True,False
2025-01-21,23421.65,23426.3,22976.85,23053.05,Red,-1.57%,1.06,4.65,444.8,Mildly Bullish,Strong Bullish,Bullish,Bullish,Bullish Alignment,None,Top to Down,Worked then Reversed,Reversed by Close,Reversed Before Half,0.86,0.02,-1.9,-1.57,1.92,0.0,16.42,Normal (15-20),2025,-330932.0,324597.0,391176.0,-79024.0,-1154928.0,-567962.0,Bearish,Bearish,False,False,False
2025-01-22,23099.15,23169.55,22981.3,23161.75,Green,+0.27%,-0.08,70.4,117.85,Neutral,Strong Bearish,Neutral,Bearish,Neutral/Unclear,None,Down to Up,N/A,N/A,N/A,0.89,0.3,-0.51,0.27,0.81,0.0,17.06,Normal (15-20),2025,-347770.0,307473.0,380065.0,-61943.0,-1364467.0,-375254.0,Bearish,Bearish,False,True,False
2025-01-23,23128.3,23270.8,23090.65,23216.3,Green,+0.38%,-0.1,142.5,37.65,Strong Bullish,Mildly Bullish,Bullish,Bullish,Bullish Alignment,None,Down to Up,Against then Recovered,Worked and Remained,Exceeded Half then Reversed,0.88,0.62,-0.16,0.38,0.78,1.0,16.77,Normal (15-20),2025,-348121.0,260828.0,108846.0,-65880.0,-1274055.0,-336938.0,Bearish,Bearish,False,False,False
2025-01-24,23183.9,23347.3,23050.0,23090.35,Red,-0.4%,0.41,163.4,133.9,Strong Bullish,Strong Bullish,Bullish,Bullish,Bullish Alignment,Strong Bullish Alignment,Top to Down,Worked then Reversed,Reversed by Close,Exceeded Half then Reversed,0.87,0.7,-0.58,-0.4,1.28,0.0,16.7,Normal (15-20),2025,-326304.0,506847.0,256428.0,-82499.0,-1115584.0,-429622.0,Bearish,Bearish,False,False,False
2025-01-27,22940.15,23007.45,22786.9,22816.85,Red,-0.54%,0.08,67.3,153.25,Strong Bearish,Neutral,Bearish,Neutral,Neutral/Unclear,None,Top to Down,N/A,N/A,N/A,0.88,0.29,-0.67,-0.54,0.96,0.0,16.75,Normal (15-20),2025,-307463.0,285138.0,257711.0,-86716.0,-996661.0,-300497.0,Bearish,Bearish,True,False,False
2025-01-28,22960.45,23137.95,22857.65,22976.3,Green,+0.07%,0.27,177.5,102.8,Strong Bullish,Strong Bearish,Bullish,Bearish,Mixed,None,Down to Up,N/A,N/A,N/A,0.95,0.77,-0.45,0.07,1.22,0.0,18.13,Normal (15-20),2025,-268993.0,295164.0,186739.0,-104837.0,-1124230.0,-310458.0,Bearish,Bearish,False,True,False
2025-01-29,23026.75,23183.35,22976.5,23176.2,Green,+0.65%,-0.05,156.6,50.25,Strong Bullish,Strong Bullish,Bullish,Bullish,Bullish Alignment,Strong Bullish Alignment,Down to Up,Against then Recovered,Worked and Remained,Exceeded Half then Reversed,0.95,0.68,-0.22,0.65,0.9,0.0,18.2,Normal (15-20),2025,-234479.0,511529.0,108960.0,-105798.0,-600670.0,-399319.0,Bearish,Bearish,False,False,False
2025-01-30,23169.5,23322.05,23139.2,23297.95,Green,+0.55%,-0.19,152.55,30.3,Mildly Bullish,Bullish,Bullish,Bullish,Bullish Alignment,None,Down to Up,Against then Recovered,Worked and Remained,Exceeded Half then Reversed,0.98,0.66,-0.13,0.55,0.79,1.0,18.64,Normal (15-20),2025,-221983.0,728844.0,299756.0,-109099.0,-548482.0,-445458.0,Bearish,Bearish,False,False,False
2025-01-31,23296.75,23546.8,23277.4,23533.85,Green,+1.02%,0.25,250.05,19.35,Strong Bearish,Strong Bearish,Bearish,Bearish,Bearish Alignment,Strong Bearish Alignment,Down to Up,Worked then Reversed,Reversed by Close,Reversed Before Half,0.91,1.07,-0.08,1.02,1.16,0.0,17.39,Normal (15-20),2025,-170802.0,139813.0,71044.0,-61040.0,-896393.0,-449107.0,Bearish,Bearish,True,True,True
2025-02-01,23528.6,23632.45,23318.3,23495.3,Red,-0.14%,0.49,103.85,210.3,Neutral,Neutral,Neutral,Neutral,Neutral/Unclear,None,Top to Down,N/A,N/A,N/A,0.85,0.44,-0.89,-0.14,1.34,0.0,16.25,Normal (15-20),2025,-172035.0,30289.0,-33341.0,-48397.0,-927919.0,-477773.0,Bearish,Bearish,False,False,False
2025-02-03,23319.35,23381.6,23222.0,23359.7,Green,+0.17%,-0.06,62.25,97.35,Neutral,Neutral,Neutral,Neutral,Neutral/Unclear,None,Down to Up,N/A,N/A,N/A,0.74,0.27,-0.42,0.17,0.68,0.0,14.1,Low (<15),2025,-173268.0,-79235.0,-137726.0,-35754.0,-959445.0,-506439.0,Bearish,Bearish,False,False,False
2025-02-04,23509.9,23762.75,23423.15,23707.7,Green,+0.84%,0.69,252.85,86.75,Bearish,Mildly Bearish,Bearish,Bearish,Bearish Alignment,None,Down to Up,Worked then Reversed,Reversed by Close,Reversed Before Half,0.75,1.08,-0.37,0.84,1.44,0.0,14.35,Low (<15),2025,-183143.0,-170217.0,-175468.0,-33996.0,-955766.0,-460631.0,Bearish,Bearish,True,True,True
2025-02-05,23801.75,23807.3,23680.45,23686.75,Red,-0.48%,-0.2,5.55,121.3,Strong Bullish,Strong Bullish,Bullish,Bullish,Bullish Alignment,Strong Bullish Alignment,Top to Down,Worked then Reversed,Reversed by Close,Reversed Before Half,0.73,0.02,-0.51,-0.48,0.53,0.0,14.02,Low (<15),2025,-152430.0,-73488.0,-211428.0,-43339.0,-897800.0,-637818.0,Bearish,Bearish,False,False,False
2025-02-06,23761.95,23773.55,23556.25,23628.05,Red,-0.56%,0.17,11.6,205.7,Neutral,Strong Bearish,Neutral,Bearish,Neutral/Unclear,None,Top to Down,N/A,N/A,N/A,0.74,0.05,-0.87,-0.56,0.91,1.0,14.08,Low (<15),2025,-148374.0,-125146.0,-266420.0,-45745.0,-967669.0,-580899.0,Bearish,Bearish,False,True,False
2025-02-07,23649.5,23694.5,23443.2,23563.15,Red,-0.37%,0.32,45.0,206.3,Strong Bearish,Mildly Bearish,Bearish,Bearish,Bearish Alignment,None,Top to Down,Against then Recovered,Worked and Remained,Exceeded Half then Reversed,0.74,0.19,-0.87,-0.37,1.06,0.0,14.18,Low (<15),2025,-155161.0,31131.0,-11206.0,-45772.0,-895568.0,-467077.0,Bearish,Bearish,True,True,True
2025-02-10,23543.8,23568.6,23316.3,23376.05,Red,-0.71%,0.35,24.8,227.5,Neutral,Neutral,Neutral,Neutral,Neutral/Unclear,None,Top to Down,N/A,N/A,N/A,0.72,0.11,-0.97,-0.71,1.07,0.0,13.69,Low (<15),2025,-161494.0,52422.0,8458.0,-40352.0,-875905.0,-427402.0,Bearish,Bearish,False,False,False
2025-02-11,23383.55,23390.05,22986.65,23070.5,Red,-1.34%,0.97,6.5,396.9,Neutral,Mildly Bearish,Neutral,Bearish,Neutral/Unclear,None,Top to Down,N/A,N/A,N/A,0.76,0.03,-1.7,-1.34,1.73,0.0,14.45,Low (<15),2025,-172512.0,64456.0,31642.0,-36752.0,-889198.0,-387592.0,Bearish,Bearish,False,True,False
2025-02-12,23050.8,23144.7,22798.35,23057.8,Green,+0.03%,0.72,93.9,252.45,Neutral,Bearish,Neutral,Bearish,Neutral/Unclear,None,Down to Up,N/A,N/A,N/A,0.78,0.41,-1.1,0.03,1.5,0.0,14.87,Low (<15),2025,-183474.0,66337.0,49655.0,-31111.0,-975169.0,-395092.0,Bearish,Bearish,False,True,False
2025-02-13,23055.75,23235.5,22992.2,23019.4,Red,-0.16%,0.28,179.75,63.55,Neutral,Neutral,Neutral,Neutral,Neutral/Unclear,None,Top to Down,N/A,N/A,N/A,0.78,0.78,-0.28,-0.16,1.06,1.0,14.9,Low (<15),2025,-185847.0,53259.0,34655.0,-36643.0,-1026670.0,-470670.0,Bearish,Bearish,False,False,False
2025-02-14,23096.45,23133.7,22774.85,22897.25,Red,-0.86%,0.77,37.25,321.6,Neutral,Neutral,Neutral,Neutral,Neutral/Unclear,None,Top to Down,N/A,N/A,N/A,0.78,0.16,-1.39,-0.86,1.55,0.0,14.96,Low (<15),2025,-182615.0,64799.0,54132.0,-35277.0,-963887.0,-425386.0,Bearish,Bearish,False,False,False
2025-02-17,22809.9,22974.2,22725.45,22963.5,Green,+0.67%,0.3,164.3,84.45,Mildly Bearish,Neutral,Bearish,Neutral,Neutral/Unclear,None,Down to Up,N/A,N/A,N/A,0.79,0.72,-0.37,0.67,1.09,0.0,15.02,Normal (15-20),2025,-188365.0,69192.0,98216.0,-28980.0,-914510.0,-388012.0,Bearish,Bearish,True,False,False
2025-02-18,22963.65,22992.5,22801.5,22923.15,Red,-0.18%,0.01,28.85,162.15,Neutral,Strong Bullish,Neutral,Bullish,Neutral/Unclear,None,Top to Down,N/A,N/A,N/A,0.82,0.13,-0.71,-0.18,0.83,0.0,15.72,Normal (15-20),2025,-184726.0,64427.0,95738.0,-29690.0,-849869.0,-444899.0,Bearish,Bearish,False,False,False
2025-02-19,22847.25,23049.95,22814.85,22914.4,Green,+0.29%,0.21,202.7,32.4,Neutral,Mildly Bearish,Neutral,Bearish,Neutral/Unclear,None,Down to Up,N/A,N/A,N/A,0.82,0.89,-0.14,0.29,1.03,0.0,15.67,Normal (15-20),2025,-186358.0,61515.0,109458.0,-29363.0,-879077.0,-430257.0,Bearish,Bearish,False,True,False
2025-02-20,22821.1,22923.85,22812.75,22906.25,Green,+0.37%,-0.32,102.75,8.35,Neutral,Neutral,Neutral,Neutral,Neutral/Unclear,None,Down to Up,N/A,N/A,N/A,0.81,0.45,-0.04,0.37,0.49,1.0,15.42,Normal (15-20),2025,-184559.0,73941.0,104572.0,-37168.0,-947813.0,-503391.0,Bearish,Bearish,False,False,False
2025-02-21,22855.8,22921.0,22720.3,22764.35,Red,-0.4%,0.11,65.2,135.5,Neutral,Bearish,Neutral,Bearish,Neutral/Unclear,None,Top to Down,N/A,N/A,N/A,0.77,0.29,-0.59,-0.4,0.88,0.0,14.68,Low (<15),2025,-191230.0,52345.0,99606.0,-37799.0,-955774.0,-453771.0,Bearish,Bearish,False,True,False
2025-02-24,22611.5,22668.05,22518.8,22548.85,Red,-0.28%,-0.1,56.55,92.7,Neutral,Mildly Bearish,Neutral,Bearish,Neutral/Unclear,None,Top to Down,N/A,N/A,N/A,0.76,0.25,-0.41,-0.28,0.66,0.0,14.53,Low (<15),2025,-191917.0,41551.0,115998.0,-28177.0,-945556.0,-395990.0,Bearish,Bearish,False,True,False
2025-02-25,22516.45,22625.3,22513.9,22526.3,Green,+0.04%,-0.27,108.85,2.55,Mildly Bearish,Mildly Bearish,Bearish,Bearish,Bearish Alignment,None,Down to Up,Worked then Reversed,Reversed by Close,Reversed Before Half,0.76,0.48,-0.01,0.04,0.49,0.0,14.44,Low (<15),2025,-199916.0,18804.0,118920.0,-30483.0,-1047489.0,-466824.0,Bearish,Bearish,True,True,True
2025-02-27,22568.95,22613.3,22508.4,22510.85,Red,-0.26%,-0.26,44.35,60.55,Neutral,Bullish,Neutral,Bullish,Neutral/Unclear,None,Top to Down,N/A,N/A,N/A,0.72,0.2,-0.27,-0.26,0.46,1.0,13.72,Low (<15),2025,-198604.0,17463.0,93565.0,-28126.0,-1039367.0,-537490.0,Bearish,Bearish,False,False,False
2025-02-28,22433.4,22450.35,22104.85,22127.4,Red,-1.36%,0.84,16.95,328.55,Strong Bullish,Mildly Bullish,Bullish,Bullish,Bullish Alignment,None,Top to Down,Worked then Reversed,Reversed by Close,Reversed Before Half,0.7,0.08,-1.46,-1.36,1.54,0.0,13.31,Low (<15),2025,-172560.0,97606.0,98181.0,-42589.0,-879084.0,-440744.0,Bearish,Bearish,False,False,False
2025-03-03,22194.55,22261.55,22004.7,22143.15,Red,-0.23%,0.43,67.0,189.85,Neutral,Bearish,Neutral,Bearish,Neutral/Unclear,None,Top to Down,N/A,N/A,N/A,0.73,0.3,-0.86,-0.23,1.16,0.0,13.91,Low (<15),2025,-187617.0,78374.0,80873.0,-49632.0,-880669.0,-381739.0,Bearish,Bearish,False,True,False
2025-03-04,21974.45,22105.05,21964.6,22080.3,Green,+0.48%,-0.08,130.6,9.85,Neutral,Strong Bullish,Neutral,Bullish,Neutral/Unclear,None,Down to Up,N/A,N/A,N/A,0.72,0.59,-0.04,0.48,0.64,0.0,13.76,Low (<15),2025,-186818.0,78209.0,69837.0,-50786.0,-834583.0,-453493.0,Bearish,Bearish,False,False,False
2025-03-05,22073.05,22394.9,22067.8,22346.65,Green,+1.24%,0.76,321.85,5.25,Neutral,Neutral,Neutral,Neutral,Neutral/Unclear,None,Down to Up,N/A,N/A,N/A,0.72,1.46,-0.02,1.24,1.48,0.0,13.83,Low (<15),2025,-186449.0,149514.0,153252.0,-60028.0,-844058.0,-493562.0,Bearish,Bearish,False,False,False
2025-03-06,22476.35,22556.45,22245.85,22529.2,Green,+0.24%,0.66,80.1,230.5,Mildly Bullish,Bullish,Bullish,Bullish,Bullish Alignment,None,Down to Up,Against then Recovered,Worked and Remained,Reversed Before Half,0.72,0.36,-1.03,0.24,1.38,1.0,13.67,Low (<15),2025,-183604.0,169716.0,133446.0,-65337.0,-812437.0,-554926.0,Bearish,Bearish,False,False,False
2025-03-07,22508.65,22633.8,22464.75,22536.95,Green,+0.13%,0.03,125.15,43.9,Mildly Bullish,Bearish,Bullish,Bearish,Mixed,None,Down to Up,N/A,N/A,N/A,0.72,0.56,-0.2,0.13,0.75,0.0,13.73,Low (<15),2025,-173381.0,162154.0,103326.0,-76831.0,-792335.0,-479755.0,Bearish,Bearish,False,True,False
2025-03-10,22521.85,22676.75,22429.05,22441.1,Red,-0.36%,0.39,154.9,92.8,Neutral,Neutral,Neutral,Neutral,Neutral/Unclear,None,Top to Down,N/A,N/A,N/A,0.71,0.69,-0.41,-0.36,1.1,0.0,13.47,Low (<15),2025,-175184.0,197899.0,153790.0,-72620.0,-822285.0,-506811.0,Bearish,Bearish,False,False,False
2025-03-11,22345.95,22522.1,22314.7,22522.1,Green,+0.79%,0.2,176.15,31.25,Neutral,Strong Bearish,Neutral,Bearish,Neutral/Unclear,None,Down to Up,N/A,N/A,N/A,0.73,0.79,-0.14,0.79,0.93,0.0,13.99,Low (<15),2025,-178505.0,210261.0,170782.0,-64350.0,-930202.0,-478132.0,Bearish,Bearish,False,True,False
2025-03-13,22541.5,22558.05,22377.35,22383.3,Red,-0.7%,0.08,16.55,164.15,Neutral,Mildly Bearish,Neutral,Bearish,Neutral/Unclear,None,Top to Down,N/A,N/A,N/A,0.72,0.07,-0.73,-0.7,0.8,1.0,13.69,Low (<15),2025,-183015.0,178457.0,150969.0,-66041.0,-1010562.0,-521906.0,Bearish,Bearish,False,True,False
2025-03-17,22353.15,22577.0,22353.15,22515.25,Green,+0.73%,0.3,223.85,0.0,Neutral,Bearish,Neutral,Bearish,Neutral/Unclear,None,Down to Up,N/A,N/A,N/A,0.7,1.0,0.0,0.73,1.0,0.0,13.28,Low (<15),2025,-183568.0,105354.0,57022.0,-65048.0,-956185.0,-378116.0,Bearish,Bearish,False,True,False
2025-03-18,22662.25,22857.8,22599.2,22848.75,Green,+0.82%,0.44,195.55,63.05,Bullish,Strong Bullish,Bullish,Bullish,Bullish Alignment,Strong Bullish Alignment,Down to Up,Against then Recovered,Worked and Remained,Exceeded Half then Reversed,0.7,0.86,-0.28,0.82,1.14,0.0,13.42,Low (<15),2025,-171418.0,168358.0,66692.0,-72002.0,-831959.0,-401645.0,Bearish,Bearish,False,False,False
2025-03-19,22874.95,22940.7,22807.95,22911.8,Green,+0.16%,-0.11,65.75,67.0,Bullish,Strong Bullish,Bullish,Bullish,Bullish Alignment,Strong Bullish Alignment,Down to Up,Against then Recovered,Worked and Remained,Reversed Before Half,0.69,0.29,-0.29,0.16,0.58,0.0,13.21,Low (<15),2025,-140645.0,159944.0,6559.0,-80489.0,-772527.0,-631448.0,Bearish,Bearish,False,False,False
2025-03-20,23036.6,23216.7,22973.95,23165.7,Green,+0.56%,0.35,180.1,62.65,Mildly Bullish,Bearish,Bullish,Bearish,Mixed,None,Down to Up,N/A,N/A,N/A,0.7,0.78,-0.27,0.56,1.05,1.0,13.3,Low (<15),2025,-127924.0,242277.0,54189.0,-83570.0,-876312.0,-680504.0,Bearish,Bearish,False,True,False
2025-03-21,23168.25,23402.7,23132.8,23355.65,Green,+0.81%,0.5,234.45,35.45,Neutral,Bearish,Neutral,Bearish,Neutral/Unclear,None,Down to Up,N/A,N/A,N/A,0.66,1.01,-0.15,0.81,1.16,0.0,12.6,Low (<15),2025,-110604.0,146967.0,-43931.0,-81877.0,-873082.0,-580055.0,Bearish,Bearish,False,True,False
2025-03-24,23515.4,23708.75,23433.5,23674.15,Green,+0.68%,0.51,193.35,81.9,Bullish,Mildly Bullish,Bullish,Bullish,Bullish Alignment,None,Down to Up,Against then Recovered,Worked and Remained,Exceeded Half then Reversed,0.66,0.82,-0.35,0.68,1.17,0.0,12.58,Low (<15),2025,-96249.0,128706.0,-100852.0,-76744.0,-834254.0,-570889.0,Bearish,Bearish,False,False,False
2025-03-25,23751.5,23869.6,23601.4,23605.95,Red,-0.61%,0.41,118.1,150.1,Neutral,Neutral,Neutral,Neutral,Neutral/Unclear,None,Top to Down,N/A,N/A,N/A,0.72,0.5,-0.63,-0.61,1.13,0.0,13.7,Low (<15),2025,-95030.0,74130.0,-160023.0,-64873.0,-864222.0,-577475.0,Bearish,Bearish,False,False,False
2025-03-26,23700.95,23736.5,23451.7,23464.3,Red,-1.0%,0.49,35.55,249.25,Bearish,Strong Bearish,Bearish,Bearish,Bearish Alignment,Strong Bearish Alignment,Top to Down,Against then Recovered,Worked and Remained,Exceeded Half then Reversed,0.71,0.15,-1.05,-1.0,1.2,0.0,13.64,Low (<15),2025,-90138.0,109405.0,-53273.0,-57294.0,-1062884.0,-610279.0,Bearish,Bearish,True,True,True
2025-03-27,23433.95,23646.45,23412.2,23601.05,Green,+0.71%,0.29,212.5,21.75,Neutral,Bearish,Neutral,Bearish,Neutral/Unclear,None,Down to Up,N/A,N/A,N/A,0.71,0.91,-0.09,0.71,1.0,1.0,13.47,Low (<15),2025,-83267.0,185584.0,29827.0,-68865.0,-1091728.0,-597936.0,Bearish,Bearish,False,True,False
2025-03-28,23600.4,23649.2,23450.2,23495.15,Red,-0.45%,0.14,48.8,150.2,Mildly Bullish,Neutral,Bullish,Neutral,Neutral/Unclear,None,Top to Down,N/A,N/A,N/A,0.7,0.21,-0.64,-0.45,0.84,0.0,13.3,Low (<15),2025,-30089.0,111666.0,-39964.0,-83299.0,-947465.0,-470641.0,Bearish,Bearish,False,False,False
2025-04-01,23341.1,23565.15,23136.4,23179.7,Red,-0.69%,1.17,224.05,204.7,Mildly Bearish,Neutral,Bearish,Neutral,Neutral/Unclear,None,Top to Down,N/A,N/A,N/A,0.67,0.96,-0.88,-0.69,1.84,0.0,12.72,Low (<15),2025,-48541.0,34849.0,-86373.0,-78787.0,-973748.0,-474816.0,Bearish,Bearish,True,False,False
2025-04-02,23192.6,23350.0,23158.45,23330.8,Green,+0.6%,0.11,157.4,34.15,Bearish,Strong Bearish,Bearish,Bearish,Bearish Alignment,Strong Bearish Alignment,Down to Up,Worked then Reversed,Reversed by Close,Reversed Before Half,0.72,0.68,-0.15,0.6,0.83,0.0,13.78,Low (<15),2025,-66112.0,32050.0,-38245.0,-78969.0,-1140142.0,-502545.0,Bearish,Bearish,True,True,True
2025-04-03,23150.3,23306.5,23145.8,23241.6,Green,+0.39%,-0.03,156.2,4.5,Bullish,Strong Bullish,Bullish,Bullish,Bullish Alignment,Strong Bullish Alignment,Down to Up,Against then Recovered,Worked and Remained,Exceeded Half then Reversed,0.72,0.67,-0.02,0.39,0.69,1.0,13.72,Low (<15),2025,-61863.0,-19016.0,-144264.0,-79197.0,-1075780.0,-561981.0,Bearish,Bearish,False,False,False
2025-04-04,23190.4,23214.7,22857.45,22912.05,Red,-1.2%,0.83,24.3,332.95,Mildly Bullish,Neutral,Bullish,Neutral,Neutral/Unclear,None,Top to Down,N/A,N/A,N/A,0.71,0.1,-1.44,-1.2,1.54,0.0,13.6,Low (<15),2025,-72724.0,186210.0,3397.0,-80879.0,-997289.0,-466284.0,Bearish,Bearish,False,False,False
2025-04-07,21758.4,22254.0,21743.65,22238.0,Green,+2.2%,1.63,495.6,14.75,Bearish,Bearish,Bearish,Bearish,Bearish Alignment,Strong Bearish Alignment,Down to Up,Worked then Reversed,Reversed by Close,Reversed Before Half,0.72,2.28,-0.07,2.2,2.35,0.0,13.76,Low (<15),2025,-86126.0,241106.0,118276.0,-76590.0,-1046956.0,-436779.0,Bearish,Bearish,True,True,True
2025-04-08,22446.75,22697.2,22270.85,22547.2,Green,+0.45%,0.71,250.45,175.9,Neutral,Mildly Bullish,Neutral,Bullish,Neutral/Unclear,None,Down to Up,N/A,N/A,N/A,1.19,1.12,-0.78,0.45,1.9,0.0,22.79,Elevated (20-30),2025,-107149.0,297127.0,165081.0,-53904.0,-1033216.0,-447882.0,Bearish,Bearish,False,False,False
2025-04-09,22460.3,22468.7,22353.25,22420.4,Red,-0.18%,-0.56,8.4,107.05,Neutral,Mildly Bearish,Neutral,Bearish,Neutral/Unclear,None,Top to Down,N/A,N/A,N/A,1.07,0.04,-0.48,-0.18,0.51,1.0,20.44,Elevated (20-30),2025,-108663.0,489394.0,370428.0,-52031.0,-1105821.0,-470009.0,Bearish,Bearish,False,True,False
2025-04-11,22695.4,22923.9,22695.4,22844.5,Green,+0.66%,-0.11,228.5,0.0,Mildly Bearish,Neutral,Bearish,Neutral,Neutral/Unclear,None,Down to Up,N/A,N/A,N/A,1.12,1.01,0.0,0.66,1.01,0.0,21.43,Elevated (20-30),2025,-115369.0,284100.0,198650.0,-52745.0,-1090738.0,-438291.0,Bearish,Bearish,True,False,False
2025-04-15,23368.35,23368.35,23207.0,23344.1,Red,-0.1%,-0.36,0.0,161.35,Mildly Bullish,Bullish,Bullish,Bullish,Bullish Alignment,None,Top to Down,Worked then Reversed,Reversed by Close,Reversed Before Half,1.05,0.0,-0.69,-0.1,0.69,0.0,20.11,Elevated (20-30),2025,-100768.0,391771.0,284729.0,-61099.0,-1032149.0,-484527.0,Bearish,Bearish,False,False,False
2025-04-16,23344.1,23452.2,23273.05,23433.3,Green,+0.38%,-0.07,108.1,71.05,Bullish,Bullish,Bullish,Bullish,Bullish Alignment,Strong Bullish Alignment,Down to Up,Against then Recovered,Worked and Remained,Exceeded Half then Reversed,0.84,0.46,-0.3,0.38,0.77,0.0,16.13,Normal (15-20),2025,-86881.0,158285.0,377.0,-71429.0,-970703.0,-509555.0,Bearish,Bearish,False,False,False
2025-04-17,23401.85,23872.35,23298.55,23837.75,Green,+1.86%,1.62,470.5,103.3,Neutral,Bullish,Neutral,Bullish,Neutral/Unclear,None,Down to Up,N/A,N/A,N/A,0.83,2.01,-0.44,1.86,2.45,1.0,15.87,Normal (15-20),2025,-85603.0,264179.0,86056.0,-71498.0,-920409.0,-534203.0,Bearish,Bearish,False,False,False
2025-04-21,23949.15,24189.55,23903.65,24121.2,Green,+0.72%,0.38,240.4,45.5,Neutral,Neutral,Neutral,Neutral,Neutral/Unclear,None,Down to Up,N/A,N/A,N/A,0.81,1.0,-0.19,0.72,1.19,0.0,15.47,Normal (15-20),2025,-82807.0,188999.0,19345.0,-58024.0,-915780.0,-507315.0,Bearish,Bearish,False,False,False
2025-04-22,24185.4,24242.6,24072.0,24134.05,Red,-0.21%,-0.1,57.2,113.4,Neutral,Neutral,Neutral,Neutral,Neutral/Unclear,None,Top to Down,N/A,N/A,N/A,0.81,0.24,-0.47,-0.21,0.71,0.0,15.52,Normal (15-20),2025,-76804.0,128407.0,-64013.0,-54718.0,-997060.0,-611309.0,Bearish,Bearish,False,False,False
2025-04-23,24357.6,24359.3,24119.95,24300.85,Red,-0.23%,0.18,1.7,237.65,Neutral,Neutral,Neutral,Neutral,Neutral/Unclear,None,Top to Down,N/A,N/A,N/A,0.8,0.01,-0.98,-0.23,0.98,0.0,15.23,Normal (15-20),2025,-77869.0,117118.0,-76287.0,-44694.0,-1007693.0,-583694.0,Bearish,Bearish,False,False,False
2025-04-24,24277.9,24347.85,24216.15,24245.05,Red,-0.14%,-0.3,69.95,61.75,Bullish,Mildly Bearish,Bullish,Bearish,Mixed,None,Top to Down,N/A,N/A,N/A,0.84,0.29,-0.25,-0.14,0.54,1.0,15.96,Normal (15-20),2025,-70305.0,105530.0,-137946.0,-49673.0,-1010949.0,-557157.0,Bearish,Bearish,False,True,False
2025-04-25,24289.0,24365.45,23847.85,23991.65,Red,-1.22%,1.28,76.45,441.15,Neutral,Bearish,Neutral,Bearish,Neutral/Unclear,None,Top to Down,N/A,N/A,N/A,0.85,0.31,-1.82,-1.22,2.13,0.0,16.25,Normal (15-20),2025,-24374.0,155487.0,-59387.0,-69048.0,-962406.0,-463905.0,Bearish,Bearish,False,True,False
2025-04-28,24070.25,24355.1,24054.05,24312.9,Green,+1.01%,0.35,284.85,16.2,Neutral,Neutral,Neutral,Neutral,Neutral/Unclear,None,Down to Up,N/A,N/A,N/A,0.9,1.18,-0.07,1.01,1.25,0.0,17.16,Normal (15-20),2025,-34760.0,-4360.0,-230812.0,-58756.0,-896388.0,-397067.0,Bearish,Bearish,False,False,False
2025-04-29,24370.7,24457.65,24290.75,24325.45,Red,-0.19%,-0.21,86.95,79.95,Bullish,Strong Bullish,Bullish,Bullish,Bullish Alignment,Strong Bullish Alignment,Top to Down,Worked then Reversed,Reversed by Close,Reversed Before Half,0.89,0.36,-0.33,-0.19,0.68,0.0,16.94,Normal (15-20),2025,-22310.0,4200.0,-274133.0,-50689.0,-857973.0,-480038.0,Bearish,Bearish,False,False,False
2025-04-30,24342.05,24396.15,24198.75,24246.25,Red,-0.39%,-0.1,54.1,143.3,Mildly Bearish,Bearish,Bearish,Bearish,Bearish Alignment,None,Top to Down,Against then Recovered,Worked and Remained,Exceeded Half then Reversed,0.91,0.22,-0.59,-0.39,0.81,1.0,17.37,Normal (15-20),2025,-17431.0,-58318.0,-283246.0,-49701.0,-911599.0,-464040.0,Bearish,Bearish,True,True,True
2025-05-02,24311.9,24589.15,24238.5,24313.65,Green,+0.01%,0.49,277.25,73.4,Bullish,Mildly Bearish,Bullish,Bearish,Mixed,None,Down to Up,N/A,N/A,N/A,0.95,1.14,-0.3,0.01,1.44,0.0,18.22,Normal (15-20),2025,-9534.0,153257.0,-148783.0,-48547.0,-866769.0,-384067.0,Bearish,Bearish,False,True,False
2025-05-05,24419.5,24526.4,24400.65,24459.5,Green,+0.16%,-0.45,106.9,18.85,Bearish,Mildly Bearish,Bearish,Bearish,Bearish Alignment,None,Down to Up,Worked then Reversed,Reversed by Close,Reversed Before Half,0.96,0.44,-0.08,0.16,0.51,0.0,18.26,Normal (15-20),2025,-8022.0,33692.0,-200820.0,-53207.0,-868614.0,-358979.0,Bearish,Bearish,True,True,True
2025-05-06,24500.75,24509.65,24331.8,24335.9,Red,-0.67%,-0.23,8.9,168.95,Mildly Bullish,Bullish,Bullish,Bullish,Bullish Alignment,None,Top to Down,Worked then Reversed,Reversed by Close,Reversed Before Half,0.96,0.04,-0.69,-0.67,0.73,0.0,18.34,Normal (15-20),2025,-4403.0,-43552.0,-322407.0,-55706.0,-873351.0,-432613.0,Bearish,Bearish,False,False,False
2025-05-07,24233.3,24449.6,24220.0,24409.3,Green,+0.73%,-0.04,216.3,13.3,Mildly Bearish,Mildly Bearish,Bearish,Bearish,Bearish Alignment,None,Down to Up,Worked then Reversed,Reversed by Close,Reversed Before Half,0.99,0.89,-0.05,0.73,0.95,0.0,19.0,Normal (15-20),2025,-2181.0,-3027.0,-232248.0,-52848.0,-846001.0,-358046.0,Bearish,Bearish,True,True,True
2025-05-08,24431.5,24447.25,24150.2,24154.1,Red,-1.14%,0.22,15.75,281.3,Neutral,Bullish,Neutral,Bullish,Neutral/Unclear,None,Top to Down,N/A,N/A,N/A,1.0,0.06,-1.15,-1.14,1.22,1.0,19.06,Normal (15-20),2025,924.0,-10331.0,-250796.0,-60404.0,-814124.0,-386334.0,Bullish,Bearish,False,False,False
2025-05-09,23935.75,24164.25,23935.75,24038.65,Green,+0.43%,-0.15,228.5,0.0,Neutral,Mildly Bearish,Neutral,Bearish,Neutral/Unclear,None,Down to Up,N/A,N/A,N/A,1.1,0.95,0.0,0.43,0.95,0.0,21.01,Elevated (20-30),2025,7930.0,232934.0,27721.0,-62277.0,-890201.0,-420827.0,Bullish,Bearish,False,True,False
2025-05-12,24420.1,24944.8,24378.85,24920.25,Green,+2.05%,1.19,524.7,41.25,Mildly Bearish,Mildly Bullish,Bearish,Bullish,Mixed,None,Down to Up,N/A,N/A,N/A,1.13,2.15,-0.17,2.05,2.32,0.0,21.63,Elevated (20-30),2025,-6954.0,137260.0,-48226.0,-78216.0,-868773.0,-448631.0,Bearish,Bearish,True,False,False
2025-05-13,24864.05,24973.8,24547.5,24593.65,Red,-1.09%,0.75,109.75,316.55,Mildly Bullish,Neutral,Bullish,Neutral,Neutral/Unclear,None,Top to Down,N/A,N/A,N/A,0.96,0.44,-1.27,-1.09,1.71,0.0,18.39,Normal (15-20),2025,619.0,167597.0,-55509.0,-81813.0,-837223.0,-428392.0,Bullish,Bearish,True,False,False
2025-05-14,24613.8,24767.55,24535.55,24685.75,Green,+0.29%,-0.01,153.75,78.25,Strong Bearish,Strong Bearish,Bearish,Bearish,Bearish Alignment,Strong Bearish Alignment,Down to Up,Worked then Reversed,Reversed by Close,Reversed Before Half,0.95,0.62,-0.32,0.29,0.94,0.0,18.2,Normal (15-20),2025,-36034.0,85738.0,-67299.0,-81135.0,-937674.0,-375853.0,Bearish,Bearish,True,True,True
2025-05-15,24694.45,25116.25,24494.45,25035.3,Green,+1.38%,1.62,421.8,200.0,Mildly Bullish,Strong Bullish,Bullish,Bullish,Bullish Alignment,None,Down to Up,Against then Recovered,Worked and Remained,Exceeded Half then Reversed,0.9,1.71,-0.81,1.38,2.52,1.0,17.23,Normal (15-20),2025,-34337.0,99015.0,-89672.0,-76332.0,-853244.0,-401420.0,Bearish,Bearish,False,False,False
2025-05-16,25064.65,25070.0,24953.05,25013.1,Red,-0.21%,-0.41,5.35,111.6,Neutral,Neutral,Neutral,Neutral,Neutral/Unclear,None,Top to Down,N/A,N/A,N/A,0.88,0.02,-0.45,-0.21,0.47,0.0,16.89,Normal (15-20),2025,-13055.0,144185.0,-34007.0,-65228.0,-905145.0,-463839.0,Bearish,Bearish,False,False,False
2025-05-19,25005.35,25062.95,24916.65,24935.35,Red,-0.28%,-0.28,57.6,88.7,Neutral,Mildly Bearish,Neutral,Bearish,Neutral/Unclear,None,Top to Down,N/A,N/A,N/A,0.87,0.23,-0.35,-0.28,0.59,0.0,16.55,Normal (15-20),2025,-22769.0,126625.0,-69530.0,-66843.0,-914278.0,-438930.0,Bearish,Bearish,False,True,False
2025-05-20,24996.2,25010.35,24669.7,24713.85,Red,-1.13%,0.45,14.15,326.5,Neutral,Mildly Bearish,Neutral,Bearish,Neutral/Unclear,None,Top to Down,N/A,N/A,N/A,0.91,0.06,-1.31,-1.13,1.36,0.0,17.36,Normal (15-20),2025,-23032.0,118699.0,-57630.0,-63710.0,-964320.0,-453922.0,Bearish,Bearish,False,True,False
2025-05-21,24744.25,24946.2,24685.35,24800.95,Green,+0.23%,0.14,201.95,58.9,Neutral,Neutral,Neutral,Neutral,Neutral/Unclear,None,Down to Up,N/A,N/A,N/A,0.91,0.82,-0.24,0.23,1.05,0.0,17.39,Normal (15-20),2025,-38282.0,132197.0,-37640.0,-60104.0,-909988.0,-416995.0,Bearish,Bearish,False,False,False
2025-05-22,24733.95,24737.5,24462.4,24637.0,Red,-0.39%,0.19,3.55,271.55,Neutral,Bullish,Neutral,Bullish,Neutral/Unclear,None,Top to Down,N/A,N/A,N/A,0.92,0.01,-1.1,-0.39,1.11,1.0,17.55,Normal (15-20),2025,-37123.0,239397.0,45677.0,-52853.0,-827676.0,-409725.0,Bearish,Bearish,False,False,False
2025-05-23,24639.5,24909.05,24614.05,24845.15,Green,+0.83%,0.3,269.55,25.45,Bearish,Strong Bearish,Bearish,Bearish,Bearish Alignment,Strong Bearish Alignment,Down to Up,Worked then Reversed,Reversed by Close,Reversed Before Half,0.9,1.09,-0.1,0.83,1.2,0.0,17.26,Normal (15-20),2025,-54843.0,126296.0,-7028.0,-53321.0,-973459.0,-412988.0,Bearish,Bearish,True,True,True
2025-05-26,24919.35,25079.2,24900.5,24996.35,Green,+0.31%,-0.18,159.85,18.85,Bullish,Strong Bullish,Bullish,Bullish,Bullish Alignment,Strong Bullish Alignment,Down to Up,Against then Recovered,Worked and Remained,Exceeded Half then Reversed,0.9,0.64,-0.08,0.31,0.72,0.0,17.28,Normal (15-20),2025,-53731.0,203807.0,8259.0,-45483.0,-770080.0,-383346.0,Bearish,Bearish,False,False,False
2025-05-27,24956.65,25062.9,24704.1,24837.7,Red,-0.48%,0.5,106.25,252.55,Neutral,Mildly Bearish,Neutral,Bearish,Neutral/Unclear,None,Top to Down,N/A,N/A,N/A,0.94,0.43,-1.01,-0.48,1.44,0.0,18.02,Normal (15-20),2025,-50846.0,320862.0,124304.0,-40903.0,-786415.0,-352302.0,Bearish,Bearish,False,True,False
2025-05-28,24832.5,24864.25,24737.05,24757.15,Red,-0.3%,-0.46,31.75,95.45,Bearish,Mildly Bearish,Bearish,Bearish,Bearish Alignment,None,Top to Down,Against then Recovered,Worked and Remained,Reversed Before Half,0.97,0.13,-0.38,-0.3,0.51,0.0,18.54,Normal (15-20),2025,-66953.0,341739.0,210694.0,-55128.0,-756030.0,-291198.0,Bearish,Bearish,True,True,True
2025-05-29,24825.1,24892.6,24677.3,24880.85,Green,+0.22%,-0.07,67.5,147.8,Neutral,Bearish,Neutral,Bearish,Neutral/Unclear,None,Down to Up,N/A,N/A,N/A,0.94,0.27,-0.6,0.22,0.87,1.0,18.02,Normal (15-20),2025,-78521.0,78856.0,-74146.0,-52878.0,-935754.0,-400176.0,Bearish,Bearish,False,True,False
2025-05-30,24812.6,24863.95,24717.4,24736.65,Red,-0.31%,-0.27,51.35,95.2,Neutral,Bearish,Neutral,Bearish,Neutral/Unclear,None,Top to Down,N/A,N/A,N/A,0.86,0.21,-0.38,-0.31,0.59,0.0,16.42,Normal (15-20),2025,-77497.0,25208.0,-112402.0,-63195.0,-927925.0,-350408.0,Bearish,Bearish,False,True,False
2025-06-02,24669.7,24754.4,24526.15,24690.35,Green,+0.08%,0.09,84.7,143.55,Neutral,Neutral,Neutral,Neutral,Neutral/Unclear,None,Down to Up,N/A,N/A,N/A,0.84,0.34,-0.58,0.08,0.93,0.0,16.08,Normal (15-20),2025,-83218.0,91285.0,-67813.0,-60110.0,-857678.0,-299551.0,Bearish,Bearish,False,False,False
2025-06-03,24786.3,24845.1,24502.15,24538.4,Red,-1.0%,0.48,58.8,284.15,Neutral,Strong Bullish,Neutral,Bullish,Neutral/Unclear,None,Top to Down,N/A,N/A,N/A,0.9,0.24,-1.15,-1.0,1.38,0.0,17.16,Normal (15-20),2025,-88600.0,163620.0,25156.0,-60286.0,-706865.0,-296511.0,Bearish,Bearish,False,False,False
2025-06-04,24560.45,24644.25,24530.45,24612.0,Green,+0.21%,-0.41,83.8,30.0,Neutral,Bearish,Neutral,Bearish,Neutral/Unclear,None,Down to Up,N/A,N/A,N/A,0.87,0.34,-0.12,0.21,0.46,0.0,16.56,Normal (15-20),2025,-102688.0,89124.0,-35902.0,-58418.0,-825363.0,-324284.0,Bearish,Bearish,False,True,False
2025-06-05,24691.2,24899.85,24613.1,24761.1,Green,+0.28%,0.34,208.65,78.1,Mildly Bullish,Bullish,Bullish,Bullish,Bullish Alignment,None,Down to Up,Against then Recovered,Worked and Remained,Exceeded Half then Reversed,0.82,0.85,-0.32,0.28,1.16,1.0,15.75,Normal (15-20),2025,-102469.0,59056.0,-101750.0,-57238.0,-759478.0,-326814.0,Bearish,Bearish,False,False,False
2025-06-06,24748.7,25029.5,24671.45,25000.3,Green,+1.02%,0.66,280.8,77.25,Neutral,Strong Bearish,Neutral,Bearish,Neutral/Unclear,None,Down to Up,N/A,N/A,N/A,0.79,1.13,-0.31,1.02,1.45,0.0,15.08,Normal (15-20),2025,-106522.0,81342.0,-70037.0,-47718.0,-911022.0,-357475.0,Bearish,Bearish,False,True,False
2025-06-09,25160.1,25160.1,25077.15,25103.1,Red,-0.23%,-0.44,0.0,82.95,Bullish,Strong Bullish,Bullish,Bullish,Bullish Alignment,Strong Bullish Alignment,Top to Down,Worked then Reversed,Reversed by Close,Reversed Before Half,0.77,0.0,-0.33,-0.23,0.33,0.0,14.63,Low (<15),2025,-92264.0,107488.0,-94768.0,-55107.0,-788356.0,-400781.0,Bearish,Bearish,False,False,False
2025-06-10,25196.05,25199.3,25055.45,25091.5,Red,-0.41%,-0.2,3.25,140.6,Neutral,Neutral,Neutral,Neutral,Neutral/Unclear,None,Top to Down,N/A,N/A,N/A,0.77,0.01,-0.56,-0.41,0.57,0.0,14.69,Low (<15),2025,-95406.0,81265.0,-108715.0,-60072.0,-854014.0,-455602.0,Bearish,Bearish,False,False,False
2025-06-11,25134.15,25222.4,25081.3,25126.8,Red,-0.03%,-0.17,88.25,52.85,Neutral,Bearish,Neutral,Bearish,Neutral/Unclear,None,Top to Down,N/A,N/A,N/A,0.73,0.35,-0.21,-0.03,0.56,0.0,14.02,Low (<15),2025,-92558.0,76051.0,-81910.0,-62550.0,-894860.0,-436899.0,Bearish,Bearish,False,True,False
2025-06-12,25164.45,25196.2,24825.9,24856.0,Red,-1.23%,0.75,31.75,338.55,Neutral,Neutral,Neutral,Neutral,Neutral/Unclear,None,Top to Down,N/A,N/A,N/A,0.72,0.13,-1.35,-1.23,1.47,1.0,13.67,Low (<15),2025,-86083.0,235353.0,61507.0,-57817.0,-835642.0,-391906.0,Bearish,Bearish,False,False,False
2025-06-13,24473.0,24754.35,24473.0,24735.55,Green,+1.07%,0.42,281.35,0.0,Bearish,Strong Bearish,Bearish,Bearish,Bearish Alignment,Strong Bearish Alignment,Down to Up,Worked then Reversed,Reversed by Close,Reversed Before Half,0.73,1.15,0.0,1.07,1.15,0.0,14.02,Low (<15),2025,-99012.0,119459.0,-15572.0,-63988.0,-954243.0,-370617.0,Bearish,Bearish,True,True,True
2025-06-16,24732.35,24967.1,24703.6,24940.95,Green,+0.84%,0.28,234.75,28.75,Neutral,Strong Bullish,Neutral,Bullish,Neutral/Unclear,None,Down to Up,N/A,N/A,N/A,0.79,0.95,-0.12,0.84,1.07,0.0,15.08,Normal (15-20),2025,-103743.0,124533.0,-26203.0,-72360.0,-837406.0,-371269.0,Bearish,Bearish,False,False,False
2025-06-17,24977.85,24982.05,24813.7,24841.5,Red,-0.55%,-0.11,4.2,164.15,Neutral,Strong Bullish,Neutral,Bullish,Neutral/Unclear,None,Top to Down,N/A,N/A,N/A,0.78,0.02,-0.66,-0.55,0.67,0.0,14.84,Low (<15),2025,-101277.0,122673.0,-54138.0,-57360.0,-663404.0,-409265.0,Bearish,Bearish,False,False,False
2025-06-18,24788.35,24947.55,24750.45,24798.75,Green,+0.04%,0.05,159.2,37.9,Neutral,Strong Bearish,Neutral,Bearish,Neutral/Unclear,None,Down to Up,N/A,N/A,N/A,0.75,0.64,-0.15,0.04,0.8,0.0,14.4,Low (<15),2025,-99017.0,136493.0,-27578.0,-63821.0,-825003.0,-383580.0,Bearish,Bearish,False,True,False
2025-06-19,24803.25,24863.1,24733.4,24744.7,Red,-0.24%,-0.23,59.85,69.85,Neutral,Neutral,Neutral,Neutral,Neutral/Unclear,None,Top to Down,N/A,N/A,N/A,0.75,0.24,-0.28,-0.24,0.52,1.0,14.28,Low (<15),2025,-98667.0,90316.0,-57083.0,-59021.0,-806577.0,-360549.0,Bearish,Bearish,False,False,False
2025-06-20,24787.65,25136.2,24783.65,25079.75,Green,+1.18%,0.67,348.55,4.0,Neutral,Neutral,Neutral,Neutral,Neutral/Unclear,None,Down to Up,N/A,N/A,N/A,0.75,1.41,-0.02,1.18,1.42,0.0,14.26,Low (<15),2025,-96496.0,161625.0,-8763.0,-56078.0,-865336.0,-395556.0,Bearish,Bearish,False,False,False
2025-06-23,24939.75,25057.0,24824.85,24958.9,Green,+0.08%,0.21,117.25,114.9,Neutral,Strong Bullish,Neutral,Bullish,Neutral/Unclear,None,Down to Up,N/A,N/A,N/A,0.72,0.47,-0.46,0.08,0.93,0.0,13.67,Low (<15),2025,-95902.0,114200.0,-69461.0,-38890.0,-638536.0,-358119.0,Bearish,Bearish,False,False,False
2025-06-24,25179.9,25317.7,24999.7,25071.55,Red,-0.43%,0.52,137.8,180.2,Mildly Bearish,Bearish,Bearish,Bearish,Bearish Alignment,None,Top to Down,Against then Recovered,Worked and Remained,Exceeded Half then Reversed,0.74,0.55,-0.72,-0.43,1.26,0.0,14.05,Low (<15),2025,-102241.0,138218.0,-20767.0,-44667.0,-694667.0,-327695.0,Bearish,Bearish,True,True,True
2025-06-25,25150.35,25266.8,25125.05,25236.35,Green,+0.34%,-0.15,116.45,25.3,Neutral,Neutral,Neutral,Neutral,Neutral/Unclear,None,Down to Up,N/A,N/A,N/A,0.71,0.46,-0.1,0.34,0.56,0.0,13.64,Low (<15),2025,-109005.0,37909.0,-104744.0,-43783.0,-655791.0,-291380.0,Bearish,Bearish,False,False,False
2025-06-26,25268.95,25565.3,25259.9,25530.4,Green,+1.03%,0.53,296.35,9.05,Mildly Bullish,Mildly Bullish,Bullish,Bullish,Bullish Alignment,None,Down to Up,Against then Recovered,Worked and Remained,Exceeded Half then Reversed,0.68,1.17,-0.04,1.03,1.21,1.0,12.96,Low (<15),2025,-106404.0,117034.0,-56110.0,-26441.0,-639324.0,-306216.0,Bearish,Bearish,False,False,False
2025-06-27,25576.65,25654.2,25523.55,25632.45,Green,+0.22%,-0.15,77.55,53.1,Bullish,Strong Bearish,Bullish,Bearish,Mixed,None,Down to Up,N/A,N/A,N/A,0.66,0.3,-0.21,0.22,0.51,0.0,12.59,Low (<15),2025,-34501.0,32917.0,-160230.0,-59256.0,-781594.0,-349558.0,Bearish,Bearish,False,True,False
2025-06-30,25661.65,25669.35,25473.3,25507.45,Red,-0.6%,0.11,7.7,188.35,Neutral,Strong Bullish,Neutral,Bullish,Neutral/Unclear,None,Top to Down,N/A,N/A,N/A,0.65,0.03,-0.73,-0.6,0.76,0.0,12.39,Low (<15),2025,-33052.0,2524.0,-196725.0,-58687.0,-669030.0,-348541.0,Bearish,Bearish,False,False,False
2025-07-01,25551.35,25593.4,25501.8,25533.0,Red,-0.07%,-0.31,42.05,49.55,Neutral,Bearish,Neutral,Bearish,Neutral/Unclear,None,Top to Down,N/A,N/A,N/A,0.67,0.16,-0.19,-0.07,0.36,0.0,12.79,Low (<15),2025,-37657.0,-44301.0,-219826.0,-48619.0,-694711.0,-275313.0,Bearish,Bearish,False,True,False
2025-07-02,25588.3,25608.1,25378.75,25442.85,Red,-0.57%,0.24,19.8,209.55,Bearish,Bearish,Bearish,Bearish,Bearish Alignment,Strong Bearish Alignment,Top to Down,Against then Recovered,Worked and Remained,Exceeded Half then Reversed,0.66,0.08,-0.82,-0.57,0.9,0.0,12.53,Low (<15),2025,-38240.0,-10124.0,-103005.0,-43665.0,-772176.0,-286335.0,Bearish,Bearish,True,True,True
2025-07-03,25505.1,25587.5,25384.35,25397.4,Red,-0.42%,0.15,82.4,120.75,Strong Bearish,Bearish,Bearish,Bearish,Bearish Alignment,Strong Bearish Alignment,Top to Down,Against then Recovered,Worked and Remained,Exceeded Half then Reversed,0.65,0.32,-0.47,-0.42,0.8,1.0,12.45,Low (<15),2025,-48755.0,-101646.0,-94159.0,-46825.0,-872915.0,-336966.0,Bearish,Bearish,True,True,True
2025-07-04,25428.85,25470.25,25331.65,25467.8,Green,+0.15%,-0.1,41.4,97.2,Bullish,Strong Bearish,Bullish,Bearish,Mixed,None,Down to Up,N/A,N/A,N/A,0.65,0.16,-0.38,0.15,0.55,0.0,12.39,Low (<15),2025,-61341.0,8016.0,-73224.0,-44104.0,-929355.0,-289130.0,Bearish,Bearish,False,True,False
2025-07-07,25450.45,25489.8,25407.25,25454.95,Green,+0.02%,-0.33,39.35,43.2,Neutral,Strong Bullish,Neutral,Bullish,Neutral/Unclear,None,Down to Up,N/A,N/A,N/A,0.65,0.15,-0.17,0.02,0.32,0.0,12.32,Low (<15),2025,-65221.0,11880.0,-85145.0,-44516.0,-748766.0,-241930.0,Bearish,Bearish,False,False,False
2025-07-08,25427.85,25548.05,25424.15,25523.1,Green,+0.37%,-0.17,120.2,3.7,Neutral,Bearish,Neutral,Bearish,Neutral/Unclear,None,Down to Up,N/A,N/A,N/A,0.66,0.47,-0.01,0.37,0.49,0.0,12.56,Low (<15),2025,-68637.0,1660.0,-94882.0,-46792.0,-824556.0,-243984.0,Bearish,Bearish,False,True,False
2025-07-09,25514.6,25548.7,25424.35,25464.65,Red,-0.2%,-0.15,34.1,90.25,Neutral,Mildly Bullish,Neutral,Bullish,Neutral/Unclear,None,Top to Down,N/A,N/A,N/A,0.64,0.13,-0.35,-0.2,0.49,0.0,12.2,Low (<15),2025,-70047.0,-5562.0,-102106.0,-51748.0,-818883.0,-291623.0,Bearish,Bearish,False,False,False
2025-07-11,25255.5,25322.45,25129.0,25140.55,Red,-0.46%,0.16,66.95,126.5,Neutral,Neutral,Neutral,Neutral,Neutral/Unclear,None,Top to Down,N/A,N/A,N/A,0.61,0.27,-0.5,-0.46,0.77,0.0,11.67,Low (<15),2025,-79591.0,24740.0,-81453.0,-50734.0,-887635.0,-336912.0,Bearish,Bearish,False,False,False
2025-07-14,25149.5,25151.1,25001.95,25087.1,Red,-0.25%,-0.03,1.6,147.55,Bearish,Bearish,Bearish,Bearish,Bearish Alignment,Strong Bearish Alignment,Top to Down,Against then Recovered,Worked and Remained,Exceeded Half then Reversed,0.62,0.01,-0.59,-0.25,0.59,0.0,11.82,Low (<15),2025,-98102.0,-11706.0,-63252.0,-48667.0,-865266.0,-255780.0,Bearish,Bearish,True,True,True
2025-07-15,25089.5,25245.2,25088.45,25219.65,Green,+0.52%,-0.01,155.7,1.05,Neutral,Mildly Bullish,Neutral,Bullish,Neutral/Unclear,None,Down to Up,N/A,N/A,N/A,0.63,0.62,-0.0,0.52,0.62,0.0,11.98,Low (<15),2025,-115404.0,-37242.0,-89340.0,-44805.0,-787973.0,-218302.0,Bearish,Bearish,False,False,False
2025-07-16,25196.6,25255.3,25121.05,25198.55,Green,+0.01%,-0.07,58.7,75.55,Neutral,Bullish,Neutral,Bullish,Neutral/Unclear,None,Down to Up,N/A,N/A,N/A,0.6,0.23,-0.3,0.01,0.53,0.0,11.48,Low (<15),2025,-116162.0,-14295.0,-88280.0,-47520.0,-784016.0,-274446.0,Bearish,Bearish,False,False,False
2025-07-17,25230.75,25238.35,25101.0,25109.5,Red,-0.48%,-0.05,7.6,129.75,Neutral,Neutral,Neutral,Neutral,Neutral/Unclear,None,Top to Down,N/A,N/A,N/A,0.59,0.03,-0.51,-0.48,0.54,1.0,11.24,Low (<15),2025,-119854.0,-15020.0,-86353.0,-46741.0,-812540.0,-291628.0,Bearish,Bearish,False,False,False
2025-07-18,25108.55,25144.6,24918.65,24967.45,Red,-0.56%,0.31,36.05,189.9,Neutral,Bearish,Neutral,Bearish,Neutral/Unclear,None,Top to Down,N/A,N/A,N/A,0.59,0.14,-0.76,-0.56,0.9,0.0,11.24,Low (<15),2025,-130089.0,17725.0,-58284.0,-41489.0,-916556.0,-302808.0,Bearish,Bearish,False,True,False
2025-07-21,24999.0,25111.4,24882.3,25093.3,Green,+0.38%,0.32,112.4,116.7,Bearish,Neutral,Bearish,Neutral,Neutral/Unclear,None,Down to Up,N/A,N/A,N/A,0.6,0.45,-0.47,0.38,0.92,0.0,11.39,Low (<15),2025,-142406.0,-20272.0,-38837.0,-32109.0,-853722.0,-230475.0,Bearish,Bearish,True,False,False
2025-07-22,25166.65,25182.0,25035.55,25064.9,Red,-0.4%,-0.01,15.35,131.1,Mildly Bullish,Strong Bullish,Bullish,Bullish,Bullish Alignment,None,Top to Down,Worked then Reversed,Reversed by Close,Reversed Before Half,0.59,0.06,-0.52,-0.4,0.58,0.0,11.2,Low (<15),2025,-139586.0,-21777.0,-86551.0,-38017.0,-690222.0,-231697.0,Bearish,Bearish,False,False,False
2025-07-23,25139.35,25233.5,25085.5,25209.2,Green,+0.28%,0.03,94.15,53.85,Mildly Bearish,Strong Bearish,Bearish,Bearish,Bearish Alignment,None,Down to Up,Worked then Reversed,Reversed by Close,Reversed Before Half,0.56,0.37,-0.21,0.28,0.59,0.0,10.75,Low (<15),2025,-143796.0,-40423.0,-60428.0,-35012.0,-844217.0,-240305.0,Bearish,Bearish,True,True,True
2025-07-24,25243.3,25246.25,25018.7,25051.9,Red,-0.76%,0.35,2.95,224.6,Bullish,Strong Bullish,Bullish,Bullish,Bullish Alignment,Strong Bullish Alignment,Top to Down,Worked then Reversed,Reversed by Close,Reversed Before Half,0.55,0.01,-0.89,-0.76,0.9,1.0,10.52,Low (<15),2025,-139899.0,-4231.0,-102749.0,-40001.0,-683995.0,-321744.0,Bearish,Bearish,False,False,False
2025-07-25,25010.35,25010.35,24806.35,24832.2,Red,-0.71%,0.26,0.0,204.0,Mildly Bearish,Strong Bearish,Bearish,Bearish,Bearish Alignment,None,Top to Down,Against then Recovered,Worked and Remained,Exceeded Half then Reversed,0.56,0.0,-0.82,-0.71,0.82,0.0,10.72,Low (<15),2025,-139880.0,6403.0,-45552.0,-41742.0,-896747.0,-297414.0,Bearish,Bearish,True,True,True
2025-07-28,24782.45,24889.2,24646.6,24673.95,Red,-0.44%,0.39,106.75,135.85,Strong Bearish,Bearish,Bearish,Bearish,Bearish Alignment,Strong Bearish Alignment,Top to Down,Against then Recovered,Worked and Remained,Exceeded Half then Reversed,0.59,0.43,-0.55,-0.44,0.98,0.0,11.28,Low (<15),2025,-152862.0,-48644.0,-4196.0,-32845.0,-921147.0,-230599.0,Bearish,Bearish,True,True,True
2025-07-29,24609.65,24847.15,24598.6,24830.4,Green,+0.9%,0.38,237.5,11.05,Bearish,Neutral,Bearish,Neutral,Neutral/Unclear,None,Down to Up,N/A,N/A,N/A,0.63,0.97,-0.04,0.9,1.01,0.0,12.06,Low (<15),2025,-159070.0,-98055.0,3989.0,-35024.0,-887071.0,-207927.0,Bearish,Bearish,True,False,False
2025-07-30,24890.4,24902.3,24771.95,24844.55,Red,-0.18%,-0.08,11.9,118.45,Bullish,Strong Bullish,Bullish,Bullish,Bullish Alignment,Strong Bullish Alignment,Top to Down,Worked then Reversed,Reversed by Close,Reversed Before Half,0.6,0.05,-0.48,-0.18,0.52,0.0,11.53,Low (<15),2025,-165026.0,-46109.0,-35091.0,-40389.0,-734184.0,-242614.0,Bearish,Bearish,False,False,False
2025-07-31,24642.25,24956.5,24635.0,24765.6,Green,+0.5%,0.71,314.25,7.25,Neutral,Bearish,Neutral,Bearish,Neutral/Unclear,None,Down to Up,N/A,N/A,N/A,0.59,1.28,-0.03,0.5,1.3,1.0,11.21,Low (<15),2025,-167355.0,-70780.0,-88269.0,-36128.0,-827292.0,-256307.0,Bearish,Bearish,False,True,False
2025-08-01,24734.9,24784.15,24535.05,24572.15,Red,-0.66%,0.41,49.25,199.85,Neutral,Mildly Bullish,Neutral,Bullish,Neutral/Unclear,None,Top to Down,N/A,N/A,N/A,0.6,0.2,-0.81,-0.66,1.01,0.0,11.54,Low (<15),2025,-132002.0,-57881.0,-54524.0,-46749.0,-836352.0,-322673.0,Bearish,Bearish,False,False,False
2025-08-04,24596.05,24736.25,24554.0,24726.9,Green,+0.53%,0.11,140.2,42.05,Bearish,Strong Bearish,Bearish,Bearish,Bearish Alignment,Strong Bearish Alignment,Down to Up,Worked then Reversed,Reversed by Close,Reversed Before Half,0.63,0.57,-0.17,0.53,0.74,0.0,11.98,Low (<15),2025,-152526.0,-97958.0,-37264.0,-39179.0,-897593.0,-230364.0,Bearish,Bearish,True,True,True
2025-08-05,24720.25,24733.1,24590.3,24649.5,Red,-0.29%,-0.05,12.85,129.95,Bullish,Strong Bullish,Bullish,Bullish,Bullish Alignment,Strong Bullish Alignment,Top to Down,Worked then Reversed,Reversed by Close,Reversed Before Half,0.63,0.05,-0.53,-0.29,0.58,0.0,11.97,Low (<15),2025,-151292.0,-66866.0,-69872.0,-37811.0,-737687.0,-228122.0,Bearish,Bearish,False,False,False
2025-08-06,24641.35,24671.4,24539.2,24569.6,Red,-0.29%,-0.07,30.05,102.15,Mildly Bearish,Strong Bearish,Bearish,Bearish,Bearish Alignment,None,Top to Down,Against then Recovered,Worked and Remained,Exceeded Half then Reversed,0.61,0.12,-0.41,-0.29,0.54,0.0,11.71,Low (<15),2025,-163116.0,-60183.0,-41364.0,-33381.0,-869695.0,-247948.0,Bearish,Bearish,True,True,True
2025-08-07,24464.2,24634.2,24344.15,24626.65,Green,+0.66%,0.56,170.0,120.05,Bearish,Mildly Bearish,Bearish,Bearish,Bearish Alignment,None,Down to Up,Worked then Reversed,Reversed by Close,Exceeded Half then Reversed,0.63,0.69,-0.49,0.66,1.19,1.0,11.96,Low (<15),2025,-161433.0,-73233.0,23752.0,-31867.0,-958035.0,-285646.0,Bearish,Bearish,True,True,True
2025-08-08,24544.25,24585.5,24337.5,24350.85,Red,-0.79%,0.4,41.25,206.75,Neutral,Strong Bullish,Neutral,Bullish,Neutral/Unclear,None,Top to Down,N/A,N/A,N/A,0.61,0.17,-0.84,-0.79,1.01,0.0,11.69,Low (<15),2025,-167601.0,-66147.0,3719.0,-33724.0,-903044.0,-347807.0,Bearish,Bearish,False,False,False
2025-08-11,24371.5,24600.85,24347.45,24562.15,Green,+0.78%,0.41,229.35,24.05,Bearish,Strong Bearish,Bearish,Bearish,Bearish Alignment,Strong Bearish Alignment,Down to Up,Worked then Reversed,Reversed by Close,Reversed Before Half,0.63,0.94,-0.1,0.78,1.04,0.0,12.03,Low (<15),2025,-177012.0,-111204.0,44879.0,-33229.0,-961689.0,-280915.0,Bearish,Bearish,True,True,True
2025-08-12,24563.35,24702.6,24465.65,24485.85,Red,-0.32%,0.32,139.25,97.7,Bullish,Strong Bullish,Bullish,Bullish,Bullish Alignment,Strong Bullish Alignment,Top to Down,Worked then Reversed,Reversed by Close,Exceeded Half then Reversed,0.64,0.57,-0.4,-0.32,0.96,0.0,12.22,Low (<15),2025,-174069.0,-86837.0,-8971.0,-32145.0,-729260.0,-311272.0,Bearish,Bearish,False,False,False
2025-08-13,24586.2,24664.55,24535.25,24630.4,Green,+0.18%,-0.11,78.35,50.95,Mildly Bearish,Strong Bearish,Bearish,Bearish,Bearish Alignment,None,Down to Up,Worked then Reversed,Reversed by Close,Reversed Before Half,0.64,0.32,-0.21,0.18,0.53,0.0,12.23,Low (<15),2025,-179600.0,-107552.0,13891.0,-30813.0,-888844.0,-263837.0,Bearish,Bearish,True,True,True
2025-08-14,24607.25,24673.65,24596.9,24616.05,Green,+0.04%,-0.33,66.4,10.35,Bullish,Bullish,Bullish,Bullish,Bullish Alignment,Strong Bullish Alignment,Down to Up,Against then Recovered,Worked and Remained,Reversed Before Half,0.64,0.27,-0.04,0.04,0.31,1.0,12.14,Low (<15),2025,-177099.0,-72136.0,-47632.0,-31138.0,-880863.0,-314833.0,Bearish,Bearish,False,False,False
2025-08-18,24938.2,25022.0,24852.85,24884.05,Red,-0.22%,0.03,83.8,85.35,Mildly Bearish,Bearish,Bearish,Bearish,Bearish Alignment,None,Top to Down,Against then Recovered,Worked and Remained,Exceeded Half then Reversed,0.65,0.34,-0.34,-0.22,0.68,0.0,12.36,Low (<15),2025,-177221.0,-52420.0,17588.0,-26428.0,-1026741.0,-367271.0,Bearish,Bearish,True,True,True
2025-08-19,24891.35,25012.65,24873.95,24989.7,Green,+0.4%,-0.09,121.3,17.4,Neutral,Neutral,Neutral,Neutral,Neutral/Unclear,None,Down to Up,N/A,N/A,N/A,0.65,0.49,-0.07,0.4,0.56,0.0,12.34,Low (<15),2025,-165666.0,-49496.0,16606.0,-31827.0,-946639.0,-294266.0,Bearish,Bearish,False,False,False
2025-08-20,24965.8,25088.7,24929.7,25047.15,Green,+0.33%,0.02,122.9,36.1,Neutral,Strong Bullish,Neutral,Bullish,Neutral/Unclear,None,Down to Up,N/A,N/A,N/A,0.62,0.49,-0.14,0.33,0.64,0.0,11.79,Low (<15),2025,-165873.0,-33048.0,24209.0,-33322.0,-881233.0,-391369.0,Bearish,Bearish,False,False,False
2025-08-21,25142.0,25153.65,25054.9,25076.95,Red,-0.26%,-0.23,11.65,87.1,Neutral,Neutral,Neutral,Neutral,Neutral/Unclear,None,Top to Down,N/A,N/A,N/A,0.62,0.05,-0.35,-0.26,0.39,1.0,11.79,Low (<15),2025,-167534.0,-58312.0,-26958.0,-28368.0,-878024.0,-397118.0,Bearish,Bearish,False,False,False
2025-08-22,25064.15,25084.85,24859.15,24869.45,Red,-0.78%,0.3,20.7,205.0,Neutral,Bearish,Neutral,Bearish,Neutral/Unclear,None,Top to Down,N/A,N/A,N/A,0.6,0.08,-0.82,-0.78,0.9,0.0,11.37,Low (<15),2025,-162392.0,-35356.0,24278.0,-24543.0,-903830.0,-357220.0,Bearish,Bearish,False,True,False
2025-08-25,24949.15,25021.55,24894.35,24978.55,Green,+0.12%,-0.1,72.4,54.8,Bearish,Bearish,Bearish,Bearish,Bearish Alignment,Strong Bearish Alignment,Down to Up,Worked then Reversed,Reversed by Close,Reversed Before Half,0.61,0.29,-0.22,0.12,0.51,0.0,11.73,Low (<15),2025,-165851.0,-79783.0,56313.0,-24765.0,-834089.0,-216042.0,Bearish,Bearish,True,True,True
2025-08-26,24899.5,24919.65,24689.6,24710.7,Red,-0.76%,0.3,20.15,209.9,Mildly Bullish,Strong Bullish,Bullish,Bullish,Bullish Alignment,None,Top to Down,Worked then Reversed,Reversed by Close,Reversed Before Half,0.62,0.08,-0.84,-0.76,0.92,0.0,11.76,Low (<15),2025,-164580.0,-67770.0,23446.0,-23153.0,-747655.0,-297083.0,Bearish,Bearish,False,False,False
2025-08-28,24695.8,24702.65,24481.6,24533.1,Red,-0.66%,0.26,6.85,214.2,Mildly Bearish,Strong Bearish,Bearish,Bearish,Bearish Alignment,None,Top to Down,Against then Recovered,Worked and Remained,Exceeded Half then Reversed,0.64,0.03,-0.87,-0.66,0.9,1.0,12.19,Low (<15),2025,-171271.0,-73303.0,53278.0,-23952.0,-928557.0,-265508.0,Bearish,Bearish,True,True,True
2025-08-29,24466.7,24572.45,24404.7,24433.65,Red,-0.14%,0.05,105.75,62.0,Neutral,Bullish,Neutral,Bullish,Neutral/Unclear,None,Top to Down,N/A,N/A,N/A,0.64,0.43,-0.25,-0.14,0.69,0.0,12.18,Low (<15),2025,-162856.0,-66400.0,47763.0,-45528.0,-930525.0,-352007.0,Bearish,Bearish,False,False,False
2025-09-01,24432.7,24635.6,24432.7,24624.3,Green,+0.78%,0.21,202.9,0.0,Neutral,Bearish,Neutral,Bearish,Neutral/Unclear,None,Down to Up,N/A,N/A,N/A,0.62,0.83,0.0,0.78,0.83,0.0,11.75,Low (<15),2025,-169537.0,-95544.0,36801.0,-42196.0,-946085.0,-268903.0,Bearish,Bearish,False,True,False
2025-09-02,24653.0,24756.1,24522.35,24575.0,Red,-0.32%,0.36,103.1,130.65,Strong Bullish,Bullish,Bullish,Bullish,Bullish Alignment,Strong Bullish Alignment,Top to Down,Worked then Reversed,Reversed by Close,Exceeded Half then Reversed,0.59,0.42,-0.53,-0.32,0.95,1.0,11.29,Low (<15),2025,-166889.0,-72094.0,-41906.0,-41458.0,-860645.0,-275930.0,Bearish,Bearish,False,False,False
2025-09-03,24616.5,24737.05,24533.2,24713.6,Green,+0.39%,0.23,120.55,83.3,Bearish,Neutral,Bearish,Neutral,Neutral/Unclear,None,Down to Up,N/A,N/A,N/A,0.6,0.49,-0.34,0.39,0.83,0.0,11.4,Low (<15),2025,-174767.0,-58446.0,59610.0,-34075.0,-898021.0,-311154.0,Bearish,Bearish,True,False,False
2025-09-04,24980.75,24980.75,24708.2,24739.8,Red,-0.96%,0.52,0.0,272.55,Bullish,Strong Bullish,Bullish,Bullish,Bullish Alignment,Strong Bullish Alignment,Top to Down,Worked then Reversed,Reversed by Close,Reversed Before Half,0.57,0.0,-1.09,-0.96,1.09,0.0,10.93,Low (<15),2025,-177138.0,-83247.0,-18961.0,-34393.0,-775665.0,-331395.0,Bearish,Bearish,False,False,False
2025-09-05,24818.85,24832.35,24621.6,24743.95,Red,-0.3%,0.28,13.5,197.25,Bearish,Strong Bearish,Bearish,Bearish,Bearish Alignment,Strong Bearish Alignment,Top to Down,Against then Recovered,Worked and Remained,Exceeded Half then Reversed,0.57,0.05,-0.79,-0.3,0.85,0.0,10.85,Low (<15),2025,-182919.0,-79794.0,32144.0,-26422.0,-903716.0,-287046.0,Bearish,Bearish,True,True,True
2025-09-09,24864.1,24891.8,24814.0,24878.8,Green,+0.06%,-0.26,27.7,50.1,Mildly Bullish,Bearish,Bullish,Bearish,Mixed,None,Down to Up,N/A,N/A,N/A,0.57,0.11,-0.2,0.06,0.31,1.0,10.84,Low (<15),2025,-182864.0,-29925.0,33302.0,-30117.0,-929252.0,-264414.0,Bearish,Bearish,False,True,False
2025-09-10,24991.0,25035.7,24915.05,24977.55,Red,-0.05%,-0.08,44.7,75.95,Neutral,Bullish,Neutral,Bullish,Neutral/Unclear,None,Top to Down,N/A,N/A,N/A,0.56,0.18,-0.3,-0.05,0.48,0.0,10.69,Low (<15),2025,-181354.0,-56797.0,24392.0,-30749.0,-919945.0,-310489.0,Bearish,Bearish,False,False,False
2025-09-11,24945.5,25037.3,24940.15,25008.1,Green,+0.25%,-0.16,91.8,5.35,Neutral,Neutral,Neutral,Neutral,Neutral/Unclear,None,Down to Up,N/A,N/A,N/A,0.55,0.37,-0.02,0.25,0.39,0.0,10.54,Low (<15),2025,-177644.0,-90626.0,-12459.0,-29363.0,-879295.0,-282748.0,Bearish,Bearish,False,False,False
2025-09-12,25074.45,25139.45,25038.05,25107.7,Green,+0.13%,-0.14,65.0,36.4,Neutral,Strong Bullish,Neutral,Bullish,Neutral/Unclear,None,Down to Up,N/A,N/A,N/A,0.54,0.26,-0.15,0.13,0.4,0.0,10.36,Low (<15),2025,-174304.0,-68053.0,6277.0,-32381.0,-818436.0,-355904.0,Bearish,Bearish,False,False,False
2025-09-15,25118.9,25138.45,25048.75,25069.7,Red,-0.2%,-0.17,19.55,70.15,Neutral,Bullish,Neutral,Bullish,Neutral/Unclear,None,Top to Down,N/A,N/A,N/A,0.53,0.08,-0.28,-0.2,0.36,0.0,10.12,Low (<15),2025,-163853.0,-38334.0,23466.0,-38831.0,-784709.0,-405276.0,Bearish,Bearish,False,False,False
2025-09-16,25073.6,25261.4,25070.45,25254.45,Green,+0.72%,0.22,187.8,3.15,Mildly Bearish,Strong Bearish,Bearish,Bearish,Bearish Alignment,None,Down to Up,Worked then Reversed,Reversed by Close,Reversed Before Half,0.54,0.75,-0.01,0.72,0.76,1.0,10.4,Low (<15),2025,-162660.0,-74001.0,34616.0,-40376.0,-902347.0,-296280.0,Bearish,Bearish,True,True,True
2025-09-17,25276.6,25346.5,25275.35,25330.15,Green,+0.21%,-0.26,69.9,1.25,Bullish,Strong Bullish,Bullish,Bullish,Bullish Alignment,Strong Bullish Alignment,Down to Up,Against then Recovered,Worked and Remained,Exceeded Half then Reversed,0.54,0.28,-0.0,0.21,0.28,0.0,10.27,Low (<15),2025,-151065.0,-47799.0,8292.0,-47743.0,-866370.0,-385812.0,Bearish,Bearish,False,False,False
2025-09-18,25441.05,25448.95,25329.75,25420.75,Red,-0.08%,-0.07,7.9,111.3,Neutral,Neutral,Neutral,Neutral,Neutral/Unclear,None,Top to Down,N/A,N/A,N/A,0.54,0.03,-0.44,-0.08,0.47,0.0,10.25,Low (<15),2025,-142164.0,-48406.0,-10182.0,-53616.0,-807670.0,-353340.0,Bearish,Bearish,False,False,False
2025-09-19,25410.2,25428.75,25286.3,25352.5,Red,-0.23%,0.04,18.55,123.9,Neutral,Mildly Bearish,Neutral,Bearish,Neutral/Unclear,None,Top to Down,N/A,N/A,N/A,0.52,0.07,-0.49,-0.23,0.56,0.0,9.89,Low (<15),2025,-135163.0,-25325.0,23461.0,-59011.0,-784113.0,-300103.0,Bearish,Bearish,False,True,False
2025-09-22,25238.1,25331.7,25151.05,25200.2,Red,-0.15%,0.2,93.6,87.05,Neutral,Bearish,Neutral,Bearish,Neutral/Unclear,None,Top to Down,N/A,N/A,N/A,0.52,0.37,-0.34,-0.15,0.72,0.0,9.97,Low (<15),2025,-138277.0,-3591.0,15365.0,-60106.0,-899506.0,-330442.0,Bearish,Bearish,False,True,False
2025-09-23,25209.0,25261.9,25084.65,25185.8,Red,-0.09%,0.15,52.9,124.35,Bearish,Mildly Bearish,Bearish,Bearish,Bearish Alignment,None,Top to Down,Against then Recovered,Worked and Remained,Exceeded Half then Reversed,0.55,0.21,-0.49,-0.09,0.7,1.0,10.56,Low (<15),2025,-135758.0,-71745.0,33169.0,-56424.0,-906875.0,-288311.0,Bearish,Bearish,True,True,True
2025-09-24,25108.75,25149.85,25027.45,25060.9,Red,-0.19%,-0.07,41.1,81.3,Neutral,Strong Bullish,Neutral,Bullish,Neutral/Unclear,None,Top to Down,N/A,N/A,N/A,0.56,0.16,-0.32,-0.19,0.49,0.0,10.63,Low (<15),2025,-133682.0,-70016.0,14561.0,-62994.0,-859507.0,-353072.0,Bearish,Bearish,False,False,False
2025-09-25,25034.5,25092.7,24878.3,24904.55,Red,-0.52%,0.31,58.2,156.2,Mildly Bearish,Bearish,Bearish,Bearish,Bearish Alignment,None,Top to Down,Against then Recovered,Worked and Remained,Exceeded Half then Reversed,0.55,0.23,-0.62,-0.52,0.86,0.0,10.52,Low (<15),2025,-136803.0,-96260.0,22253.0,-62473.0,-825129.0,-230225.0,Bearish,Bearish,True,True,True
2025-09-26,24818.55,24868.6,24629.45,24673.1,Red,-0.59%,0.4,50.05,189.1,Bearish,Mildly Bearish,Bearish,Bearish,Bearish Alignment,None,Top to Down,Against then Recovered,Worked and Remained,Exceeded Half then Reversed,0.56,0.2,-0.76,-0.59,0.96,0.0,10.78,Low (<15),2025,-139390.0,-113296.0,66809.0,-64661.0,-862094.0,-231041.0,Bearish,Bearish,True,True,True
2025-09-29,24728.55,24791.3,24606.2,24677.55,Red,-0.21%,0.15,62.75,122.35,Neutral,Bullish,Neutral,Bullish,Neutral/Unclear,None,Top to Down,N/A,N/A,N/A,0.6,0.25,-0.49,-0.21,0.75,0.0,11.43,Low (<15),2025,-158466.0,-94467.0,82992.0,-62034.0,-875381.0,-307539.0,Bearish,Bearish,False,False,False
2025-09-30,24691.95,24731.8,24587.7,24633.6,Red,-0.24%,-0.02,39.85,104.25,Mildly Bullish,Neutral,Bullish,Neutral,Neutral/Unclear,None,Top to Down,N/A,N/A,N/A,0.6,0.16,-0.42,-0.24,0.58,1.0,11.37,Low (<15),2025,-161088.0,-63121.0,69119.0,-55623.0,-849185.0,-249372.0,Bearish,Bearish,False,False,False
2025-10-01,24620.55,24867.95,24605.95,24853.4,Green,+0.95%,0.48,247.4,14.6,Neutral,Neutral,Neutral,Neutral,Neutral/Unclear,None,Down to Up,N/A,N/A,N/A,0.58,1.0,-0.06,0.95,1.06,0.0,11.07,Low (<15),2025,-167594.0,-100856.0,18699.0,-49808.0,-912285.0,-303400.0,Bearish,Bearish,False,False,False
2025-10-03,24759.55,24904.8,24747.55,24895.0,Green,+0.55%,0.1,145.25,12.0,Mildly Bullish,Strong Bullish,Bullish,Bullish,Bullish Alignment,None,Down to Up,Against then Recovered,Worked and Remained,Exceeded Half then Reversed,0.54,0.59,-0.05,0.55,0.64,0.0,10.29,Low (<15),2025,-168414.0,-52369.0,28439.0,-57278.0,-826239.0,-360072.0,Bearish,Bearish,False,False,False
2025-10-06,24916.55,25095.95,24881.65,25072.55,Green,+0.63%,0.33,179.4,34.9,Neutral,Bullish,Neutral,Bullish,Neutral/Unclear,None,Down to Up,N/A,N/A,N/A,0.53,0.72,-0.14,0.63,0.86,0.0,10.06,Low (<15),2025,-181000.0,-42221.0,37925.0,-54262.0,-717071.0,-306967.0,Bearish,Bearish,False,False,False
2025-10-07,25085.3,25220.9,25076.3,25112.8,Green,+0.11%,0.05,135.6,9.0,Mildly Bullish,Neutral,Bullish,Neutral,Neutral/Unclear,None,Down to Up,N/A,N/A,N/A,0.53,0.54,-0.04,0.11,0.58,1.0,10.19,Low (<15),2025,-189082.0,-11038.0,28559.0,-34454.0,-860879.0,-409550.0,Bearish,Bearish,False,False,False
2025-10-08,25079.75,25192.5,25008.5,25023.8,Red,-0.22%,0.2,112.75,71.25,Neutral,Bearish,Neutral,Bearish,Neutral/Unclear,None,Top to Down,N/A,N/A,N/A,0.53,0.45,-0.28,-0.22,0.73,0.0,10.05,Low (<15),2025,-181034.0,-60137.0,4568.0,-30337.0,-887640.0,-358054.0,Bearish,Bearish,False,True,False
2025-10-09,25074.3,25199.25,25024.3,25170.3,Green,+0.38%,0.16,124.95,50.0,Mildly Bearish,Mildly Bearish,Bearish,Bearish,Bearish Alignment,None,Down to Up,Worked then Reversed,Reversed by Close,Reversed Before Half,0.54,0.5,-0.2,0.38,0.7,0.0,10.31,Low (<15),2025,-180180.0,-81476.0,31018.0,-36737.0,-856544.0,-296589.0,Bearish,Bearish,True,True,True
2025-10-10,25167.65,25330.75,25156.85,25278.2,Green,+0.44%,0.16,163.1,10.8,Mildly Bullish,Strong Bullish,Bullish,Bullish,Bullish Alignment,None,Down to Up,Against then Recovered,Worked and Remained,Exceeded Half then Reversed,0.53,0.65,-0.04,0.44,0.69,0.0,10.12,Low (<15),2025,-177314.0,-58179.0,7530.0,-38039.0,-753148.0,-384497.0,Bearish,Bearish,False,False,False
2025-10-13,25177.3,25267.3,25152.3,25237.15,Green,+0.24%,-0.07,90.0,25.0,Neutral,Mildly Bearish,Neutral,Bearish,Neutral/Unclear,None,Down to Up,N/A,N/A,N/A,0.53,0.36,-0.1,0.24,0.46,0.0,10.1,Low (<15),2025,-172843.0,-25113.0,27524.0,-39941.0,-798317.0,-383139.0,Bearish,Bearish,False,True,False
2025-10-14,25277.55,25310.35,25060.55,25123.35,Red,-0.61%,0.41,32.8,217.0,Bearish,Strong Bearish,Bearish,Bearish,Bearish Alignment,Strong Bearish Alignment,Top to Down,Against then Recovered,Worked and Remained,Exceeded Half then Reversed,0.58,0.13,-0.86,-0.61,0.99,1.0,11.01,Low (<15),2025,-177213.0,-73077.0,65922.0,-47669.0,-847927.0,-291931.0,Bearish,Bearish,True,True,True
2025-10-15,25181.95,25365.15,25159.35,25327.75,Green,+0.58%,0.24,183.2,22.6,Neutral,Bearish,Neutral,Bearish,Neutral/Unclear,None,Down to Up,N/A,N/A,N/A,0.58,0.73,-0.09,0.58,0.82,0.0,11.16,Low (<15),2025,-185884.0,-68725.0,38597.0,-36914.0,-954345.0,-313234.0,Bearish,Bearish,False,True,False
2025-10-16,25394.9,25625.4,25376.85,25566.3,Green,+0.67%,0.43,230.5,18.05,Bullish,Strong Bullish,Bullish,Bullish,Bullish Alignment,Strong Bullish Alignment,Down to Up,Against then Recovered,Worked and Remained,Exceeded Half then Reversed,0.55,0.91,-0.07,0.67,0.98,0.0,10.53,Low (<15),2025,-180619.0,-39929.0,5718.0,-34135.0,-767914.0,-319698.0,Bearish,Bearish,False,False,False
2025-10-17,25546.85,25781.5,25508.6,25704.7,Green,+0.62%,0.5,234.65,38.25,Bullish,Neutral,Bullish,Neutral,Neutral/Unclear,None,Down to Up,N/A,N/A,N/A,0.57,0.92,-0.15,0.62,1.07,0.0,10.87,Low (<15),2025,-154442.0,53749.0,35403.0,-42598.0,-894799.0,-463790.0,Bearish,Bearish,False,False,False
2025-10-20,25824.6,25926.2,25788.5,25850.7,Green,+0.1%,-0.08,101.6,36.1,Neutral,Strong Bearish,Neutral,Bearish,Neutral/Unclear,None,Down to Up,N/A,N/A,N/A,0.61,0.39,-0.14,0.1,0.53,0.0,11.63,Low (<15),2025,-134024.0,44726.0,27593.0,-41336.0,-964227.0,-273495.0,Bearish,Bearish,False,True,False
2025-10-21,25901.2,25934.35,25826.3,25833.3,Red,-0.26%,-0.17,33.15,74.9,Neutral,Strong Bullish,Neutral,Bullish,Neutral/Unclear,None,Top to Down,N/A,N/A,N/A,0.59,0.13,-0.29,-0.26,0.42,1.0,11.36,Low (<15),2025,-128832.0,8165.0,7467.0,-42221.0,-973205.0,-399955.0,Bearish,Bearish,False,False,False
2025-10-23,26057.2,26104.2,25862.45,25870.3,Red,-0.72%,0.34,47.0,194.75,Neutral,Neutral,Neutral,Neutral,Neutral/Unclear,None,Top to Down,N/A,N/A,N/A,0.59,0.18,-0.75,-0.72,0.93,0.0,11.3,Low (<15),2025,-128533.0,1910.0,-7784.0,-38024.0,-963434.0,-359683.0,Bearish,Bearish,False,False,False
2025-10-24,25935.1,25944.15,25718.2,25797.45,Red,-0.53%,0.26,9.05,216.9,Mildly Bullish,Strong Bearish,Bullish,Bearish,Mixed,None,Top to Down,N/A,N/A,N/A,0.61,0.03,-0.84,-0.53,0.87,0.0,11.73,Low (<15),2025,-105015.0,34665.0,1874.0,-44882.0,-1011852.0,-297591.0,Bearish,Bearish,False,True,False
2025-10-27,25843.2,26005.95,25827.0,25974.0,Green,+0.51%,0.08,162.75,16.2,Neutral,Strong Bullish,Neutral,Bullish,Neutral/Unclear,None,Down to Up,N/A,N/A,N/A,0.61,0.63,-0.06,0.51,0.69,0.0,11.59,Low (<15),2025,-98051.0,15884.0,9490.0,-61276.0,-879673.0,-296845.0,Bearish,Bearish,False,False,False
2025-10-28,25939.95,26041.7,25810.05,25965.4,Green,+0.1%,0.27,101.75,129.9,Neutral,Strong Bullish,Neutral,Bullish,Neutral/Unclear,None,Down to Up,N/A,N/A,N/A,0.62,0.39,-0.5,0.1,0.89,1.0,11.86,Low (<15),2025,-99136.0,12142.0,-20886.0,-54838.0,-788805.0,-309723.0,Bearish,Bearish,False,False,False
2025-10-29,25982.0,26097.85,25960.3,26068.3,Green,+0.33%,-0.1,115.85,21.7,Neutral,Strong Bearish,Neutral,Bearish,Neutral/Unclear,None,Down to Up,N/A,N/A,N/A,0.63,0.45,-0.08,0.33,0.53,0.0,11.95,Low (<15),2025,-83670.0,-51695.0,-74490.0,-60763.0,-940922.0,-322448.0,Bearish,Bearish,False,True,False
2025-10-30,25984.4,26032.05,25845.25,25891.2,Red,-0.36%,0.09,47.65,139.15,Mildly Bullish,Strong Bullish,Bullish,Bullish,Bullish Alignment,None,Top to Down,Worked then Reversed,Reversed by Close,Reversed Before Half,0.63,0.18,-0.54,-0.36,0.72,0.0,11.97,Low (<15),2025,-89818.0,-32455.0,-105167.0,-57782.0,-838478.0,-358689.0,Bearish,Bearish,False,False,False
2025-10-31,25863.8,25953.75,25711.2,25732.55,Red,-0.51%,0.31,89.95,152.6,Strong Bearish,Strong Bearish,Bearish,Bearish,Bearish Alignment,Strong Bearish Alignment,Top to Down,Against then Recovered,Worked and Remained,Exceeded Half then Reversed,0.63,0.35,-0.59,-0.51,0.94,0.0,12.07,Low (<15),2025,-101952.0,-60129.0,-30495.0,-58093.0,-955593.0,-260160.0,Bearish,Bearish,True,True,True
2025-11-03,25696.85,25803.1,25645.5,25774.3,Green,+0.3%,-0.03,106.25,51.35,Neutral,Bearish,Neutral,Bearish,Neutral/Unclear,None,Down to Up,N/A,N/A,N/A,0.64,0.41,-0.2,0.3,0.61,0.0,12.15,Low (<15),2025,-110177.0,-26706.0,-12726.0,-54790.0,-971792.0,-218266.0,Bearish,Bearish,False,True,False
2025-11-04,25744.75,25787.4,25578.4,25586.25,Red,-0.62%,0.15,42.65,166.35,Neutral,Bullish,Neutral,Bullish,Neutral/Unclear,None,Top to Down,N/A,N/A,N/A,0.66,0.17,-0.65,-0.62,0.81,1.0,12.67,Low (<15),2025,-116331.0,-27886.0,-33866.0,-58376.0,-991902.0,-318311.0,Bearish,Bearish,False,False,False
2025-11-06,25593.35,25679.15,25491.55,25519.95,Red,-0.29%,0.07,85.8,101.8,Mildly Bearish,Bearish,Bearish,Bearish,Bearish Alignment,None,Top to Down,Against then Recovered,Worked and Remained,Exceeded Half then Reversed,0.66,0.34,-0.4,-0.29,0.73,0.0,12.65,Low (<15),2025,-126722.0,-26381.0,-9648.0,-55897.0,-999020.0,-249874.0,Bearish,Bearish,True,True,True
2025-11-10,25503.5,25653.45,25503.5,25574.25,Green,+0.28%,-0.07,149.95,0.0,Neutral,Strong Bullish,Neutral,Bullish,Neutral/Unclear,None,Down to Up,N/A,N/A,N/A,0.66,0.59,0.0,0.28,0.59,0.0,12.56,Low (<15),2025,-140959.0,5559.0,21967.0,-50097.0,-969349.0,-325867.0,Bearish,Bearish,False,False,False
2025-11-11,25617.0,25715.8,25449.25,25705.55,Green,+0.35%,0.4,98.8,167.75,Neutral,Neutral,Neutral,Neutral,Neutral/Unclear,None,Down to Up,N/A,N/A,N/A,0.64,0.39,-0.65,0.35,1.04,1.0,12.3,Low (<15),2025,-145575.0,-17093.0,-2122.0,-44464.0,-1013278.0,-348057.0,Bearish,Bearish,False,False,False
2025-11-12,25834.3,25934.55,25781.15,25874.0,Green,+0.15%,-0.06,100.25,53.15,Mildly Bullish,Neutral,Bullish,Neutral,Neutral/Unclear,None,Down to Up,N/A,N/A,N/A,0.65,0.39,-0.21,0.15,0.59,0.0,12.49,Low (<15),2025,-148698.0,-4213.0,-29451.0,-46447.0,-995609.0,-347969.0,Bearish,Bearish,False,False,False
2025-11-13,25906.1,26010.7,25808.4,25884.1,Red,-0.08%,0.15,104.6,97.7,Bullish,Bullish,Bullish,Bullish,Bullish Alignment,Strong Bullish Alignment,Top to Down,Worked then Reversed,Reversed by Close,Exceeded Half then Reversed,0.63,0.4,-0.38,-0.08,0.78,0.0,12.11,Low (<15),2025,-151108.0,9178.0,-75592.0,-45645.0,-972863.0,-416517.0,Bearish,Bearish,False,False,False
2025-11-14,25767.9,25940.2,25740.8,25916.8,Green,+0.58%,0.13,172.3,27.1,Mildly Bearish,Mildly Bearish,Bearish,Bearish,Bearish Alignment,None,Down to Up,Worked then Reversed,Reversed by Close,Reversed Before Half,0.64,0.67,-0.11,0.58,0.77,0.0,12.16,Low (<15),2025,-148815.0,9118.0,-33813.0,-41044.0,-1038736.0,-428730.0,Bearish,Bearish,True,True,True
2025-11-17,25948.2,26024.2,25906.35,26014.3,Green,+0.25%,-0.18,76.0,41.85,Bearish,Mildly Bearish,Bearish,Bearish,Bearish Alignment,None,Down to Up,Worked then Reversed,Reversed by Close,Reversed Before Half,0.63,0.29,-0.16,0.25,0.45,0.0,11.94,Low (<15),2025,-158487.0,14153.0,12990.0,-44587.0,-952316.0,-298486.0,Bearish,Bearish,True,True,True
2025-11-18,26021.8,26029.85,25876.5,25894.7,Red,-0.49%,-0.03,8.05,145.3,Mildly Bullish,Bullish,Bullish,Bullish,Bullish Alignment,None,Top to Down,Worked then Reversed,Reversed by Close,Reversed Before Half,0.62,0.03,-0.56,-0.49,0.59,1.0,11.79,Low (<15),2025,-158153.0,25386.0,-22738.0,-44475.0,-966502.0,-402795.0,Bearish,Bearish,False,False,False
2025-11-19,25918.1,26074.65,25856.2,26052.7,Green,+0.52%,0.21,156.55,61.9,Mildly Bearish,Bearish,Bearish,Bearish,Bearish Alignment,None,Down to Up,Worked then Reversed,Reversed by Close,Reversed Before Half,0.63,0.6,-0.24,0.52,0.84,0.0,12.1,Low (<15),2025,-157657.0,-19861.0,-22899.0,-45506.0,-987385.0,-329456.0,Bearish,Bearish,True,True,True
2025-11-20,26132.1,26246.65,26063.2,26197.4,Green,+0.25%,0.07,114.55,68.9,Strong Bullish,Strong Bullish,Bullish,Bullish,Bullish Alignment,Strong Bullish Alignment,Down to Up,Against then Recovered,Worked and Remained,Exceeded Half then Reversed,0.63,0.44,-0.26,0.25,0.7,0.0,11.97,Low (<15),2025,-156439.0,16479.0,-96882.0,-40468.0,-883649.0,-360609.0,Bearish,Bearish,False,False,False
2025-11-21,26109.55,26179.2,26052.2,26063.95,Red,-0.17%,-0.15,69.65,57.35,Neutral,Neutral,Neutral,Neutral,Neutral/Unclear,None,Top to Down,N/A,N/A,N/A,0.64,0.27,-0.22,-0.17,0.49,0.0,12.14,Low (<15),2025,-154433.0,50481.0,-66320.0,-34654.0,-925018.0,-416213.0,Bearish,Bearish,False,False,False
2025-11-24,26122.8,26142.8,25912.15,25943.35,Red,-0.69%,0.17,20.0,210.65,Strong Bearish,Strong Bearish,Bearish,Bearish,Bearish Alignment,Strong Bearish Alignment,Top to Down,Against then Recovered,Worked and Remained,Exceeded Half then Reversed,0.71,0.08,-0.81,-0.69,0.88,0.0,13.63,Low (<15),2025,-158715.0,37599.0,28585.0,-20446.0,-986107.0,-164324.0,Bearish,Bearish,True,True,True
2025-11-25,25998.5,26032.6,25857.5,25860.3,Red,-0.53%,-0.02,34.1,141.0,Mildly Bearish,Strong Bearish,Bearish,Bearish,Bearish Alignment,None,Top to Down,Against then Recovered,Worked and Remained,Exceeded Half then Reversed,0.69,0.13,-0.54,-0.53,0.67,1.0,13.24,Low (<15),2025,-150565.0,-969.0,35317.0,-11925.0,-1071090.0,-105194.0,Bearish,Bearish,True,True,True
2025-11-26,25842.95,26215.15,25842.95,26203.5,Green,+1.4%,0.8,372.2,0.0,Mildly Bullish,Strong Bullish,Bullish,Bullish,Bullish Alignment,None,Down to Up,Against then Recovered,Worked and Remained,Exceeded Half then Reversed,0.64,1.44,0.0,1.4,1.44,0.0,12.24,Low (<15),2025,-83557.0,-57861.0,4550.0,-62052.0,-921434.0,-267222.0,Bearish,Bearish,False,False,False
2025-11-27,26261.25,26310.45,26141.9,26219.85,Red,-0.16%,0.01,49.2,119.35,Strong Bullish,Strong Bullish,Bullish,Bullish,Bullish Alignment,Strong Bullish Alignment,Top to Down,Worked then Reversed,Reversed by Close,Reversed Before Half,0.63,0.19,-0.45,-0.16,0.64,0.0,11.97,Low (<15),2025,-79615.0,15419.0,-102649.0,-63397.0,-796560.0,-441611.0,Bearish,Bearish,False,False,False
2025-11-28,26237.45,26280.75,26172.4,26204.55,Red,-0.13%,-0.21,43.3,65.05,Mildly Bearish,Bearish,Bearish,Bearish,Bearish Alignment,None,Top to Down,Against then Recovered,Worked and Remained,Reversed Before Half,0.62,0.17,-0.25,-0.13,0.41,0.0,11.79,Low (<15),2025,-76131.0,16332.0,-56904.0,-67006.0,-811813.0,-380272.0,Bearish,Bearish,True,True,True
2025-12-01,26325.8,26325.8,26124.2,26175.95,Red,-0.57%,0.16,0.0,201.6,Bearish,Bearish,Bearish,Bearish,Bearish Alignment,Strong Bearish Alignment,Top to Down,Against then Recovered,Worked and Remained,Exceeded Half then Reversed,0.61,0.0,-0.77,-0.57,0.77,0.0,11.62,Low (<15),2025,-76464.0,-10300.0,-2696.0,-65325.0,-898697.0,-377410.0,Bearish,Bearish,True,True,True
2025-12-02,26087.95,26154.6,25997.85,26057.0,Red,-0.12%,-0.01,66.65,90.1,Neutral,Strong Bearish,Neutral,Bearish,Neutral/Unclear,None,Top to Down,N/A,N/A,N/A,0.61,0.26,-0.35,-0.12,0.6,1.0,11.63,Low (<15),2025,-76038.0,-18636.0,11461.0,-66980.0,-1000544.0,-292256.0,Bearish,Bearish,False,True,False
2025-12-03,26004.9,26066.45,25891.0,25985.1,Red,-0.08%,0.08,61.55,113.9,Neutral,Neutral,Neutral,Neutral,Neutral/Unclear,None,Top to Down,N/A,N/A,N/A,0.59,0.24,-0.44,-0.08,0.67,0.0,11.23,Low (<15),2025,-88727.0,-32579.0,11596.0,-64524.0,-965967.0,-268092.0,Bearish,Bearish,False,False,False
2025-12-04,25981.85,26098.25,25938.95,26017.1,Green,+0.14%,0.02,116.4,42.9,Neutral,Neutral,Neutral,Neutral,Neutral/Unclear,None,Down to Up,N/A,N/A,N/A,0.59,0.45,-0.17,0.14,0.61,0.0,11.21,Low (<15),2025,-102337.0,-17008.0,37372.0,-58866.0,-962654.0,-256498.0,Bearish,Bearish,False,False,False
2025-12-05,25999.8,26202.6,25985.35,26176.65,Green,+0.68%,0.27,202.8,14.45,Mildly Bearish,Mildly Bullish,Bearish,Bullish,Mixed,None,Down to Up,N/A,N/A,N/A,0.57,0.78,-0.06,0.68,0.84,0.0,10.82,Low (<15),2025,-111398.0,-43209.0,37099.0,-48874.0,-926511.0,-250729.0,Bearish,Bearish,True,False,False
2025-12-08,26159.8,26178.7,25892.25,25932.8,Red,-0.87%,0.56,18.9,267.55,Bullish,Strong Bullish,Bullish,Bullish,Bullish Alignment,Strong Bullish Alignment,Top to Down,Worked then Reversed,Reversed by Close,Reversed Before Half,0.54,0.07,-1.02,-0.87,1.1,0.0,10.32,Low (<15),2025,-110170.0,8320.0,4472.0,-53898.0,-867840.0,-340362.0,Bearish,Bearish,False,False,False
2025-12-09,25867.1,25923.65,25728.0,25841.75,Red,-0.1%,0.18,56.55,139.1,Strong Bearish,Strong Bearish,Bearish,Bearish,Bearish Alignment,Strong Bearish Alignment,Top to Down,Against then Recovered,Worked and Remained,Exceeded Half then Reversed,0.58,0.22,-0.54,-0.1,0.76,1.0,11.13,Low (<15),2025,-127397.0,-120219.0,77761.0,-39380.0,-1155881.0,-270049.0,Bearish,Bearish,True,True,True
2025-12-10,25864.05,25947.65,25734.55,25742.65,Red,-0.47%,0.25,83.6,129.5,Bullish,Strong Bullish,Bullish,Bullish,Bullish Alignment,Strong Bullish Alignment,Top to Down,Worked then Reversed,Reversed by Close,Exceeded Half then Reversed,0.57,0.32,-0.5,-0.47,0.82,0.0,10.95,Low (<15),2025,-131366.0,-48949.0,60490.0,-39547.0,-1094484.0,-329702.0,Bearish,Bearish,False,False,False
2025-12-11,25771.4,25922.8,25693.25,25898.4,Green,+0.49%,0.32,151.4,78.15,Neutral,Strong Bearish,Neutral,Bearish,Neutral/Unclear,None,Down to Up,N/A,N/A,N/A,0.57,0.59,-0.3,0.49,0.89,0.0,10.91,Low (<15),2025,-137207.0,-39796.0,60750.0,-35333.0,-1192793.0,-269234.0,Bearish,Bearish,False,True,False
2025-12-12,25971.2,26057.6,25938.45,26043.0,Green,+0.28%,-0.08,86.4,32.75,Bullish,Strong Bullish,Bullish,Bullish,Bullish Alignment,Strong Bullish Alignment,Down to Up,Against then Recovered,Worked and Remained,Exceeded Half then Reversed,0.54,0.33,-0.13,0.28,0.46,0.0,10.4,Low (<15),2025,-135852.0,-39543.0,11217.0,-38599.0,-992226.0,-362594.0,Bearish,Bearish,False,False,False
2025-12-15,25930.05,26047.15,25904.75,26014.0,Green,+0.32%,0.02,117.1,25.3,Bullish,Neutral,Bullish,Neutral,Neutral/Unclear,None,Down to Up,N/A,N/A,N/A,0.53,0.45,-0.1,0.32,0.55,0.0,10.11,Low (<15),2025,-139284.0,10075.0,-5216.0,-46149.0,-998222.0,-371046.0,Bearish,Bearish,False,False,False
2025-12-16,25951.5,25980.75,25834.35,25851.35,Red,-0.39%,0.02,29.25,117.15,Neutral,Bullish,Neutral,Bullish,Neutral/Unclear,None,Top to Down,N/A,N/A,N/A,0.54,0.11,-0.45,-0.39,0.56,1.0,10.25,Low (<15),2025,-136793.0,-11668.0,-17967.0,-50193.0,-1008303.0,-467769.0,Bearish,Bearish,False,False,False
2025-12-17,25902.4,25929.15,25770.35,25821.8,Red,-0.31%,0.08,26.75,132.05,Bearish,Strong Bearish,Bearish,Bearish,Bearish Alignment,Strong Bearish Alignment,Top to Down,Against then Recovered,Worked and Remained,Exceeded Half then Reversed,0.53,0.1,-0.51,-0.31,0.61,0.0,10.06,Low (<15),2025,-145713.0,-33432.0,37514.0,-45024.0,-1102368.0,-346074.0,Bearish,Bearish,True,True,True
2025-12-18,25764.7,25902.35,25726.3,25815.65,Green,+0.2%,0.16,137.65,38.4,Neutral,Neutral,Neutral,Neutral,Neutral/Unclear,None,Down to Up,N/A,N/A,N/A,0.52,0.53,-0.15,0.2,0.68,0.0,9.84,Low (<15),2025,-153518.0,-53106.0,31526.0,-42158.0,-1092805.0,-307734.0,Bearish,Bearish,False,False,False
2025-12-19,25911.5,25993.35,25880.45,25961.4,Green,+0.19%,-0.07,81.85,31.05,Neutral,Bullish,Neutral,Bullish,Neutral/Unclear,None,Down to Up,N/A,N/A,N/A,0.51,0.32,-0.12,0.19,0.44,0.0,9.71,Low (<15),2025,-154350.0,-47517.0,17532.0,-39431.0,-1022525.0,-307694.0,Bearish,Bearish,False,False,False
2025-12-22,26055.85,26180.7,26047.8,26162.75,Green,+0.41%,0.01,124.85,8.05,Strong Bullish,Strong Bullish,Bullish,Bullish,Bullish Alignment,Strong Bullish Alignment,Down to Up,Against then Recovered,Worked and Remained,Exceeded Half then Reversed,0.5,0.48,-0.03,0.41,0.51,0.0,9.52,Low (<15),2025,-147653.0,10636.0,-30591.0,-37309.0,-916920.0,-304229.0,Bearish,Bearish,False,False,False
2025-12-23,26205.2,26233.55,26119.05,26165.95,Red,-0.15%,-0.07,28.35,86.15,Bullish,Strong Bullish,Bullish,Bullish,Bullish Alignment,Strong Bullish Alignment,Top to Down,Worked then Reversed,Reversed by Close,Reversed Before Half,0.51,0.11,-0.33,-0.15,0.44,1.0,9.68,Low (<15),2025,-133569.0,52108.0,-53004.0,-42324.0,-939342.0,-458520.0,Bearish,Bearish,False,False,False
2025-12-24,26170.65,26236.4,26123.0,26141.65,Red,-0.11%,-0.06,65.75,47.65,Neutral,Strong Bearish,Neutral,Bearish,Neutral/Unclear,None,Top to Down,N/A,N/A,N/A,0.49,0.25,-0.18,-0.11,0.43,0.0,9.38,Low (<15),2025,-122626.0,15343.0,-49571.0,-45589.0,-1000082.0,-393123.0,Bearish,Bearish,False,True,False
2025-12-26,26121.25,26144.2,26008.6,26047.65,Red,-0.28%,0.04,22.95,112.65,Mildly Bearish,Strong Bearish,Bearish,Bearish,Bearish Alignment,None,Top to Down,Against then Recovered,Worked and Remained,Exceeded Half then Reversed,0.48,0.09,-0.43,-0.28,0.52,0.0,9.19,Low (<15),2025,-117919.0,-8471.0,-30883.0,-40686.0,-1025100.0,-285720.0,Bearish,Bearish,True,True,True
2025-12-29,26063.35,26106.8,25920.3,25949.8,Red,-0.44%,0.24,43.45,143.05,Bearish,Strong Bearish,Bearish,Bearish,Bearish Alignment,Strong Bearish Alignment,Top to Down,Against then Recovered,Worked and Remained,Exceeded Half then Reversed,0.48,0.17,-0.55,-0.44,0.72,0.0,9.15,Low (<15),2025,-128021.0,-20002.0,21195.0,-50323.0,-1091680.0,-213647.0,Bearish,Bearish,True,True,True
2025-12-30,25940.9,25976.75,25878.0,25970.55,Green,+0.11%,-0.13,35.85,62.9,Neutral,Neutral,Neutral,Neutral,Neutral/Unclear,None,Down to Up,N/A,N/A,N/A,0.51,0.14,-0.24,0.11,0.38,1.0,9.72,Low (<15),2025,-143808.0,-25010.0,20313.0,-47489.0,-1109154.0,-250509.0,Bearish,Bearish,False,False,False
2025-12-31,25971.05,26187.95,25969.0,26141.85,Green,+0.66%,0.33,216.9,2.05,Mildly Bullish,Strong Bullish,Bullish,Bullish,Bullish Alignment,None,Down to Up,Against then Recovered,Worked and Remained,Exceeded Half then Reversed,0.51,0.84,-0.01,0.66,0.84,0.0,9.68,Low (<15),2025,-132930.0,-37167.0,-18636.0,-61878.0,-904123.0,-284198.0,Bearish,Bearish,False,False,False
2026-01-01,26173.3,26197.55,26113.4,26140.25,Red,-0.13%,-0.19,24.25,59.9,Mildly Bullish,Strong Bullish,Bullish,Bullish,Bullish Alignment,None,Top to Down,Worked then Reversed,Reversed by Close,Reversed Before Half,0.51,0.09,-0.23,-0.13,0.32,0.0,9.68,Low (<15),2026,-134754.0,6899.0,-14459.0,-62096.0,-776218.0,-407540.0,Bearish,Bearish,False,False,False
2026-01-02,26155.1,26340.0,26118.4,26335.7,Green,+0.69%,0.37,184.9,36.7,Neutral,Strong Bearish,Neutral,Bearish,Neutral/Unclear,None,Down to Up,N/A,N/A,N/A,0.48,0.71,-0.14,0.69,0.85,0.0,9.19,Low (<15),2026,-132794.0,7307.0,-32391.0,-65614.0,-875439.0,-386706.0,Bearish,Bearish,False,True,False
2026-01-05,26333.7,26373.2,26210.05,26244.65,Red,-0.34%,0.13,39.5,123.65,Strong Bullish,Strong Bullish,Bullish,Bullish,Bullish Alignment,Strong Bullish Alignment,Top to Down,Worked then Reversed,Reversed by Close,Reversed Before Half,0.49,0.15,-0.47,-0.34,0.62,0.0,9.45,Low (<15),2026,-119114.0,62261.0,-97451.0,-69504.0,-706028.0,-440856.0,Bearish,Bearish,False,False,False
2026-01-07,26143.1,26187.15,26067.9,26142.9,Flat,-0.0%,-0.06,44.05,75.2,Neutral,Bullish,Neutral,Bullish,Neutral/Unclear,None,Top to Down,N/A,N/A,N/A,0.52,0.17,-0.29,-0.0,0.46,0.0,10.02,Low (<15),2026,-118979.0,98717.0,-89980.0,-72956.0,-630802.0,-438681.0,Bearish,Bearish,False,False,False
2026-01-08,26106.5,26133.2,25858.45,25868.9,Red,-0.91%,0.53,26.7,248.05,Neutral,Strong Bearish,Neutral,Bearish,Neutral/Unclear,None,Top to Down,N/A,N/A,N/A,0.52,0.1,-0.95,-0.91,1.05,0.0,9.95,Low (<15),2026,-127363.0,83765.0,-85316.0,-68576.0,-668550.0,-370924.0,Bearish,Bearish,False,True,False
2026-01-09,25840.4,25940.6,25623.0,25703.7,Red,-0.53%,0.68,100.2,217.4,Strong Bearish,Strong Bearish,Bearish,Bearish,Bearish Alignment,Strong Bearish Alignment,Top to Down,Against then Recovered,Worked and Remained,Exceeded Half then Reversed,0.55,0.39,-0.84,-0.53,1.23,0.0,10.6,Low (<15),2026,-158438.0,-17823.0,-53275.0,-43789.0,-814084.0,-345328.0,Bearish,Bearish,True,True,True
2026-01-12,25669.05,25813.15,25473.4,25806.1,Green,+0.53%,0.75,144.1,195.65,Neutral,Neutral,Neutral,Neutral,Neutral/Unclear,None,Down to Up,N/A,N/A,N/A,0.57,0.56,-0.76,0.53,1.32,0.0,10.93,Low (<15),2026,-177154.0,35267.0,-23235.0,-33629.0,-820890.0,-327974.0,Bearish,Bearish,False,False,False
2026-01-13,25897.35,25899.8,25603.3,25714.2,Red,-0.71%,0.54,2.45,294.05,Mildly Bullish,Bullish,Bullish,Bullish,Bullish Alignment,None,Top to Down,Worked then Reversed,Reversed by Close,Reversed Before Half,0.6,0.01,-1.14,-0.71,1.14,1.0,11.37,Low (<15),2026,-184500.0,58780.0,-42618.0,-31131.0,-742449.0,-339716.0,Bearish,Bearish,False,False,False
2026-01-14,25648.55,25791.75,25603.95,25669.1,Green,+0.08%,0.14,143.2,44.6,Mildly Bearish,Neutral,Bearish,Neutral,Neutral/Unclear,None,Down to Up,N/A,N/A,N/A,0.59,0.56,-0.17,0.08,0.73,0.0,11.2,Low (<15),2026,-188746.0,31331.0,-26900.0,-31778.0,-789763.0,-411882.0,Bearish,Bearish,True,False,False
2026-01-16,25696.05,25873.5,25662.4,25701.9,Green,+0.02%,0.23,177.45,33.65,Neutral,Neutral,Neutral,Neutral,Neutral/Unclear,None,Down to Up,N/A,N/A,N/A,0.59,0.69,-0.13,0.02,0.82,0.0,11.32,Low (<15),2026,-190225.0,11201.0,-37708.0,-33103.0,-749965.0,-393335.0,Bearish,Bearish,False,False,False
2026-01-19,25653.1,25653.3,25494.35,25555.5,Red,-0.38%,0.02,0.2,158.75,Neutral,Mildly Bearish,Neutral,Bearish,Neutral/Unclear,None,Top to Down,N/A,N/A,N/A,0.6,0.0,-0.62,-0.38,0.62,0.0,11.37,Low (<15),2026,-181466.0,65055.0,10157.0,-43170.0,-733786.0,-352012.0,Bearish,Bearish,False,True,False
2026-01-20,25580.3,25585.0,25171.35,25225.35,Red,-1.39%,1.0,4.7,408.95,Neutral,Neutral,Neutral,Neutral,Neutral/Unclear,None,Top to Down,N/A,N/A,N/A,0.62,0.02,-1.6,-1.39,1.62,1.0,11.83,Low (<15),2026,-184188.0,35950.0,-6690.0,-44485.0,-786895.0,-387486.0,Bearish,Bearish,False,False,False
2026-01-21,25141.0,25300.95,24919.8,25168.1,Green,+0.11%,0.85,159.95,221.2,Mildly Bearish,Bearish,Bearish,Bearish,Bearish Alignment,None,Down to Up,Worked then Reversed,Reversed by Close,Exceeded Half then Reversed,0.67,0.64,-0.88,0.11,1.52,0.0,12.73,Low (<15),2026,-192658.0,4200.0,583.0,-40877.0,-922238.0,-439948.0,Bearish,Bearish,True,True,True
2026-01-22,25344.15,25435.75,25168.5,25320.45,Red,-0.09%,0.33,91.6,175.65,Bearish,Strong Bullish,Bearish,Bullish,Mixed,None,Top to Down,N/A,N/A,N/A,0.72,0.36,-0.69,-0.09,1.05,0.0,13.78,Low (<15),2026,-195813.0,-52341.0,-1174.0,-38300.0,-761827.0,-502029.0,Bearish,Bearish,True,False,False
2026-01-23,25344.6,25347.95,25025.3,25064.75,Red,-1.1%,0.57,3.35,319.3,Neutral,Bearish,Neutral,Bearish,Neutral/Unclear,None,Top to Down,N/A,N/A,N/A,0.7,0.01,-1.26,-1.1,1.27,0.0,13.35,Low (<15),2026,-207291.0,-41817.0,-18182.0,-26693.0,-718860.0,-372357.0,Bearish,Bearish,False,True,False
2026-01-27,25063.35,25246.65,24932.55,25234.1,Green,+0.68%,0.51,183.3,130.8,Neutral,Strong Bearish,Neutral,Bearish,Neutral/Unclear,None,Down to Up,N/A,N/A,N/A,0.74,0.73,-0.52,0.68,1.25,1.0,14.19,Low (<15),2026,-218624.0,35308.0,31880.0,-24951.0,-911523.0,-301694.0,Bearish,Bearish,False,True,False
2026-01-28,25258.85,25372.1,25187.65,25348.05,Green,+0.35%,-0.03,113.25,71.2,Neutral,Strong Bullish,Neutral,Bullish,Neutral/Unclear,None,Down to Up,N/A,N/A,N/A,0.76,0.45,-0.28,0.35,0.73,0.0,14.45,Low (<15),2026,-166716.0,-40444.0,34216.0,-53459.0,-740457.0,-474144.0,Bearish,Bearish,False,False,False
2026-01-29,25345.0,25458.15,25159.8,25422.1,Green,+0.3%,0.47,113.15,185.2,Mildly Bearish,Neutral,Bearish,Neutral,Neutral/Unclear,None,Down to Up,N/A,N/A,N/A,0.71,0.45,-0.73,0.3,1.18,0.0,13.53,Low (<15),2026,-165646.0,-67956.0,52725.0,-60217.0,-731779.0,-487152.0,Bearish,Bearish,True,False,False
2026-01-30,25247.55,25370.7,25213.65,25315.8,Green,+0.27%,-0.08,123.15,33.9,Neutral,Bullish,Neutral,Bullish,Neutral/Unclear,None,Down to Up,N/A,N/A,N/A,0.7,0.49,-0.13,0.27,0.62,0.0,13.37,Low (<15),2026,-176639.0,-67998.0,29655.0,-69332.0,-626781.0,-476845.0,Bearish,Bearish,False,False,False
2026-02-01,25333.75,25440.9,24571.75,24768.0,Red,-2.23%,2.72,107.15,762.0,Mildly Bearish,Strong Bearish,Bearish,Bearish,Bearish Alignment,None,Top to Down,Against then Recovered,Worked and Remained,Exceeded Half then Reversed,0.71,0.42,-3.01,-2.23,3.43,0.0,13.63,Low (<15),2026,-184913.0,-45978.0,79998.0,-65999.0,-799909.0,-515548.0,Bearish,Bearish,True,True,True
2026-02-02,24796.5,25108.1,24679.4,25079.9,Green,+1.14%,0.94,311.6,117.1,Mildly Bearish,Strong Bearish,Bearish,Bearish,Bearish Alignment,None,Down to Up,Worked then Reversed,Reversed by Close,Exceeded Half then Reversed,0.79,1.26,-0.47,1.14,1.73,0.0,15.1,Normal (15-20),2026,-193187.0,-23958.0,130341.0,-62666.0,-973037.0,-554251.0,Bearish,Bearish,True,True,True
2026-02-03,26308.05,26341.2,25641.3,25714.8,Red,-2.26%,1.93,33.15,666.75,Bearish,Neutral,Bearish,Neutral,Neutral/Unclear,None,Top to Down,N/A,N/A,N/A,0.73,0.13,-2.53,-2.26,2.66,1.0,13.87,Low (<15),2026,-196504.0,-87931.0,160652.0,-52007.0,-981069.0,-554995.0,Bearish,Bearish,True,False,False
2026-02-04,25675.05,25818.55,25563.95,25737.5,Green,+0.24%,0.31,143.5,111.1,Strong Bullish,Bullish,Bullish,Bullish,Bullish Alignment,Strong Bullish Alignment,Down to Up,Against then Recovered,Worked and Remained,Exceeded Half then Reversed,0.68,0.56,-0.43,0.24,0.99,0.0,12.9,Low (<15),2026,-156817.0,-7436.0,32737.0,-83566.0,-865292.0,-529431.0,Bearish,Bearish,False,False,False
2026-02-05,25755.9,25757.65,25579.5,25641.6,Red,-0.44%,0.05,1.75,176.4,Bullish,Strong Bullish,Bullish,Bullish,Bullish Alignment,Strong Bullish Alignment,Top to Down,Worked then Reversed,Reversed by Close,Reversed Before Half,0.64,0.01,-0.68,-0.44,0.69,0.0,12.25,Low (<15),2026,-146681.0,18375.0,-24398.0,-80729.0,-775335.0,-577730.0,Bearish,Bearish,False,False,False
2026-02-06,25605.8,25703.95,25491.9,25673.6,Green,+0.26%,0.19,98.15,113.9,Bearish,Strong Bearish,Bearish,Bearish,Bearish Alignment,Strong Bearish Alignment,Down to Up,Worked then Reversed,Reversed by Close,Exceeded Half then Reversed,0.64,0.38,-0.44,0.26,0.83,0.0,12.17,Low (<15),2026,-143387.0,13591.0,35550.0,-90062.0,-915227.0,-586021.0,Bearish,Bearish,True,True,True
2026-02-09,25888.7,25922.25,25780.9,25863.3,Red,-0.1%,-0.08,33.55,107.8,Neutral,Strong Bullish,Neutral,Bullish,Neutral/Unclear,None,Top to Down,N/A,N/A,N/A,0.63,0.13,-0.42,-0.1,0.55,0.0,11.94,Low (<15),2026,-149615.0,55638.0,58595.0,-86511.0,-853913.0,-628071.0,Bearish,Bearish,False,False,False
2026-02-10,25922.65,25989.45,25870.45,25916.8,Red,-0.02%,-0.18,66.8,52.2,Bullish,Strong Bearish,Bullish,Bearish,Mixed,None,Top to Down,N/A,N/A,N/A,0.64,0.26,-0.2,-0.02,0.46,1.0,12.19,Low (<15),2026,-145284.0,106894.0,34839.0,-84243.0,-945738.0,-600401.0,Bearish,Bearish,False,True,False
2026-02-11,25997.45,26009.4,25899.8,25945.35,Red,-0.2%,-0.19,11.95,97.65,Mildly Bullish,Strong Bullish,Bullish,Bullish,Bullish Alignment,None,Top to Down,Worked then Reversed,Reversed by Close,Reversed Before Half,0.61,0.05,-0.38,-0.2,0.42,0.0,11.67,Low (<15),2026,-132979.0,106081.0,1106.0,-83207.0,-872329.0,-650839.0,Bearish,Bearish,False,False,False
2026-02-12,25906.7,25906.7,25752.4,25796.15,Red,-0.43%,0.0,0.0,154.3,Neutral,Neutral,Neutral,Neutral,Neutral/Unclear,None,Top to Down,N/A,N/A,N/A,0.6,0.0,-0.6,-0.43,0.6,0.0,11.55,Low (<15),2026,-131580.0,97377.0,-33881.0,-76829.0,-854732.0,-621099.0,Bearish,Bearish,False,False,False
2026-02-13,25571.15,25630.35,25444.3,25460.55,Red,-0.43%,0.12,59.2,126.85,Mildly Bearish,Strong Bearish,Bearish,Bearish,Bearish Alignment,None,Top to Down,Against then Recovered,Worked and Remained,Exceeded Half then Reversed,0.61,0.23,-0.5,-0.43,0.73,0.0,11.73,Low (<15),2026,-132572.0,70363.0,-12421.0,-69169.0,-922132.0,-535233.0,Bearish,Bearish,True,True,True
2026-02-16,25423.6,25697.0,25372.7,25682.45,Green,+1.02%,0.58,273.4,50.9,Bearish,Bearish,Bearish,Bearish,Bearish Alignment,Strong Bearish Alignment,Down to Up,Worked then Reversed,Reversed by Close,Reversed Before Half,0.7,1.08,-0.2,1.02,1.28,0.0,13.29,Low (<15),2026,-146938.0,114041.0,112687.0,-62399.0,-916560.0,-435829.0,Bearish,Bearish,True,True,True
2026-02-17,25637.95,25764.4,25570.3,25716.0,Green,+0.3%,0.06,126.45,67.65,Bullish,Strong Bullish,Bullish,Bullish,Bullish Alignment,Strong Bullish Alignment,Down to Up,Against then Recovered,Worked and Remained,Exceeded Half then Reversed,0.7,0.49,-0.26,0.3,0.76,1.0,13.33,Low (<15),2026,-144503.0,122236.0,70015.0,-62715.0,-782493.0,-540380.0,Bearish,Bearish,False,False,False
2026-02-18,25752.65,25828.05,25645.15,25805.7,Green,+0.21%,0.05,75.4,107.5,Neutral,Bullish,Neutral,Bullish,Neutral/Unclear,None,Down to Up,N/A,N/A,N/A,0.66,0.29,-0.42,0.21,0.71,0.0,12.67,Low (<15),2026,-140623.0,115692.0,43065.0,-67008.0,-829932.0,-664316.0,Bearish,Bearish,False,False,False
2026-02-19,25873.35,25885.3,25388.75,25416.45,Red,-1.77%,1.28,11.95,484.6,Mildly Bullish,Bullish,Bullish,Bullish,Bullish Alignment,None,Top to Down,Worked then Reversed,Reversed by Close,Reversed Before Half,0.64,0.05,-1.87,-1.77,1.92,0.0,12.22,Low (<15),2026,-133959.0,120244.0,8698.0,-62485.0,-774825.0,-691907.0,Bearish,Bearish,False,False,False
2026-02-20,25406.55,25663.55,25379.75,25565.9,Green,+0.63%,0.42,257.0,26.8,Strong Bearish,Strong Bearish,Bearish,Bearish,Bearish Alignment,Strong Bearish Alignment,Down to Up,Worked then Reversed,Reversed by Close,Reversed Before Half,0.7,1.01,-0.11,0.63,1.12,0.0,13.46,Low (<15),2026,-137237.0,62742.0,79372.0,-65446.0,-874139.0,-486077.0,Bearish,Bearish,True,True,True
2026-02-23,25678.4,25771.45,25609.35,25704.0,Green,+0.1%,-0.12,93.05,69.05,Strong Bullish,Strong Bullish,Bullish,Bullish,Bullish Alignment,Strong Bullish Alignment,Down to Up,Against then Recovered,Worked and Remained,Reversed Before Half,0.75,0.36,-0.27,0.1,0.63,0.0,14.36,Low (<15),2026,-133029.0,146889.0,46574.0,-57896.0,-702265.0,-495013.0,Bearish,Bearish,False,False,False
2026-02-24,25641.8,25641.8,25327.6,25460.25,Red,-0.71%,0.49,0.0,314.2,Mildly Bearish,Strong Bearish,Bearish,Bearish,Bearish Alignment,None,Top to Down,Against then Recovered,Worked and Remained,Exceeded Half then Reversed,0.74,0.0,-1.23,-0.71,1.23,1.0,14.17,Low (<15),2026,-128450.0,136217.0,75485.0,-51447.0,-867230.0,-536852.0,Bearish,Bearish,True,True,True
2026-02-25,25512.6,25652.6,25428.2,25478.65,Red,-0.13%,0.14,140.0,84.4,Bearish,Neutral,Bearish,Neutral,Neutral/Unclear,None,Top to Down,N/A,N/A,N/A,0.74,0.55,-0.33,-0.13,0.88,0.0,14.15,Low (<15),2026,-105436.0,25963.0,49959.0,-77871.0,-886347.0,-572366.0,Bearish,Bearish,True,False,False
2026-02-26,25556.3,25572.95,25400.95,25493.3,Red,-0.25%,-0.04,16.65,155.35,Neutral,Neutral,Neutral,Neutral,Neutral/Unclear,None,Top to Down,N/A,N/A,N/A,0.71,0.07,-0.61,-0.25,0.67,0.0,13.49,Low (<15),2026,-103846.0,17686.0,34179.0,-70282.0,-887150.0,-544852.0,Bearish,Bearish,False,False,False
2026-02-27,25459.85,25476.4,25141.3,25181.8,Red,-1.09%,0.64,16.55,318.55,Neutral,Neutral,Neutral,Neutral,Neutral/Unclear,None,Top to Down,N/A,N/A,N/A,0.68,0.07,-1.25,-1.09,1.32,0.0,13.06,Low (<15),2026,-102345.0,-422.0,39502.0,-73478.0,-864167.0,-503820.0,Bearish,Bearish,False,False,False
2026-03-02,24659.25,24989.35,24603.5,24849.75,Green,+0.77%,0.84,330.1,55.75,Strong Bearish,Strong Bearish,Bearish,Bearish,Bearish Alignment,Strong Bearish Alignment,Down to Up,Worked then Reversed,Reversed by Close,Reversed Before Half,0.72,1.34,-0.23,0.77,1.56,1.0,13.7,Low (<15),2026,-123733.0,1177.0,124837.0,-69863.0,-932472.0,-400189.0,Bearish,Bearish,True,True,True
2026-03-04,24388.8,24602.45,24305.4,24473.95,Green,+0.35%,0.32,213.65,83.4,Neutral,Strong Bullish,Neutral,Bullish,Neutral/Unclear,None,Down to Up,N/A,N/A,N/A,0.9,0.88,-0.34,0.35,1.22,0.0,17.13,Normal (15-20),2026,-143838.0,26996.0,106823.0,-63462.0,-904380.0,-538147.0,Bearish,Bearish,False,False,False
2026-03-05,24615.95,24854.2,24529.4,24737.45,Green,+0.49%,0.21,238.25,86.55,Neutral,Neutral,Neutral,Neutral,Neutral/Unclear,None,Down to Up,N/A,N/A,N/A,1.11,0.97,-0.35,0.49,1.32,0.0,21.14,Elevated (20-30),2026,-163078.0,7152.0,84916.0,-40107.0,-959147.0,-576961.0,Bearish,Bearish,False,False,False
2026-03-06,24656.4,24700.9,24415.75,24469.4,Red,-0.76%,0.22,44.5,240.65,Bearish,Neutral,Bearish,Neutral,Neutral/Unclear,None,Top to Down,N/A,N/A,N/A,0.94,0.18,-0.98,-0.76,1.16,0.0,17.86,Normal (15-20),2026,-161213.0,-36422.0,106361.0,-38431.0,-915699.0,-548873.0,Bearish,Bearish,True,False,False
2026-03-09,23868.05,24078.15,23697.8,24005.8,Green,+0.58%,0.55,210.1,170.25,Strong Bearish,Strong Bearish,Bearish,Bearish,Bearish Alignment,Strong Bearish Alignment,Down to Up,Worked then Reversed,Reversed by Close,Exceeded Half then Reversed,1.04,0.88,-0.71,0.58,1.59,0.0,19.88,Normal (15-20),2026,-173656.0,-88111.0,194702.0,-37614.0,-951043.0,-414922.0,Bearish,Bearish,True,True,True
2026-03-10,24280.8,24303.8,24079.95,24286.15,Green,+0.02%,-0.3,23.0,200.85,Bullish,Bullish,Bullish,Bullish,Bullish Alignment,Strong Bullish Alignment,Down to Up,Against then Recovered,Worked and Remained,Reversed Before Half,1.22,0.09,-0.83,0.02,0.92,1.0,23.36,Elevated (20-30),2026,-193267.0,-71492.0,137136.0,-21556.0,-971494.0,-509257.0,Bearish,Bearish,False,False,False
2026-03-11,24231.85,24299.0,23834.3,23848.2,Red,-1.58%,0.93,67.15,397.55,Neutral,Bullish,Neutral,Bullish,Neutral/Unclear,None,Top to Down,N/A,N/A,N/A,0.99,0.28,-1.64,-1.58,1.92,0.0,18.91,Normal (15-20),2026,-186435.0,-42549.0,158074.0,-27461.0,-947564.0,-549595.0,Bearish,Bearish,False,False,False
2026-03-12,23674.85,23833.15,23556.3,23639.35,Red,-0.15%,0.07,158.3,118.55,Strong Bearish,Strong Bearish,Bearish,Bearish,Bearish Alignment,Strong Bearish Alignment,Top to Down,Against then Recovered,Worked and Remained,Reversed Before Half,1.1,0.67,-0.5,-0.15,1.17,0.0,21.06,Elevated (20-30),2026,-205666.0,-98633.0,194424.0,-26528.0,-1047134.0,-471935.0,Bearish,Bearish,True,True,True
2026-03-13,23462.5,23492.4,23112.0,23170.9,Red,-1.24%,0.49,29.9,350.5,Neutral,Mildly Bullish,Neutral,Bullish,Neutral/Unclear,None,Top to Down,N/A,N/A,N/A,1.13,0.13,-1.49,-1.24,1.62,0.0,21.52,Elevated (20-30),2026,-225692.0,-128086.0,153936.0,-18354.0,-1032978.0,-485823.0,Bearish,Bearish,False,False,False
2026-03-16,23116.1,23502.0,22955.25,23355.6,Green,+1.04%,1.18,385.9,160.85,Strong Bearish,Bullish,Bearish,Bullish,Mixed,None,Down to Up,N/A,N/A,N/A,1.19,1.67,-0.7,1.04,2.37,0.0,22.65,Elevated (20-30),2026,-259905.0,-174222.0,197211.0,-6118.0,-985242.0,-493668.0,Bearish,Bearish,True,False,False
2026-03-17,23493.2,23656.8,23346.6,23558.8,Green,+0.28%,0.19,163.6,146.6,Bullish,Neutral,Bullish,Neutral,Neutral/Unclear,None,Down to Up,N/A,N/A,N/A,1.13,0.7,-0.62,0.28,1.32,1.0,21.6,Elevated (20-30),2026,-248134.0,-158346.0,167787.0,-7340.0,-986374.0,-473268.0,Bearish,Bearish,False,False,False
2026-03-18,23632.9,23862.25,23618.45,23764.1,Green,+0.56%,-0.01,229.35,14.45,Strong Bullish,Strong Bullish,Bullish,Bullish,Bullish Alignment,Strong Bullish Alignment,Down to Up,Against then Recovered,Worked and Remained,Exceeded Half then Reversed,1.04,0.97,-0.06,0.56,1.03,0.0,19.79,Normal (15-20),2026,-240140.0,-78314.0,130431.0,-4185.0,-992082.0,-608794.0,Bearish,Bearish,False,False,False
2026-03-19,23197.75,23378.7,22930.35,23087.85,Red,-0.47%,0.95,180.95,267.4,Neutral,Neutral,Neutral,Neutral,Neutral/Unclear,None,Top to Down,N/A,N/A,N/A,0.98,0.78,-1.15,-0.47,1.93,0.0,18.72,Normal (15-20),2026,-225162.0,-88877.0,116035.0,-7778.0,-962694.0,-587624.0,Bearish,Bearish,False,False,False
2026-03-20,23110.15,23345.15,23067.6,23134.65,Green,+0.11%,0.01,235.0,42.55,Bearish,Strong Bearish,Bearish,Bearish,Bearish Alignment,Strong Bearish Alignment,Down to Up,Worked then Reversed,Reversed by Close,Reversed Before Half,1.19,1.02,-0.18,0.11,1.2,0.0,22.8,Elevated (20-30),2026,-228317.0,-137170.0,155728.0,-24026.0,-988640.0,-488313.0,Bearish,Bearish,True,True,True
2026-03-23,22824.35,22851.7,22471.25,22492.65,Red,-1.45%,0.48,27.35,353.1,Bearish,Neutral,Bearish,Neutral,Neutral/Unclear,None,Top to Down,N/A,N/A,N/A,1.19,0.12,-1.55,-1.45,1.67,0.0,22.81,Elevated (20-30),2026,-233873.0,-161886.0,181383.0,-13057.0,-979084.0,-475105.0,Bearish,Bearish,True,False,False
2026-03-24,22878.45,23057.3,22624.2,22958.4,Green,+0.35%,0.49,178.85,254.25,Neutral,Neutral,Neutral,Neutral,Neutral/Unclear,None,Down to Up,N/A,N/A,N/A,1.4,0.78,-1.11,0.35,1.89,1.0,26.73,Elevated (20-30),2026,-243326.0,-168541.0,180957.0,-17619.0,-1022036.0,-506552.0,Bearish,Bearish,False,False,False
2026-03-25,23064.4,23465.35,23063.2,23309.0,Green,+1.06%,0.44,400.95,1.2,Neutral,Mildly Bullish,Neutral,Bullish,Neutral/Unclear,None,Down to Up,N/A,N/A,N/A,1.3,1.74,-0.01,1.06,1.74,0.0,24.74,Elevated (20-30),2026,-248077.0,-177457.0,162758.0,-15676.0,-1015424.0,-544073.0,Bearish,Bearish,False,False,False
2026-03-27,23173.55,23186.1,22804.55,22839.5,Red,-1.44%,0.36,12.55,369.0,Bullish,Bullish,Bullish,Bullish,Bullish Alignment,Strong Bullish Alignment,Top to Down,Worked then Reversed,Reversed by Close,Reversed Before Half,1.29,0.05,-1.59,-1.44,1.65,0.0,24.64,Elevated (20-30),2026,-237491.0,-135148.0,143766.0,-14138.0,-954351.0,-532271.0,Bearish,Bearish,False,False,False
2026-03-30,22549.65,22714.1,22283.85,22379.2,Red,-0.76%,0.51,164.45,265.8,Mildly Bearish,Bearish,Bearish,Bearish,Bearish Alignment,None,Top to Down,Against then Recovered,Worked and Remained,Exceeded Half then Reversed,1.4,0.73,-1.18,-0.76,1.91,1.0,26.8,Elevated (20-30),2026,-278832.0,-124212.0,150166.0,-7488.0,-981067.0,-468399.0,Bearish,Bearish,True,True,True
2026-04-01,22899.0,22941.3,22618.6,22703.15,Red,-0.86%,-0.05,42.3,280.4,Mildly Bullish,Neutral,Bullish,Neutral,Neutral/Unclear,None,Top to Down,N/A,N/A,N/A,1.46,0.18,-1.22,-0.86,1.41,0.0,27.89,Elevated (20-30),2026,-263411.0,-146103.0,105259.0,-40506.0,-984696.0,-530630.0,Bearish,Bearish,False,False,False
2026-04-02,22383.4,22782.3,22182.55,22700.7,Green,+1.42%,1.37,398.9,200.85,Neutral,Neutral,Neutral,Neutral,Neutral/Unclear,None,Down to Up,N/A,N/A,N/A,1.31,1.78,-0.9,1.42,2.68,0.0,25.01,Elevated (20-30),2026,-264186.0,-168056.0,98001.0,-38534.0,-914632.0,-487706.0,Bearish,Bearish,False,False,False
2026-04-06,22780.3,22998.35,22542.95,22959.45,Green,+0.79%,0.66,218.05,237.35,Mildly Bullish,Strong Bullish,Bullish,Bullish,Bullish Alignment,None,Down to Up,Against then Recovered,Worked and Remained,Exceeded Half then Reversed,1.34,0.96,-1.04,0.79,2.0,0.0,25.52,Elevated (20-30),2026,-267385.0,-163223.0,66073.0,-36291.0,-818873.0,-542682.0,Bearish,Bearish,False,False,False
2026-04-07,22838.7,23153.85,22719.3,23129.95,Green,+1.28%,0.57,315.15,119.4,Neutral,Neutral,Neutral,Neutral,Neutral/Unclear,None,Down to Up,N/A,N/A,N/A,1.33,1.38,-0.52,1.28,1.9,1.0,25.47,Elevated (20-30),2026,-267827.0,-146319.0,59615.0,-35351.0,-807726.0,-551979.0,Bearish,Bearish,False,False,False
2026-04-08,23855.15,24025.15,23828.5,24012.35,Green,+0.66%,-0.47,170.0,26.65,Mildly Bullish,Mildly Bearish,Bullish,Bearish,Mixed,None,Down to Up,N/A,N/A,N/A,1.29,0.71,-0.11,0.66,0.82,0.0,24.7,Elevated (20-30),2026,-258800.0,-120410.0,62496.0,-25892.0,-835456.0,-527388.0,Bearish,Bearish,False,True,False
2026-04-09,23909.05,23990.75,23682.8,23766.05,Red,-0.6%,0.26,81.7,226.25,Bullish,Mildly Bullish,Bullish,Bullish,Bullish Alignment,None,Top to Down,Worked then Reversed,Reversed by Close,Reversed Before Half,1.03,0.34,-0.95,-0.6,1.29,0.0,19.7,Normal (15-20),2026,-226765.0,-108473.0,30179.0,-39925.0,-843771.0,-593277.0,Bearish,Bearish,False,False,False
2026-04-10,23880.55,24074.05,23856.35,24050.5,Green,+0.71%,-0.16,193.5,24.2,Bearish,Strong Bearish,Bearish,Bearish,Bearish Alignment,Strong Bearish Alignment,Down to Up,Worked then Reversed,Reversed by Close,Reversed Before Half,1.07,0.81,-0.1,0.71,0.91,0.0,20.43,Elevated (20-30),2026,-227083.0,-138818.0,73400.0,-50695.0,-851776.0,-463098.0,Bearish,Bearish,True,True,True
2026-04-13,23589.6,23907.4,23555.6,23818.9,Green,+0.97%,0.5,317.8,34.0,Bullish,Bullish,Bullish,Bullish,Bullish Alignment,Strong Bullish Alignment,Down to Up,Against then Recovered,Worked and Remained,Exceeded Half then Reversed,0.99,1.35,-0.14,0.97,1.49,1.0,18.85,Normal (15-20),2026,-205592.0,-92264.0,74948.0,-49877.0,-826434.0,-492230.0,Bearish,Bearish,False,False,False
2026-04-15,24163.8,24280.9,24145.8,24211.9,Green,+0.2%,-0.51,117.1,18.0,Neutral,Bullish,Neutral,Bullish,Neutral/Unclear,None,Down to Up,N/A,N/A,N/A,1.07,0.48,-0.07,0.2,0.56,0.0,20.5,Elevated (20-30),2026,-207719.0,-64660.0,82908.0,-46351.0,-779670.0,-499717.0,Bearish,Bearish,False,False,False
2026-04-16,24385.2,24400.95,24102.8,24188.4,Red,-0.81%,0.24,15.75,282.4,Neutral,Mildly Bearish,Neutral,Bearish,Neutral/Unclear,None,Top to Down,N/A,N/A,N/A,0.98,0.06,-1.16,-0.81,1.22,0.0,18.67,Normal (15-20),2026,-200083.0,-78725.0,67333.0,-52527.0,-792157.0,-482014.0,Bearish,Bearish,False,True,False
2026-04-17,24165.9,24371.9,24096.05,24366.9,Green,+0.83%,0.19,206.0,69.85,Bearish,Strong Bearish,Bearish,Bearish,Bearish Alignment,Strong Bearish Alignment,Down to Up,Worked then Reversed,Reversed by Close,Reversed Before Half,0.95,0.85,-0.29,0.83,1.14,0.0,18.09,Normal (15-20),2026,-198354.0,-129332.0,112728.0,-56312.0,-871508.0,-430381.0,Bearish,Bearish,True,True,True
2026-04-20,24391.5,24480.65,24241.25,24330.9,Red,-0.25%,0.08,89.15,150.25,Strong Bullish,Strong Bullish,Bullish,Bullish,Bullish Alignment,Strong Bullish Alignment,Top to Down,Worked then Reversed,Reversed by Close,Reversed Before Half,0.9,0.37,-0.62,-0.25,0.98,0.0,17.21,Normal (15-20),2026,-190318.0,-54363.0,63632.0,-52096.0,-757012.0,-496303.0,Bearish,Bearish,False,False,False
2026-04-21,24374.55,24601.7,24354.9,24580.6,Green,+0.85%,0.03,227.15,19.65,Neutral,Bearish,Neutral,Bearish,Neutral/Unclear,None,Down to Up,N/A,N/A,N/A,0.98,0.93,-0.08,0.85,1.01,1.0,18.79,Normal (15-20),2026,-189126.0,-93676.0,38532.0,-46897.0,-741920.0,-422284.0,Bearish,Bearish,False,True,False
2026-04-22,24470.85,24515.95,24352.9,24367.65,Red,-0.42%,-0.25,45.1,117.95,Bullish,Strong Bullish,Bullish,Bullish,Bullish Alignment,Strong Bullish Alignment,Top to Down,Worked then Reversed,Reversed by Close,Reversed Before Half,0.92,0.18,-0.48,-0.42,0.67,0.0,17.53,Normal (15-20),2026,-173313.0,-44979.0,42018.0,-41517.0,-752874.0,-541364.0,Bearish,Bearish,False,False,False
2026-04-23,24202.35,24310.2,24134.8,24156.05,Red,-0.19%,-0.24,107.85,67.55,Strong Bearish,Strong Bearish,Bearish,Bearish,Bearish Alignment,Strong Bearish Alignment,Top to Down,Against then Recovered,Worked and Remained,Reversed Before Half,0.96,0.45,-0.28,-0.19,0.72,0.0,18.3,Normal (15-20),2026,-182679.0,-122217.0,87633.0,-49746.0,-787357.0,-446113.0,Bearish,Bearish,True,True,True
2026-04-24,24100.55,24206.0,23813.65,23903.95,Red,-0.82%,0.66,105.45,286.9,Bearish,Strong Bearish,Bearish,Bearish,Bearish Alignment,Strong Bearish Alignment,Top to Down,Against then Recovered,Worked and Remained,Exceeded Half then Reversed,0.97,0.44,-1.19,-0.82,1.63,0.0,18.59,Normal (15-20),2026,-190279.0,-160526.0,117157.0,-40914.0,-819655.0,-331508.0,Bearish,Bearish,True,True,True
2026-04-27,23945.45,24130.7,23936.2,24110.2,Green,+0.69%,-0.22,185.25,9.25,Neutral,Bearish,Neutral,Bearish,Neutral/Unclear,None,Down to Up,N/A,N/A,N/A,1.03,0.77,-0.04,0.69,0.81,0.0,19.71,Normal (15-20),2026,-203444.0,-140416.0,125499.0,-36691.0,-818471.0,-265990.0,Bearish,Bearish,False,True,False
2026-04-28,24049.9,24181.8,23957.05,24016.5,Red,-0.14%,-0.03,131.9,92.85,Bullish,Strong Bullish,Bullish,Bullish,Bullish Alignment,Strong Bullish Alignment,Top to Down,Worked then Reversed,Reversed by Close,Exceeded Half then Reversed,0.96,0.55,-0.39,-0.14,0.93,1.0,18.38,Normal (15-20),2026,-205346.0,-118245.0,69441.0,-26074.0,-795718.0,-361364.0,Bearish,Bearish,False,False,False
2026-04-29,24096.9,24334.7,24059.95,24163.6,Green,+0.28%,0.19,237.8,36.95,Neutral,Bearish,Neutral,Bearish,Neutral/Unclear,None,Down to Up,N/A,N/A,N/A,0.95,0.99,-0.15,0.28,1.14,0.0,18.05,Normal (15-20),2026,-170043.0,-115484.0,85199.0,-49006.0,-887148.0,-382405.0,Bearish,Bearish,False,True,False
2026-04-30,23996.95,24087.45,23796.85,24043.7,Green,+0.19%,0.3,90.5,200.1,Neutral,Bullish,Neutral,Bullish,Neutral/Unclear,None,Down to Up,N/A,N/A,N/A,0.91,0.38,-0.83,0.19,1.21,0.0,17.44,Normal (15-20),2026,-170423.0,-129724.0,74838.0,-41914.0,-820686.0,-394352.0,Bearish,Bearish,False,False,False
2026-05-04,24063.55,24290.2,24004.75,24123.8,Green,+0.25%,0.22,226.65,58.8,Mildly Bearish,Bearish,Bearish,Bearish,Bearish Alignment,None,Down to Up,Worked then Reversed,Reversed by Close,Reversed Before Half,0.97,0.94,-0.24,0.25,1.19,0.0,18.46,Normal (15-20),2026,-183841.0,-134004.0,101052.0,-34057.0,-784771.0,-265925.0,Bearish,Bearish,True,True,True
2026-05-05,24052.6,24081.7,23882.05,24052.15,Flat,-0.0%,-0.13,29.1,170.55,Mildly Bullish,Bearish,Bullish,Bearish,Mixed,None,Top to Down,N/A,N/A,N/A,0.96,0.12,-0.71,-0.0,0.83,1.0,18.3,Normal (15-20),2026,-191937.0,-100232.0,92919.0,-34526.0,-904803.0,-329369.0,Bearish,Bearish,False,True,False
2026-05-07,24398.5,24482.1,24284.0,24336.4,Red,-0.25%,-0.06,83.6,114.5,Mildly Bullish,Strong Bullish,Bullish,Bullish,Bullish Alignment,None,Top to Down,Worked then Reversed,Reversed by Close,Reversed Before Half,0.87,0.34,-0.47,-0.25,0.81,0.0,16.68,Normal (15-20),2026,-188399.0,-83168.0,67031.0,-27320.0,-738734.0,-371504.0,Bearish,Bearish,False,False,False
2026-05-08,24233.65,24253.8,24126.65,24179.8,Red,-0.22%,-0.35,20.15,107.0,Bearish,Strong Bearish,Bearish,Bearish,Bearish Alignment,Strong Bearish Alignment,Top to Down,Against then Recovered,Worked and Remained,Exceeded Half then Reversed,0.87,0.08,-0.44,-0.22,0.52,0.0,16.62,Normal (15-20),2026,-189752.0,-149648.0,88814.0,-36939.0,-781830.0,-241839.0,Bearish,Bearish,True,True,True
2026-05-11,23970.1,23997.45,23799.1,23820.35,Red,-0.62%,-0.05,27.35,171.0,Neutral,Bearish,Neutral,Bearish,Neutral/Unclear,None,Top to Down,N/A,N/A,N/A,0.88,0.11,-0.71,-0.62,0.83,0.0,16.84,Normal (15-20),2026,-203916.0,-142882.0,96581.0,-34745.0,-837995.0,-225504.0,Bearish,Bearish,False,True,False
2026-05-12,23722.6,23757.55,23348.4,23430.55,Red,-1.23%,0.75,34.95,374.2,Bearish,Mildly Bearish,Bearish,Bearish,Bearish Alignment,None,Top to Down,Against then Recovered,Worked and Remained,Exceeded Half then Reversed,0.97,0.15,-1.58,-1.23,1.72,1.0,18.55,Normal (15-20),2026,-214773.0,-191505.0,123223.0,-29812.0,-927160.0,-276530.0,Bearish,Bearish,True,True,True
2026-05-13,23362.45,23582.95,23262.55,23428.7,Green,+0.28%,0.36,220.5,99.9,Mildly Bearish,Bearish,Bearish,Bearish,Bearish Alignment,None,Down to Up,Worked then Reversed,Reversed by Close,Reversed Before Half,1.01,0.94,-0.43,0.28,1.37,0.0,19.28,Normal (15-20),2026,-230948.0,-142751.0,186577.0,-32625.0,-1081221.0,-339267.0,Bearish,Bearish,True,True,True
2026-05-14,23530.25,23777.2,23426.55,23713.75,Green,+0.78%,0.47,246.95,103.7,Neutral,Strong Bullish,Neutral,Bullish,Neutral/Unclear,None,Down to Up,N/A,N/A,N/A,1.02,1.05,-0.44,0.78,1.49,0.0,19.43,Normal (15-20),2026,-231678.0,-146760.0,154676.0,-27530.0,-968170.0,-384496.0,Bearish,Bearish,False,False,False
2026-05-15,23731.4,23839.3,23610.3,23659.35,Red,-0.3%,-0.01,107.9,121.1,Bullish,Strong Bullish,Bullish,Bullish,Bullish Alignment,Strong Bullish Alignment,Top to Down,Worked then Reversed,Reversed by Close,Reversed Before Half,0.97,0.45,-0.51,-0.3,0.96,0.0,18.61,Normal (15-20),2026,-219415.0,-124796.0,90257.0,-27680.0,-820514.0,-399494.0,Bearish,Bearish,False,False,False
2026-05-18,23482.2,23695.65,23317.1,23644.45,Green,+0.69%,0.63,213.45,165.1,Neutral,Neutral,Neutral,Neutral,Neutral/Unclear,None,Down to Up,N/A,N/A,N/A,0.98,0.91,-0.7,0.69,1.61,0.0,18.79,Normal (15-20),2026,-210311.0,-149267.0,101869.0,-29791.0,-703030.0,-286049.0,Bearish,Bearish,False,False,False
2026-05-19,23675.3,23782.3,23587.2,23606.2,Red,-0.29%,-0.21,107.0,88.1,Mildly Bullish,Strong Bullish,Bullish,Bullish,Bullish Alignment,None,Top to Down,Worked then Reversed,Reversed by Close,Reversed Before Half,1.03,0.45,-0.37,-0.29,0.82,1.0,19.63,Normal (15-20),2026,-203670.0,-107114.0,113792.0,-24011.0,-670282.0,-376952.0,Bearish,Bearish,False,False,False
2026-05-20,23457.25,23690.9,23397.3,23664.15,Green,+0.88%,0.27,233.65,59.95,Neutral,Strong Bearish,Neutral,Bearish,Neutral/Unclear,None,Down to Up,N/A,N/A,N/A,0.98,1.0,-0.26,0.88,1.25,0.0,18.68,Normal (15-20),2026,-210084.0,-98082.0,138431.0,-24562.0,-918314.0,-361261.0,Bearish,Bearish,False,True,False
2026-05-21,23830.05,23859.9,23596.6,23648.6,Red,-0.76%,0.13,29.85,233.45,Neutral,Strong Bullish,Neutral,Bullish,Neutral/Unclear,None,Top to Down,N/A,N/A,N/A,0.97,0.13,-0.98,-0.76,1.1,0.0,18.44,Normal (15-20),2026,-216324.0,-114904.0,89099.0,-20849.0,-780950.0,-398710.0,Bearish,Bearish,False,False,False
2026-05-22,23671.2,23835.65,23671.0,23748.85,Green,+0.33%,-0.23,164.45,0.2,Bearish,Strong Bearish,Bearish,Bearish,Bearish Alignment,Strong Bearish Alignment,Down to Up,Worked then Reversed,Reversed by Close,Reversed Before Half,0.93,0.69,-0.0,0.33,0.7,0.0,17.82,Normal (15-20),2026,-224994.0,-148810.0,125075.0,-17099.0,-860575.0,-303757.0,Bearish,Bearish,True,True,True
2026-05-25,23940.25,24054.45,23922.85,24049.9,Green,+0.46%,-0.39,114.2,17.4,Strong Bullish,Strong Bullish,Bullish,Bullish,Bullish Alignment,Strong Bullish Alignment,Down to Up,Against then Recovered,Worked and Remained,Exceeded Half then Reversed,0.94,0.48,-0.07,0.46,0.55,0.0,17.91,Normal (15-20),2026,-218796.0,-54697.0,104589.0,-22341.0,-674473.0,-338712.0,Bearish,Bearish,False,False,False
2026-05-26,24004.1,24089.8,23885.45,23933.75,Red,-0.29%,-0.02,85.7,118.65,Strong Bullish,Neutral,Bullish,Neutral,Neutral/Unclear,None,Top to Down,N/A,N/A,N/A,0.87,0.36,-0.49,-0.29,0.85,1.0,16.7,Normal (15-20),2026,-208781.0,63418.0,66086.0,-15170.0,-742557.0,-404439.0,Bearish,Bearish,False,False,False
2026-05-27,23880.35,23983.2,23858.25,23920.65,Green,+0.17%,-0.32,102.85,22.1,Strong Bearish,Strong Bearish,Bearish,Bearish,Bearish Alignment,Strong Bearish Alignment,Down to Up,Worked then Reversed,Reversed by Close,Reversed Before Half,0.84,0.43,-0.09,0.17,0.52,0.0,16.13,Normal (15-20),2026,-146669.0,-93103.0,145370.0,-61922.0,-855586.0,-357697.0,Bearish,Bearish,True,True,True
2026-05-29,23902.15,24002.8,23484.75,23609.3,Red,-1.23%,1.39,100.65,417.4,Neutral,Neutral,Neutral,Neutral,Neutral/Unclear,None,Top to Down,N/A,N/A,N/A,0.78,0.42,-1.75,-1.23,2.17,0.0,14.98,Low (<15),2026,-156816.0,-99917.0,148038.0,-64414.0,-800656.0,-290253.0,Bearish,Bearish,False,False,False
2026-06-01,23654.5,23733.7,23357.95,23379.2,Red,-1.16%,0.74,79.2,296.55,Strong Bearish,Neutral,Bearish,Neutral,Neutral/Unclear,None,Top to Down,N/A,N/A,N/A,0.85,0.33,-1.25,-1.16,1.59,0.0,16.19,Normal (15-20),2026,-195113.0,-163372.0,172314.0,-45404.0,-777710.0,-235837.0,Bearish,Bearish,True,False,False
2026-06-02,23229.15,23556.95,23229.15,23523.3,Green,+1.27%,0.54,327.8,0.0,Mildly Bearish,Strong Bearish,Bearish,Bearish,Bearish Alignment,None,Down to Up,Worked then Reversed,Reversed by Close,Reversed Before Half,0.87,1.41,0.0,1.27,1.41,1.0,16.54,Normal (15-20),2026,-216984.0,-146435.0,204674.0,-40396.0,-916418.0,-249666.0,Bearish,Bearish,True,True,True
2026-06-03,23415.95,23459.65,23151.5,23396.95,Red,-0.08%,0.52,43.7,264.45,Mildly Bearish,Bullish,Bearish,Bullish,Mixed,None,Top to Down,N/A,N/A,N/A,0.8,0.19,-1.13,-0.08,1.32,0.0,15.36,Normal (15-20),2026,-223900.0,-172531.0,205730.0,-44912.0,-916110.0,-320553.0,Bearish,Bearish,True,False,False
2026-06-04,23282.45,23465.3,23247.3,23438.0,Green,+0.67%,0.09,182.85,35.15,Mildly Bearish,Strong Bullish,Bearish,Bullish,Mixed,None,Down to Up,N/A,N/A,N/A,0.85,0.79,-0.15,0.67,0.94,0.0,16.28,Normal (15-20),2026,-253057.0,-144093.0,248632.0,-28868.0,-816010.0,-326970.0,Bearish,Bearish,True,False,False
2026-06-05,23478.95,23516.35,23282.65,23368.85,Red,-0.47%,0.17,37.4,196.3,Neutral,Neutral,Neutral,Neutral,Neutral/Unclear,None,Top to Down,N/A,N/A,N/A,0.83,0.16,-0.84,-0.47,1.0,0.0,15.89,Normal (15-20),2026,-258372.0,-166736.0,227494.0,-31481.0,-787999.0,-298328.0,Bearish,Bearish,False,False,False
2026-06-08,23080.7,23267.3,23070.15,23103.7,Green,+0.1%,0.02,186.6,10.55,Neutral,Mildly Bullish,Neutral,Bullish,Neutral/Unclear,None,Down to Up,N/A,N/A,N/A,0.83,0.81,-0.05,0.1,0.85,0.0,15.79,Normal (15-20),2026,-261510.0,-168807.0,240856.0,-33737.0,-715704.0,-268268.0,Bearish,Bearish,False,False,False
2026-06-09,23259.05,23279.4,23104.45,23257.75,Red,-0.01%,-0.14,20.35,154.6,Mildly Bearish,Bearish,Bearish,Bearish,Bearish Alignment,None,Top to Down,Against then Recovered,Worked and Remained,Exceeded Half then Reversed,0.89,0.09,-0.66,-0.01,0.75,1.0,17.03,Normal (15-20),2026,-271418.0,-186684.0,260063.0,-32960.0,-803975.0,-278827.0,Bearish,Bearish,True,True,True
2026-06-10,23233.95,23425.35,23184.6,23216.1,Red,-0.08%,0.22,191.4,49.35,Bullish,Neutral,Bullish,Neutral,Neutral/Unclear,None,Top to Down,N/A,N/A,N/A,0.82,0.82,-0.21,-0.08,1.04,0.0,15.58,Normal (15-20),2026,-270805.0,-159218.0,237686.0,-33247.0,-871266.0,-348037.0,Bearish,Bearish,False,False,False
2026-06-11,23104.4,23327.45,23072.05,23186.55,Green,+0.36%,0.29,223.05,32.35,Neutral,Neutral,Neutral,Neutral,Neutral/Unclear,None,Down to Up,N/A,N/A,N/A,0.82,0.97,-0.14,0.36,1.11,0.0,15.63,Normal (15-20),2026,-265783.0,-170175.0,241615.0,-43575.0,-842704.0,-313131.0,Bearish,Bearish,False,False,False
2026-06-12,23412.55,23645.35,23313.9,23631.75,Green,+0.94%,0.6,232.8,98.65,Neutral,Mildly Bullish,Neutral,Bullish,Neutral/Unclear,None,Down to Up,N/A,N/A,N/A,0.82,0.99,-0.42,0.94,1.42,0.0,15.61,Normal (15-20),2026,-260787.0,-186673.0,248467.0,-44540.0,-801215.0,-317041.0,Bearish,Bearish,False,False,False
2026-06-15,23984.85,24011.4,23817.8,23856.55,Red,-0.53%,0.04,26.55,167.05,Strong Bullish,Strong Bullish,Bullish,Bullish,Bullish Alignment,Strong Bullish Alignment,Top to Down,Worked then Reversed,Reversed by Close,Reversed Before Half,0.77,0.11,-0.7,-0.53,0.81,0.0,14.72,Low (<15),2026,-237427.0,-101768.0,253240.0,-54188.0,-720979.0,-374852.0,Bearish,Bearish,False,False,False
2026-06-16,23923.9,24002.6,23888.2,23995.0,Green,+0.3%,-0.27,78.7,35.7,Mildly Bearish,Bearish,Bearish,Bearish,Bearish Alignment,None,Down to Up,Worked then Reversed,Reversed by Close,Reversed Before Half,0.75,0.33,-0.15,0.3,0.48,1.0,14.35,Low (<15),2026,-235045.0,-145075.0,255814.0,-59514.0,-844270.0,-420195.0,Bearish,Bearish,True,True,True
2026-06-17,24044.5,24108.2,23969.7,24081.95,Green,+0.16%,-0.12,63.7,74.8,Neutral,Neutral,Neutral,Neutral,Neutral/Unclear,None,Down to Up,N/A,N/A,N/A,0.7,0.26,-0.31,0.16,0.58,0.0,13.36,Low (<15),2026,-223404.0,-124770.0,261916.0,-56749.0,-903876.0,-494724.0,Bearish,Bearish,False,False,False
2026-06-18,24073.8,24189.25,24036.95,24179.4,Green,+0.44%,-0.06,115.45,36.85,Neutral,Bullish,Neutral,Bullish,Neutral/Unclear,None,Down to Up,N/A,N/A,N/A,0.69,0.48,-0.15,0.44,0.63,0.0,13.19,Low (<15),2026,-218492.0,-155799.0,258102.0,-55502.0,-870004.0,-527853.0,Bearish,Bearish,False,False,False
2026-06-19,23991.2,24047.2,23901.9,24042.7,Green,+0.21%,-0.05,56.0,89.3,Neutral,Neutral,Neutral,Neutral,Neutral/Unclear,None,Down to Up,N/A,N/A,N/A,0.66,0.23,-0.37,0.21,0.61,0.0,12.67,Low (<15),2026,-215280.0,-133427.0,273291.0,-59132.0,-800179.0,-477925.0,Bearish,Bearish,False,False,False
2026-06-22,24106.6,24168.05,24073.15,24086.85,Red,-0.08%,-0.29,61.45,33.45,Strong Bearish,Mildly Bearish,Bearish,Bearish,Bearish Alignment,None,Top to Down,Against then Recovered,Worked and Remained,Reversed Before Half,0.68,0.25,-0.14,-0.08,0.39,0.0,12.97,Low (<15),2026,-220227.0,-193068.0,340318.0,-63975.0,-753523.0,-400602.0,Bearish,Bearish,True,True,True
2026-06-23,24071.3,24135.5,23784.95,23795.25,Red,-1.15%,0.79,64.2,286.35,Neutral,Mildly Bullish,Neutral,Bullish,Neutral/Unclear,None,Top to Down,N/A,N/A,N/A,0.67,0.27,-1.19,-1.15,1.46,1.0,12.84,Low (<15),2026,-216588.0,-188230.0,357370.0,-54409.0,-820922.0,-496206.0,Bearish,Bearish,False,False,False
2026-06-24,23795.8,24090.05,23789.25,24013.15,Green,+0.91%,0.53,294.25,6.55,Neutral,Strong Bearish,Neutral,Bearish,Neutral/Unclear,None,Down to Up,N/A,N/A,N/A,0.73,1.24,-0.03,0.91,1.26,0.0,13.94,Low (<15),2026,-222365.0,-167741.0,382884.0,-57733.0,-966406.0,-480823.0,Bearish,Bearish,False,True,False
2026-06-25,24125.85,24261.6,24039.0,24052.95,Red,-0.3%,0.22,135.75,86.85,Bullish,Strong Bullish,Bullish,Bullish,Bullish Alignment,Strong Bullish Alignment,Top to Down,Worked then Reversed,Reversed by Close,Exceeded Half then Reversed,0.7,0.56,-0.36,-0.3,0.92,0.0,13.39,Low (<15),2026,-222857.0,-183513.0,314038.0,-47161.0,-745052.0,-564729.0,Bearish,Bearish,False,False,False
2026-06-29,24061.75,24120.0,23924.55,23978.5,Red,-0.35%,0.13,58.25,137.2,Mildly Bullish,Strong Bearish,Bullish,Bearish,Mixed,None,Top to Down,N/A,N/A,N/A,0.68,0.24,-0.57,-0.35,0.81,0.0,13.05,Low (<15),2026,-217613.0,-152660.0,307274.0,-52222.0,-782333.0,-411464.0,Bearish,Bearish,False,True,False
2026-06-30,24032.05,24035.55,23829.2,23917.75,Red,-0.48%,0.15,3.5,202.85,Neutral,Bearish,Neutral,Bearish,Neutral/Unclear,None,Top to Down,N/A,N/A,N/A,0.71,0.01,-0.84,-0.48,0.86,1.0,13.61,Low (<15),2026,-228255.0,-138120.0,326848.0,-58730.0,-873341.0,-420581.0,Bearish,Bearish,False,True,False
2026-07-01,23897.65,24049.9,23895.1,23987.95,Green,+0.38%,-0.06,152.25,2.55,Bullish,Neutral,Bullish,Neutral,Neutral/Unclear,None,Down to Up,N/A,N/A,N/A,0.71,0.64,-0.01,0.38,0.65,0.0,13.6,Low (<15),2026,-250214.0,-125846.0,243164.0,-46180.0,-859284.0,-364296.0,Bearish,Bearish,False,False,False
2026-07-02,24062.2,24194.55,24058.8,24167.2,Green,+0.44%,-0.13,132.35,3.4,Neutral,Bullish,Neutral,Bullish,Neutral/Unclear,None,Down to Up,N/A,N/A,N/A,0.69,0.55,-0.01,0.44,0.56,0.0,13.24,Low (<15),2026,-253863.0,-141868.0,216412.0,-43955.0,-786112.0,-359115.0,Bearish,Bearish,False,False,False
2026-07-03,24375.65,24378.15,24252.35,24271.2,Red,-0.43%,-0.12,2.5,123.3,Bullish,Strong Bullish,Bullish,Bullish,Bullish Alignment,Strong Bullish Alignment,Top to Down,Worked then Reversed,Reversed by Close,Reversed Before Half,0.64,0.01,-0.51,-0.43,0.52,0.0,12.29,Low (<15),2026,-250704.0,-117648.0,152670.0,-41284.0,-734345.0,-415069.0,Bearish,Bearish,False,False,False
2026-07-06,24306.85,24458.65,24287.1,24423.95,Green,+0.48%,0.09,151.8,19.75,Mildly Bearish,Neutral,Bearish,Neutral,Neutral/Unclear,None,Down to Up,N/A,N/A,N/A,0.62,0.62,-0.08,0.48,0.71,0.0,11.8,Low (<15),2026,-244571.0,-126221.0,187803.0,-42106.0,-755540.0,-414999.0,Bearish,Bearish,True,False,False
2026-07-07,24464.45,24530.9,24348.95,24355.1,Red,-0.45%,0.12,66.45,115.5,Bullish,Bullish,Bullish,Bullish,Bullish Alignment,Strong Bullish Alignment,Top to Down,Worked then Reversed,Reversed by Close,Reversed Before Half,0.62,0.27,-0.47,-0.45,0.74,1.0,11.82,Low (<15),2026,-235083.0,-81401.0,167655.0,-45051.0,-758907.0,-493726.0,Bearish,Bearish,False,False,False
2026-07-08,24259.55,24300.0,23805.2,23895.7,Red,-1.5%,1.43,40.45,454.35,Neutral,Strong Bearish,Neutral,Bearish,Neutral/Unclear,None,Top to Down,N/A,N/A,N/A,0.61,0.17,-1.87,-1.5,2.04,0.0,11.65,Low (<15),2026,-232642.0,-81269.0,154411.0,-50167.0,-884740.0,-480289.0,Bearish,Bearish,False,True,False
2026-07-09,23928.95,24134.7,23925.7,23981.9,Green,+0.22%,0.1,205.75,3.25,Strong Bearish,Mildly Bearish,Bearish,Bearish,Bearish Alignment,None,Down to Up,Worked then Reversed,Reversed by Close,Reversed Before Half,0.77,0.86,-0.01,0.22,0.87,0.0,14.68,Low (<15),2026,-262390.0,-175899.0,257292.0,-45401.0,-913559.0,-471146.0,Bearish,Bearish,True,True,True
2026-07-10,24124.7,24228.45,24120.35,24211.65,Green,+0.36%,-0.25,103.75,4.35,Bullish,Bullish,Bullish,Bullish,Bullish Alignment,Strong Bullish Alignment,Down to Up,Against then Recovered,Worked and Remained,Exceeded Half then Reversed,0.7,0.43,-0.02,0.36,0.45,0.0,13.36,Low (<15),2026,-260055.0,-148976.0,234853.0,-38648.0,-818579.0,-432549.0,Bearish,Bearish,False,False,False
2026-07-13,24039.4,24259.8,24000.2,24211.15,Green,+0.71%,0.44,220.4,39.2,Bullish,Bullish,Bullish,Bullish,Bullish Alignment,Strong Bullish Alignment,Down to Up,Against then Recovered,Worked and Remained,Exceeded Half then Reversed,0.64,0.92,-0.16,0.71,1.08,0.0,12.25,Low (<15),2026,-248515.0,-111359.0,189186.0,-37946.0,-721816.0,-403080.0,Bearish,Bearish,False,False,False
2026-07-14,24068.0,24157.1,24023.7,24035.15,Red,-0.14%,-0.15,89.1,44.3,Bullish,Neutral,Bullish,Neutral,Neutral/Unclear,None,Top to Down,N/A,N/A,N/A,0.7,0.37,-0.18,-0.14,0.55,1.0,13.28,Low (<15),2026,-248917.0,-68922.0,164787.0,-34653.0,-744699.0,-405854.0,Bearish,Bearish,False,False,False
2026-07-15,24085.85,24220.35,24010.55,24073.45,Red,-0.05%,0.15,134.5,75.3,Bearish,Bearish,Bearish,Bearish,Bearish Alignment,Strong Bearish Alignment,Top to Down,Against then Recovered,Worked and Remained,Reversed Before Half,0.72,0.56,-0.31,-0.05,0.87,0.0,13.75,Low (<15),2026,-259269.0,-71882.0,208952.0,-34582.0,-848929.0,-427169.0,Bearish,Bearish,True,True,True
2026-07-16,24142.1,24186.5,24050.0,24081.1,Red,-0.25%,-0.12,44.4,92.1,Bearish,Mildly Bullish,Bearish,Bullish,Mixed,None,Top to Down,N/A,N/A,N/A,0.69,0.18,-0.38,-0.25,0.57,0.0,13.27,Low (<15),2026,-256516.0,-122142.0,211556.0,-31232.0,-784821.0,-407997.0,Bearish,Bearish,True,False,False
2026-07-17,24127.6,24367.3,24099.05,24346.7,Green,+0.91%,0.44,239.7,28.55,Mildly Bullish,Neutral,Bullish,Neutral,Neutral/Unclear,None,Down to Up,N/A,N/A,N/A,0.67,0.99,-0.12,0.91,1.11,0.0,12.88,Low (<15),2026,-243690.0,-111631.0,198799.0,-38250.0,-770172.0,-400807.0,Bearish,Bearish,False,False,False
2026-07-20,24190.05,24266.1,24135.85,24239.5,Green,+0.2%,-0.15,76.05,54.2,Strong Bullish,Strong Bullish,Bullish,Bullish,Bullish Alignment,Strong Bullish Alignment,Down to Up,Against then Recovered,Worked and Remained,Reversed Before Half,0.69,0.31,-0.22,0.2,0.54,0.0,13.15,Low (<15),2026,-210332.0,37841.0,108487.0,-44199.0,-623165.0,-484941.0,Bearish,Bearish,False,False,False
2026-07-21,24216.05,24262.2,24135.65,24193.05,Red,-0.09%,-0.16,46.15,80.4,Bearish,Strong Bearish,Bearish,Bearish,Bearish Alignment,Strong Bearish Alignment,Top to Down,Against then Recovered,Worked and Remained,Reversed Before Half,0.68,0.19,-0.33,-0.09,0.52,1.0,12.98,Low (<15),2026,-213627.0,-42605.0,121161.0,-43969.0,-649910.0,-352709.0,Bearish,Bearish,True,True,True
2026-07-22,24150.45,24166.3,23961.4,23991.05,Red,-0.66%,0.19,15.85,189.05,Strong Bearish,Strong Bearish,Bearish,Bearish,Bearish Alignment,Strong Bearish Alignment,Top to Down,Against then Recovered,Worked and Remained,Exceeded Half then Reversed,0.66,0.07,-0.78,-0.66,0.85,0.0,12.6,Low (<15),2026,-222651.0,-62803.0,219555.0,-50363.0,-881136.0,-459070.0,Bearish,Bearish,True,True,True
2026-07-23,23904.8,23990.75,23807.2,23871.7,Red,-0.14%,0.07,85.95,97.6,Strong Bearish,Neutral,Bearish,Neutral,Neutral/Unclear,None,Top to Down,N/A,N/A,N/A,0.7,0.36,-0.41,-0.14,0.77,0.0,13.29,Low (<15),2026,-245508.0,-141721.0,255036.0,-42303.0,-827727.0,-412332.0,Bearish,Bearish,True,False,False
2026-07-24,23666.35,23823.6,23606.3,23787.0,Green,+0.51%,0.21,157.25,60.05,Bearish,Neutral,Bearish,Neutral,Neutral/Unclear,None,Down to Up,N/A,N/A,N/A,0.71,0.66,-0.25,0.51,0.92,0.0,13.48,Low (<15),2026,-256886.0,-207235.0,257156.0,-27313.0,-756887.0,-337952.0,Bearish,Bearish,True,False,False
2026-07-27,23928.4,24011.6,23891.55,24003.65,Green,+0.31%,-0.23,83.2,36.85,Bullish,Strong Bullish,Bullish,Bullish,Bullish Alignment,Strong Bullish Alignment,Down to Up,Against then Recovered,Worked and Remained,Reversed Before Half,0.73,0.35,-0.15,0.31,0.5,0.0,14.03,Low (<15),2026,-264651.0,-151558.0,245806.0,-26381.0,-690229.0,-398939.0,Bearish,Bearish,False,False,False
2026-07-28,23971.25,24041.15,23954.6,23987.8,Green,+0.07%,-0.3,69.9,16.65,Bullish,Mildly Bearish,Bullish,Bearish,Mixed,None,Down to Up,N/A,N/A,N/A,0.66,0.29,-0.07,0.07,0.36,1.0,12.66,Low (<15),2026,-260729.0,-118286.0,192677.0,-22955.0,-745353.0,-403816.0,Bearish,Bearish,False,True,False
2026-07-29,24176.65,24283.55,24136.75,24242.0,Green,+0.27%,-0.05,106.9,39.9,Neutral,Bearish,Neutral,Bearish,Neutral/Unclear,None,Down to Up,N/A,N/A,N/A,0.66,0.44,-0.17,0.27,0.61,0.0,12.56,Low (<15),2026,-199405.0,-140295.0,232528.0,-57725.0,-841511.0,-462254.0,Bearish,Bearish,False,True,False
2026-07-30,24249.55,24342.95,24187.1,24296.6,Green,+0.19%,0.01,93.4,62.45,Strong Bullish,Strong Bullish,Bullish,Bullish,Bullish Alignment,Strong Bullish Alignment,Down to Up,Against then Recovered,Worked and Remained,Exceeded Half then Reversed,0.63,0.39,-0.26,0.19,0.64,0.0,12.01,Low (<15),2026,-188622.0,-50961.0,187804.0,-50366.0,-751497.0,-562501.0,Bearish,Bearish,False,False,False
2026-07-31,24361.45,24429.4,24299.7,24366.7,Green,+0.02%,-0.11,67.95,61.75,Neutral,Neutral,Neutral,Neutral,Neutral/Unclear,None,Down to Up,N/A,N/A,N/A,0.64,0.28,-0.25,0.02,0.53,0.0,12.16,Low (<15),2026,-180416.0,-69033.0,151353.0,-52036.0,-764665.0,-548525.0,Bearish,Bearish,False,False,False
2026-08-03,24572.7,24774.3,24515.15,24774.3,Green,+0.82%,0.43,201.6,57.55,Neutral,Strong Bearish,Neutral,Bearish,Neutral/Unclear,None,Down to Up,N/A,N/A,N/A,0.62,0.82,-0.23,0.82,1.05,0.0,11.76,Low (<15),2026,-166917.0,-77273.0,164398.0,-55620.0,-740818.0,-344454.0,Bearish,Bearish,False,True,False
2026-08-04,24703.9,24703.9,24427.95,24614.9,Red,-0.36%,0.5,0.0,275.95,Bullish,Strong Bullish,Bullish,Bullish,Bullish Alignment,Strong Bullish Alignment,Top to Down,Worked then Reversed,Reversed by Close,Reversed Before Half,0.62,0.0,-1.12,-0.36,1.12,1.0,11.93,Low (<15),2026,-144620.0,-21278.0,144023.0,-66723.0,-714769.0,-449872.0,Bearish,Bearish,False,False,False
2026-08-05,24669.2,24677.6,24497.95,24624.65,Red,-0.18%,0.09,8.4,171.25,Bearish,Bearish,Bearish,Bearish,Bearish Alignment,Strong Bearish Alignment,Top to Down,Against then Recovered,Worked and Remained,Exceeded Half then Reversed,0.64,0.03,-0.69,-0.18,0.73,0.0,12.19,Low (<15),2026,-147577.0,-57745.0,196356.0,-73965.0,-914810.0,-559856.0,Bearish,Bearish,True,True,True
2026-08-06,24641.0,24677.05,24604.15,24636.0,Red,-0.02%,-0.33,36.05,36.85,Mildly Bearish,Bullish,Bearish,Bullish,Mixed,None,Top to Down,N/A,N/A,N/A,0.63,0.15,-0.15,-0.02,0.3,0.0,12.06,Low (<15),2026,-152707.0,-121339.0,171800.0,-67842.0,-749518.0,-478935.0,Bearish,Bearish,True,False,False
2026-08-07,24538.9,24630.4,24522.75,24570.65,Green,+0.13%,-0.2,91.5,16.15,Strong Bullish,Strong Bullish,Bullish,Bullish,Bullish Alignment,Strong Bullish Alignment,Down to Up,Against then Recovered,Worked and Remained,Exceeded Half then Reversed,0.64,0.37,-0.07,0.13,0.44,0.0,12.16,Low (<15),2026,-138922.0,-55793.0,98255.0,-68827.0,-706068.0,-565437.0,Bearish,Bearish,False,False,False
2026-08-10,24581.25,24620.95,24511.1,24583.8,Green,+0.01%,-0.19,39.7,70.15,Bearish,Bearish,Bearish,Bearish,Bearish Alignment,Strong Bearish Alignment,Down to Up,Worked then Reversed,Reversed by Close,Reversed Before Half,0.64,0.16,-0.29,0.01,0.45,0.0,12.16,Low (<15),2026,-143862.0,-105779.0,125040.0,-70263.0,-656319.0,-425430.0,Bearish,Bearish,True,True,True
2026-08-11,24575.1,24576.85,24429.25,24471.7,Red,-0.42%,-0.04,1.75,145.85,Neutral,Neutral,Neutral,Neutral,Neutral/Unclear,None,Top to Down,N/A,N/A,N/A,0.64,0.01,-0.59,-0.42,0.6,1.0,12.25,Low (<15),2026,-145967.0,-92684.0,140420.0,-68384.0,-683146.0,-453187.0,Bearish,Bearish,False,False,False
2026-08-12,24472.45,24473.3,24265.95,24435.95,Red,-0.15%,0.23,0.85,206.5,Bearish,Strong Bearish,Bearish,Bearish,Bearish Alignment,Strong Bearish Alignment,Top to Down,Against then Recovered,Worked and Remained,Exceeded Half then Reversed,0.62,0.0,-0.84,-0.15,0.85,0.0,11.86,Low (<15),2026,-149935.0,-90327.0,195772.0,-66730.0,-894877.0,-538678.0,Bearish,Bearish,True,True,True
2026-08-13,24431.6,24431.6,24311.4,24395.85,Red,-0.15%,-0.12,0.0,120.2,Bearish,Mildly Bullish,Bearish,Bullish,Mixed,None,Top to Down,N/A,N/A,N/A,0.61,0.0,-0.49,-0.15,0.49,0.0,11.69,Low (<15),2026,-158973.0,-123687.0,210365.0,-65377.0,-820850.0,-502174.0,Bearish,Bearish,True,False,False
2026-08-14,24361.9,24405.2,24296.8,24366.0,Green,+0.02%,-0.16,43.3,65.1,Mildly Bearish,Bullish,Bearish,Bullish,Mixed,None,Down to Up,N/A,N/A,N/A,0.6,0.18,-0.27,0.02,0.44,0.0,11.42,Low (<15),2026,-162506.0,-181589.0,184744.0,-66335.0,-809552.0,-564909.0,Bearish,Bearish,True,False,False
2026-08-17,24343.45,24360.1,24226.95,24287.65,Red,-0.23%,-0.04,16.65,116.5,Neutral,Mildly Bearish,Neutral,Bearish,Neutral/Unclear,None,Top to Down,N/A,N/A,N/A,0.59,0.07,-0.48,-0.23,0.55,0.0,11.31,Low (<15),2026,-170502.0,-169393.0,207804.0,-65376.0,-759915.0,-465690.0,Bearish,Bearish,False,True,False
2026-08-18,24223.85,24269.65,24154.9,24154.9,Red,-0.28%,-0.12,45.8,68.95,Mildly Bullish,Bearish,Bullish,Bearish,Mixed,None,Top to Down,N/A,N/A,N/A,0.59,0.19,-0.28,-0.28,0.47,1.0,11.33,Low (<15),2026,-175391.0,-121273.0,213083.0,-65645.0,-771118.0,-413602.0,Bearish,Bearish,False,True,False
2026-08-19,24152.05,24172.85,24025.65,24078.3,Red,-0.31%,0.01,20.8,126.4,Strong Bearish,Strong Bearish,Bearish,Bearish,Bearish Alignment,Strong Bearish Alignment,Top to Down,Against then Recovered,Worked and Remained,Exceeded Half then Reversed,0.6,0.09,-0.52,-0.31,0.61,0.0,11.39,Low (<15),2026,-187962.0,-124409.0,321708.0,-66313.0,-967978.0,-486491.0,Bearish,Bearish,True,True,True
2026-08-20,24225.45,24265.15,24184.55,24231.85,Green,+0.03%,-0.26,39.7,40.9,Bearish,Bullish,Bearish,Bullish,Mixed,None,Down to Up,N/A,N/A,N/A,0.59,0.16,-0.17,0.03,0.33,0.0,11.32,Low (<15),2026,-203611.0,-206334.0,282252.0,-58772.0,-863377.0,-428514.0,Bearish,Bearish,True,False,False
2026-08-21,24284.05,24284.05,24206.8,24252.0,Red,-0.13%,-0.24,0.0,77.25,Strong Bullish,Neutral,Bullish,Neutral,Neutral/Unclear,None,Top to Down,N/A,N/A,N/A,0.56,0.0,-0.32,-0.13,0.32,0.0,10.76,Low (<15),2026,-205917.0,-126541.0,189544.0,-44072.0,-782417.0,-358112.0,Bearish,Bearish,False,False,False
2026-08-24,24285.05,24313.0,24144.3,24219.05,Red,-0.27%,0.1,27.95,140.75,Neutral,Neutral,Neutral,Neutral,Neutral/Unclear,None,Top to Down,N/A,N/A,N/A,0.59,0.12,-0.58,-0.27,0.69,0.0,11.2,Low (<15),2026,-203659.0,-110861.0,178575.0,-44878.0,-751574.0,-340269.0,Bearish,Bearish,False,False,False
2026-08-25,24175.75,24334.55,24115.45,24334.55,Green,+0.66%,0.31,158.8,60.3,Strong Bearish,Strong Bearish,Bearish,Bearish,Bearish Alignment,Strong Bearish Alignment,Down to Up,Worked then Reversed,Reversed by Close,Reversed Before Half,0.6,0.66,-0.25,0.66,0.91,1.0,11.52,Low (<15),2026,-213187.0,-92428.0,292586.0,-42395.0,-932072.0,-327124.0,Bearish,Bearish,True,True,True
2026-08-26,24341.95,24378.6,24207.75,24207.75,Red,-0.55%,0.12,36.65,134.2,Bullish,Strong Bullish,Bullish,Bullish,Bullish Alignment,Strong Bullish Alignment,Top to Down,Worked then Reversed,Reversed by Close,Reversed Before Half,0.58,0.15,-0.55,-0.55,0.7,0.0,11.08,Low (<15),2026,-178031.0,-91178.0,260064.0,-46353.0,-796931.0,-501480.0,Bearish,Bearish,False,False,False
2026-08-27,24277.6,24297.45,24090.85,24090.85,Red,-0.77%,0.27,19.85,186.75,Mildly Bearish,Strong Bearish,Bearish,Bearish,Bearish Alignment,None,Top to Down,Against then Recovered,Worked and Remained,Exceeded Half then Reversed,0.58,0.08,-0.77,-0.77,0.85,0.0,11.07,Low (<15),2026,-179864.0,-128633.0,266379.0,-47414.0,-855824.0,-450330.0,Bearish,Bearish,True,True,True
2026-08-31,24117.55,24128.7,23993.6,24080.4,Red,-0.15%,0.0,11.15,123.95,Bullish,Strong Bullish,Bullish,Bullish,Bullish Alignment,Strong Bullish Alignment,Top to Down,Worked then Reversed,Reversed by Close,Reversed Before Half,0.56,0.05,-0.51,-0.15,0.56,0.0,10.68,Low (<15),2026,-184705.0,-92797.0,234379.0,-46074.0,-693729.0,-455222.0,Bearish,Bearish,False,False,False
2026-09-01,24077.55,24143.15,23952.55,24055.8,Red,-0.09%,0.2,65.6,125.0,Mildly Bullish,Strong Bearish,Bullish,Bearish,Mixed,None,Top to Down,N/A,N/A,N/A,0.59,0.27,-0.52,-0.09,0.79,1.0,11.19,Low (<15),2026,-191387.0,-88239.0,191426.0,-40727.0,-802731.0,-448584.0,Bearish,Bearish,False,True,False
2026-09-02,23858.0,23914.45,23786.8,23914.45,Green,+0.24%,-0.06,56.45,71.2,Strong Bearish,Mildly Bearish,Bearish,Bearish,Bearish Alignment,None,Down to Up,Worked then Reversed,Reversed by Close,Reversed Before Half,0.6,0.24,-0.3,0.24,0.54,0.0,11.49,Low (<15),2026,-204104.0,-110838.0,272484.0,-37110.0,-846960.0,-458880.0,Bearish,Bearish,True,True,True
2026-09-03,23997.95,24025.4,23873.45,23873.45,Red,-0.52%,0.02,27.45,124.5,Neutral,Mildly Bullish,Neutral,Bullish,Neutral/Unclear,None,Top to Down,N/A,N/A,N/A,0.61,0.11,-0.52,-0.52,0.63,0.0,11.59,Low (<15),2026,-211235.0,-162030.0,233242.0,-35709.0,-806277.0,-462530.0,Bearish,Bearish,False,False,False
2026-09-04,23910.9,24005.75,23895.85,23897.7,Red,-0.06%,-0.13,94.85,15.05,Bearish,Strong Bearish,Bearish,Bearish,Bearish Alignment,Strong Bearish Alignment,Top to Down,Against then Recovered,Worked and Remained,Reversed Before Half,0.59,0.4,-0.06,-0.06,0.46,0.0,11.34,Low (<15),2026,-217174.0,-174984.0,290068.0,-35716.0,-902643.0,-431706.0,Bearish,Bearish,True,True,True
2026-09-07,23883.15,23890.0,23737.9,23779.15,Red,-0.44%,0.08,6.85,145.25,Bullish,Strong Bullish,Bullish,Bullish,Bullish Alignment,Strong Bullish Alignment,Top to Down,Worked then Reversed,Reversed by Close,Reversed Before Half,0.56,0.03,-0.61,-0.44,0.64,0.0,10.68,Low (<15),2026,-217910.0,-166231.0,220930.0,-36908.0,-754513.0,-448199.0,Bearish,Bearish,False,False,False
2026-09-08,23743.1,23758.95,23623.1,23635.1,Red,-0.45%,-0.01,15.85,120.0,Bearish,Strong Bearish,Bearish,Bearish,Bearish Alignment,Strong Bearish Alignment,Top to Down,Against then Recovered,Worked and Remained,Exceeded Half then Reversed,0.58,0.07,-0.51,-0.45,0.57,0.0,11.16,Low (<15),2026,-232165.0,-160879.0,271166.0,-31405.0,-901270.0,-324372.0,Bearish,Bearish,True,True,True
2026-09-09,23522.05,23571.55,23431.5,23431.5,Red,-0.38%,0.01,49.5,90.55,Mildly Bearish,Strong Bullish,Bearish,Bullish,Mixed,None,Top to Down,N/A,N/A,N/A,0.59,0.21,-0.38,-0.38,0.6,0.0,11.23,Low (<15),2026,-243629.0,-164859.0,290664.0,-26888.0,-873192.0,-489297.0,Bearish,Bearish,True,False,False
2026-09-10,23446.6,23494.95,23380.1,23477.8,Green,+0.13%,-0.13,48.35,66.5,Bearish,Neutral,Bearish,Neutral,Neutral/Unclear,None,Down to Up,N/A,N/A,N/A,0.62,0.21,-0.28,0.13,0.49,0.0,11.92,Low (<15),2026,-258322.0,-205420.0,300271.0,-20376.0,-813650.0,-429686.0,Bearish,Bearish,True,False,False
2026-09-11,23270.3,23448.1,23231.4,23398.1,Green,+0.55%,0.31,177.8,38.9,Neutral,Bearish,Neutral,Bearish,Neutral/Unclear,None,Down to Up,N/A,N/A,N/A,0.62,0.76,-0.17,0.55,0.93,0.0,11.8,Low (<15),2026,-263916.0,-181648.0,302783.0,-15554.0,-890992.0,-450239.0,Bearish,Bearish,False,True,False
2026-09-15,23576.15,23592.85,23118.6,23118.6,Red,-1.94%,1.37,16.7,457.55,Neutral,Strong Bullish,Neutral,Bullish,Neutral/Unclear,None,Top to Down,N/A,N/A,N/A,0.64,0.07,-1.94,-1.94,2.01,0.0,12.28,Low (<15),2026,-266954.0,-149875.0,309730.0,-12489.0,-772816.0,-524854.0,Bearish,Bearish,False,False,False
2026-09-16,23201.6,23284.75,23116.1,23217.6,Green,+0.07%,0.03,83.15,85.5,Mildly Bearish,Strong Bearish,Bearish,Bearish,Bearish Alignment,None,Down to Up,Worked then Reversed,Reversed by Close,Exceeded Half then Reversed,0.7,0.36,-0.37,0.07,0.73,0.0,13.43,Low (<15),2026,-273124.0,-175818.0,318539.0,-13668.0,-953320.0,-495948.0,Bearish,Bearish,True,True,True
2026-09-17,,,,,Flat,nan%,,,,Strong Bullish,Strong Bullish,Bullish,Bullish,Bullish Alignment,Strong Bullish Alignment,,Against then Recovered,Reversed by Close,N/A,,,,,,,13.43,Low (<15),2026,-270175.0,-150983.0,220181.0,-9280.0,-841903.0,-571293.0,Bearish,Bearish,False,False,False
2026-09-18,23334.7,23389.15,23286.6,23346.4,Green,+0.05%,-0.2,54.45,48.1,Neutral,Bearish,Neutral,Bearish,Neutral/Unclear,None,Down to Up,N/A,N/A,N/A,0.64,0.23,-0.21,0.05,0.44,0.0,12.29,Low (<15),2026,-272113.0,-145669.0,252729.0,-13300.0,-839957.0,-506806.0,Bearish,Bearish,False,True,False
2026-09-21,23330.2,23466.8,23314.8,23414.3,Green,+0.36%,0.05,136.6,15.4,Neutral,Neutral,Neutral,Neutral,Neutral/Unclear,None,Down to Up,N/A,N/A,N/A,0.6,0.59,-0.07,0.36,0.65,0.0,11.39,Low (<15),2026,-270500.0,-131179.0,270472.0,-17494.0,-798435.0,-442581.0,Bearish,Bearish,False,False,False
2026-09-22,23454.05,23489.0,23285.75,23329.0,Red,-0.53%,0.28,34.95,168.3,Neutral,Neutral,Neutral,Neutral,Neutral/Unclear,None,Top to Down,N/A,N/A,N/A,0.59,0.15,-0.72,-0.53,0.87,0.0,11.25,Low (<15),2026,-272618.0,-119133.0,278449.0,-15888.0,-760590.0,-431688.0,Bearish,Bearish,False,False,False
2026-09-23,23352.15,23466.9,23349.55,23446.8,Green,+0.41%,-0.08,114.75,2.6,Neutral,Neutral,Neutral,Neutral,Neutral/Unclear,None,Down to Up,N/A,N/A,N/A,0.58,0.49,-0.01,0.41,0.5,0.0,11.0,Low (<15),2026,-284980.0,-119151.0,282245.0,-7519.0,-888382.0,-529799.0,Bearish,Bearish,False,False,False
2026-09-24,23221.8,23281.95,23046.15,23063.1,Red,-0.68%,0.48,60.15,175.65,Strong Bullish,Neutral,Bullish,Neutral,Neutral/Unclear,None,Top to Down,N/A,N/A,N/A,0.54,0.26,-0.76,-0.68,1.02,0.0,10.35,Low (<15),2026,-280685.0,-51574.0,192383.0,-5369.0,-839137.0,-494330.0,Bearish,Bearish,False,False,False
